actor_id,sentence,emotion,intensity,filename
1022,ITS,Anger,Unspecified,1022_ITS_ANG_XX.wav
1037,ITS,Anger,Unspecified,1037_ITS_ANG_XX.wav
1060,ITS,Neutral,Unspecified,1060_ITS_NEU_XX.wav
1075,ITS,Neutral,Unspecified,1075_ITS_NEU_XX.wav
1073,IOM,Disgust,Unspecified,1073_IOM_DIS_XX.wav
1066,IOM,Disgust,Unspecified,1066_IOM_DIS_XX.wav
1078,IWL,Sad,Unspecified,1078_IWL_SAD_XX.wav
1029,TAI,Fear,Unspecified,1029_TAI_FEA_XX.wav
1039,IEO,Sad,Medium,1039_IEO_SAD_MD.wav
1008,TAI,Happy,Unspecified,1008_TAI_HAP_XX.wav
1018,TSI,Fear,Unspecified,1018_TSI_FEA_XX.wav
1028,IEO,Sad,High,1028_IEO_SAD_HI.wav
1039,TSI,Happy,Unspecified,1039_TSI_HAP_XX.wav
1064,ITS,Happy,Unspecified,1064_ITS_HAP_XX.wav
1071,ITS,Happy,Unspecified,1071_ITS_HAP_XX.wav
1045,ITS,Fear,Unspecified,1045_ITS_FEA_XX.wav
1050,ITS,Fear,Unspecified,1050_ITS_FEA_XX.wav
1018,IWL,Anger,Unspecified,1018_IWL_ANG_XX.wav
1059,IEO,Anger,Medium,1059_IEO_ANG_MD.wav
1054,MTI,Disgust,Unspecified,1054_MTI_DIS_XX.wav
1041,MTI,Disgust,Unspecified,1041_MTI_DIS_XX.wav
1048,IEO,Anger,High,1048_IEO_ANG_HI.wav
1042,ITS,Sad,Unspecified,1042_ITS_SAD_XX.wav
1019,TAI,Neutral,Unspecified,1019_TAI_NEU_XX.wav
1057,ITS,Sad,Unspecified,1057_ITS_SAD_XX.wav
1028,TSI,Neutral,Unspecified,1028_TSI_NEU_XX.wav
1087,IOM,Anger,Unspecified,1087_IOM_ANG_XX.wav
1039,IEO,Happy,Low,1039_IEO_HAP_LO.wav
1018,IEO,Fear,Low,1018_IEO_FEA_LO.wav
1079,DFA,Neutral,Unspecified,1079_DFA_NEU_XX.wav
1063,IWW,Disgust,Unspecified,1063_IWW_DIS_XX.wav
1076,IWW,Disgust,Unspecified,1076_IWW_DIS_XX.wav
1068,WSI,Happy,Unspecified,1068_WSI_HAP_XX.wav
1049,WSI,Fear,Unspecified,1049_WSI_FEA_XX.wav
1059,ITH,Disgust,Unspecified,1059_ITH_DIS_XX.wav
1068,DFA,Happy,Unspecified,1068_DFA_HAP_XX.wav
1049,DFA,Fear,Unspecified,1049_DFA_FEA_XX.wav
1079,WSI,Neutral,Unspecified,1079_WSI_NEU_XX.wav
1082,IWW,Anger,Unspecified,1082_IWW_ANG_XX.wav
1061,ITH,Neutral,Unspecified,1061_ITH_NEU_XX.wav
1074,ITH,Neutral,Unspecified,1074_ITH_NEU_XX.wav
1023,ITH,Anger,Unspecified,1023_ITH_ANG_XX.wav
1036,ITH,Anger,Unspecified,1036_ITH_ANG_XX.wav
1005,IEO,Disgust,Low,1005_IEO_DIS_LO.wav
1010,IEO,Disgust,Low,1010_IEO_DIS_LO.wav
1084,IEO,Sad,Low,1084_IEO_SAD_LO.wav
1091,IEO,Sad,Low,1091_IEO_SAD_LO.wav
1076,TIE,Happy,Unspecified,1076_TIE_HAP_XX.wav
1063,TIE,Happy,Unspecified,1063_TIE_HAP_XX.wav
1057,TIE,Fear,Unspecified,1057_TIE_FEA_XX.wav
1042,TIE,Fear,Unspecified,1042_TIE_FEA_XX.wav
1079,IWW,Sad,Unspecified,1079_IWW_SAD_XX.wav
1041,WSI,Disgust,Unspecified,1041_WSI_DIS_XX.wav
1050,TIE,Sad,Unspecified,1050_TIE_SAD_XX.wav
1054,WSI,Disgust,Unspecified,1054_WSI_DIS_XX.wav
1045,TIE,Sad,Unspecified,1045_TIE_SAD_XX.wav
1083,IEO,Fear,Low,1083_IEO_FEA_LO.wav
1019,IWW,Anger,Unspecified,1019_IWW_ANG_XX.wav
1044,ITH,Fear,Unspecified,1044_ITH_FEA_XX.wav
1051,ITH,Fear,Unspecified,1051_ITH_FEA_XX.wav
1065,ITH,Happy,Unspecified,1065_ITH_HAP_XX.wav
1054,DFA,Disgust,Unspecified,1054_DFA_DIS_XX.wav
1041,DFA,Disgust,Unspecified,1041_DFA_DIS_XX.wav
1070,ITH,Happy,Unspecified,1070_ITH_HAP_XX.wav
1072,TIE,Neutral,Unspecified,1072_TIE_NEU_XX.wav
1067,TIE,Neutral,Unspecified,1067_TIE_NEU_XX.wav
1030,TIE,Anger,Unspecified,1030_TIE_ANG_XX.wav
1025,TIE,Anger,Unspecified,1025_TIE_ANG_XX.wav
1043,ITH,Sad,Unspecified,1043_ITH_SAD_XX.wav
1056,ITH,Sad,Unspecified,1056_ITH_SAD_XX.wav
1050,IEO,Neutral,Unspecified,1050_IEO_NEU_XX.wav
1045,IEO,Neutral,Unspecified,1045_IEO_NEU_XX.wav
1079,MTI,Neutral,Unspecified,1079_MTI_NEU_XX.wav
1086,TAI,Happy,Unspecified,1086_TAI_HAP_XX.wav
1027,IEO,Disgust,High,1027_IEO_DIS_HI.wav
1032,IEO,Disgust,High,1032_IEO_DIS_HI.wav
1062,IWL,Disgust,Unspecified,1062_IWL_DIS_XX.wav
1077,IWL,Disgust,Unspecified,1077_IWL_DIS_XX.wav
1036,IEO,Disgust,Medium,1036_IEO_DIS_MD.wav
1083,TSI,Fear,Unspecified,1083_TSI_FEA_XX.wav
1023,IEO,Disgust,Medium,1023_IEO_DIS_MD.wav
1005,TSI,Disgust,Unspecified,1005_TSI_DIS_XX.wav
1010,TSI,Disgust,Unspecified,1010_TSI_DIS_XX.wav
1091,IEO,Happy,Medium,1091_IEO_HAP_MD.wav
1084,IEO,Happy,Medium,1084_IEO_HAP_MD.wav
1034,TAI,Disgust,Unspecified,1034_TAI_DIS_XX.wav
1021,TAI,Disgust,Unspecified,1021_TAI_DIS_XX.wav
1084,TSI,Sad,Unspecified,1084_TSI_SAD_XX.wav
1080,IEO,Happy,High,1080_IEO_HAP_HI.wav
1069,IOM,Sad,Unspecified,1069_IOM_SAD_XX.wav
1091,TSI,Sad,Unspecified,1091_TSI_SAD_XX.wav
1082,TAI,Neutral,Unspecified,1082_TAI_NEU_XX.wav
1049,MTI,Fear,Unspecified,1049_MTI_FEA_XX.wav
1068,MTI,Happy,Unspecified,1068_MTI_HAP_XX.wav
1009,IOM,Anger,Unspecified,1009_IOM_ANG_XX.wav
1058,ITS,Disgust,Unspecified,1058_ITS_DIS_XX.wav
1083,IWL,Anger,Unspecified,1083_IWL_ANG_XX.wav
1079,TAI,Happy,Unspecified,1079_TAI_HAP_XX.wav
1048,IEO,Sad,Medium,1048_IEO_SAD_MD.wav
1009,IWL,Sad,Unspecified,1009_IWL_SAD_XX.wav
1058,TAI,Fear,Unspecified,1058_TAI_FEA_XX.wav
1086,MTI,Neutral,Unspecified,1086_MTI_NEU_XX.wav
1088,IWL,Disgust,Unspecified,1088_IWL_DIS_XX.wav
1048,TSI,Happy,Unspecified,1048_TSI_HAP_XX.wav
1059,IEO,Sad,High,1059_IEO_SAD_HI.wav
1069,TSI,Fear,Unspecified,1069_TSI_FEA_XX.wav
1091,IOM,Fear,Unspecified,1091_IOM_FEA_XX.wav
1084,IOM,Fear,Unspecified,1084_IOM_FEA_XX.wav
1046,ITS,Anger,Unspecified,1046_ITS_ANG_XX.wav
1053,ITS,Anger,Unspecified,1053_ITS_ANG_XX.wav
1017,IOM,Disgust,Unspecified,1017_IOM_DIS_XX.wav
1002,IOM,Disgust,Unspecified,1002_IOM_DIS_XX.wav
1004,ITS,Neutral,Unspecified,1004_ITS_NEU_XX.wav
1011,ITS,Neutral,Unspecified,1011_ITS_NEU_XX.wav
1083,IOM,Sad,Unspecified,1083_IOM_SAD_XX.wav
1082,MTI,Happy,Unspecified,1082_MTI_HAP_XX.wav
1026,ITS,Sad,Unspecified,1026_ITS_SAD_XX.wav
1033,ITS,Sad,Unspecified,1033_ITS_SAD_XX.wav
1068,TAI,Neutral,Unspecified,1068_TAI_NEU_XX.wav
1059,TSI,Neutral,Unspecified,1059_TSI_NEU_XX.wav
1021,ITS,Fear,Unspecified,1021_ITS_FEA_XX.wav
1034,ITS,Fear,Unspecified,1034_ITS_FEA_XX.wav
1015,ITS,Happy,Unspecified,1015_ITS_HAP_XX.wav
1028,IEO,Anger,Medium,1028_IEO_ANG_MD.wav
1069,IWL,Anger,Unspecified,1069_IWL_ANG_XX.wav
1039,IEO,Anger,High,1039_IEO_ANG_HI.wav
1030,MTI,Disgust,Unspecified,1030_MTI_DIS_XX.wav
1025,MTI,Disgust,Unspecified,1025_MTI_DIS_XX.wav
1038,WSI,Fear,Unspecified,1038_WSI_FEA_XX.wav
1081,IWW,Fear,Unspecified,1081_IWW_FEA_XX.wav
1019,WSI,Happy,Unspecified,1019_WSI_HAP_XX.wav
1089,TIE,Happy,Unspecified,1089_TIE_HAP_XX.wav
1086,IWW,Sad,Unspecified,1086_IWW_SAD_XX.wav
1069,IEO,Fear,Low,1069_IEO_FEA_LO.wav
1048,IEO,Happy,Low,1048_IEO_HAP_LO.wav
1007,IWW,Disgust,Unspecified,1007_IWW_DIS_XX.wav
1012,IWW,Disgust,Unspecified,1012_IWW_DIS_XX.wav
1008,DFA,Neutral,Unspecified,1008_DFA_NEU_XX.wav
1038,DFA,Fear,Unspecified,1038_DFA_FEA_XX.wav
1028,ITH,Disgust,Unspecified,1028_ITH_DIS_XX.wav
1019,DFA,Happy,Unspecified,1019_DFA_HAP_XX.wav
1008,IWW,Sad,Unspecified,1008_IWW_SAD_XX.wav
1025,WSI,Disgust,Unspecified,1025_WSI_DIS_XX.wav
1034,TIE,Sad,Unspecified,1034_TIE_SAD_XX.wav
1030,WSI,Disgust,Unspecified,1030_WSI_DIS_XX.wav
1021,TIE,Sad,Unspecified,1021_TIE_SAD_XX.wav
1086,DFA,Neutral,Unspecified,1086_DFA_NEU_XX.wav
1089,IWW,Disgust,Unspecified,1089_IWW_DIS_XX.wav
1082,WSI,Happy,Unspecified,1082_WSI_HAP_XX.wav
1005,ITH,Neutral,Unspecified,1005_ITH_NEU_XX.wav
1010,ITH,Neutral,Unspecified,1010_ITH_NEU_XX.wav
1061,IEO,Disgust,Low,1061_IEO_DIS_LO.wav
1074,IEO,Disgust,Low,1074_IEO_DIS_LO.wav
1047,ITH,Anger,Unspecified,1047_ITH_ANG_XX.wav
1052,ITH,Anger,Unspecified,1052_ITH_ANG_XX.wav
1033,TIE,Fear,Unspecified,1033_TIE_FEA_XX.wav
1026,TIE,Fear,Unspecified,1026_TIE_FEA_XX.wav
1012,TIE,Happy,Unspecified,1012_TIE_HAP_XX.wav
1007,TIE,Happy,Unspecified,1007_TIE_HAP_XX.wav
1027,ITH,Sad,Unspecified,1027_ITH_SAD_XX.wav
1032,ITH,Sad,Unspecified,1032_ITH_SAD_XX.wav
1034,IEO,Neutral,Unspecified,1034_IEO_NEU_XX.wav
1021,IEO,Neutral,Unspecified,1021_IEO_NEU_XX.wav
1082,DFA,Happy,Unspecified,1082_DFA_HAP_XX.wav
1080,IEO,Anger,Low,1080_IEO_ANG_LO.wav
1068,IWW,Anger,Unspecified,1068_IWW_ANG_XX.wav
1030,DFA,Disgust,Unspecified,1030_DFA_DIS_XX.wav
1001,ITH,Happy,Unspecified,1001_ITH_HAP_XX.wav
1086,WSI,Neutral,Unspecified,1086_WSI_NEU_XX.wav
1014,ITH,Happy,Unspecified,1014_ITH_HAP_XX.wav
1025,DFA,Disgust,Unspecified,1025_DFA_DIS_XX.wav
1020,ITH,Fear,Unspecified,1020_ITH_FEA_XX.wav
1035,ITH,Fear,Unspecified,1035_ITH_FEA_XX.wav
1016,TIE,Neutral,Unspecified,1016_TIE_NEU_XX.wav
1003,TIE,Neutral,Unspecified,1003_TIE_NEU_XX.wav
1054,TIE,Anger,Unspecified,1054_TIE_ANG_XX.wav
1041,TIE,Anger,Unspecified,1041_TIE_ANG_XX.wav
1080,IWL,Fear,Unspecified,1080_IWL_FEA_XX.wav
1061,TSI,Disgust,Unspecified,1061_TSI_DIS_XX.wav
1074,TSI,Disgust,Unspecified,1074_TSI_DIS_XX.wav
1018,IOM,Sad,Unspecified,1018_IOM_SAD_XX.wav
1050,TAI,Disgust,Unspecified,1050_TAI_DIS_XX.wav
1045,TAI,Disgust,Unspecified,1045_TAI_DIS_XX.wav
1008,MTI,Neutral,Unspecified,1008_MTI_NEU_XX.wav
1087,IWL,Sad,Unspecified,1087_IWL_SAD_XX.wav
1043,IEO,Disgust,High,1043_IEO_DIS_HI.wav
1056,IEO,Disgust,High,1056_IEO_DIS_HI.wav
1052,IEO,Disgust,Medium,1052_IEO_DIS_MD.wav
1047,IEO,Disgust,Medium,1047_IEO_DIS_MD.wav
1006,IWL,Disgust,Unspecified,1006_IWL_DIS_XX.wav
1013,IWL,Disgust,Unspecified,1013_IWL_DIS_XX.wav
1019,MTI,Happy,Unspecified,1019_MTI_HAP_XX.wav
1038,MTI,Fear,Unspecified,1038_MTI_FEA_XX.wav
1080,TSI,Anger,Unspecified,1080_TSI_ANG_XX.wav
1078,IOM,Anger,Unspecified,1078_IOM_ANG_XX.wav
1029,ITS,Disgust,Unspecified,1029_ITS_DIS_XX.wav
1022,MTI,Sad,Unspecified,1022_MTI_SAD_XX.wav
1037,MTI,Sad,Unspecified,1037_MTI_SAD_XX.wav
1086,ITS,Happy,Unspecified,1086_ITS_HAP_XX.wav
1025,MTI,Fear,Unspecified,1025_MTI_FEA_XX.wav
1030,MTI,Fear,Unspecified,1030_MTI_FEA_XX.wav
1004,MTI,Happy,Unspecified,1004_MTI_HAP_XX.wav
1011,MTI,Happy,Unspecified,1011_MTI_HAP_XX.wav
1065,IOM,Anger,Unspecified,1065_IOM_ANG_XX.wav
1088,TSI,Anger,Unspecified,1088_TSI_ANG_XX.wav
1070,IOM,Anger,Unspecified,1070_IOM_ANG_XX.wav
1027,IOM,Neutral,Unspecified,1027_IOM_NEU_XX.wav
1032,IOM,Neutral,Unspecified,1032_IOM_NEU_XX.wav
1034,ITS,Disgust,Unspecified,1034_ITS_DIS_XX.wav
1021,ITS,Disgust,Unspecified,1021_ITS_DIS_XX.wav
1084,IOM,Disgust,Unspecified,1084_IOM_DIS_XX.wav
1069,TSI,Disgust,Unspecified,1069_TSI_DIS_XX.wav
1091,IOM,Disgust,Unspecified,1091_IOM_DIS_XX.wav
1082,ITS,Neutral,Unspecified,1082_ITS_NEU_XX.wav
1088,IWL,Fear,Unspecified,1088_IWL_FEA_XX.wav
1058,TAI,Disgust,Unspecified,1058_TAI_DIS_XX.wav
1005,IOM,Sad,Unspecified,1005_IOM_SAD_XX.wav
1010,IOM,Sad,Unspecified,1010_IOM_SAD_XX.wav
1015,MTI,Neutral,Unspecified,1015_MTI_NEU_XX.wav
1042,MTI,Anger,Unspecified,1042_MTI_ANG_XX.wav
1057,MTI,Anger,Unspecified,1057_MTI_ANG_XX.wav
1023,IOM,Happy,Unspecified,1023_IOM_HAP_XX.wav
1036,IOM,Happy,Unspecified,1036_IOM_HAP_XX.wav
1002,IOM,Fear,Unspecified,1002_IOM_FEA_XX.wav
1017,IOM,Fear,Unspecified,1017_IOM_FEA_XX.wav
1029,IEO,Neutral,Unspecified,1029_IEO_NEU_XX.wav
1088,IEO,Anger,Low,1088_IEO_ANG_LO.wav
1075,IWW,Anger,Unspecified,1075_IWW_ANG_XX.wav
1060,IWW,Anger,Unspecified,1060_IWW_ANG_XX.wav
1037,IWW,Neutral,Unspecified,1037_IWW_NEU_XX.wav
1022,IWW,Neutral,Unspecified,1022_IWW_NEU_XX.wav
1028,ITH,Fear,Unspecified,1028_ITH_FEA_XX.wav
1038,DFA,Disgust,Unspecified,1038_DFA_DIS_XX.wav
1009,ITH,Happy,Unspecified,1009_ITH_HAP_XX.wav
1049,TIE,Anger,Unspecified,1049_TIE_ANG_XX.wav
1015,IWW,Sad,Unspecified,1015_IWW_SAD_XX.wav
1081,IWW,Disgust,Unspecified,1081_IWW_DIS_XX.wav
1038,WSI,Disgust,Unspecified,1038_WSI_DIS_XX.wav
1029,TIE,Sad,Unspecified,1029_TIE_SAD_XX.wav
1033,IWW,Happy,Unspecified,1033_IWW_HAP_XX.wav
1026,IWW,Happy,Unspecified,1026_IWW_HAP_XX.wav
1012,IWW,Fear,Unspecified,1012_IWW_FEA_XX.wav
1018,ITH,Neutral,Unspecified,1018_ITH_NEU_XX.wav
1007,IWW,Fear,Unspecified,1007_IWW_FEA_XX.wav
1069,IEO,Disgust,Low,1069_IEO_DIS_LO.wav
1015,WSI,Neutral,Unspecified,1015_WSI_NEU_XX.wav
1087,ITH,Happy,Unspecified,1087_ITH_HAP_XX.wav
1057,WSI,Anger,Unspecified,1057_WSI_ANG_XX.wav
1042,WSI,Anger,Unspecified,1042_WSI_ANG_XX.wav
1085,TIE,Neutral,Unspecified,1085_TIE_NEU_XX.wav
1022,DFA,Sad,Unspecified,1022_DFA_SAD_XX.wav
1037,DFA,Sad,Unspecified,1037_DFA_SAD_XX.wav
1090,TIE,Neutral,Unspecified,1090_TIE_NEU_XX.wav
1004,DFA,Happy,Unspecified,1004_DFA_HAP_XX.wav
1035,ITH,Disgust,Unspecified,1035_ITH_DIS_XX.wav
1020,ITH,Disgust,Unspecified,1020_ITH_DIS_XX.wav
1011,DFA,Happy,Unspecified,1011_DFA_HAP_XX.wav
1025,DFA,Fear,Unspecified,1025_DFA_FEA_XX.wav
1013,IEO,Anger,Low,1013_IEO_ANG_LO.wav
1006,IEO,Anger,Low,1006_IEO_ANG_LO.wav
1030,DFA,Fear,Unspecified,1030_DFA_FEA_XX.wav
1011,WSI,Happy,Unspecified,1011_WSI_HAP_XX.wav
1004,WSI,Happy,Unspecified,1004_WSI_HAP_XX.wav
1083,ITH,Neutral,Unspecified,1083_ITH_NEU_XX.wav
1089,IWW,Fear,Unspecified,1089_IWW_FEA_XX.wav
1030,WSI,Fear,Unspecified,1030_WSI_FEA_XX.wav
1025,WSI,Fear,Unspecified,1025_WSI_FEA_XX.wav
1081,TIE,Happy,Unspecified,1081_TIE_HAP_XX.wav
1073,IEO,Sad,Low,1073_IEO_SAD_LO.wav
1066,IEO,Sad,Low,1066_IEO_SAD_LO.wav
1037,WSI,Sad,Unspecified,1037_WSI_SAD_XX.wav
1026,TIE,Disgust,Unspecified,1026_TIE_DIS_XX.wav
1022,WSI,Sad,Unspecified,1022_WSI_SAD_XX.wav
1033,TIE,Disgust,Unspecified,1033_TIE_DIS_XX.wav
1055,IEO,Happy,Low,1055_IEO_HAP_LO.wav
1040,IEO,Happy,Low,1040_IEO_HAP_LO.wav
1042,DFA,Anger,Unspecified,1042_DFA_ANG_XX.wav
1074,IEO,Fear,Low,1074_IEO_FEA_LO.wav
1061,IEO,Fear,Low,1061_IEO_FEA_LO.wav
1057,DFA,Anger,Unspecified,1057_DFA_ANG_XX.wav
1015,DFA,Neutral,Unspecified,1015_DFA_NEU_XX.wav
1022,TAI,Anger,Unspecified,1022_TAI_ANG_XX.wav
1037,TAI,Anger,Unspecified,1037_TAI_ANG_XX.wav
1060,TAI,Neutral,Unspecified,1060_TAI_NEU_XX.wav
1075,TAI,Neutral,Unspecified,1075_TAI_NEU_XX.wav
1051,TSI,Neutral,Unspecified,1051_TSI_NEU_XX.wav
1044,TSI,Neutral,Unspecified,1044_TSI_NEU_XX.wav
1013,TSI,Anger,Unspecified,1013_TSI_ANG_XX.wav
1006,TSI,Anger,Unspecified,1006_TSI_ANG_XX.wav
1008,ITS,Happy,Unspecified,1008_ITS_HAP_XX.wav
1036,IWL,Neutral,Unspecified,1036_IWL_NEU_XX.wav
1023,IWL,Neutral,Unspecified,1023_IWL_NEU_XX.wav
1029,ITS,Fear,Unspecified,1029_ITS_FEA_XX.wav
1074,IWL,Anger,Unspecified,1074_IWL_ANG_XX.wav
1061,IWL,Anger,Unspecified,1061_IWL_ANG_XX.wav
1020,IEO,Anger,Medium,1020_IEO_ANG_MD.wav
1035,IEO,Anger,Medium,1035_IEO_ANG_MD.wav
1038,MTI,Disgust,Unspecified,1038_MTI_DIS_XX.wav
1031,IEO,Anger,High,1031_IEO_ANG_HI.wav
1024,IEO,Anger,High,1024_IEO_ANG_HI.wav
1045,TAI,Fear,Unspecified,1045_TAI_FEA_XX.wav
1014,IWL,Sad,Unspecified,1014_IWL_SAD_XX.wav
1001,IWL,Sad,Unspecified,1001_IWL_SAD_XX.wav
1050,TAI,Fear,Unspecified,1050_TAI_FEA_XX.wav
1064,TAI,Happy,Unspecified,1064_TAI_HAP_XX.wav
1040,IEO,Sad,Medium,1040_IEO_SAD_MD.wav
1055,IEO,Sad,Medium,1055_IEO_SAD_MD.wav
1071,TAI,Happy,Unspecified,1071_TAI_HAP_XX.wav
1074,TSI,Fear,Unspecified,1074_TSI_FEA_XX.wav
1061,TSI,Fear,Unspecified,1061_TSI_FEA_XX.wav
1055,TSI,Happy,Unspecified,1055_TSI_HAP_XX.wav
1051,IEO,Sad,High,1051_IEO_SAD_HI.wav
1080,IWL,Disgust,Unspecified,1080_IWL_DIS_XX.wav
1044,IEO,Sad,High,1044_IEO_SAD_HI.wav
1040,TSI,Happy,Unspecified,1040_TSI_HAP_XX.wav
1066,IEO,Happy,Medium,1066_IEO_HAP_MD.wav
1013,IWL,Fear,Unspecified,1013_IWL_FEA_XX.wav
1019,ITS,Neutral,Unspecified,1019_ITS_NEU_XX.wav
1042,TAI,Sad,Unspecified,1042_TAI_SAD_XX.wav
1057,TAI,Sad,Unspecified,1057_TAI_SAD_XX.wav
1006,IWL,Fear,Unspecified,1006_IWL_FEA_XX.wav
1073,IEO,Happy,Medium,1073_IEO_HAP_MD.wav
1032,IWL,Happy,Unspecified,1032_IWL_HAP_XX.wav
1047,IEO,Fear,Medium,1047_IEO_FEA_MD.wav
1052,IEO,Fear,Medium,1052_IEO_FEA_MD.wav
1027,IWL,Happy,Unspecified,1027_IWL_HAP_XX.wav
1077,IEO,Happy,High,1077_IEO_HAP_HI.wav
1073,TSI,Sad,Unspecified,1073_TSI_SAD_XX.wav
1066,TSI,Sad,Unspecified,1066_TSI_SAD_XX.wav
1062,IEO,Happy,High,1062_IEO_HAP_HI.wav
1056,IEO,Fear,High,1056_IEO_FEA_HI.wav
1043,IEO,Fear,High,1043_IEO_FEA_HI.wav
1060,MTI,Happy,Unspecified,1060_MTI_HAP_XX.wav
1075,MTI,Happy,Unspecified,1075_MTI_HAP_XX.wav
1041,MTI,Fear,Unspecified,1041_MTI_FEA_XX.wav
1054,MTI,Fear,Unspecified,1054_MTI_FEA_XX.wav
1001,IOM,Anger,Unspecified,1001_IOM_ANG_XX.wav
1014,IOM,Anger,Unspecified,1014_IOM_ANG_XX.wav
1050,ITS,Disgust,Unspecified,1050_ITS_DIS_XX.wav
1045,ITS,Disgust,Unspecified,1045_ITS_DIS_XX.wav
1043,IOM,Neutral,Unspecified,1043_IOM_NEU_XX.wav
1056,IOM,Neutral,Unspecified,1056_IOM_NEU_XX.wav
1046,MTI,Sad,Unspecified,1046_MTI_SAD_XX.wav
1053,MTI,Sad,Unspecified,1053_MTI_SAD_XX.wav
1064,MTI,Neutral,Unspecified,1064_MTI_NEU_XX.wav
1071,MTI,Neutral,Unspecified,1071_MTI_NEU_XX.wav
1026,MTI,Anger,Unspecified,1026_MTI_ANG_XX.wav
1033,MTI,Anger,Unspecified,1033_MTI_ANG_XX.wav
1066,IOM,Fear,Unspecified,1066_IOM_FEA_XX.wav
1073,IOM,Fear,Unspecified,1073_IOM_FEA_XX.wav
1047,IOM,Happy,Unspecified,1047_IOM_HAP_XX.wav
1052,IOM,Happy,Unspecified,1052_IOM_HAP_XX.wav
1018,TSI,Disgust,Unspecified,1018_TSI_DIS_XX.wav
1061,IOM,Sad,Unspecified,1061_IOM_SAD_XX.wav
1074,IOM,Sad,Unspecified,1074_IOM_SAD_XX.wav
1088,IEO,Happy,High,1088_IEO_HAP_HI.wav
1029,TAI,Disgust,Unspecified,1029_TAI_DIS_XX.wav
1011,IWW,Anger,Unspecified,1011_IWW_ANG_XX.wav
1004,IWW,Anger,Unspecified,1004_IWW_ANG_XX.wav
1049,DFA,Disgust,Unspecified,1049_DFA_DIS_XX.wav
1078,ITH,Happy,Unspecified,1078_ITH_HAP_XX.wav
1053,IWW,Neutral,Unspecified,1053_IWW_NEU_XX.wav
1059,ITH,Fear,Unspecified,1059_ITH_FEA_XX.wav
1046,IWW,Neutral,Unspecified,1046_IWW_NEU_XX.wav
1038,TIE,Anger,Unspecified,1038_TIE_ANG_XX.wav
1058,IEO,Neutral,Unspecified,1058_IEO_NEU_XX.wav
1076,IWW,Fear,Unspecified,1076_IWW_FEA_XX.wav
1063,IWW,Fear,Unspecified,1063_IWW_FEA_XX.wav
1069,ITH,Neutral,Unspecified,1069_ITH_NEU_XX.wav
1057,IWW,Happy,Unspecified,1057_IWW_HAP_XX.wav
1042,IWW,Happy,Unspecified,1042_IWW_HAP_XX.wav
1018,IEO,Disgust,Low,1018_IEO_DIS_LO.wav
1071,IWW,Sad,Unspecified,1071_IWW_SAD_XX.wav
1064,IWW,Sad,Unspecified,1064_IWW_SAD_XX.wav
1049,WSI,Disgust,Unspecified,1049_WSI_DIS_XX.wav
1058,TIE,Sad,Unspecified,1058_TIE_SAD_XX.wav
1077,IEO,Anger,Low,1077_IEO_ANG_LO.wav
1041,DFA,Fear,Unspecified,1041_DFA_FEA_XX.wav
1054,DFA,Fear,Unspecified,1054_DFA_FEA_XX.wav
1062,IEO,Anger,Low,1062_IEO_ANG_LO.wav
1051,ITH,Disgust,Unspecified,1051_ITH_DIS_XX.wav
1060,DFA,Happy,Unspecified,1060_DFA_HAP_XX.wav
1075,DFA,Happy,Unspecified,1075_DFA_HAP_XX.wav
1044,ITH,Disgust,Unspecified,1044_ITH_DIS_XX.wav
1071,WSI,Neutral,Unspecified,1071_WSI_NEU_XX.wav
1064,WSI,Neutral,Unspecified,1064_WSI_NEU_XX.wav
1033,WSI,Anger,Unspecified,1033_WSI_ANG_XX.wav
1026,WSI,Anger,Unspecified,1026_WSI_ANG_XX.wav
1046,DFA,Sad,Unspecified,1046_DFA_SAD_XX.wav
1053,DFA,Sad,Unspecified,1053_DFA_SAD_XX.wav
1053,WSI,Sad,Unspecified,1053_WSI_SAD_XX.wav
1042,TIE,Disgust,Unspecified,1042_TIE_DIS_XX.wav
1046,WSI,Sad,Unspecified,1046_WSI_SAD_XX.wav
1057,TIE,Disgust,Unspecified,1057_TIE_DIS_XX.wav
1010,IEO,Fear,Low,1010_IEO_FEA_LO.wav
1026,DFA,Anger,Unspecified,1026_DFA_ANG_XX.wav
1033,DFA,Anger,Unspecified,1033_DFA_ANG_XX.wav
1005,IEO,Fear,Low,1005_IEO_FEA_LO.wav
1031,IEO,Happy,Low,1031_IEO_HAP_LO.wav
1024,IEO,Happy,Low,1024_IEO_HAP_LO.wav
1064,DFA,Neutral,Unspecified,1064_DFA_NEU_XX.wav
1071,DFA,Neutral,Unspecified,1071_DFA_NEU_XX.wav
1083,IEO,Disgust,Low,1083_IEO_DIS_LO.wav
1054,WSI,Fear,Unspecified,1054_WSI_FEA_XX.wav
1041,WSI,Fear,Unspecified,1041_WSI_FEA_XX.wav
1075,WSI,Happy,Unspecified,1075_WSI_HAP_XX.wav
1060,WSI,Happy,Unspecified,1060_WSI_HAP_XX.wav
1017,IEO,Sad,Low,1017_IEO_SAD_LO.wav
1002,IEO,Sad,Low,1002_IEO_SAD_LO.wav
1052,IWL,Neutral,Unspecified,1052_IWL_NEU_XX.wav
1058,ITS,Fear,Unspecified,1058_ITS_FEA_XX.wav
1047,IWL,Neutral,Unspecified,1047_IWL_NEU_XX.wav
1079,ITS,Happy,Unspecified,1079_ITS_HAP_XX.wav
1044,IEO,Anger,Medium,1044_IEO_ANG_MD.wav
1051,IEO,Anger,Medium,1051_IEO_ANG_MD.wav
1010,IWL,Anger,Unspecified,1010_IWL_ANG_XX.wav
1005,IWL,Anger,Unspecified,1005_IWL_ANG_XX.wav
1055,IEO,Anger,High,1055_IEO_ANG_HI.wav
1040,IEO,Anger,High,1040_IEO_ANG_HI.wav
1049,MTI,Disgust,Unspecified,1049_MTI_DIS_XX.wav
1046,TAI,Anger,Unspecified,1046_TAI_ANG_XX.wav
1053,TAI,Anger,Unspecified,1053_TAI_ANG_XX.wav
1004,TAI,Neutral,Unspecified,1004_TAI_NEU_XX.wav
1011,TAI,Neutral,Unspecified,1011_TAI_NEU_XX.wav
1035,TSI,Neutral,Unspecified,1035_TSI_NEU_XX.wav
1020,TSI,Neutral,Unspecified,1020_TSI_NEU_XX.wav
1077,TSI,Anger,Unspecified,1077_TSI_ANG_XX.wav
1062,TSI,Anger,Unspecified,1062_TSI_ANG_XX.wav
1056,IWL,Happy,Unspecified,1056_IWL_HAP_XX.wav
1023,IEO,Fear,Medium,1023_IEO_FEA_MD.wav
1083,TSI,Disgust,Unspecified,1083_TSI_DIS_XX.wav
1036,IEO,Fear,Medium,1036_IEO_FEA_MD.wav
1043,IWL,Happy,Unspecified,1043_IWL_HAP_XX.wav
1002,IEO,Happy,Medium,1002_IEO_HAP_MD.wav
1026,TAI,Sad,Unspecified,1026_TAI_SAD_XX.wav
1077,IWL,Fear,Unspecified,1077_IWL_FEA_XX.wav
1062,IWL,Fear,Unspecified,1062_IWL_FEA_XX.wav
1068,ITS,Neutral,Unspecified,1068_ITS_NEU_XX.wav
1033,TAI,Sad,Unspecified,1033_TAI_SAD_XX.wav
1017,IEO,Happy,Medium,1017_IEO_HAP_MD.wav
1032,IEO,Fear,High,1032_IEO_FEA_HI.wav
1027,IEO,Fear,High,1027_IEO_FEA_HI.wav
1013,IEO,Happy,High,1013_IEO_HAP_HI.wav
1017,TSI,Sad,Unspecified,1017_TSI_SAD_XX.wav
1002,TSI,Sad,Unspecified,1002_TSI_SAD_XX.wav
1006,IEO,Happy,High,1006_IEO_HAP_HI.wav
1024,IEO,Sad,Medium,1024_IEO_SAD_MD.wav
1031,IEO,Sad,Medium,1031_IEO_SAD_MD.wav
1015,TAI,Happy,Unspecified,1015_TAI_HAP_XX.wav
1070,IWL,Sad,Unspecified,1070_IWL_SAD_XX.wav
1021,TAI,Fear,Unspecified,1021_TAI_FEA_XX.wav
1034,TAI,Fear,Unspecified,1034_TAI_FEA_XX.wav
1065,IWL,Sad,Unspecified,1065_IWL_SAD_XX.wav
1031,TSI,Happy,Unspecified,1031_TSI_HAP_XX.wav
1035,IEO,Sad,High,1035_IEO_SAD_HI.wav
1020,IEO,Sad,High,1020_IEO_SAD_HI.wav
1024,TSI,Happy,Unspecified,1024_TSI_HAP_XX.wav
1010,TSI,Fear,Unspecified,1010_TSI_FEA_XX.wav
1005,TSI,Fear,Unspecified,1005_TSI_FEA_XX.wav
1091,IWL,Anger,Unspecified,1091_IWL_ANG_XX.wav
1084,IWL,Anger,Unspecified,1084_IWL_ANG_XX.wav
1049,MTI,Sad,Unspecified,1049_MTI_SAD_XX.wav
1059,IOM,Neutral,Unspecified,1059_IOM_NEU_XX.wav
1085,TAI,Neutral,Unspecified,1085_TAI_NEU_XX.wav
1090,TAI,Neutral,Unspecified,1090_TAI_NEU_XX.wav
1087,IEO,Happy,High,1087_IEO_HAP_HI.wav
1083,TSI,Sad,Unspecified,1083_TSI_SAD_XX.wav
1026,TAI,Disgust,Unspecified,1026_TAI_DIS_XX.wav
1033,TAI,Disgust,Unspecified,1033_TAI_DIS_XX.wav
1083,IEO,Happy,Medium,1083_IEO_HAP_MD.wav
1017,TSI,Disgust,Unspecified,1017_TSI_DIS_XX.wav
1002,TSI,Disgust,Unspecified,1002_TSI_DIS_XX.wav
1091,TSI,Fear,Unspecified,1091_TSI_FEA_XX.wav
1024,IEO,Disgust,Medium,1024_IEO_DIS_MD.wav
1069,IOM,Fear,Unspecified,1069_IOM_FEA_XX.wav
1084,TSI,Fear,Unspecified,1084_TSI_FEA_XX.wav
1031,IEO,Disgust,Medium,1031_IEO_DIS_MD.wav
1048,IOM,Happy,Unspecified,1048_IOM_HAP_XX.wav
1070,IWL,Disgust,Unspecified,1070_IWL_DIS_XX.wav
1065,IWL,Disgust,Unspecified,1065_IWL_DIS_XX.wav
1035,IEO,Disgust,High,1035_IEO_DIS_HI.wav
1020,IEO,Disgust,High,1020_IEO_DIS_HI.wav
1029,MTI,Anger,Unspecified,1029_MTI_ANG_XX.wav
1081,TAI,Happy,Unspecified,1081_TAI_HAP_XX.wav
1051,ITH,Sad,Unspecified,1051_ITH_SAD_XX.wav
1044,ITH,Sad,Unspecified,1044_ITH_SAD_XX.wav
1042,IEO,Neutral,Unspecified,1042_IEO_NEU_XX.wav
1057,IEO,Neutral,Unspecified,1057_IEO_NEU_XX.wav
1060,TIE,Neutral,Unspecified,1060_TIE_NEU_XX.wav
1075,TIE,Neutral,Unspecified,1075_TIE_NEU_XX.wav
1022,TIE,Anger,Unspecified,1022_TIE_ANG_XX.wav
1037,TIE,Anger,Unspecified,1037_TIE_ANG_XX.wav
1077,ITH,Happy,Unspecified,1077_ITH_HAP_XX.wav
1046,DFA,Disgust,Unspecified,1046_DFA_DIS_XX.wav
1053,DFA,Disgust,Unspecified,1053_DFA_DIS_XX.wav
1062,ITH,Happy,Unspecified,1062_ITH_HAP_XX.wav
1056,ITH,Fear,Unspecified,1056_ITH_FEA_XX.wav
1049,IWW,Neutral,Unspecified,1049_IWW_NEU_XX.wav
1043,ITH,Fear,Unspecified,1043_ITH_FEA_XX.wav
1042,TIE,Sad,Unspecified,1042_TIE_SAD_XX.wav
1053,WSI,Disgust,Unspecified,1053_WSI_DIS_XX.wav
1057,TIE,Sad,Unspecified,1057_TIE_SAD_XX.wav
1046,WSI,Disgust,Unspecified,1046_WSI_DIS_XX.wav
1091,IEO,Fear,Low,1091_IEO_FEA_LO.wav
1084,IEO,Fear,Low,1084_IEO_FEA_LO.wav
1083,IEO,Sad,Low,1083_IEO_SAD_LO.wav
1045,TIE,Fear,Unspecified,1045_TIE_FEA_XX.wav
1050,TIE,Fear,Unspecified,1050_TIE_FEA_XX.wav
1064,TIE,Happy,Unspecified,1064_TIE_HAP_XX.wav
1071,TIE,Happy,Unspecified,1071_TIE_HAP_XX.wav
1079,IWW,Fear,Unspecified,1079_IWW_FEA_XX.wav
1073,ITH,Neutral,Unspecified,1073_ITH_NEU_XX.wav
1066,ITH,Neutral,Unspecified,1066_ITH_NEU_XX.wav
1058,IWW,Happy,Unspecified,1058_IWW_HAP_XX.wav
1017,IEO,Disgust,Low,1017_IEO_DIS_LO.wav
1002,IEO,Disgust,Low,1002_IEO_DIS_LO.wav
1031,ITH,Anger,Unspecified,1031_ITH_ANG_XX.wav
1024,ITH,Anger,Unspecified,1024_ITH_ANG_XX.wav
1049,DFA,Sad,Unspecified,1049_DFA_SAD_XX.wav
1029,WSI,Anger,Unspecified,1029_WSI_ANG_XX.wav
1090,IWW,Anger,Unspecified,1090_IWW_ANG_XX.wav
1085,IWW,Anger,Unspecified,1085_IWW_ANG_XX.wav
1078,IEO,Anger,Low,1078_IEO_ANG_LO.wav
1018,IEO,Sad,Low,1018_IEO_SAD_LO.wav
1029,DFA,Anger,Unspecified,1029_DFA_ANG_XX.wav
1071,IWW,Disgust,Unspecified,1071_IWW_DIS_XX.wav
1064,IWW,Disgust,Unspecified,1064_IWW_DIS_XX.wav
1058,TIE,Disgust,Unspecified,1058_TIE_DIS_XX.wav
1049,WSI,Sad,Unspecified,1049_WSI_SAD_XX.wav
1078,TSI,Anger,Unspecified,1078_TSI_ANG_XX.wav
1080,IOM,Anger,Unspecified,1080_IOM_ANG_XX.wav
1049,TAI,Anger,Unspecified,1049_TAI_ANG_XX.wav
1050,ITS,Sad,Unspecified,1050_ITS_SAD_XX.wav
1045,ITS,Sad,Unspecified,1045_ITS_SAD_XX.wav
1046,MTI,Disgust,Unspecified,1046_MTI_DIS_XX.wav
1053,MTI,Disgust,Unspecified,1053_MTI_DIS_XX.wav
1057,ITS,Fear,Unspecified,1057_ITS_FEA_XX.wav
1048,IWL,Neutral,Unspecified,1048_IWL_NEU_XX.wav
1042,ITS,Fear,Unspecified,1042_ITS_FEA_XX.wav
1076,ITS,Happy,Unspecified,1076_ITS_HAP_XX.wav
1063,ITS,Happy,Unspecified,1063_ITS_HAP_XX.wav
1028,IEO,Fear,High,1028_IEO_FEA_HI.wav
1018,TSI,Sad,Unspecified,1018_TSI_SAD_XX.wav
1009,IEO,Happy,High,1009_IEO_HAP_HI.wav
1030,ITS,Anger,Unspecified,1030_ITS_ANG_XX.wav
1025,ITS,Anger,Unspecified,1025_ITS_ANG_XX.wav
1059,IWL,Happy,Unspecified,1059_IWL_HAP_XX.wav
1061,IOM,Disgust,Unspecified,1061_IOM_DIS_XX.wav
1074,IOM,Disgust,Unspecified,1074_IOM_DIS_XX.wav
1039,IEO,Fear,Medium,1039_IEO_FEA_MD.wav
1078,IWL,Fear,Unspecified,1078_IWL_FEA_XX.wav
1029,TAI,Sad,Unspecified,1029_TAI_SAD_XX.wav
1072,ITS,Neutral,Unspecified,1072_ITS_NEU_XX.wav
1018,IEO,Happy,Medium,1018_IEO_HAP_MD.wav
1067,ITS,Neutral,Unspecified,1067_ITS_NEU_XX.wav
1087,TSI,Anger,Unspecified,1087_TSI_ANG_XX.wav
1028,IOM,Neutral,Unspecified,1028_IOM_NEU_XX.wav
1038,MTI,Sad,Unspecified,1038_MTI_SAD_XX.wav
1089,ITS,Happy,Unspecified,1089_ITS_HAP_XX.wav
1014,IWL,Disgust,Unspecified,1014_IWL_DIS_XX.wav
1039,IOM,Happy,Unspecified,1039_IOM_HAP_XX.wav
1001,IWL,Disgust,Unspecified,1001_IWL_DIS_XX.wav
1040,IEO,Disgust,Medium,1040_IEO_DIS_MD.wav
1018,IOM,Fear,Unspecified,1018_IOM_FEA_XX.wav
1055,IEO,Disgust,Medium,1055_IEO_DIS_MD.wav
1058,MTI,Anger,Unspecified,1058_MTI_ANG_XX.wav
1051,IEO,Disgust,High,1051_IEO_DIS_HI.wav
1044,IEO,Disgust,High,1044_IEO_DIS_HI.wav
1080,IWL,Sad,Unspecified,1080_IWL_SAD_XX.wav
1042,TAI,Disgust,Unspecified,1042_TAI_DIS_XX.wav
1057,TAI,Disgust,Unspecified,1057_TAI_DIS_XX.wav
1073,TSI,Disgust,Unspecified,1073_TSI_DIS_XX.wav
1066,TSI,Disgust,Unspecified,1066_TSI_DIS_XX.wav
1087,IWL,Fear,Unspecified,1087_IWL_FEA_XX.wav
1004,TIE,Neutral,Unspecified,1004_TIE_NEU_XX.wav
1011,TIE,Neutral,Unspecified,1011_TIE_NEU_XX.wav
1046,TIE,Anger,Unspecified,1046_TIE_ANG_XX.wav
1053,TIE,Anger,Unspecified,1053_TIE_ANG_XX.wav
1038,IWW,Neutral,Unspecified,1038_IWW_NEU_XX.wav
1032,ITH,Fear,Unspecified,1032_ITH_FEA_XX.wav
1027,ITH,Fear,Unspecified,1027_ITH_FEA_XX.wav
1022,DFA,Disgust,Unspecified,1022_DFA_DIS_XX.wav
1013,ITH,Happy,Unspecified,1013_ITH_HAP_XX.wav
1081,WSI,Neutral,Unspecified,1081_WSI_NEU_XX.wav
1006,ITH,Happy,Unspecified,1006_ITH_HAP_XX.wav
1037,DFA,Disgust,Unspecified,1037_DFA_DIS_XX.wav
1087,IEO,Anger,Low,1087_IEO_ANG_LO.wav
1085,DFA,Happy,Unspecified,1085_DFA_HAP_XX.wav
1090,DFA,Happy,Unspecified,1090_DFA_HAP_XX.wav
1035,ITH,Sad,Unspecified,1035_ITH_SAD_XX.wav
1020,ITH,Sad,Unspecified,1020_ITH_SAD_XX.wav
1026,IEO,Neutral,Unspecified,1026_IEO_NEU_XX.wav
1033,IEO,Neutral,Unspecified,1033_IEO_NEU_XX.wav
1015,TIE,Happy,Unspecified,1015_TIE_HAP_XX.wav
1021,TIE,Fear,Unspecified,1021_TIE_FEA_XX.wav
1034,TIE,Fear,Unspecified,1034_TIE_FEA_XX.wav
1029,IWW,Happy,Unspecified,1029_IWW_HAP_XX.wav
1090,WSI,Happy,Unspecified,1090_WSI_HAP_XX.wav
1017,ITH,Neutral,Unspecified,1017_ITH_NEU_XX.wav
1008,IWW,Fear,Unspecified,1008_IWW_FEA_XX.wav
1002,ITH,Neutral,Unspecified,1002_ITH_NEU_XX.wav
1085,WSI,Happy,Unspecified,1085_WSI_HAP_XX.wav
1055,ITH,Anger,Unspecified,1055_ITH_ANG_XX.wav
1040,ITH,Anger,Unspecified,1040_ITH_ANG_XX.wav
1073,IEO,Disgust,Low,1073_IEO_DIS_LO.wav
1066,IEO,Disgust,Low,1066_IEO_DIS_LO.wav
1081,DFA,Neutral,Unspecified,1081_DFA_NEU_XX.wav
1026,TIE,Sad,Unspecified,1026_TIE_SAD_XX.wav
1037,WSI,Disgust,Unspecified,1037_WSI_DIS_XX.wav
1033,TIE,Sad,Unspecified,1033_TIE_SAD_XX.wav
1022,WSI,Disgust,Unspecified,1022_WSI_DIS_XX.wav
1009,IEO,Anger,Low,1009_IEO_ANG_LO.wav
1038,DFA,Sad,Unspecified,1038_DFA_SAD_XX.wav
1088,ITH,Happy,Unspecified,1088_ITH_HAP_XX.wav
1058,WSI,Anger,Unspecified,1058_WSI_ANG_XX.wav
1058,DFA,Anger,Unspecified,1058_DFA_ANG_XX.wav
1015,IWW,Disgust,Unspecified,1015_IWW_DIS_XX.wav
1081,IWW,Sad,Unspecified,1081_IWW_SAD_XX.wav
1029,TIE,Disgust,Unspecified,1029_TIE_DIS_XX.wav
1038,WSI,Sad,Unspecified,1038_WSI_SAD_XX.wav
1069,IEO,Sad,Low,1069_IEO_SAD_LO.wav
1086,IWW,Fear,Unspecified,1086_IWW_FEA_XX.wav
1022,MTI,Disgust,Unspecified,1022_MTI_DIS_XX.wav
1037,MTI,Disgust,Unspecified,1037_MTI_DIS_XX.wav
1012,ITS,Happy,Unspecified,1012_ITS_HAP_XX.wav
1007,ITS,Happy,Unspecified,1007_ITS_HAP_XX.wav
1039,IWL,Neutral,Unspecified,1039_IWL_NEU_XX.wav
1033,ITS,Fear,Unspecified,1033_ITS_FEA_XX.wav
1026,ITS,Fear,Unspecified,1026_ITS_FEA_XX.wav
1009,TSI,Anger,Unspecified,1009_TSI_ANG_XX.wav
1085,MTI,Happy,Unspecified,1085_MTI_HAP_XX.wav
1038,TAI,Anger,Unspecified,1038_TAI_ANG_XX.wav
1090,MTI,Happy,Unspecified,1090_MTI_HAP_XX.wav
1034,ITS,Sad,Unspecified,1034_ITS_SAD_XX.wav
1021,ITS,Sad,Unspecified,1021_ITS_SAD_XX.wav
1078,IEO,Happy,High,1078_IEO_HAP_HI.wav
1084,IOM,Sad,Unspecified,1084_IOM_SAD_XX.wav
1091,IOM,Sad,Unspecified,1091_IOM_SAD_XX.wav
1069,TSI,Sad,Unspecified,1069_TSI_SAD_XX.wav
1059,IEO,Fear,High,1059_IEO_FEA_HI.wav
1054,ITS,Anger,Unspecified,1054_ITS_ANG_XX.wav
1041,ITS,Anger,Unspecified,1041_ITS_ANG_XX.wav
1016,ITS,Neutral,Unspecified,1016_ITS_NEU_XX.wav
1069,IEO,Happy,Medium,1069_IEO_HAP_MD.wav
1009,IWL,Fear,Unspecified,1009_IWL_FEA_XX.wav
1058,TAI,Sad,Unspecified,1058_TAI_SAD_XX.wav
1003,ITS,Neutral,Unspecified,1003_ITS_NEU_XX.wav
1048,IEO,Fear,Medium,1048_IEO_FEA_MD.wav
1005,IOM,Disgust,Unspecified,1005_IOM_DIS_XX.wav
1028,IWL,Happy,Unspecified,1028_IWL_HAP_XX.wav
1010,IOM,Disgust,Unspecified,1010_IOM_DIS_XX.wav
1083,IOM,Fear,Unspecified,1083_IOM_FEA_XX.wav
1081,MTI,Neutral,Unspecified,1081_MTI_NEU_XX.wav
1044,IEO,Fear,High,1044_IEO_FEA_HI.wav
1051,IEO,Fear,High,1051_IEO_FEA_HI.wav
1065,IEO,Happy,High,1065_IEO_HAP_HI.wav
1061,TSI,Sad,Unspecified,1061_TSI_SAD_XX.wav
1074,TSI,Sad,Unspecified,1074_TSI_SAD_XX.wav
1070,IEO,Happy,High,1070_IEO_HAP_HI.wav
1049,ITS,Anger,Unspecified,1049_ITS_ANG_XX.wav
1020,IWL,Happy,Unspecified,1020_IWL_HAP_XX.wav
1018,IOM,Disgust,Unspecified,1018_IOM_DIS_XX.wav
1055,IEO,Fear,Medium,1055_IEO_FEA_MD.wav
1040,IEO,Fear,Medium,1040_IEO_FEA_MD.wav
1035,IWL,Happy,Unspecified,1035_IWL_HAP_XX.wav
1074,IEO,Happy,Medium,1074_IEO_HAP_MD.wav
1001,IWL,Fear,Unspecified,1001_IWL_FEA_XX.wav
1050,TAI,Sad,Unspecified,1050_TAI_SAD_XX.wav
1045,TAI,Sad,Unspecified,1045_TAI_SAD_XX.wav
1014,IWL,Fear,Unspecified,1014_IWL_FEA_XX.wav
1061,IEO,Happy,Medium,1061_IEO_HAP_MD.wav
1047,TSI,Happy,Unspecified,1047_TSI_HAP_XX.wav
1043,IEO,Sad,High,1043_IEO_SAD_HI.wav
1087,IWL,Disgust,Unspecified,1087_IWL_DIS_XX.wav
1056,IEO,Sad,High,1056_IEO_SAD_HI.wav
1052,TSI,Happy,Unspecified,1052_TSI_HAP_XX.wav
1066,TSI,Fear,Unspecified,1066_TSI_FEA_XX.wav
1073,TSI,Fear,Unspecified,1073_TSI_FEA_XX.wav
1076,TAI,Happy,Unspecified,1076_TAI_HAP_XX.wav
1052,IEO,Sad,Medium,1052_IEO_SAD_MD.wav
1047,IEO,Sad,Medium,1047_IEO_SAD_MD.wav
1063,TAI,Happy,Unspecified,1063_TAI_HAP_XX.wav
1057,TAI,Fear,Unspecified,1057_TAI_FEA_XX.wav
1006,IWL,Sad,Unspecified,1006_IWL_SAD_XX.wav
1013,IWL,Sad,Unspecified,1013_IWL_SAD_XX.wav
1042,TAI,Fear,Unspecified,1042_TAI_FEA_XX.wav
1089,MTI,Neutral,Unspecified,1089_MTI_NEU_XX.wav
1023,IEO,Anger,High,1023_IEO_ANG_HI.wav
1036,IEO,Anger,High,1036_IEO_ANG_HI.wav
1024,IWL,Neutral,Unspecified,1024_IWL_NEU_XX.wav
1031,IWL,Neutral,Unspecified,1031_IWL_NEU_XX.wav
1032,IEO,Anger,Medium,1032_IEO_ANG_MD.wav
1027,IEO,Anger,Medium,1027_IEO_ANG_MD.wav
1066,IWL,Anger,Unspecified,1066_IWL_ANG_XX.wav
1073,IWL,Anger,Unspecified,1073_IWL_ANG_XX.wav
1043,TSI,Neutral,Unspecified,1043_TSI_NEU_XX.wav
1056,TSI,Neutral,Unspecified,1056_TSI_NEU_XX.wav
1001,TSI,Anger,Unspecified,1001_TSI_ANG_XX.wav
1014,TSI,Anger,Unspecified,1014_TSI_ANG_XX.wav
1030,TAI,Anger,Unspecified,1030_TAI_ANG_XX.wav
1025,TAI,Anger,Unspecified,1025_TAI_ANG_XX.wav
1072,TAI,Neutral,Unspecified,1072_TAI_NEU_XX.wav
1029,ITS,Sad,Unspecified,1029_ITS_SAD_XX.wav
1067,TAI,Neutral,Unspecified,1067_TAI_NEU_XX.wav
1050,DFA,Anger,Unspecified,1050_DFA_ANG_XX.wav
1066,IEO,Fear,Low,1066_IEO_FEA_LO.wav
1073,IEO,Fear,Low,1073_IEO_FEA_LO.wav
1045,DFA,Anger,Unspecified,1045_DFA_ANG_XX.wav
1047,IEO,Happy,Low,1047_IEO_HAP_LO.wav
1052,IEO,Happy,Low,1052_IEO_HAP_LO.wav
1008,IWW,Disgust,Unspecified,1008_IWW_DIS_XX.wav
1012,DFA,Neutral,Unspecified,1012_DFA_NEU_XX.wav
1007,DFA,Neutral,Unspecified,1007_DFA_NEU_XX.wav
1034,TIE,Disgust,Unspecified,1034_TIE_DIS_XX.wav
1025,WSI,Sad,Unspecified,1025_WSI_SAD_XX.wav
1021,TIE,Disgust,Unspecified,1021_TIE_DIS_XX.wav
1030,WSI,Sad,Unspecified,1030_WSI_SAD_XX.wav
1089,IWW,Sad,Unspecified,1089_IWW_SAD_XX.wav
1086,TIE,Happy,Unspecified,1086_TIE_HAP_XX.wav
1061,IEO,Sad,Low,1061_IEO_SAD_LO.wav
1074,IEO,Sad,Low,1074_IEO_SAD_LO.wav
1022,WSI,Fear,Unspecified,1022_WSI_FEA_XX.wav
1037,WSI,Fear,Unspecified,1037_WSI_FEA_XX.wav
1084,ITH,Neutral,Unspecified,1084_ITH_NEU_XX.wav
1003,WSI,Happy,Unspecified,1003_WSI_HAP_XX.wav
1016,WSI,Happy,Unspecified,1016_WSI_HAP_XX.wav
1091,ITH,Neutral,Unspecified,1091_ITH_NEU_XX.wav
1037,DFA,Fear,Unspecified,1037_DFA_FEA_XX.wav
1001,IEO,Anger,Low,1001_IEO_ANG_LO.wav
1014,IEO,Anger,Low,1014_IEO_ANG_LO.wav
1022,DFA,Fear,Unspecified,1022_DFA_FEA_XX.wav
1016,DFA,Happy,Unspecified,1016_DFA_HAP_XX.wav
1027,ITH,Disgust,Unspecified,1027_ITH_DIS_XX.wav
1032,ITH,Disgust,Unspecified,1032_ITH_DIS_XX.wav
1003,DFA,Happy,Unspecified,1003_DFA_HAP_XX.wav
1030,DFA,Sad,Unspecified,1030_DFA_SAD_XX.wav
1025,DFA,Sad,Unspecified,1025_DFA_SAD_XX.wav
1082,TIE,Neutral,Unspecified,1082_TIE_NEU_XX.wav
1007,WSI,Neutral,Unspecified,1007_WSI_NEU_XX.wav
1080,ITH,Happy,Unspecified,1080_ITH_HAP_XX.wav
1012,WSI,Neutral,Unspecified,1012_WSI_NEU_XX.wav
1045,WSI,Anger,Unspecified,1045_WSI_ANG_XX.wav
1050,WSI,Anger,Unspecified,1050_WSI_ANG_XX.wav
1029,TIE,Fear,Unspecified,1029_TIE_FEA_XX.wav
1008,TIE,Happy,Unspecified,1008_TIE_HAP_XX.wav
1015,IWW,Fear,Unspecified,1015_IWW_FEA_XX.wav
1021,IWW,Happy,Unspecified,1021_IWW_HAP_XX.wav
1034,IWW,Happy,Unspecified,1034_IWW_HAP_XX.wav
1048,ITH,Anger,Unspecified,1048_ITH_ANG_XX.wav
1089,DFA,Neutral,Unspecified,1089_DFA_NEU_XX.wav
1086,IWW,Disgust,Unspecified,1086_IWW_DIS_XX.wav
1007,IWW,Sad,Unspecified,1007_IWW_SAD_XX.wav
1012,IWW,Sad,Unspecified,1012_IWW_SAD_XX.wav
1019,TIE,Neutral,Unspecified,1019_TIE_NEU_XX.wav
1067,IWW,Anger,Unspecified,1067_IWW_ANG_XX.wav
1072,IWW,Anger,Unspecified,1072_IWW_ANG_XX.wav
1089,WSI,Neutral,Unspecified,1089_WSI_NEU_XX.wav
1025,IWW,Neutral,Unspecified,1025_IWW_NEU_XX.wav
1030,IWW,Neutral,Unspecified,1030_IWW_NEU_XX.wav
1028,ITH,Sad,Unspecified,1028_ITH_SAD_XX.wav
1010,IOM,Fear,Unspecified,1010_IOM_FEA_XX.wav
1048,IEO,Disgust,Medium,1048_IEO_DIS_MD.wav
1005,IOM,Fear,Unspecified,1005_IOM_FEA_XX.wav
1031,IOM,Happy,Unspecified,1031_IOM_HAP_XX.wav
1009,IWL,Disgust,Unspecified,1009_IWL_DIS_XX.wav
1024,IOM,Happy,Unspecified,1024_IOM_HAP_XX.wav
1012,MTI,Neutral,Unspecified,1012_MTI_NEU_XX.wav
1007,MTI,Neutral,Unspecified,1007_MTI_NEU_XX.wav
1088,IWL,Sad,Unspecified,1088_IWL_SAD_XX.wav
1059,IEO,Disgust,High,1059_IEO_DIS_HI.wav
1050,MTI,Anger,Unspecified,1050_MTI_ANG_XX.wav
1045,MTI,Anger,Unspecified,1045_MTI_ANG_XX.wav
1017,IOM,Sad,Unspecified,1017_IOM_SAD_XX.wav
1002,IOM,Sad,Unspecified,1002_IOM_SAD_XX.wav
1085,ITS,Neutral,Unspecified,1085_ITS_NEU_XX.wav
1090,ITS,Neutral,Unspecified,1090_ITS_NEU_XX.wav
1083,IOM,Disgust,Unspecified,1083_IOM_DIS_XX.wav
1077,IOM,Anger,Unspecified,1077_IOM_ANG_XX.wav
1062,IOM,Anger,Unspecified,1062_IOM_ANG_XX.wav
1026,ITS,Disgust,Unspecified,1026_ITS_DIS_XX.wav
1033,ITS,Disgust,Unspecified,1033_ITS_DIS_XX.wav
1035,IOM,Neutral,Unspecified,1035_IOM_NEU_XX.wav
1020,IOM,Neutral,Unspecified,1020_IOM_NEU_XX.wav
1016,MTI,Happy,Unspecified,1016_MTI_HAP_XX.wav
1003,MTI,Happy,Unspecified,1003_MTI_HAP_XX.wav
1037,MTI,Fear,Unspecified,1037_MTI_FEA_XX.wav
1022,MTI,Fear,Unspecified,1022_MTI_FEA_XX.wav
1030,MTI,Sad,Unspecified,1030_MTI_SAD_XX.wav
1025,MTI,Sad,Unspecified,1025_MTI_SAD_XX.wav
1081,ITS,Happy,Unspecified,1081_ITS_HAP_XX.wav
1002,TSI,Fear,Unspecified,1002_TSI_FEA_XX.wav
1017,TSI,Fear,Unspecified,1017_TSI_FEA_XX.wav
1023,TSI,Happy,Unspecified,1023_TSI_HAP_XX.wav
1027,IEO,Sad,High,1027_IEO_SAD_HI.wav
1032,IEO,Sad,High,1032_IEO_SAD_HI.wav
1036,TSI,Happy,Unspecified,1036_TSI_HAP_XX.wav
1062,IWL,Sad,Unspecified,1062_IWL_SAD_XX.wav
1033,TAI,Fear,Unspecified,1033_TAI_FEA_XX.wav
1026,TAI,Fear,Unspecified,1026_TAI_FEA_XX.wav
1077,IWL,Sad,Unspecified,1077_IWL_SAD_XX.wav
1012,TAI,Happy,Unspecified,1012_TAI_HAP_XX.wav
1036,IEO,Sad,Medium,1036_IEO_SAD_MD.wav
1023,IEO,Sad,Medium,1023_IEO_SAD_MD.wav
1007,TAI,Happy,Unspecified,1007_TAI_HAP_XX.wav
1001,IEO,Happy,High,1001_IEO_HAP_HI.wav
1005,TSI,Sad,Unspecified,1005_TSI_SAD_XX.wav
1010,TSI,Sad,Unspecified,1010_TSI_SAD_XX.wav
1014,IEO,Happy,High,1014_IEO_HAP_HI.wav
1020,IEO,Fear,High,1020_IEO_FEA_HI.wav
1035,IEO,Fear,High,1035_IEO_FEA_HI.wav
1038,ITS,Anger,Unspecified,1038_ITS_ANG_XX.wav
1010,IEO,Happy,Medium,1010_IEO_HAP_MD.wav
1034,TAI,Sad,Unspecified,1034_TAI_SAD_XX.wav
1065,IWL,Fear,Unspecified,1065_IWL_FEA_XX.wav
1070,IWL,Fear,Unspecified,1070_IWL_FEA_XX.wav
1021,TAI,Sad,Unspecified,1021_TAI_SAD_XX.wav
1005,IEO,Happy,Medium,1005_IEO_HAP_MD.wav
1044,IWL,Happy,Unspecified,1044_IWL_HAP_XX.wav
1031,IEO,Fear,Medium,1031_IEO_FEA_MD.wav
1084,TSI,Disgust,Unspecified,1084_TSI_DIS_XX.wav
1024,IEO,Fear,Medium,1024_IEO_FEA_MD.wav
1091,TSI,Disgust,Unspecified,1091_TSI_DIS_XX.wav
1051,IWL,Happy,Unspecified,1051_IWL_HAP_XX.wav
1069,IOM,Disgust,Unspecified,1069_IOM_DIS_XX.wav
1027,TSI,Neutral,Unspecified,1027_TSI_NEU_XX.wav
1032,TSI,Neutral,Unspecified,1032_TSI_NEU_XX.wav
1065,TSI,Anger,Unspecified,1065_TSI_ANG_XX.wav
1070,TSI,Anger,Unspecified,1070_TSI_ANG_XX.wav
1088,IOM,Anger,Unspecified,1088_IOM_ANG_XX.wav
1054,TAI,Anger,Unspecified,1054_TAI_ANG_XX.wav
1041,TAI,Anger,Unspecified,1041_TAI_ANG_XX.wav
1016,TAI,Neutral,Unspecified,1016_TAI_NEU_XX.wav
1003,TAI,Neutral,Unspecified,1003_TAI_NEU_XX.wav
1058,ITS,Sad,Unspecified,1058_ITS_SAD_XX.wav
1047,IEO,Anger,High,1047_IEO_ANG_HI.wav
1052,IEO,Anger,High,1052_IEO_ANG_HI.wav
1040,IWL,Neutral,Unspecified,1040_IWL_NEU_XX.wav
1055,IWL,Neutral,Unspecified,1055_IWL_NEU_XX.wav
1002,IWL,Anger,Unspecified,1002_IWL_ANG_XX.wav
1017,IWL,Anger,Unspecified,1017_IWL_ANG_XX.wav
1056,IEO,Anger,Medium,1056_IEO_ANG_MD.wav
1043,IEO,Anger,Medium,1043_IEO_ANG_MD.wav
1005,IEO,Sad,Low,1005_IEO_SAD_LO.wav
1010,IEO,Sad,Low,1010_IEO_SAD_LO.wav
1084,IEO,Disgust,Low,1084_IEO_DIS_LO.wav
1091,IEO,Disgust,Low,1091_IEO_DIS_LO.wav
1067,WSI,Happy,Unspecified,1067_WSI_HAP_XX.wav
1072,WSI,Happy,Unspecified,1072_WSI_HAP_XX.wav
1046,WSI,Fear,Unspecified,1046_WSI_FEA_XX.wav
1053,WSI,Fear,Unspecified,1053_WSI_FEA_XX.wav
1023,IEO,Happy,Low,1023_IEO_HAP_LO.wav
1036,IEO,Happy,Low,1036_IEO_HAP_LO.wav
1002,IEO,Fear,Low,1002_IEO_FEA_LO.wav
1034,DFA,Anger,Unspecified,1034_DFA_ANG_XX.wav
1021,DFA,Anger,Unspecified,1021_DFA_ANG_XX.wav
1017,IEO,Fear,Low,1017_IEO_FEA_LO.wav
1076,DFA,Neutral,Unspecified,1076_DFA_NEU_XX.wav
1063,DFA,Neutral,Unspecified,1063_DFA_NEU_XX.wav
1079,IWW,Disgust,Unspecified,1079_IWW_DIS_XX.wav
1050,TIE,Disgust,Unspecified,1050_TIE_DIS_XX.wav
1041,WSI,Sad,Unspecified,1041_WSI_SAD_XX.wav
1045,TIE,Disgust,Unspecified,1045_TIE_DIS_XX.wav
1054,WSI,Sad,Unspecified,1054_WSI_SAD_XX.wav
1054,DFA,Sad,Unspecified,1054_DFA_SAD_XX.wav
1041,DFA,Sad,Unspecified,1041_DFA_SAD_XX.wav
1063,WSI,Neutral,Unspecified,1063_WSI_NEU_XX.wav
1076,WSI,Neutral,Unspecified,1076_WSI_NEU_XX.wav
1021,WSI,Anger,Unspecified,1021_WSI_ANG_XX.wav
1034,WSI,Anger,Unspecified,1034_WSI_ANG_XX.wav
1043,ITH,Disgust,Unspecified,1043_ITH_DIS_XX.wav
1072,DFA,Happy,Unspecified,1072_DFA_HAP_XX.wav
1067,DFA,Happy,Unspecified,1067_DFA_HAP_XX.wav
1056,ITH,Disgust,Unspecified,1056_ITH_DIS_XX.wav
1065,IEO,Anger,Low,1065_IEO_ANG_LO.wav
1053,DFA,Fear,Unspecified,1053_DFA_FEA_XX.wav
1046,DFA,Fear,Unspecified,1046_DFA_FEA_XX.wav
1070,IEO,Anger,Low,1070_IEO_ANG_LO.wav
1063,IWW,Sad,Unspecified,1063_IWW_SAD_XX.wav
1076,IWW,Sad,Unspecified,1076_IWW_SAD_XX.wav
1079,TIE,Happy,Unspecified,1079_TIE_HAP_XX.wav
1058,TIE,Fear,Unspecified,1058_TIE_FEA_XX.wav
1045,IWW,Happy,Unspecified,1045_IWW_HAP_XX.wav
1050,IWW,Happy,Unspecified,1050_IWW_HAP_XX.wav
1064,IWW,Fear,Unspecified,1064_IWW_FEA_XX.wav
1071,IWW,Fear,Unspecified,1071_IWW_FEA_XX.wav
1039,ITH,Anger,Unspecified,1039_ITH_ANG_XX.wav
1059,ITH,Sad,Unspecified,1059_ITH_SAD_XX.wav
1068,TIE,Neutral,Unspecified,1068_TIE_NEU_XX.wav
1003,IWW,Anger,Unspecified,1003_IWW_ANG_XX.wav
1016,IWW,Anger,Unspecified,1016_IWW_ANG_XX.wav
1041,IWW,Neutral,Unspecified,1041_IWW_NEU_XX.wav
1054,IWW,Neutral,Unspecified,1054_IWW_NEU_XX.wav
1073,IOM,Sad,Unspecified,1073_IOM_SAD_XX.wav
1066,IOM,Sad,Unspecified,1066_IOM_SAD_XX.wav
1055,IOM,Happy,Unspecified,1055_IOM_HAP_XX.wav
1040,IOM,Happy,Unspecified,1040_IOM_HAP_XX.wav
1078,IWL,Disgust,Unspecified,1078_IWL_DIS_XX.wav
1074,IOM,Fear,Unspecified,1074_IOM_FEA_XX.wav
1039,IEO,Disgust,Medium,1039_IEO_DIS_MD.wav
1061,IOM,Fear,Unspecified,1061_IOM_FEA_XX.wav
1076,MTI,Neutral,Unspecified,1076_MTI_NEU_XX.wav
1063,MTI,Neutral,Unspecified,1063_MTI_NEU_XX.wav
1034,MTI,Anger,Unspecified,1034_MTI_ANG_XX.wav
1021,MTI,Anger,Unspecified,1021_MTI_ANG_XX.wav
1089,TAI,Happy,Unspecified,1089_TAI_HAP_XX.wav
1028,IEO,Disgust,High,1028_IEO_DIS_HI.wav
1054,MTI,Sad,Unspecified,1054_MTI_SAD_XX.wav
1041,MTI,Sad,Unspecified,1041_MTI_SAD_XX.wav
1013,IOM,Anger,Unspecified,1013_IOM_ANG_XX.wav
1006,IOM,Anger,Unspecified,1006_IOM_ANG_XX.wav
1051,IOM,Neutral,Unspecified,1051_IOM_NEU_XX.wav
1044,IOM,Neutral,Unspecified,1044_IOM_NEU_XX.wav
1042,ITS,Disgust,Unspecified,1042_ITS_DIS_XX.wav
1057,ITS,Disgust,Unspecified,1057_ITS_DIS_XX.wav
1053,MTI,Fear,Unspecified,1053_MTI_FEA_XX.wav
1046,MTI,Fear,Unspecified,1046_MTI_FEA_XX.wav
1072,MTI,Happy,Unspecified,1072_MTI_HAP_XX.wav
1067,MTI,Happy,Unspecified,1067_MTI_HAP_XX.wav
1023,MTI,Fear,Unspecified,1023_MTI_FEA_XX.wav
1036,MTI,Fear,Unspecified,1036_MTI_FEA_XX.wav
1002,MTI,Happy,Unspecified,1002_MTI_HAP_XX.wav
1017,MTI,Happy,Unspecified,1017_MTI_HAP_XX.wav
1021,IOM,Neutral,Unspecified,1021_IOM_NEU_XX.wav
1034,IOM,Neutral,Unspecified,1034_IOM_NEU_XX.wav
1032,ITS,Disgust,Unspecified,1032_ITS_DIS_XX.wav
1027,ITS,Disgust,Unspecified,1027_ITS_DIS_XX.wav
1063,IOM,Anger,Unspecified,1063_IOM_ANG_XX.wav
1076,IOM,Anger,Unspecified,1076_IOM_ANG_XX.wav
1080,ITS,Happy,Unspecified,1080_ITS_HAP_XX.wav
1024,MTI,Sad,Unspecified,1024_MTI_SAD_XX.wav
1031,MTI,Sad,Unspecified,1031_MTI_SAD_XX.wav
1044,MTI,Anger,Unspecified,1044_MTI_ANG_XX.wav
1051,MTI,Anger,Unspecified,1051_MTI_ANG_XX.wav
1058,IEO,Disgust,High,1058_IEO_DIS_HI.wav
1089,IWL,Sad,Unspecified,1089_IWL_SAD_XX.wav
1006,MTI,Neutral,Unspecified,1006_MTI_NEU_XX.wav
1013,MTI,Neutral,Unspecified,1013_MTI_NEU_XX.wav
1025,IOM,Happy,Unspecified,1025_IOM_HAP_XX.wav
1030,IOM,Happy,Unspecified,1030_IOM_HAP_XX.wav
1008,IWL,Disgust,Unspecified,1008_IWL_DIS_XX.wav
1049,IEO,Disgust,Medium,1049_IEO_DIS_MD.wav
1004,IOM,Fear,Unspecified,1004_IOM_FEA_XX.wav
1011,IOM,Fear,Unspecified,1011_IOM_FEA_XX.wav
1082,IOM,Disgust,Unspecified,1082_IOM_DIS_XX.wav
1091,ITS,Neutral,Unspecified,1091_ITS_NEU_XX.wav
1084,ITS,Neutral,Unspecified,1084_ITS_NEU_XX.wav
1003,IOM,Sad,Unspecified,1003_IOM_SAD_XX.wav
1016,IOM,Sad,Unspecified,1016_IOM_SAD_XX.wav
1031,IWW,Neutral,Unspecified,1031_IWW_NEU_XX.wav
1024,IWW,Neutral,Unspecified,1024_IWW_NEU_XX.wav
1088,WSI,Neutral,Unspecified,1088_WSI_NEU_XX.wav
1073,IWW,Anger,Unspecified,1073_IWW_ANG_XX.wav
1066,IWW,Anger,Unspecified,1066_IWW_ANG_XX.wav
1018,TIE,Neutral,Unspecified,1018_TIE_NEU_XX.wav
1029,ITH,Sad,Unspecified,1029_ITH_SAD_XX.wav
1049,ITH,Anger,Unspecified,1049_ITH_ANG_XX.wav
1035,IWW,Happy,Unspecified,1035_IWW_HAP_XX.wav
1020,IWW,Happy,Unspecified,1020_IWW_HAP_XX.wav
1014,IWW,Fear,Unspecified,1014_IWW_FEA_XX.wav
1001,IWW,Fear,Unspecified,1001_IWW_FEA_XX.wav
1009,TIE,Happy,Unspecified,1009_TIE_HAP_XX.wav
1028,TIE,Fear,Unspecified,1028_TIE_FEA_XX.wav
1013,IWW,Sad,Unspecified,1013_IWW_SAD_XX.wav
1006,IWW,Sad,Unspecified,1006_IWW_SAD_XX.wav
1087,IWW,Disgust,Unspecified,1087_IWW_DIS_XX.wav
1088,DFA,Neutral,Unspecified,1088_DFA_NEU_XX.wav
1033,ITH,Disgust,Unspecified,1033_ITH_DIS_XX.wav
1002,DFA,Happy,Unspecified,1002_DFA_HAP_XX.wav
1017,DFA,Happy,Unspecified,1017_DFA_HAP_XX.wav
1026,ITH,Disgust,Unspecified,1026_ITH_DIS_XX.wav
1015,IEO,Anger,Low,1015_IEO_ANG_LO.wav
1023,DFA,Fear,Unspecified,1023_DFA_FEA_XX.wav
1036,DFA,Fear,Unspecified,1036_DFA_FEA_XX.wav
1051,WSI,Anger,Unspecified,1051_WSI_ANG_XX.wav
1044,WSI,Anger,Unspecified,1044_WSI_ANG_XX.wav
1013,WSI,Neutral,Unspecified,1013_WSI_NEU_XX.wav
1006,WSI,Neutral,Unspecified,1006_WSI_NEU_XX.wav
1081,ITH,Happy,Unspecified,1081_ITH_HAP_XX.wav
1024,DFA,Sad,Unspecified,1024_DFA_SAD_XX.wav
1083,TIE,Neutral,Unspecified,1083_TIE_NEU_XX.wav
1031,DFA,Sad,Unspecified,1031_DFA_SAD_XX.wav
1088,IWW,Sad,Unspecified,1088_IWW_SAD_XX.wav
1020,TIE,Disgust,Unspecified,1020_TIE_DIS_XX.wav
1031,WSI,Sad,Unspecified,1031_WSI_SAD_XX.wav
1035,TIE,Disgust,Unspecified,1035_TIE_DIS_XX.wav
1024,WSI,Sad,Unspecified,1024_WSI_SAD_XX.wav
1006,DFA,Neutral,Unspecified,1006_DFA_NEU_XX.wav
1013,DFA,Neutral,Unspecified,1013_DFA_NEU_XX.wav
1009,IWW,Disgust,Unspecified,1009_IWW_DIS_XX.wav
1053,IEO,Happy,Low,1053_IEO_HAP_LO.wav
1046,IEO,Happy,Low,1046_IEO_HAP_LO.wav
1072,IEO,Fear,Low,1072_IEO_FEA_LO.wav
1044,DFA,Anger,Unspecified,1044_DFA_ANG_XX.wav
1051,DFA,Anger,Unspecified,1051_DFA_ANG_XX.wav
1067,IEO,Fear,Low,1067_IEO_FEA_LO.wav
1017,WSI,Happy,Unspecified,1017_WSI_HAP_XX.wav
1090,ITH,Neutral,Unspecified,1090_ITH_NEU_XX.wav
1085,ITH,Neutral,Unspecified,1085_ITH_NEU_XX.wav
1002,WSI,Happy,Unspecified,1002_WSI_HAP_XX.wav
1036,WSI,Fear,Unspecified,1036_WSI_FEA_XX.wav
1023,WSI,Fear,Unspecified,1023_WSI_FEA_XX.wav
1075,IEO,Sad,Low,1075_IEO_SAD_LO.wav
1060,IEO,Sad,Low,1060_IEO_SAD_LO.wav
1087,TIE,Happy,Unspecified,1087_TIE_HAP_XX.wav
1072,IWL,Anger,Unspecified,1072_IWL_ANG_XX.wav
1067,IWL,Anger,Unspecified,1067_IWL_ANG_XX.wav
1026,IEO,Anger,Medium,1026_IEO_ANG_MD.wav
1033,IEO,Anger,Medium,1033_IEO_ANG_MD.wav
1030,IWL,Neutral,Unspecified,1030_IWL_NEU_XX.wav
1025,IWL,Neutral,Unspecified,1025_IWL_NEU_XX.wav
1037,IEO,Anger,High,1037_IEO_ANG_HI.wav
1022,IEO,Anger,High,1022_IEO_ANG_HI.wav
1066,TAI,Neutral,Unspecified,1066_TAI_NEU_XX.wav
1073,TAI,Neutral,Unspecified,1073_TAI_NEU_XX.wav
1028,ITS,Sad,Unspecified,1028_ITS_SAD_XX.wav
1024,TAI,Anger,Unspecified,1024_TAI_ANG_XX.wav
1031,TAI,Anger,Unspecified,1031_TAI_ANG_XX.wav
1015,TSI,Anger,Unspecified,1015_TSI_ANG_XX.wav
1057,TSI,Neutral,Unspecified,1057_TSI_NEU_XX.wav
1042,TSI,Neutral,Unspecified,1042_TSI_NEU_XX.wav
1044,TAI,Sad,Unspecified,1044_TAI_SAD_XX.wav
1015,IWL,Fear,Unspecified,1015_IWL_FEA_XX.wav
1060,IEO,Happy,Medium,1060_IEO_HAP_MD.wav
1075,IEO,Happy,Medium,1075_IEO_HAP_MD.wav
1051,TAI,Sad,Unspecified,1051_TAI_SAD_XX.wav
1041,IEO,Fear,Medium,1041_IEO_FEA_MD.wav
1034,IWL,Happy,Unspecified,1034_IWL_HAP_XX.wav
1021,IWL,Happy,Unspecified,1021_IWL_HAP_XX.wav
1019,IOM,Disgust,Unspecified,1019_IOM_DIS_XX.wav
1054,IEO,Fear,Medium,1054_IEO_FEA_MD.wav
1048,ITS,Anger,Unspecified,1048_ITS_ANG_XX.wav
1075,TSI,Sad,Unspecified,1075_TSI_SAD_XX.wav
1071,IEO,Happy,High,1071_IEO_HAP_HI.wav
1064,IEO,Happy,High,1064_IEO_HAP_HI.wav
1060,TSI,Sad,Unspecified,1060_TSI_SAD_XX.wav
1050,IEO,Fear,High,1050_IEO_FEA_HI.wav
1045,IEO,Fear,High,1045_IEO_FEA_HI.wav
1088,MTI,Neutral,Unspecified,1088_MTI_NEU_XX.wav
1012,IWL,Sad,Unspecified,1012_IWL_SAD_XX.wav
1043,TAI,Fear,Unspecified,1043_TAI_FEA_XX.wav
1056,TAI,Fear,Unspecified,1056_TAI_FEA_XX.wav
1007,IWL,Sad,Unspecified,1007_IWL_SAD_XX.wav
1046,IEO,Sad,Medium,1046_IEO_SAD_MD.wav
1062,TAI,Happy,Unspecified,1062_TAI_HAP_XX.wav
1077,TAI,Happy,Unspecified,1077_TAI_HAP_XX.wav
1053,IEO,Sad,Medium,1053_IEO_SAD_MD.wav
1072,TSI,Fear,Unspecified,1072_TSI_FEA_XX.wav
1067,TSI,Fear,Unspecified,1067_TSI_FEA_XX.wav
1057,IEO,Sad,High,1057_IEO_SAD_HI.wav
1053,TSI,Happy,Unspecified,1053_TSI_HAP_XX.wav
1046,TSI,Happy,Unspecified,1046_TSI_HAP_XX.wav
1042,IEO,Sad,High,1042_IEO_SAD_HI.wav
1086,IWL,Disgust,Unspecified,1086_IWL_DIS_XX.wav
1040,MTI,Sad,Unspecified,1040_MTI_SAD_XX.wav
1055,MTI,Sad,Unspecified,1055_MTI_SAD_XX.wav
1066,MTI,Happy,Unspecified,1066_MTI_HAP_XX.wav
1073,MTI,Happy,Unspecified,1073_MTI_HAP_XX.wav
1047,MTI,Fear,Unspecified,1047_MTI_FEA_XX.wav
1052,MTI,Fear,Unspecified,1052_MTI_FEA_XX.wav
1056,ITS,Disgust,Unspecified,1056_ITS_DIS_XX.wav
1043,ITS,Disgust,Unspecified,1043_ITS_DIS_XX.wav
1045,IOM,Neutral,Unspecified,1045_IOM_NEU_XX.wav
1050,IOM,Neutral,Unspecified,1050_IOM_NEU_XX.wav
1007,IOM,Anger,Unspecified,1007_IOM_ANG_XX.wav
1012,IOM,Anger,Unspecified,1012_IOM_ANG_XX.wav
1067,IOM,Sad,Unspecified,1067_IOM_SAD_XX.wav
1072,IOM,Sad,Unspecified,1072_IOM_SAD_XX.wav
1029,IEO,Disgust,High,1029_IEO_DIS_HI.wav
1020,MTI,Anger,Unspecified,1020_MTI_ANG_XX.wav
1088,TAI,Happy,Unspecified,1088_TAI_HAP_XX.wav
1035,MTI,Anger,Unspecified,1035_MTI_ANG_XX.wav
1062,MTI,Neutral,Unspecified,1062_MTI_NEU_XX.wav
1077,MTI,Neutral,Unspecified,1077_MTI_NEU_XX.wav
1060,IOM,Fear,Unspecified,1060_IOM_FEA_XX.wav
1075,IOM,Fear,Unspecified,1075_IOM_FEA_XX.wav
1038,IEO,Disgust,Medium,1038_IEO_DIS_MD.wav
1041,IOM,Happy,Unspecified,1041_IOM_HAP_XX.wav
1079,IWL,Disgust,Unspecified,1079_IWL_DIS_XX.wav
1054,IOM,Happy,Unspecified,1054_IOM_HAP_XX.wav
1058,ITH,Sad,Unspecified,1058_ITH_SAD_XX.wav
1055,IWW,Neutral,Unspecified,1055_IWW_NEU_XX.wav
1040,IWW,Neutral,Unspecified,1040_IWW_NEU_XX.wav
1017,IWW,Anger,Unspecified,1017_IWW_ANG_XX.wav
1002,IWW,Anger,Unspecified,1002_IWW_ANG_XX.wav
1069,TIE,Neutral,Unspecified,1069_TIE_NEU_XX.wav
1077,IWW,Sad,Unspecified,1077_IWW_SAD_XX.wav
1062,IWW,Sad,Unspecified,1062_IWW_SAD_XX.wav
1038,ITH,Anger,Unspecified,1038_ITH_ANG_XX.wav
1070,IWW,Fear,Unspecified,1070_IWW_FEA_XX.wav
1065,IWW,Fear,Unspecified,1065_IWW_FEA_XX.wav
1051,IWW,Happy,Unspecified,1051_IWW_HAP_XX.wav
1044,IWW,Happy,Unspecified,1044_IWW_HAP_XX.wav
1059,TIE,Fear,Unspecified,1059_TIE_FEA_XX.wav
1078,TIE,Happy,Unspecified,1078_TIE_HAP_XX.wav
1035,WSI,Anger,Unspecified,1035_WSI_ANG_XX.wav
1020,WSI,Anger,Unspecified,1020_WSI_ANG_XX.wav
1077,WSI,Neutral,Unspecified,1077_WSI_NEU_XX.wav
1062,WSI,Neutral,Unspecified,1062_WSI_NEU_XX.wav
1040,DFA,Sad,Unspecified,1040_DFA_SAD_XX.wav
1055,DFA,Sad,Unspecified,1055_DFA_SAD_XX.wav
1047,DFA,Fear,Unspecified,1047_DFA_FEA_XX.wav
1071,IEO,Anger,Low,1071_IEO_ANG_LO.wav
1064,IEO,Anger,Low,1064_IEO_ANG_LO.wav
1052,DFA,Fear,Unspecified,1052_DFA_FEA_XX.wav
1066,DFA,Happy,Unspecified,1066_DFA_HAP_XX.wav
1057,ITH,Disgust,Unspecified,1057_ITH_DIS_XX.wav
1042,ITH,Disgust,Unspecified,1042_ITH_DIS_XX.wav
1073,DFA,Happy,Unspecified,1073_DFA_HAP_XX.wav
1052,WSI,Fear,Unspecified,1052_WSI_FEA_XX.wav
1047,WSI,Fear,Unspecified,1047_WSI_FEA_XX.wav
1073,WSI,Happy,Unspecified,1073_WSI_HAP_XX.wav
1066,WSI,Happy,Unspecified,1066_WSI_HAP_XX.wav
1090,IEO,Disgust,Low,1090_IEO_DIS_LO.wav
1085,IEO,Disgust,Low,1085_IEO_DIS_LO.wav
1011,IEO,Sad,Low,1011_IEO_SAD_LO.wav
1004,IEO,Sad,Low,1004_IEO_SAD_LO.wav
1044,TIE,Disgust,Unspecified,1044_TIE_DIS_XX.wav
1055,WSI,Sad,Unspecified,1055_WSI_SAD_XX.wav
1051,TIE,Disgust,Unspecified,1051_TIE_DIS_XX.wav
1040,WSI,Sad,Unspecified,1040_WSI_SAD_XX.wav
1078,IWW,Disgust,Unspecified,1078_IWW_DIS_XX.wav
1062,DFA,Neutral,Unspecified,1062_DFA_NEU_XX.wav
1077,DFA,Neutral,Unspecified,1077_DFA_NEU_XX.wav
1020,DFA,Anger,Unspecified,1020_DFA_ANG_XX.wav
1016,IEO,Fear,Low,1016_IEO_FEA_LO.wav
1003,IEO,Fear,Low,1003_IEO_FEA_LO.wav
1035,DFA,Anger,Unspecified,1035_DFA_ANG_XX.wav
1037,IEO,Happy,Low,1037_IEO_HAP_LO.wav
1022,IEO,Happy,Low,1022_IEO_HAP_LO.wav
1002,TAI,Neutral,Unspecified,1002_TAI_NEU_XX.wav
1059,ITS,Sad,Unspecified,1059_ITS_SAD_XX.wav
1017,TAI,Neutral,Unspecified,1017_TAI_NEU_XX.wav
1040,TAI,Anger,Unspecified,1040_TAI_ANG_XX.wav
1055,TAI,Anger,Unspecified,1055_TAI_ANG_XX.wav
1071,TSI,Anger,Unspecified,1071_TSI_ANG_XX.wav
1089,IOM,Anger,Unspecified,1089_IOM_ANG_XX.wav
1064,TSI,Anger,Unspecified,1064_TSI_ANG_XX.wav
1033,TSI,Neutral,Unspecified,1033_TSI_NEU_XX.wav
1026,TSI,Neutral,Unspecified,1026_TSI_NEU_XX.wav
1042,IEO,Anger,Medium,1042_IEO_ANG_MD.wav
1057,IEO,Anger,Medium,1057_IEO_ANG_MD.wav
1016,IWL,Anger,Unspecified,1016_IWL_ANG_XX.wav
1003,IWL,Anger,Unspecified,1003_IWL_ANG_XX.wav
1054,IWL,Neutral,Unspecified,1054_IWL_NEU_XX.wav
1041,IWL,Neutral,Unspecified,1041_IWL_NEU_XX.wav
1053,IEO,Anger,High,1053_IEO_ANG_HI.wav
1046,IEO,Anger,High,1046_IEO_ANG_HI.wav
1022,IEO,Sad,Medium,1022_IEO_SAD_MD.wav
1006,TAI,Happy,Unspecified,1006_TAI_HAP_XX.wav
1013,TAI,Happy,Unspecified,1013_TAI_HAP_XX.wav
1037,IEO,Sad,Medium,1037_IEO_SAD_MD.wav
1027,TAI,Fear,Unspecified,1027_TAI_FEA_XX.wav
1076,IWL,Sad,Unspecified,1076_IWL_SAD_XX.wav
1063,IWL,Sad,Unspecified,1063_IWL_SAD_XX.wav
1032,TAI,Fear,Unspecified,1032_TAI_FEA_XX.wav
1033,IEO,Sad,High,1033_IEO_SAD_HI.wav
1037,TSI,Happy,Unspecified,1037_TSI_HAP_XX.wav
1022,TSI,Happy,Unspecified,1022_TSI_HAP_XX.wav
1026,IEO,Sad,High,1026_IEO_SAD_HI.wav
1016,TSI,Fear,Unspecified,1016_TSI_FEA_XX.wav
1003,TSI,Fear,Unspecified,1003_TSI_FEA_XX.wav
1025,IEO,Fear,Medium,1025_IEO_FEA_MD.wav
1090,TSI,Disgust,Unspecified,1090_TSI_DIS_XX.wav
1050,IWL,Happy,Unspecified,1050_IWL_HAP_XX.wav
1068,IOM,Disgust,Unspecified,1068_IOM_DIS_XX.wav
1045,IWL,Happy,Unspecified,1045_IWL_HAP_XX.wav
1030,IEO,Fear,Medium,1030_IEO_FEA_MD.wav
1085,TSI,Disgust,Unspecified,1085_TSI_DIS_XX.wav
1071,IWL,Fear,Unspecified,1071_IWL_FEA_XX.wav
1020,TAI,Sad,Unspecified,1020_TAI_SAD_XX.wav
1004,IEO,Happy,Medium,1004_IEO_HAP_MD.wav
1011,IEO,Happy,Medium,1011_IEO_HAP_MD.wav
1035,TAI,Sad,Unspecified,1035_TAI_SAD_XX.wav
1064,IWL,Fear,Unspecified,1064_IWL_FEA_XX.wav
1039,ITS,Anger,Unspecified,1039_ITS_ANG_XX.wav
1034,IEO,Fear,High,1034_IEO_FEA_HI.wav
1021,IEO,Fear,High,1021_IEO_FEA_HI.wav
1011,TSI,Sad,Unspecified,1011_TSI_SAD_XX.wav
1015,IEO,Happy,High,1015_IEO_HAP_HI.wav
1004,TSI,Sad,Unspecified,1004_TSI_SAD_XX.wav
1019,IEO,Happy,Medium,1019_IEO_HAP_MD.wav
1066,ITS,Neutral,Unspecified,1066_ITS_NEU_XX.wav
1079,IWL,Fear,Unspecified,1079_IWL_FEA_XX.wav
1028,TAI,Sad,Unspecified,1028_TAI_SAD_XX.wav
1073,ITS,Neutral,Unspecified,1073_ITS_NEU_XX.wav
1075,IOM,Disgust,Unspecified,1075_IOM_DIS_XX.wav
1038,IEO,Fear,Medium,1038_IEO_FEA_MD.wav
1058,IWL,Happy,Unspecified,1058_IWL_HAP_XX.wav
1060,IOM,Disgust,Unspecified,1060_IOM_DIS_XX.wav
1024,ITS,Anger,Unspecified,1024_ITS_ANG_XX.wav
1031,ITS,Anger,Unspecified,1031_ITS_ANG_XX.wav
1008,IEO,Happy,High,1008_IEO_HAP_HI.wav
1019,TSI,Sad,Unspecified,1019_TSI_SAD_XX.wav
1029,IEO,Fear,High,1029_IEO_FEA_HI.wav
1044,ITS,Sad,Unspecified,1044_ITS_SAD_XX.wav
1051,ITS,Sad,Unspecified,1051_ITS_SAD_XX.wav
1048,TAI,Anger,Unspecified,1048_TAI_ANG_XX.wav
1079,TSI,Anger,Unspecified,1079_TSI_ANG_XX.wav
1081,IOM,Anger,Unspecified,1081_IOM_ANG_XX.wav
1062,ITS,Happy,Unspecified,1062_ITS_HAP_XX.wav
1077,ITS,Happy,Unspecified,1077_ITS_HAP_XX.wav
1049,IWL,Neutral,Unspecified,1049_IWL_NEU_XX.wav
1043,ITS,Fear,Unspecified,1043_ITS_FEA_XX.wav
1056,ITS,Fear,Unspecified,1056_ITS_FEA_XX.wav
1052,MTI,Disgust,Unspecified,1052_MTI_DIS_XX.wav
1047,MTI,Disgust,Unspecified,1047_MTI_DIS_XX.wav
1019,IEO,Sad,Low,1019_IEO_SAD_LO.wav
1059,TIE,Disgust,Unspecified,1059_TIE_DIS_XX.wav
1048,WSI,Sad,Unspecified,1048_WSI_SAD_XX.wav
1065,IWW,Disgust,Unspecified,1065_IWW_DIS_XX.wav
1070,IWW,Disgust,Unspecified,1070_IWW_DIS_XX.wav
1028,DFA,Anger,Unspecified,1028_DFA_ANG_XX.wav
1084,IWW,Anger,Unspecified,1084_IWW_ANG_XX.wav
1091,IWW,Anger,Unspecified,1091_IWW_ANG_XX.wav
1028,WSI,Anger,Unspecified,1028_WSI_ANG_XX.wav
1048,DFA,Sad,Unspecified,1048_DFA_SAD_XX.wav
1079,IEO,Anger,Low,1079_IEO_ANG_LO.wav
1085,IEO,Fear,Low,1085_IEO_FEA_LO.wav
1090,IEO,Fear,Low,1090_IEO_FEA_LO.wav
1056,TIE,Sad,Unspecified,1056_TIE_SAD_XX.wav
1047,WSI,Disgust,Unspecified,1047_WSI_DIS_XX.wav
1043,TIE,Sad,Unspecified,1043_TIE_SAD_XX.wav
1052,WSI,Disgust,Unspecified,1052_WSI_DIS_XX.wav
1025,ITH,Anger,Unspecified,1025_ITH_ANG_XX.wav
1030,ITH,Anger,Unspecified,1030_ITH_ANG_XX.wav
1003,IEO,Disgust,Low,1003_IEO_DIS_LO.wav
1016,IEO,Disgust,Low,1016_IEO_DIS_LO.wav
1059,IWW,Happy,Unspecified,1059_IWW_HAP_XX.wav
1067,ITH,Neutral,Unspecified,1067_ITH_NEU_XX.wav
1078,IWW,Fear,Unspecified,1078_IWW_FEA_XX.wav
1072,ITH,Neutral,Unspecified,1072_ITH_NEU_XX.wav
1070,TIE,Happy,Unspecified,1070_TIE_HAP_XX.wav
1065,TIE,Happy,Unspecified,1065_TIE_HAP_XX.wav
1051,TIE,Fear,Unspecified,1051_TIE_FEA_XX.wav
1044,TIE,Fear,Unspecified,1044_TIE_FEA_XX.wav
1082,IEO,Sad,Low,1082_IEO_SAD_LO.wav
1056,IEO,Neutral,Unspecified,1056_IEO_NEU_XX.wav
1043,IEO,Neutral,Unspecified,1043_IEO_NEU_XX.wav
1045,ITH,Sad,Unspecified,1045_ITH_SAD_XX.wav
1050,ITH,Sad,Unspecified,1050_ITH_SAD_XX.wav
1048,IWW,Neutral,Unspecified,1048_IWW_NEU_XX.wav
1042,ITH,Fear,Unspecified,1042_ITH_FEA_XX.wav
1057,ITH,Fear,Unspecified,1057_ITH_FEA_XX.wav
1052,DFA,Disgust,Unspecified,1052_DFA_DIS_XX.wav
1063,ITH,Happy,Unspecified,1063_ITH_HAP_XX.wav
1076,ITH,Happy,Unspecified,1076_ITH_HAP_XX.wav
1047,DFA,Disgust,Unspecified,1047_DFA_DIS_XX.wav
1036,TIE,Anger,Unspecified,1036_TIE_ANG_XX.wav
1023,TIE,Anger,Unspecified,1023_TIE_ANG_XX.wav
1074,TIE,Neutral,Unspecified,1074_TIE_NEU_XX.wav
1061,TIE,Neutral,Unspecified,1061_TIE_NEU_XX.wav
1003,TSI,Disgust,Unspecified,1003_TSI_DIS_XX.wav
1016,TSI,Disgust,Unspecified,1016_TSI_DIS_XX.wav
1082,IEO,Happy,Medium,1082_IEO_HAP_MD.wav
1032,TAI,Disgust,Unspecified,1032_TAI_DIS_XX.wav
1027,TAI,Disgust,Unspecified,1027_TAI_DIS_XX.wav
1086,IEO,Happy,High,1086_IEO_HAP_HI.wav
1082,TSI,Sad,Unspecified,1082_TSI_SAD_XX.wav
1028,MTI,Anger,Unspecified,1028_MTI_ANG_XX.wav
1080,TAI,Happy,Unspecified,1080_TAI_HAP_XX.wav
1021,IEO,Disgust,High,1021_IEO_DIS_HI.wav
1034,IEO,Disgust,High,1034_IEO_DIS_HI.wav
1064,IWL,Disgust,Unspecified,1064_IWL_DIS_XX.wav
1049,IOM,Happy,Unspecified,1049_IOM_HAP_XX.wav
1071,IWL,Disgust,Unspecified,1071_IWL_DIS_XX.wav
1085,TSI,Fear,Unspecified,1085_TSI_FEA_XX.wav
1030,IEO,Disgust,Medium,1030_IEO_DIS_MD.wav
1090,TSI,Fear,Unspecified,1090_TSI_FEA_XX.wav
1025,IEO,Disgust,Medium,1025_IEO_DIS_MD.wav
1068,IOM,Fear,Unspecified,1068_IOM_FEA_XX.wav
1048,MTI,Sad,Unspecified,1048_MTI_SAD_XX.wav
1085,IWL,Anger,Unspecified,1085_IWL_ANG_XX.wav
1090,IWL,Anger,Unspecified,1090_IWL_ANG_XX.wav
1091,TAI,Neutral,Unspecified,1091_TAI_NEU_XX.wav
1084,TAI,Neutral,Unspecified,1084_TAI_NEU_XX.wav
1058,IOM,Neutral,Unspecified,1058_IOM_NEU_XX.wav
1029,IWL,Happy,Unspecified,1029_IWL_HAP_XX.wav
1011,IOM,Disgust,Unspecified,1011_IOM_DIS_XX.wav
1049,IEO,Fear,Medium,1049_IEO_FEA_MD.wav
1004,IOM,Disgust,Unspecified,1004_IOM_DIS_XX.wav
1008,IWL,Fear,Unspecified,1008_IWL_FEA_XX.wav
1059,TAI,Sad,Unspecified,1059_TAI_SAD_XX.wav
1002,ITS,Neutral,Unspecified,1002_ITS_NEU_XX.wav
1017,ITS,Neutral,Unspecified,1017_ITS_NEU_XX.wav
1068,IEO,Happy,Medium,1068_IEO_HAP_MD.wav
1040,ITS,Anger,Unspecified,1040_ITS_ANG_XX.wav
1055,ITS,Anger,Unspecified,1055_ITS_ANG_XX.wav
1058,IEO,Fear,High,1058_IEO_FEA_HI.wav
1090,IOM,Sad,Unspecified,1090_IOM_SAD_XX.wav
1068,TSI,Sad,Unspecified,1068_TSI_SAD_XX.wav
1079,IEO,Happy,High,1079_IEO_HAP_HI.wav
1085,IOM,Sad,Unspecified,1085_IOM_SAD_XX.wav
1080,MTI,Neutral,Unspecified,1080_MTI_NEU_XX.wav
1082,IOM,Fear,Unspecified,1082_IOM_FEA_XX.wav
1027,ITS,Fear,Unspecified,1027_ITS_FEA_XX.wav
1038,IWL,Neutral,Unspecified,1038_IWL_NEU_XX.wav
1032,ITS,Fear,Unspecified,1032_ITS_FEA_XX.wav
1006,ITS,Happy,Unspecified,1006_ITS_HAP_XX.wav
1013,ITS,Happy,Unspecified,1013_ITS_HAP_XX.wav
1036,MTI,Disgust,Unspecified,1036_MTI_DIS_XX.wav
1023,MTI,Disgust,Unspecified,1023_MTI_DIS_XX.wav
1020,ITS,Sad,Unspecified,1020_ITS_SAD_XX.wav
1035,ITS,Sad,Unspecified,1035_ITS_SAD_XX.wav
1039,TAI,Anger,Unspecified,1039_TAI_ANG_XX.wav
1091,MTI,Happy,Unspecified,1091_MTI_HAP_XX.wav
1084,MTI,Happy,Unspecified,1084_MTI_HAP_XX.wav
1008,TSI,Anger,Unspecified,1008_TSI_ANG_XX.wav
1028,TIE,Disgust,Unspecified,1028_TIE_DIS_XX.wav
1039,WSI,Sad,Unspecified,1039_WSI_SAD_XX.wav
1080,IWW,Sad,Unspecified,1080_IWW_SAD_XX.wav
1001,IWW,Disgust,Unspecified,1001_IWW_DIS_XX.wav
1014,IWW,Disgust,Unspecified,1014_IWW_DIS_XX.wav
1059,DFA,Anger,Unspecified,1059_DFA_ANG_XX.wav
1087,IWW,Fear,Unspecified,1087_IWW_FEA_XX.wav
1068,IEO,Sad,Low,1068_IEO_SAD_LO.wav
1008,IEO,Anger,Low,1008_IEO_ANG_LO.wav
1059,WSI,Anger,Unspecified,1059_WSI_ANG_XX.wav
1089,ITH,Happy,Unspecified,1089_ITH_HAP_XX.wav
1039,DFA,Sad,Unspecified,1039_DFA_SAD_XX.wav
1067,IEO,Disgust,Low,1067_IEO_DIS_LO.wav
1072,IEO,Disgust,Low,1072_IEO_DIS_LO.wav
1041,ITH,Anger,Unspecified,1041_ITH_ANG_XX.wav
1054,ITH,Anger,Unspecified,1054_ITH_ANG_XX.wav
1009,IWW,Fear,Unspecified,1009_IWW_FEA_XX.wav
1003,ITH,Neutral,Unspecified,1003_ITH_NEU_XX.wav
1084,WSI,Happy,Unspecified,1084_WSI_HAP_XX.wav
1091,WSI,Happy,Unspecified,1091_WSI_HAP_XX.wav
1016,ITH,Neutral,Unspecified,1016_ITH_NEU_XX.wav
1028,IWW,Happy,Unspecified,1028_IWW_HAP_XX.wav
1035,TIE,Fear,Unspecified,1035_TIE_FEA_XX.wav
1020,TIE,Fear,Unspecified,1020_TIE_FEA_XX.wav
1014,TIE,Happy,Unspecified,1014_TIE_HAP_XX.wav
1001,TIE,Happy,Unspecified,1001_TIE_HAP_XX.wav
1032,TIE,Sad,Unspecified,1032_TIE_SAD_XX.wav
1023,WSI,Disgust,Unspecified,1023_WSI_DIS_XX.wav
1080,DFA,Neutral,Unspecified,1080_DFA_NEU_XX.wav
1027,TIE,Sad,Unspecified,1027_TIE_SAD_XX.wav
1036,WSI,Disgust,Unspecified,1036_WSI_DIS_XX.wav
1080,WSI,Neutral,Unspecified,1080_WSI_NEU_XX.wav
1007,ITH,Happy,Unspecified,1007_ITH_HAP_XX.wav
1036,DFA,Disgust,Unspecified,1036_DFA_DIS_XX.wav
1023,DFA,Disgust,Unspecified,1023_DFA_DIS_XX.wav
1012,ITH,Happy,Unspecified,1012_ITH_HAP_XX.wav
1026,ITH,Fear,Unspecified,1026_ITH_FEA_XX.wav
1039,IWW,Neutral,Unspecified,1039_IWW_NEU_XX.wav
1033,ITH,Fear,Unspecified,1033_ITH_FEA_XX.wav
1052,TIE,Anger,Unspecified,1052_TIE_ANG_XX.wav
1047,TIE,Anger,Unspecified,1047_TIE_ANG_XX.wav
1010,TIE,Neutral,Unspecified,1010_TIE_NEU_XX.wav
1005,TIE,Neutral,Unspecified,1005_TIE_NEU_XX.wav
1032,IEO,Neutral,Unspecified,1032_IEO_NEU_XX.wav
1027,IEO,Neutral,Unspecified,1027_IEO_NEU_XX.wav
1021,ITH,Sad,Unspecified,1021_ITH_SAD_XX.wav
1034,ITH,Sad,Unspecified,1034_ITH_SAD_XX.wav
1091,DFA,Happy,Unspecified,1091_DFA_HAP_XX.wav
1084,DFA,Happy,Unspecified,1084_DFA_HAP_XX.wav
1086,IEO,Anger,Low,1086_IEO_ANG_LO.wav
1045,IEO,Disgust,High,1045_IEO_DIS_HI.wav
1081,IWL,Sad,Unspecified,1081_IWL_SAD_XX.wav
1050,IEO,Disgust,High,1050_IEO_DIS_HI.wav
1059,MTI,Anger,Unspecified,1059_MTI_ANG_XX.wav
1019,IOM,Fear,Unspecified,1019_IOM_FEA_XX.wav
1054,IEO,Disgust,Medium,1054_IEO_DIS_MD.wav
1041,IEO,Disgust,Medium,1041_IEO_DIS_MD.wav
1038,IOM,Happy,Unspecified,1038_IOM_HAP_XX.wav
1015,IWL,Disgust,Unspecified,1015_IWL_DIS_XX.wav
1086,IWL,Fear,Unspecified,1086_IWL_FEA_XX.wav
1067,TSI,Disgust,Unspecified,1067_TSI_DIS_XX.wav
1072,TSI,Disgust,Unspecified,1072_TSI_DIS_XX.wav
1056,TAI,Disgust,Unspecified,1056_TAI_DIS_XX.wav
1043,TAI,Disgust,Unspecified,1043_TAI_DIS_XX.wav
1029,IOM,Neutral,Unspecified,1029_IOM_NEU_XX.wav
1086,TSI,Anger,Unspecified,1086_TSI_ANG_XX.wav
1088,ITS,Happy,Unspecified,1088_ITS_HAP_XX.wav
1039,MTI,Sad,Unspecified,1039_MTI_SAD_XX.wav
1081,IWL,Disgust,Unspecified,1081_IWL_DIS_XX.wav
1045,IEO,Sad,High,1045_IEO_SAD_HI.wav
1041,TSI,Happy,Unspecified,1041_TSI_HAP_XX.wav
1054,TSI,Happy,Unspecified,1054_TSI_HAP_XX.wav
1050,IEO,Sad,High,1050_IEO_SAD_HI.wav
1060,TSI,Fear,Unspecified,1060_TSI_FEA_XX.wav
1075,TSI,Fear,Unspecified,1075_TSI_FEA_XX.wav
1054,IEO,Sad,Medium,1054_IEO_SAD_MD.wav
1070,TAI,Happy,Unspecified,1070_TAI_HAP_XX.wav
1065,TAI,Happy,Unspecified,1065_TAI_HAP_XX.wav
1041,IEO,Sad,Medium,1041_IEO_SAD_MD.wav
1051,TAI,Fear,Unspecified,1051_TAI_FEA_XX.wav
1044,TAI,Fear,Unspecified,1044_TAI_FEA_XX.wav
1015,IWL,Sad,Unspecified,1015_IWL_SAD_XX.wav
1042,IEO,Fear,High,1042_IEO_FEA_HI.wav
1057,IEO,Fear,High,1057_IEO_FEA_HI.wav
1067,TSI,Sad,Unspecified,1067_TSI_SAD_XX.wav
1063,IEO,Happy,High,1063_IEO_HAP_HI.wav
1076,IEO,Happy,High,1076_IEO_HAP_HI.wav
1072,TSI,Sad,Unspecified,1072_TSI_SAD_XX.wav
1053,IEO,Fear,Medium,1053_IEO_FEA_MD.wav
1026,IWL,Happy,Unspecified,1026_IWL_HAP_XX.wav
1033,IWL,Happy,Unspecified,1033_IWL_HAP_XX.wav
1046,IEO,Fear,Medium,1046_IEO_FEA_MD.wav
1056,TAI,Sad,Unspecified,1056_TAI_SAD_XX.wav
1007,IWL,Fear,Unspecified,1007_IWL_FEA_XX.wav
1072,IEO,Happy,Medium,1072_IEO_HAP_MD.wav
1067,IEO,Happy,Medium,1067_IEO_HAP_MD.wav
1012,IWL,Fear,Unspecified,1012_IWL_FEA_XX.wav
1018,ITS,Neutral,Unspecified,1018_ITS_NEU_XX.wav
1043,TAI,Sad,Unspecified,1043_TAI_SAD_XX.wav
1007,TSI,Anger,Unspecified,1007_TSI_ANG_XX.wav
1012,TSI,Anger,Unspecified,1012_TSI_ANG_XX.wav
1045,TSI,Neutral,Unspecified,1045_TSI_NEU_XX.wav
1050,TSI,Neutral,Unspecified,1050_TSI_NEU_XX.wav
1074,TAI,Neutral,Unspecified,1074_TAI_NEU_XX.wav
1061,TAI,Neutral,Unspecified,1061_TAI_NEU_XX.wav
1036,TAI,Anger,Unspecified,1036_TAI_ANG_XX.wav
1023,TAI,Anger,Unspecified,1023_TAI_ANG_XX.wav
1025,IEO,Anger,High,1025_IEO_ANG_HI.wav
1030,IEO,Anger,High,1030_IEO_ANG_HI.wav
1039,MTI,Disgust,Unspecified,1039_MTI_DIS_XX.wav
1034,IEO,Anger,Medium,1034_IEO_ANG_MD.wav
1021,IEO,Anger,Medium,1021_IEO_ANG_MD.wav
1060,IWL,Anger,Unspecified,1060_IWL_ANG_XX.wav
1075,IWL,Anger,Unspecified,1075_IWL_ANG_XX.wav
1022,IWL,Neutral,Unspecified,1022_IWL_NEU_XX.wav
1028,ITS,Fear,Unspecified,1028_ITS_FEA_XX.wav
1037,IWL,Neutral,Unspecified,1037_IWL_NEU_XX.wav
1009,ITS,Happy,Unspecified,1009_ITS_HAP_XX.wav
1067,IEO,Sad,Low,1067_IEO_SAD_LO.wav
1072,IEO,Sad,Low,1072_IEO_SAD_LO.wav
1080,TIE,Happy,Unspecified,1080_TIE_HAP_XX.wav
1024,WSI,Fear,Unspecified,1024_WSI_FEA_XX.wav
1031,WSI,Fear,Unspecified,1031_WSI_FEA_XX.wav
1005,WSI,Happy,Unspecified,1005_WSI_HAP_XX.wav
1082,ITH,Neutral,Unspecified,1082_ITH_NEU_XX.wav
1088,IWW,Fear,Unspecified,1088_IWW_FEA_XX.wav
1010,WSI,Happy,Unspecified,1010_WSI_HAP_XX.wav
1014,DFA,Neutral,Unspecified,1014_DFA_NEU_XX.wav
1001,DFA,Neutral,Unspecified,1001_DFA_NEU_XX.wav
1060,IEO,Fear,Low,1060_IEO_FEA_LO.wav
1056,DFA,Anger,Unspecified,1056_DFA_ANG_XX.wav
1043,DFA,Anger,Unspecified,1043_DFA_ANG_XX.wav
1075,IEO,Fear,Low,1075_IEO_FEA_LO.wav
1041,IEO,Happy,Low,1041_IEO_HAP_LO.wav
1054,IEO,Happy,Low,1054_IEO_HAP_LO.wav
1023,WSI,Sad,Unspecified,1023_WSI_SAD_XX.wav
1032,TIE,Disgust,Unspecified,1032_TIE_DIS_XX.wav
1036,WSI,Sad,Unspecified,1036_WSI_SAD_XX.wav
1027,TIE,Disgust,Unspecified,1027_TIE_DIS_XX.wav
1036,DFA,Sad,Unspecified,1036_DFA_SAD_XX.wav
1091,TIE,Neutral,Unspecified,1091_TIE_NEU_XX.wav
1084,TIE,Neutral,Unspecified,1084_TIE_NEU_XX.wav
1023,DFA,Sad,Unspecified,1023_DFA_SAD_XX.wav
1043,WSI,Anger,Unspecified,1043_WSI_ANG_XX.wav
1056,WSI,Anger,Unspecified,1056_WSI_ANG_XX.wav
1086,ITH,Happy,Unspecified,1086_ITH_HAP_XX.wav
1001,WSI,Neutral,Unspecified,1001_WSI_NEU_XX.wav
1014,WSI,Neutral,Unspecified,1014_WSI_NEU_XX.wav
1007,IEO,Anger,Low,1007_IEO_ANG_LO.wav
1031,DFA,Fear,Unspecified,1031_DFA_FEA_XX.wav
1024,DFA,Fear,Unspecified,1024_DFA_FEA_XX.wav
1012,IEO,Anger,Low,1012_IEO_ANG_LO.wav
1021,ITH,Disgust,Unspecified,1021_ITH_DIS_XX.wav
1010,DFA,Happy,Unspecified,1010_DFA_HAP_XX.wav
1005,DFA,Happy,Unspecified,1005_DFA_HAP_XX.wav
1034,ITH,Disgust,Unspecified,1034_ITH_DIS_XX.wav
1039,WSI,Disgust,Unspecified,1039_WSI_DIS_XX.wav
1028,TIE,Sad,Unspecified,1028_TIE_SAD_XX.wav
1080,IWW,Disgust,Unspecified,1080_IWW_DIS_XX.wav
1001,IWW,Sad,Unspecified,1001_IWW_SAD_XX.wav
1014,IWW,Sad,Unspecified,1014_IWW_SAD_XX.wav
1068,IEO,Disgust,Low,1068_IEO_DIS_LO.wav
1006,IWW,Fear,Unspecified,1006_IWW_FEA_XX.wav
1013,IWW,Fear,Unspecified,1013_IWW_FEA_XX.wav
1027,IWW,Happy,Unspecified,1027_IWW_HAP_XX.wav
1032,IWW,Happy,Unspecified,1032_IWW_HAP_XX.wav
1089,IEO,Anger,Low,1089_IEO_ANG_LO.wav
1028,IEO,Neutral,Unspecified,1028_IEO_NEU_XX.wav
1048,TIE,Anger,Unspecified,1048_TIE_ANG_XX.wav
1039,DFA,Disgust,Unspecified,1039_DFA_DIS_XX.wav
1008,ITH,Happy,Unspecified,1008_ITH_HAP_XX.wav
1023,IWW,Neutral,Unspecified,1023_IWW_NEU_XX.wav
1029,ITH,Fear,Unspecified,1029_ITH_FEA_XX.wav
1036,IWW,Neutral,Unspecified,1036_IWW_NEU_XX.wav
1061,IWW,Anger,Unspecified,1061_IWW_ANG_XX.wav
1074,IWW,Anger,Unspecified,1074_IWW_ANG_XX.wav
1011,IOM,Sad,Unspecified,1011_IOM_SAD_XX.wav
1004,IOM,Sad,Unspecified,1004_IOM_SAD_XX.wav
1059,TAI,Disgust,Unspecified,1059_TAI_DIS_XX.wav
1083,ITS,Neutral,Unspecified,1083_ITS_NEU_XX.wav
1089,IWL,Fear,Unspecified,1089_IWL_FEA_XX.wav
1068,TSI,Disgust,Unspecified,1068_TSI_DIS_XX.wav
1090,IOM,Disgust,Unspecified,1090_IOM_DIS_XX.wav
1085,IOM,Disgust,Unspecified,1085_IOM_DIS_XX.wav
1016,IOM,Fear,Unspecified,1016_IOM_FEA_XX.wav
1003,IOM,Fear,Unspecified,1003_IOM_FEA_XX.wav
1037,IOM,Happy,Unspecified,1037_IOM_HAP_XX.wav
1022,IOM,Happy,Unspecified,1022_IOM_HAP_XX.wav
1056,MTI,Anger,Unspecified,1056_MTI_ANG_XX.wav
1043,MTI,Anger,Unspecified,1043_MTI_ANG_XX.wav
1014,MTI,Neutral,Unspecified,1014_MTI_NEU_XX.wav
1001,MTI,Neutral,Unspecified,1001_MTI_NEU_XX.wav
1087,ITS,Happy,Unspecified,1087_ITS_HAP_XX.wav
1036,MTI,Sad,Unspecified,1036_MTI_SAD_XX.wav
1023,MTI,Sad,Unspecified,1023_MTI_SAD_XX.wav
1020,ITS,Disgust,Unspecified,1020_ITS_DIS_XX.wav
1035,ITS,Disgust,Unspecified,1035_ITS_DIS_XX.wav
1033,IOM,Neutral,Unspecified,1033_IOM_NEU_XX.wav
1026,IOM,Neutral,Unspecified,1026_IOM_NEU_XX.wav
1089,TSI,Anger,Unspecified,1089_TSI_ANG_XX.wav
1071,IOM,Anger,Unspecified,1071_IOM_ANG_XX.wav
1064,IOM,Anger,Unspecified,1064_IOM_ANG_XX.wav
1010,MTI,Happy,Unspecified,1010_MTI_HAP_XX.wav
1005,MTI,Happy,Unspecified,1005_MTI_HAP_XX.wav
1031,MTI,Fear,Unspecified,1031_MTI_FEA_XX.wav
1024,MTI,Fear,Unspecified,1024_MTI_FEA_XX.wav
1003,TSI,Sad,Unspecified,1003_TSI_SAD_XX.wav
1007,IEO,Happy,High,1007_IEO_HAP_HI.wav
1012,IEO,Happy,High,1012_IEO_HAP_HI.wav
1016,TSI,Sad,Unspecified,1016_TSI_SAD_XX.wav
1026,IEO,Fear,High,1026_IEO_FEA_HI.wav
1033,IEO,Fear,High,1033_IEO_FEA_HI.wav
1063,IWL,Fear,Unspecified,1063_IWL_FEA_XX.wav
1069,ITS,Neutral,Unspecified,1069_ITS_NEU_XX.wav
1032,TAI,Sad,Unspecified,1032_TAI_SAD_XX.wav
1016,IEO,Happy,Medium,1016_IEO_HAP_MD.wav
1003,IEO,Happy,Medium,1003_IEO_HAP_MD.wav
1027,TAI,Sad,Unspecified,1027_TAI_SAD_XX.wav
1076,IWL,Fear,Unspecified,1076_IWL_FEA_XX.wav
1082,TSI,Disgust,Unspecified,1082_TSI_DIS_XX.wav
1037,IEO,Fear,Medium,1037_IEO_FEA_MD.wav
1042,IWL,Happy,Unspecified,1042_IWL_HAP_XX.wav
1057,IWL,Happy,Unspecified,1057_IWL_HAP_XX.wav
1022,IEO,Fear,Medium,1022_IEO_FEA_MD.wav
1004,TSI,Fear,Unspecified,1004_TSI_FEA_XX.wav
1011,TSI,Fear,Unspecified,1011_TSI_FEA_XX.wav
1021,IEO,Sad,High,1021_IEO_SAD_HI.wav
1025,TSI,Happy,Unspecified,1025_TSI_HAP_XX.wav
1030,TSI,Happy,Unspecified,1030_TSI_HAP_XX.wav
1034,IEO,Sad,High,1034_IEO_SAD_HI.wav
1035,TAI,Fear,Unspecified,1035_TAI_FEA_XX.wav
1064,IWL,Sad,Unspecified,1064_IWL_SAD_XX.wav
1071,IWL,Sad,Unspecified,1071_IWL_SAD_XX.wav
1020,TAI,Fear,Unspecified,1020_TAI_FEA_XX.wav
1030,IEO,Sad,Medium,1030_IEO_SAD_MD.wav
1014,TAI,Happy,Unspecified,1014_TAI_HAP_XX.wav
1001,TAI,Happy,Unspecified,1001_TAI_HAP_XX.wav
1025,IEO,Sad,Medium,1025_IEO_SAD_MD.wav
1048,MTI,Disgust,Unspecified,1048_MTI_DIS_XX.wav
1041,IEO,Anger,High,1041_IEO_ANG_HI.wav
1054,IEO,Anger,High,1054_IEO_ANG_HI.wav
1004,IWL,Anger,Unspecified,1004_IWL_ANG_XX.wav
1011,IWL,Anger,Unspecified,1011_IWL_ANG_XX.wav
1050,IEO,Anger,Medium,1050_IEO_ANG_MD.wav
1045,IEO,Anger,Medium,1045_IEO_ANG_MD.wav
1078,ITS,Happy,Unspecified,1078_ITS_HAP_XX.wav
1046,IWL,Neutral,Unspecified,1046_IWL_NEU_XX.wav
1053,IWL,Neutral,Unspecified,1053_IWL_NEU_XX.wav
1059,ITS,Fear,Unspecified,1059_ITS_FEA_XX.wav
1063,TSI,Anger,Unspecified,1063_TSI_ANG_XX.wav
1076,TSI,Anger,Unspecified,1076_TSI_ANG_XX.wav
1021,TSI,Neutral,Unspecified,1021_TSI_NEU_XX.wav
1034,TSI,Neutral,Unspecified,1034_TSI_NEU_XX.wav
1010,TAI,Neutral,Unspecified,1010_TAI_NEU_XX.wav
1005,TAI,Neutral,Unspecified,1005_TAI_NEU_XX.wav
1052,TAI,Anger,Unspecified,1052_TAI_ANG_XX.wav
1047,TAI,Anger,Unspecified,1047_TAI_ANG_XX.wav
1070,DFA,Neutral,Unspecified,1070_DFA_NEU_XX.wav
1065,DFA,Neutral,Unspecified,1065_DFA_NEU_XX.wav
1025,IEO,Happy,Low,1025_IEO_HAP_LO.wav
1030,IEO,Happy,Low,1030_IEO_HAP_LO.wav
1032,DFA,Anger,Unspecified,1032_DFA_ANG_XX.wav
1004,IEO,Fear,Low,1004_IEO_FEA_LO.wav
1011,IEO,Fear,Low,1011_IEO_FEA_LO.wav
1027,DFA,Anger,Unspecified,1027_DFA_ANG_XX.wav
1047,WSI,Sad,Unspecified,1047_WSI_SAD_XX.wav
1056,TIE,Disgust,Unspecified,1056_TIE_DIS_XX.wav
1052,WSI,Sad,Unspecified,1052_WSI_SAD_XX.wav
1043,TIE,Disgust,Unspecified,1043_TIE_DIS_XX.wav
1003,IEO,Sad,Low,1003_IEO_SAD_LO.wav
1016,IEO,Sad,Low,1016_IEO_SAD_LO.wav
1061,WSI,Happy,Unspecified,1061_WSI_HAP_XX.wav
1074,WSI,Happy,Unspecified,1074_WSI_HAP_XX.wav
1040,WSI,Fear,Unspecified,1040_WSI_FEA_XX.wav
1055,WSI,Fear,Unspecified,1055_WSI_FEA_XX.wav
1082,IEO,Disgust,Low,1082_IEO_DIS_LO.wav
1074,DFA,Happy,Unspecified,1074_DFA_HAP_XX.wav
1045,ITH,Disgust,Unspecified,1045_ITH_DIS_XX.wav
1050,ITH,Disgust,Unspecified,1050_ITH_DIS_XX.wav
1061,DFA,Happy,Unspecified,1061_DFA_HAP_XX.wav
1055,DFA,Fear,Unspecified,1055_DFA_FEA_XX.wav
1063,IEO,Anger,Low,1063_IEO_ANG_LO.wav
1076,IEO,Anger,Low,1076_IEO_ANG_LO.wav
1040,DFA,Fear,Unspecified,1040_DFA_FEA_XX.wav
1052,DFA,Sad,Unspecified,1052_DFA_SAD_XX.wav
1047,DFA,Sad,Unspecified,1047_DFA_SAD_XX.wav
1027,WSI,Anger,Unspecified,1027_WSI_ANG_XX.wav
1032,WSI,Anger,Unspecified,1032_WSI_ANG_XX.wav
1065,WSI,Neutral,Unspecified,1065_WSI_NEU_XX.wav
1070,WSI,Neutral,Unspecified,1070_WSI_NEU_XX.wav
1019,IEO,Disgust,Low,1019_IEO_DIS_LO.wav
1043,IWW,Happy,Unspecified,1043_IWW_HAP_XX.wav
1056,IWW,Happy,Unspecified,1056_IWW_HAP_XX.wav
1062,IWW,Fear,Unspecified,1062_IWW_FEA_XX.wav
1068,ITH,Neutral,Unspecified,1068_ITH_NEU_XX.wav
1077,IWW,Fear,Unspecified,1077_IWW_FEA_XX.wav
1048,WSI,Disgust,Unspecified,1048_WSI_DIS_XX.wav
1059,TIE,Sad,Unspecified,1059_TIE_SAD_XX.wav
1065,IWW,Sad,Unspecified,1065_IWW_SAD_XX.wav
1070,IWW,Sad,Unspecified,1070_IWW_SAD_XX.wav
1039,TIE,Anger,Unspecified,1039_TIE_ANG_XX.wav
1047,IWW,Neutral,Unspecified,1047_IWW_NEU_XX.wav
1052,IWW,Neutral,Unspecified,1052_IWW_NEU_XX.wav
1058,ITH,Fear,Unspecified,1058_ITH_FEA_XX.wav
1048,DFA,Disgust,Unspecified,1048_DFA_DIS_XX.wav
1079,ITH,Happy,Unspecified,1079_ITH_HAP_XX.wav
1005,IWW,Anger,Unspecified,1005_IWW_ANG_XX.wav
1010,IWW,Anger,Unspecified,1010_IWW_ANG_XX.wav
1059,IEO,Neutral,Unspecified,1059_IEO_NEU_XX.wav
1053,IOM,Happy,Unspecified,1053_IOM_HAP_XX.wav
1046,IOM,Happy,Unspecified,1046_IOM_HAP_XX.wav
1072,IOM,Fear,Unspecified,1072_IOM_FEA_XX.wav
1067,IOM,Fear,Unspecified,1067_IOM_FEA_XX.wav
1032,MTI,Anger,Unspecified,1032_MTI_ANG_XX.wav
1027,MTI,Anger,Unspecified,1027_MTI_ANG_XX.wav
1070,MTI,Neutral,Unspecified,1070_MTI_NEU_XX.wav
1065,MTI,Neutral,Unspecified,1065_MTI_NEU_XX.wav
1028,TAI,Disgust,Unspecified,1028_TAI_DIS_XX.wav
1075,IOM,Sad,Unspecified,1075_IOM_SAD_XX.wav
1089,IEO,Happy,High,1089_IEO_HAP_HI.wav
1060,IOM,Sad,Unspecified,1060_IOM_SAD_XX.wav
1019,TSI,Disgust,Unspecified,1019_TSI_DIS_XX.wav
1057,IOM,Neutral,Unspecified,1057_IOM_NEU_XX.wav
1042,IOM,Neutral,Unspecified,1042_IOM_NEU_XX.wav
1044,ITS,Disgust,Unspecified,1044_ITS_DIS_XX.wav
1051,ITS,Disgust,Unspecified,1051_ITS_DIS_XX.wav
1015,IOM,Anger,Unspecified,1015_IOM_ANG_XX.wav
1055,MTI,Fear,Unspecified,1055_MTI_FEA_XX.wav
1040,MTI,Fear,Unspecified,1040_MTI_FEA_XX.wav
1074,MTI,Happy,Unspecified,1074_MTI_HAP_XX.wav
1061,MTI,Happy,Unspecified,1061_MTI_HAP_XX.wav
1052,MTI,Sad,Unspecified,1052_MTI_SAD_XX.wav
1047,MTI,Sad,Unspecified,1047_MTI_SAD_XX.wav
1059,ITS,Disgust,Unspecified,1059_ITS_DIS_XX.wav
1008,IOM,Anger,Unspecified,1008_IOM_ANG_XX.wav
1069,MTI,Happy,Unspecified,1069_MTI_HAP_XX.wav
1048,MTI,Fear,Unspecified,1048_MTI_FEA_XX.wav
1083,TAI,Neutral,Unspecified,1083_TAI_NEU_XX.wav
1082,IWL,Anger,Unspecified,1082_IWL_ANG_XX.wav
1022,IEO,Disgust,Medium,1022_IEO_DIS_MD.wav
1037,IEO,Disgust,Medium,1037_IEO_DIS_MD.wav
1082,TSI,Fear,Unspecified,1082_TSI_FEA_XX.wav
1076,IWL,Disgust,Unspecified,1076_IWL_DIS_XX.wav
1063,IWL,Disgust,Unspecified,1063_IWL_DIS_XX.wav
1033,IEO,Disgust,High,1033_IEO_DIS_HI.wav
1026,IEO,Disgust,High,1026_IEO_DIS_HI.wav
1087,TAI,Happy,Unspecified,1087_TAI_HAP_XX.wav
1078,MTI,Neutral,Unspecified,1078_MTI_NEU_XX.wav
1068,IOM,Sad,Unspecified,1068_IOM_SAD_XX.wav
1090,TSI,Sad,Unspecified,1090_TSI_SAD_XX.wav
1085,TSI,Sad,Unspecified,1085_TSI_SAD_XX.wav
1081,IEO,Happy,High,1081_IEO_HAP_HI.wav
1020,TAI,Disgust,Unspecified,1020_TAI_DIS_XX.wav
1035,TAI,Disgust,Unspecified,1035_TAI_DIS_XX.wav
1085,IEO,Happy,Medium,1085_IEO_HAP_MD.wav
1090,IEO,Happy,Medium,1090_IEO_HAP_MD.wav
1011,TSI,Disgust,Unspecified,1011_TSI_DIS_XX.wav
1004,TSI,Disgust,Unspecified,1004_TSI_DIS_XX.wav
1024,TIE,Anger,Unspecified,1024_TIE_ANG_XX.wav
1031,TIE,Anger,Unspecified,1031_TIE_ANG_XX.wav
1066,TIE,Neutral,Unspecified,1066_TIE_NEU_XX.wav
1073,TIE,Neutral,Unspecified,1073_TIE_NEU_XX.wav
1040,DFA,Disgust,Unspecified,1040_DFA_DIS_XX.wav
1071,ITH,Happy,Unspecified,1071_ITH_HAP_XX.wav
1064,ITH,Happy,Unspecified,1064_ITH_HAP_XX.wav
1055,DFA,Disgust,Unspecified,1055_DFA_DIS_XX.wav
1050,ITH,Fear,Unspecified,1050_ITH_FEA_XX.wav
1045,ITH,Fear,Unspecified,1045_ITH_FEA_XX.wav
1018,IWW,Anger,Unspecified,1018_IWW_ANG_XX.wav
1044,IEO,Neutral,Unspecified,1044_IEO_NEU_XX.wav
1051,IEO,Neutral,Unspecified,1051_IEO_NEU_XX.wav
1057,ITH,Sad,Unspecified,1057_ITH_SAD_XX.wav
1042,ITH,Sad,Unspecified,1042_ITH_SAD_XX.wav
1043,TIE,Fear,Unspecified,1043_TIE_FEA_XX.wav
1056,TIE,Fear,Unspecified,1056_TIE_FEA_XX.wav
1062,TIE,Happy,Unspecified,1062_TIE_HAP_XX.wav
1077,TIE,Happy,Unspecified,1077_TIE_HAP_XX.wav
1090,IEO,Sad,Low,1090_IEO_SAD_LO.wav
1085,IEO,Sad,Low,1085_IEO_SAD_LO.wav
1011,IEO,Disgust,Low,1011_IEO_DIS_LO.wav
1004,IEO,Disgust,Low,1004_IEO_DIS_LO.wav
1037,ITH,Anger,Unspecified,1037_ITH_ANG_XX.wav
1022,ITH,Anger,Unspecified,1022_ITH_ANG_XX.wav
1075,ITH,Neutral,Unspecified,1075_ITH_NEU_XX.wav
1060,ITH,Neutral,Unspecified,1060_ITH_NEU_XX.wav
1082,IEO,Fear,Low,1082_IEO_FEA_LO.wav
1055,WSI,Disgust,Unspecified,1055_WSI_DIS_XX.wav
1044,TIE,Sad,Unspecified,1044_TIE_SAD_XX.wav
1040,WSI,Disgust,Unspecified,1040_WSI_DIS_XX.wav
1051,TIE,Sad,Unspecified,1051_TIE_SAD_XX.wav
1078,IWW,Sad,Unspecified,1078_IWW_SAD_XX.wav
1048,DFA,Fear,Unspecified,1048_DFA_FEA_XX.wav
1058,ITH,Disgust,Unspecified,1058_ITH_DIS_XX.wav
1069,DFA,Happy,Unspecified,1069_DFA_HAP_XX.wav
1083,IWW,Anger,Unspecified,1083_IWW_ANG_XX.wav
1078,WSI,Neutral,Unspecified,1078_WSI_NEU_XX.wav
1077,IWW,Disgust,Unspecified,1077_IWW_DIS_XX.wav
1062,IWW,Disgust,Unspecified,1062_IWW_DIS_XX.wav
1078,DFA,Neutral,Unspecified,1078_DFA_NEU_XX.wav
1019,IEO,Fear,Low,1019_IEO_FEA_LO.wav
1038,IEO,Happy,Low,1038_IEO_HAP_LO.wav
1048,WSI,Fear,Unspecified,1048_WSI_FEA_XX.wav
1069,WSI,Happy,Unspecified,1069_WSI_HAP_XX.wav
1049,IEO,Anger,High,1049_IEO_ANG_HI.wav
1040,MTI,Disgust,Unspecified,1040_MTI_DIS_XX.wav
1055,MTI,Disgust,Unspecified,1055_MTI_DIS_XX.wav
1058,IEO,Anger,Medium,1058_IEO_ANG_MD.wav
1019,IWL,Anger,Unspecified,1019_IWL_ANG_XX.wav
1051,ITS,Fear,Unspecified,1051_ITS_FEA_XX.wav
1044,ITS,Fear,Unspecified,1044_ITS_FEA_XX.wav
1070,ITS,Happy,Unspecified,1070_ITS_HAP_XX.wav
1065,ITS,Happy,Unspecified,1065_ITS_HAP_XX.wav
1086,IOM,Anger,Unspecified,1086_IOM_ANG_XX.wav
1029,TSI,Neutral,Unspecified,1029_TSI_NEU_XX.wav
1056,ITS,Sad,Unspecified,1056_ITS_SAD_XX.wav
1043,ITS,Sad,Unspecified,1043_ITS_SAD_XX.wav
1018,TAI,Neutral,Unspecified,1018_TAI_NEU_XX.wav
1067,IOM,Disgust,Unspecified,1067_IOM_DIS_XX.wav
1072,IOM,Disgust,Unspecified,1072_IOM_DIS_XX.wav
1074,ITS,Neutral,Unspecified,1074_ITS_NEU_XX.wav
1061,ITS,Neutral,Unspecified,1061_ITS_NEU_XX.wav
1036,ITS,Anger,Unspecified,1036_ITS_ANG_XX.wav
1023,ITS,Anger,Unspecified,1023_ITS_ANG_XX.wav
1038,TSI,Happy,Unspecified,1038_TSI_HAP_XX.wav
1029,IEO,Sad,High,1029_IEO_SAD_HI.wav
1019,TSI,Fear,Unspecified,1019_TSI_FEA_XX.wav
1009,TAI,Happy,Unspecified,1009_TAI_HAP_XX.wav
1038,IEO,Sad,Medium,1038_IEO_SAD_MD.wav
1079,IWL,Sad,Unspecified,1079_IWL_SAD_XX.wav
1028,TAI,Fear,Unspecified,1028_TAI_FEA_XX.wav
1028,ITS,Disgust,Unspecified,1028_ITS_DIS_XX.wav
1081,TSI,Anger,Unspecified,1081_TSI_ANG_XX.wav
1079,IOM,Anger,Unspecified,1079_IOM_ANG_XX.wav
1039,MTI,Fear,Unspecified,1039_MTI_FEA_XX.wav
1018,MTI,Happy,Unspecified,1018_MTI_HAP_XX.wav
1044,TAI,Disgust,Unspecified,1044_TAI_DIS_XX.wav
1051,TAI,Disgust,Unspecified,1051_TAI_DIS_XX.wav
1019,IOM,Sad,Unspecified,1019_IOM_SAD_XX.wav
1075,TSI,Disgust,Unspecified,1075_TSI_DIS_XX.wav
1060,TSI,Disgust,Unspecified,1060_TSI_DIS_XX.wav
1081,IWL,Fear,Unspecified,1081_IWL_FEA_XX.wav
1012,IWL,Disgust,Unspecified,1012_IWL_DIS_XX.wav
1007,IWL,Disgust,Unspecified,1007_IWL_DIS_XX.wav
1046,IEO,Disgust,Medium,1046_IEO_DIS_MD.wav
1053,IEO,Disgust,Medium,1053_IEO_DIS_MD.wav
1057,IEO,Disgust,High,1057_IEO_DIS_HI.wav
1086,IWL,Sad,Unspecified,1086_IWL_SAD_XX.wav
1042,IEO,Disgust,High,1042_IEO_DIS_HI.wav
1081,IEO,Anger,Low,1081_IEO_ANG_LO.wav
1083,DFA,Happy,Unspecified,1083_DFA_HAP_XX.wav
1020,IEO,Neutral,Unspecified,1020_IEO_NEU_XX.wav
1035,IEO,Neutral,Unspecified,1035_IEO_NEU_XX.wav
1033,ITH,Sad,Unspecified,1033_ITH_SAD_XX.wav
1026,ITH,Sad,Unspecified,1026_ITH_SAD_XX.wav
1040,TIE,Anger,Unspecified,1040_TIE_ANG_XX.wav
1055,TIE,Anger,Unspecified,1055_TIE_ANG_XX.wav
1017,TIE,Neutral,Unspecified,1017_TIE_NEU_XX.wav
1034,ITH,Fear,Unspecified,1034_ITH_FEA_XX.wav
1021,ITH,Fear,Unspecified,1021_ITH_FEA_XX.wav
1015,ITH,Happy,Unspecified,1015_ITH_HAP_XX.wav
1024,DFA,Disgust,Unspecified,1024_DFA_DIS_XX.wav
1031,DFA,Disgust,Unspecified,1031_DFA_DIS_XX.wav
1087,WSI,Neutral,Unspecified,1087_WSI_NEU_XX.wav
1069,IWW,Anger,Unspecified,1069_IWW_ANG_XX.wav
1088,IWW,Disgust,Unspecified,1088_IWW_DIS_XX.wav
1031,WSI,Disgust,Unspecified,1031_WSI_DIS_XX.wav
1020,TIE,Sad,Unspecified,1020_TIE_SAD_XX.wav
1087,DFA,Neutral,Unspecified,1087_DFA_NEU_XX.wav
1024,WSI,Disgust,Unspecified,1024_WSI_DIS_XX.wav
1035,TIE,Sad,Unspecified,1035_TIE_SAD_XX.wav
1009,IWW,Sad,Unspecified,1009_IWW_SAD_XX.wav
1006,TIE,Happy,Unspecified,1006_TIE_HAP_XX.wav
1013,TIE,Happy,Unspecified,1013_TIE_HAP_XX.wav
1027,TIE,Fear,Unspecified,1027_TIE_FEA_XX.wav
1032,TIE,Fear,Unspecified,1032_TIE_FEA_XX.wav
1053,ITH,Anger,Unspecified,1053_ITH_ANG_XX.wav
1046,ITH,Anger,Unspecified,1046_ITH_ANG_XX.wav
1075,IEO,Disgust,Low,1075_IEO_DIS_LO.wav
1060,IEO,Disgust,Low,1060_IEO_DIS_LO.wav
1011,ITH,Neutral,Unspecified,1011_ITH_NEU_XX.wav
1083,WSI,Happy,Unspecified,1083_WSI_HAP_XX.wav
1004,ITH,Neutral,Unspecified,1004_ITH_NEU_XX.wav
1009,WSI,Neutral,Unspecified,1009_WSI_NEU_XX.wav
1029,ITH,Disgust,Unspecified,1029_ITH_DIS_XX.wav
1018,DFA,Happy,Unspecified,1018_DFA_HAP_XX.wav
1039,DFA,Fear,Unspecified,1039_DFA_FEA_XX.wav
1088,TIE,Happy,Unspecified,1088_TIE_HAP_XX.wav
1018,WSI,Happy,Unspecified,1018_WSI_HAP_XX.wav
1080,IWW,Fear,Unspecified,1080_IWW_FEA_XX.wav
1039,WSI,Fear,Unspecified,1039_WSI_FEA_XX.wav
1009,DFA,Neutral,Unspecified,1009_DFA_NEU_XX.wav
1013,IWW,Disgust,Unspecified,1013_IWW_DIS_XX.wav
1006,IWW,Disgust,Unspecified,1006_IWW_DIS_XX.wav
1049,IEO,Happy,Low,1049_IEO_HAP_LO.wav
1068,IEO,Fear,Low,1068_IEO_FEA_LO.wav
1087,IWW,Sad,Unspecified,1087_IWW_SAD_XX.wav
1058,TSI,Neutral,Unspecified,1058_TSI_NEU_XX.wav
1032,ITS,Sad,Unspecified,1032_ITS_SAD_XX.wav
1069,TAI,Neutral,Unspecified,1069_TAI_NEU_XX.wav
1027,ITS,Sad,Unspecified,1027_ITS_SAD_XX.wav
1083,MTI,Happy,Unspecified,1083_MTI_HAP_XX.wav
1024,MTI,Disgust,Unspecified,1024_MTI_DIS_XX.wav
1031,MTI,Disgust,Unspecified,1031_MTI_DIS_XX.wav
1038,IEO,Anger,High,1038_IEO_ANG_HI.wav
1068,IWL,Anger,Unspecified,1068_IWL_ANG_XX.wav
1029,IEO,Anger,Medium,1029_IEO_ANG_MD.wav
1014,ITS,Happy,Unspecified,1014_ITS_HAP_XX.wav
1001,ITS,Happy,Unspecified,1001_ITS_HAP_XX.wav
1035,ITS,Fear,Unspecified,1035_ITS_FEA_XX.wav
1020,ITS,Fear,Unspecified,1020_ITS_FEA_XX.wav
1085,IOM,Fear,Unspecified,1085_IOM_FEA_XX.wav
1068,TSI,Fear,Unspecified,1068_TSI_FEA_XX.wav
1090,IOM,Fear,Unspecified,1090_IOM_FEA_XX.wav
1058,IEO,Sad,High,1058_IEO_SAD_HI.wav
1089,IWL,Disgust,Unspecified,1089_IWL_DIS_XX.wav
1049,TSI,Happy,Unspecified,1049_TSI_HAP_XX.wav
1087,MTI,Neutral,Unspecified,1087_MTI_NEU_XX.wav
1008,IWL,Sad,Unspecified,1008_IWL_SAD_XX.wav
1059,TAI,Fear,Unspecified,1059_TAI_FEA_XX.wav
1049,IEO,Sad,Medium,1049_IEO_SAD_MD.wav
1078,TAI,Happy,Unspecified,1078_TAI_HAP_XX.wav
1082,IOM,Sad,Unspecified,1082_IOM_SAD_XX.wav
1010,ITS,Neutral,Unspecified,1010_ITS_NEU_XX.wav
1005,ITS,Neutral,Unspecified,1005_ITS_NEU_XX.wav
1003,IOM,Disgust,Unspecified,1003_IOM_DIS_XX.wav
1016,IOM,Disgust,Unspecified,1016_IOM_DIS_XX.wav
1052,ITS,Anger,Unspecified,1052_ITS_ANG_XX.wav
1047,ITS,Anger,Unspecified,1047_ITS_ANG_XX.wav
1077,IOM,Sad,Unspecified,1077_IOM_SAD_XX.wav
1062,IOM,Sad,Unspecified,1062_IOM_SAD_XX.wav
1072,MTI,Neutral,Unspecified,1072_MTI_NEU_XX.wav
1067,MTI,Neutral,Unspecified,1067_MTI_NEU_XX.wav
1039,IEO,Disgust,High,1039_IEO_DIS_HI.wav
1030,MTI,Anger,Unspecified,1030_MTI_ANG_XX.wav
1025,MTI,Anger,Unspecified,1025_MTI_ANG_XX.wav
1088,TSI,Fear,Unspecified,1088_TSI_FEA_XX.wav
1070,IOM,Fear,Unspecified,1070_IOM_FEA_XX.wav
1065,IOM,Fear,Unspecified,1065_IOM_FEA_XX.wav
1028,IEO,Disgust,Medium,1028_IEO_DIS_MD.wav
1051,IOM,Happy,Unspecified,1051_IOM_HAP_XX.wav
1069,IWL,Disgust,Unspecified,1069_IWL_DIS_XX.wav
1044,IOM,Happy,Unspecified,1044_IOM_HAP_XX.wav
1088,IWL,Anger,Unspecified,1088_IWL_ANG_XX.wav
1050,MTI,Sad,Unspecified,1050_MTI_SAD_XX.wav
1045,MTI,Sad,Unspecified,1045_MTI_SAD_XX.wav
1089,TAI,Neutral,Unspecified,1089_TAI_NEU_XX.wav
1076,MTI,Happy,Unspecified,1076_MTI_HAP_XX.wav
1063,MTI,Happy,Unspecified,1063_MTI_HAP_XX.wav
1057,MTI,Fear,Unspecified,1057_MTI_FEA_XX.wav
1042,MTI,Fear,Unspecified,1042_MTI_FEA_XX.wav
1017,IOM,Anger,Unspecified,1017_IOM_ANG_XX.wav
1002,IOM,Anger,Unspecified,1002_IOM_ANG_XX.wav
1046,ITS,Disgust,Unspecified,1046_ITS_DIS_XX.wav
1053,ITS,Disgust,Unspecified,1053_ITS_DIS_XX.wav
1055,IOM,Neutral,Unspecified,1055_IOM_NEU_XX.wav
1040,IOM,Neutral,Unspecified,1040_IOM_NEU_XX.wav
1067,IWW,Sad,Unspecified,1067_IWW_SAD_XX.wav
1072,IWW,Sad,Unspecified,1072_IWW_SAD_XX.wav
1088,IEO,Fear,Low,1088_IEO_FEA_LO.wav
1060,IWW,Fear,Unspecified,1060_IWW_FEA_XX.wav
1075,IWW,Fear,Unspecified,1075_IWW_FEA_XX.wav
1041,IWW,Happy,Unspecified,1041_IWW_HAP_XX.wav
1054,IWW,Happy,Unspecified,1054_IWW_HAP_XX.wav
1028,ITH,Anger,Unspecified,1028_ITH_ANG_XX.wav
1049,TIE,Fear,Unspecified,1049_TIE_FEA_XX.wav
1068,TIE,Happy,Unspecified,1068_TIE_HAP_XX.wav
1048,ITH,Sad,Unspecified,1048_ITH_SAD_XX.wav
1007,IWW,Anger,Unspecified,1007_IWW_ANG_XX.wav
1012,IWW,Anger,Unspecified,1012_IWW_ANG_XX.wav
1045,IWW,Neutral,Unspecified,1045_IWW_NEU_XX.wav
1050,IWW,Neutral,Unspecified,1050_IWW_NEU_XX.wav
1079,TIE,Neutral,Unspecified,1079_TIE_NEU_XX.wav
1080,IEO,Disgust,Low,1080_IEO_DIS_LO.wav
1042,WSI,Fear,Unspecified,1042_WSI_FEA_XX.wav
1057,WSI,Fear,Unspecified,1057_WSI_FEA_XX.wav
1063,WSI,Happy,Unspecified,1063_WSI_HAP_XX.wav
1076,WSI,Happy,Unspecified,1076_WSI_HAP_XX.wav
1001,IEO,Sad,Low,1001_IEO_SAD_LO.wav
1014,IEO,Sad,Low,1014_IEO_SAD_LO.wav
1054,TIE,Disgust,Unspecified,1054_TIE_DIS_XX.wav
1045,WSI,Sad,Unspecified,1045_WSI_SAD_XX.wav
1041,TIE,Disgust,Unspecified,1041_TIE_DIS_XX.wav
1050,WSI,Sad,Unspecified,1050_WSI_SAD_XX.wav
1030,DFA,Anger,Unspecified,1030_DFA_ANG_XX.wav
1006,IEO,Fear,Low,1006_IEO_FEA_LO.wav
1013,IEO,Fear,Low,1013_IEO_FEA_LO.wav
1025,DFA,Anger,Unspecified,1025_DFA_ANG_XX.wav
1027,IEO,Happy,Low,1027_IEO_HAP_LO.wav
1032,IEO,Happy,Low,1032_IEO_HAP_LO.wav
1068,IWW,Disgust,Unspecified,1068_IWW_DIS_XX.wav
1072,DFA,Neutral,Unspecified,1072_DFA_NEU_XX.wav
1067,DFA,Neutral,Unspecified,1067_DFA_NEU_XX.wav
1067,WSI,Neutral,Unspecified,1067_WSI_NEU_XX.wav
1072,WSI,Neutral,Unspecified,1072_WSI_NEU_XX.wav
1025,WSI,Anger,Unspecified,1025_WSI_ANG_XX.wav
1030,WSI,Anger,Unspecified,1030_WSI_ANG_XX.wav
1089,IWW,Anger,Unspecified,1089_IWW_ANG_XX.wav
1050,DFA,Sad,Unspecified,1050_DFA_SAD_XX.wav
1045,DFA,Sad,Unspecified,1045_DFA_SAD_XX.wav
1057,DFA,Fear,Unspecified,1057_DFA_FEA_XX.wav
1061,IEO,Anger,Low,1061_IEO_ANG_LO.wav
1074,IEO,Anger,Low,1074_IEO_ANG_LO.wav
1042,DFA,Fear,Unspecified,1042_DFA_FEA_XX.wav
1076,DFA,Happy,Unspecified,1076_DFA_HAP_XX.wav
1047,ITH,Disgust,Unspecified,1047_ITH_DIS_XX.wav
1052,ITH,Disgust,Unspecified,1052_ITH_DIS_XX.wav
1063,DFA,Happy,Unspecified,1063_DFA_HAP_XX.wav
1032,IEO,Sad,Medium,1032_IEO_SAD_MD.wav
1016,TAI,Happy,Unspecified,1016_TAI_HAP_XX.wav
1003,TAI,Happy,Unspecified,1003_TAI_HAP_XX.wav
1027,IEO,Sad,Medium,1027_IEO_SAD_MD.wav
1037,TAI,Fear,Unspecified,1037_TAI_FEA_XX.wav
1066,IWL,Sad,Unspecified,1066_IWL_SAD_XX.wav
1073,IWL,Sad,Unspecified,1073_IWL_SAD_XX.wav
1022,TAI,Fear,Unspecified,1022_TAI_FEA_XX.wav
1023,IEO,Sad,High,1023_IEO_SAD_HI.wav
1027,TSI,Happy,Unspecified,1027_TSI_HAP_XX.wav
1032,TSI,Happy,Unspecified,1032_TSI_HAP_XX.wav
1036,IEO,Sad,High,1036_IEO_SAD_HI.wav
1006,TSI,Fear,Unspecified,1006_TSI_FEA_XX.wav
1013,TSI,Fear,Unspecified,1013_TSI_FEA_XX.wav
1029,ITS,Anger,Unspecified,1029_ITS_ANG_XX.wav
1080,TSI,Disgust,Unspecified,1080_TSI_DIS_XX.wav
1035,IEO,Fear,Medium,1035_IEO_FEA_MD.wav
1040,IWL,Happy,Unspecified,1040_IWL_HAP_XX.wav
1078,IOM,Disgust,Unspecified,1078_IOM_DIS_XX.wav
1055,IWL,Happy,Unspecified,1055_IWL_HAP_XX.wav
1020,IEO,Fear,Medium,1020_IEO_FEA_MD.wav
1061,IWL,Fear,Unspecified,1061_IWL_FEA_XX.wav
1030,TAI,Sad,Unspecified,1030_TAI_SAD_XX.wav
1014,IEO,Happy,Medium,1014_IEO_HAP_MD.wav
1001,IEO,Happy,Medium,1001_IEO_HAP_MD.wav
1025,TAI,Sad,Unspecified,1025_TAI_SAD_XX.wav
1074,IWL,Fear,Unspecified,1074_IWL_FEA_XX.wav
1024,IEO,Fear,High,1024_IEO_FEA_HI.wav
1031,IEO,Fear,High,1031_IEO_FEA_HI.wav
1001,TSI,Sad,Unspecified,1001_TSI_SAD_XX.wav
1005,IEO,Happy,High,1005_IEO_HAP_HI.wav
1010,IEO,Happy,High,1010_IEO_HAP_HI.wav
1014,TSI,Sad,Unspecified,1014_TSI_SAD_XX.wav
1050,TAI,Anger,Unspecified,1050_TAI_ANG_XX.wav
1045,TAI,Anger,Unspecified,1045_TAI_ANG_XX.wav
1049,ITS,Sad,Unspecified,1049_ITS_SAD_XX.wav
1012,TAI,Neutral,Unspecified,1012_TAI_NEU_XX.wav
1007,TAI,Neutral,Unspecified,1007_TAI_NEU_XX.wav
1023,TSI,Neutral,Unspecified,1023_TSI_NEU_XX.wav
1036,TSI,Neutral,Unspecified,1036_TSI_NEU_XX.wav
1061,TSI,Anger,Unspecified,1061_TSI_ANG_XX.wav
1074,TSI,Anger,Unspecified,1074_TSI_ANG_XX.wav
1044,IWL,Neutral,Unspecified,1044_IWL_NEU_XX.wav
1051,IWL,Neutral,Unspecified,1051_IWL_NEU_XX.wav
1052,IEO,Anger,Medium,1052_IEO_ANG_MD.wav
1047,IEO,Anger,Medium,1047_IEO_ANG_MD.wav
1006,IWL,Anger,Unspecified,1006_IWL_ANG_XX.wav
1013,IWL,Anger,Unspecified,1013_IWL_ANG_XX.wav
1043,IEO,Anger,High,1043_IEO_ANG_HI.wav
1056,IEO,Anger,High,1056_IEO_ANG_HI.wav
1016,MTI,Neutral,Unspecified,1016_MTI_NEU_XX.wav
1003,MTI,Neutral,Unspecified,1003_MTI_NEU_XX.wav
1054,MTI,Anger,Unspecified,1054_MTI_ANG_XX.wav
1041,MTI,Anger,Unspecified,1041_MTI_ANG_XX.wav
1048,IEO,Disgust,High,1048_IEO_DIS_HI.wav
1035,IOM,Happy,Unspecified,1035_IOM_HAP_XX.wav
1020,IOM,Happy,Unspecified,1020_IOM_HAP_XX.wav
1018,IWL,Disgust,Unspecified,1018_IWL_DIS_XX.wav
1059,IEO,Disgust,Medium,1059_IEO_DIS_MD.wav
1014,IOM,Fear,Unspecified,1014_IOM_FEA_XX.wav
1001,IOM,Fear,Unspecified,1001_IOM_FEA_XX.wav
1087,IOM,Disgust,Unspecified,1087_IOM_DIS_XX.wav
1081,ITS,Neutral,Unspecified,1081_ITS_NEU_XX.wav
1013,IOM,Sad,Unspecified,1013_IOM_SAD_XX.wav
1006,IOM,Sad,Unspecified,1006_IOM_SAD_XX.wav
1033,MTI,Fear,Unspecified,1033_MTI_FEA_XX.wav
1026,MTI,Fear,Unspecified,1026_MTI_FEA_XX.wav
1012,MTI,Happy,Unspecified,1012_MTI_HAP_XX.wav
1007,MTI,Happy,Unspecified,1007_MTI_HAP_XX.wav
1073,IOM,Anger,Unspecified,1073_IOM_ANG_XX.wav
1066,IOM,Anger,Unspecified,1066_IOM_ANG_XX.wav
1031,IOM,Neutral,Unspecified,1031_IOM_NEU_XX.wav
1024,IOM,Neutral,Unspecified,1024_IOM_NEU_XX.wav
1022,ITS,Disgust,Unspecified,1022_ITS_DIS_XX.wav
1037,ITS,Disgust,Unspecified,1037_ITS_DIS_XX.wav
1034,MTI,Sad,Unspecified,1034_MTI_SAD_XX.wav
1021,MTI,Sad,Unspecified,1021_MTI_SAD_XX.wav
1085,ITS,Happy,Unspecified,1085_ITS_HAP_XX.wav
1090,ITS,Happy,Unspecified,1090_ITS_HAP_XX.wav
1025,IWW,Happy,Unspecified,1025_IWW_HAP_XX.wav
1030,IWW,Happy,Unspecified,1030_IWW_HAP_XX.wav
1089,WSI,Happy,Unspecified,1089_WSI_HAP_XX.wav
1004,IWW,Fear,Unspecified,1004_IWW_FEA_XX.wav
1011,IWW,Fear,Unspecified,1011_IWW_FEA_XX.wav
1059,ITH,Anger,Unspecified,1059_ITH_ANG_XX.wav
1019,TIE,Happy,Unspecified,1019_TIE_HAP_XX.wav
1038,TIE,Fear,Unspecified,1038_TIE_FEA_XX.wav
1003,IWW,Sad,Unspecified,1003_IWW_SAD_XX.wav
1016,IWW,Sad,Unspecified,1016_IWW_SAD_XX.wav
1082,IWW,Disgust,Unspecified,1082_IWW_DIS_XX.wav
1063,IWW,Anger,Unspecified,1063_IWW_ANG_XX.wav
1076,IWW,Anger,Unspecified,1076_IWW_ANG_XX.wav
1021,IWW,Neutral,Unspecified,1021_IWW_NEU_XX.wav
1034,IWW,Neutral,Unspecified,1034_IWW_NEU_XX.wav
1008,TIE,Neutral,Unspecified,1008_TIE_NEU_XX.wav
1039,ITH,Sad,Unspecified,1039_ITH_SAD_XX.wav
1089,DFA,Happy,Unspecified,1089_DFA_HAP_XX.wav
1030,TIE,Disgust,Unspecified,1030_TIE_DIS_XX.wav
1021,WSI,Sad,Unspecified,1021_WSI_SAD_XX.wav
1025,TIE,Disgust,Unspecified,1025_TIE_DIS_XX.wav
1034,WSI,Sad,Unspecified,1034_WSI_SAD_XX.wav
1043,IEO,Happy,Low,1043_IEO_HAP_LO.wav
1056,IEO,Happy,Low,1056_IEO_HAP_LO.wav
1062,IEO,Fear,Low,1062_IEO_FEA_LO.wav
1054,DFA,Anger,Unspecified,1054_DFA_ANG_XX.wav
1041,DFA,Anger,Unspecified,1041_DFA_ANG_XX.wav
1077,IEO,Fear,Low,1077_IEO_FEA_LO.wav
1016,DFA,Neutral,Unspecified,1016_DFA_NEU_XX.wav
1003,DFA,Neutral,Unspecified,1003_DFA_NEU_XX.wav
1019,IWW,Disgust,Unspecified,1019_IWW_DIS_XX.wav
1007,WSI,Happy,Unspecified,1007_WSI_HAP_XX.wav
1080,ITH,Neutral,Unspecified,1080_ITH_NEU_XX.wav
1012,WSI,Happy,Unspecified,1012_WSI_HAP_XX.wav
1026,WSI,Fear,Unspecified,1026_WSI_FEA_XX.wav
1033,WSI,Fear,Unspecified,1033_WSI_FEA_XX.wav
1082,TIE,Happy,Unspecified,1082_TIE_HAP_XX.wav
1065,IEO,Sad,Low,1065_IEO_SAD_LO.wav
1070,IEO,Sad,Low,1070_IEO_SAD_LO.wav
1023,ITH,Disgust,Unspecified,1023_ITH_DIS_XX.wav
1012,DFA,Happy,Unspecified,1012_DFA_HAP_XX.wav
1007,DFA,Happy,Unspecified,1007_DFA_HAP_XX.wav
1036,ITH,Disgust,Unspecified,1036_ITH_DIS_XX.wav
1005,IEO,Anger,Low,1005_IEO_ANG_LO.wav
1033,DFA,Fear,Unspecified,1033_DFA_FEA_XX.wav
1026,DFA,Fear,Unspecified,1026_DFA_FEA_XX.wav
1010,IEO,Anger,Low,1010_IEO_ANG_LO.wav
1084,ITH,Happy,Unspecified,1084_ITH_HAP_XX.wav
1003,WSI,Neutral,Unspecified,1003_WSI_NEU_XX.wav
1016,WSI,Neutral,Unspecified,1016_WSI_NEU_XX.wav
1091,ITH,Happy,Unspecified,1091_ITH_HAP_XX.wav
1041,WSI,Anger,Unspecified,1041_WSI_ANG_XX.wav
1054,WSI,Anger,Unspecified,1054_WSI_ANG_XX.wav
1034,DFA,Sad,Unspecified,1034_DFA_SAD_XX.wav
1086,TIE,Neutral,Unspecified,1086_TIE_NEU_XX.wav
1021,DFA,Sad,Unspecified,1021_DFA_SAD_XX.wav
1058,ITS,Anger,Unspecified,1058_ITS_ANG_XX.wav
1054,TAI,Sad,Unspecified,1054_TAI_SAD_XX.wav
1005,IWL,Fear,Unspecified,1005_IWL_FEA_XX.wav
1070,IEO,Happy,Medium,1070_IEO_HAP_MD.wav
1065,IEO,Happy,Medium,1065_IEO_HAP_MD.wav
1010,IWL,Fear,Unspecified,1010_IWL_FEA_XX.wav
1041,TAI,Sad,Unspecified,1041_TAI_SAD_XX.wav
1051,IEO,Fear,Medium,1051_IEO_FEA_MD.wav
1024,IWL,Happy,Unspecified,1024_IWL_HAP_XX.wav
1031,IWL,Happy,Unspecified,1031_IWL_HAP_XX.wav
1009,IOM,Disgust,Unspecified,1009_IOM_DIS_XX.wav
1044,IEO,Fear,Medium,1044_IEO_FEA_MD.wav
1065,TSI,Sad,Unspecified,1065_TSI_SAD_XX.wav
1061,IEO,Happy,High,1061_IEO_HAP_HI.wav
1088,IOM,Sad,Unspecified,1088_IOM_SAD_XX.wav
1074,IEO,Happy,High,1074_IEO_HAP_HI.wav
1070,TSI,Sad,Unspecified,1070_TSI_SAD_XX.wav
1040,IEO,Fear,High,1040_IEO_FEA_HI.wav
1055,IEO,Fear,High,1055_IEO_FEA_HI.wav
1002,IWL,Sad,Unspecified,1002_IWL_SAD_XX.wav
1053,TAI,Fear,Unspecified,1053_TAI_FEA_XX.wav
1046,TAI,Fear,Unspecified,1046_TAI_FEA_XX.wav
1017,IWL,Sad,Unspecified,1017_IWL_SAD_XX.wav
1056,IEO,Sad,Medium,1056_IEO_SAD_MD.wav
1072,TAI,Happy,Unspecified,1072_TAI_HAP_XX.wav
1067,TAI,Happy,Unspecified,1067_TAI_HAP_XX.wav
1043,IEO,Sad,Medium,1043_IEO_SAD_MD.wav
1062,TSI,Fear,Unspecified,1062_TSI_FEA_XX.wav
1077,TSI,Fear,Unspecified,1077_TSI_FEA_XX.wav
1083,IWL,Disgust,Unspecified,1083_IWL_DIS_XX.wav
1047,IEO,Sad,High,1047_IEO_SAD_HI.wav
1043,TSI,Happy,Unspecified,1043_TSI_HAP_XX.wav
1056,TSI,Happy,Unspecified,1056_TSI_HAP_XX.wav
1052,IEO,Sad,High,1052_IEO_SAD_HI.wav
1020,IWL,Neutral,Unspecified,1020_IWL_NEU_XX.wav
1035,IWL,Neutral,Unspecified,1035_IWL_NEU_XX.wav
1062,IWL,Anger,Unspecified,1062_IWL_ANG_XX.wav
1077,IWL,Anger,Unspecified,1077_IWL_ANG_XX.wav
1036,IEO,Anger,Medium,1036_IEO_ANG_MD.wav
1023,IEO,Anger,Medium,1023_IEO_ANG_MD.wav
1027,IEO,Anger,High,1027_IEO_ANG_HI.wav
1032,IEO,Anger,High,1032_IEO_ANG_HI.wav
1034,TAI,Anger,Unspecified,1034_TAI_ANG_XX.wav
1089,MTI,Happy,Unspecified,1089_MTI_HAP_XX.wav
1021,TAI,Anger,Unspecified,1021_TAI_ANG_XX.wav
1076,TAI,Neutral,Unspecified,1076_TAI_NEU_XX.wav
1038,ITS,Sad,Unspecified,1038_ITS_SAD_XX.wav
1063,TAI,Neutral,Unspecified,1063_TAI_NEU_XX.wav
1047,TSI,Neutral,Unspecified,1047_TSI_NEU_XX.wav
1052,TSI,Neutral,Unspecified,1052_TSI_NEU_XX.wav
1005,TSI,Anger,Unspecified,1005_TSI_ANG_XX.wav
1010,TSI,Anger,Unspecified,1010_TSI_ANG_XX.wav
1037,ITS,Fear,Unspecified,1037_ITS_FEA_XX.wav
1028,IWL,Neutral,Unspecified,1028_IWL_NEU_XX.wav
1022,ITS,Fear,Unspecified,1022_ITS_FEA_XX.wav
1016,ITS,Happy,Unspecified,1016_ITS_HAP_XX.wav
1003,ITS,Happy,Unspecified,1003_ITS_HAP_XX.wav
1026,MTI,Disgust,Unspecified,1026_MTI_DIS_XX.wav
1033,MTI,Disgust,Unspecified,1033_MTI_DIS_XX.wav
1081,MTI,Happy,Unspecified,1081_MTI_HAP_XX.wav
1029,TAI,Anger,Unspecified,1029_TAI_ANG_XX.wav
1030,ITS,Sad,Unspecified,1030_ITS_SAD_XX.wav
1025,ITS,Sad,Unspecified,1025_ITS_SAD_XX.wav
1018,TSI,Anger,Unspecified,1018_TSI_ANG_XX.wav
1050,ITS,Anger,Unspecified,1050_ITS_ANG_XX.wav
1045,ITS,Anger,Unspecified,1045_ITS_ANG_XX.wav
1039,IWL,Happy,Unspecified,1039_IWL_HAP_XX.wav
1001,IOM,Disgust,Unspecified,1001_IOM_DIS_XX.wav
1059,IEO,Fear,Medium,1059_IEO_FEA_MD.wav
1014,IOM,Disgust,Unspecified,1014_IOM_DIS_XX.wav
1018,IWL,Fear,Unspecified,1018_IWL_FEA_XX.wav
1012,ITS,Neutral,Unspecified,1012_ITS_NEU_XX.wav
1049,TAI,Sad,Unspecified,1049_TAI_SAD_XX.wav
1007,ITS,Neutral,Unspecified,1007_ITS_NEU_XX.wav
1078,IEO,Happy,Medium,1078_IEO_HAP_MD.wav
1048,IEO,Fear,High,1048_IEO_FEA_HI.wav
1080,IOM,Sad,Unspecified,1080_IOM_SAD_XX.wav
1078,TSI,Sad,Unspecified,1078_TSI_SAD_XX.wav
1069,IEO,Happy,High,1069_IEO_HAP_HI.wav
1085,MTI,Neutral,Unspecified,1085_MTI_NEU_XX.wav
1090,MTI,Neutral,Unspecified,1090_MTI_NEU_XX.wav
1087,IOM,Fear,Unspecified,1087_IOM_FEA_XX.wav
1018,IEO,Anger,Low,1018_IEO_ANG_LO.wav
1049,WSI,Anger,Unspecified,1049_WSI_ANG_XX.wav
1029,DFA,Sad,Unspecified,1029_DFA_SAD_XX.wav
1038,TIE,Disgust,Unspecified,1038_TIE_DIS_XX.wav
1029,WSI,Sad,Unspecified,1029_WSI_SAD_XX.wav
1090,IWW,Sad,Unspecified,1090_IWW_SAD_XX.wav
1085,IWW,Sad,Unspecified,1085_IWW_SAD_XX.wav
1049,DFA,Anger,Unspecified,1049_DFA_ANG_XX.wav
1011,IWW,Disgust,Unspecified,1011_IWW_DIS_XX.wav
1004,IWW,Disgust,Unspecified,1004_IWW_DIS_XX.wav
1088,ITH,Neutral,Unspecified,1088_ITH_NEU_XX.wav
1082,IWW,Fear,Unspecified,1082_IWW_FEA_XX.wav
1078,IEO,Sad,Low,1078_IEO_SAD_LO.wav
1090,WSI,Neutral,Unspecified,1090_WSI_NEU_XX.wav
1017,ITH,Happy,Unspecified,1017_ITH_HAP_XX.wav
1026,DFA,Disgust,Unspecified,1026_DFA_DIS_XX.wav
1033,DFA,Disgust,Unspecified,1033_DFA_DIS_XX.wav
1002,ITH,Happy,Unspecified,1002_ITH_HAP_XX.wav
1085,WSI,Neutral,Unspecified,1085_WSI_NEU_XX.wav
1036,ITH,Fear,Unspecified,1036_ITH_FEA_XX.wav
1029,IWW,Neutral,Unspecified,1029_IWW_NEU_XX.wav
1023,ITH,Fear,Unspecified,1023_ITH_FEA_XX.wav
1015,TIE,Neutral,Unspecified,1015_TIE_NEU_XX.wav
1042,TIE,Anger,Unspecified,1042_TIE_ANG_XX.wav
1057,TIE,Anger,Unspecified,1057_TIE_ANG_XX.wav
1031,ITH,Sad,Unspecified,1031_ITH_SAD_XX.wav
1024,ITH,Sad,Unspecified,1024_ITH_SAD_XX.wav
1022,IEO,Neutral,Unspecified,1022_IEO_NEU_XX.wav
1037,IEO,Neutral,Unspecified,1037_IEO_NEU_XX.wav
1081,DFA,Happy,Unspecified,1081_DFA_HAP_XX.wav
1083,IEO,Anger,Low,1083_IEO_ANG_LO.wav
1019,IWW,Fear,Unspecified,1019_IWW_FEA_XX.wav
1013,ITH,Neutral,Unspecified,1013_ITH_NEU_XX.wav
1081,WSI,Happy,Unspecified,1081_WSI_HAP_XX.wav
1006,ITH,Neutral,Unspecified,1006_ITH_NEU_XX.wav
1038,IWW,Happy,Unspecified,1038_IWW_HAP_XX.wav
1077,IEO,Disgust,Low,1077_IEO_DIS_LO.wav
1062,IEO,Disgust,Low,1062_IEO_DIS_LO.wav
1051,ITH,Anger,Unspecified,1051_ITH_ANG_XX.wav
1044,ITH,Anger,Unspecified,1044_ITH_ANG_XX.wav
1025,TIE,Fear,Unspecified,1025_TIE_FEA_XX.wav
1030,TIE,Fear,Unspecified,1030_TIE_FEA_XX.wav
1004,TIE,Happy,Unspecified,1004_TIE_HAP_XX.wav
1011,TIE,Happy,Unspecified,1011_TIE_HAP_XX.wav
1022,TIE,Sad,Unspecified,1022_TIE_SAD_XX.wav
1033,WSI,Disgust,Unspecified,1033_WSI_DIS_XX.wav
1085,DFA,Neutral,Unspecified,1085_DFA_NEU_XX.wav
1090,DFA,Neutral,Unspecified,1090_DFA_NEU_XX.wav
1037,TIE,Sad,Unspecified,1037_TIE_SAD_XX.wav
1026,WSI,Disgust,Unspecified,1026_WSI_DIS_XX.wav
1083,TSI,Anger,Unspecified,1083_TSI_ANG_XX.wav
1039,IOM,Neutral,Unspecified,1039_IOM_NEU_XX.wav
1029,MTI,Sad,Unspecified,1029_MTI_SAD_XX.wav
1055,IEO,Disgust,High,1055_IEO_DIS_HI.wav
1091,IWL,Sad,Unspecified,1091_IWL_SAD_XX.wav
1084,IWL,Sad,Unspecified,1084_IWL_SAD_XX.wav
1040,IEO,Disgust,High,1040_IEO_DIS_HI.wav
1049,MTI,Anger,Unspecified,1049_MTI_ANG_XX.wav
1009,IOM,Fear,Unspecified,1009_IOM_FEA_XX.wav
1044,IEO,Disgust,Medium,1044_IEO_DIS_MD.wav
1051,IEO,Disgust,Medium,1051_IEO_DIS_MD.wav
1028,IOM,Happy,Unspecified,1028_IOM_HAP_XX.wav
1010,IWL,Disgust,Unspecified,1010_IWL_DIS_XX.wav
1005,IWL,Disgust,Unspecified,1005_IWL_DIS_XX.wav
1089,ITS,Neutral,Unspecified,1089_ITS_NEU_XX.wav
1083,IWL,Fear,Unspecified,1083_IWL_FEA_XX.wav
1077,TSI,Disgust,Unspecified,1077_TSI_DIS_XX.wav
1062,TSI,Disgust,Unspecified,1062_TSI_DIS_XX.wav
1046,TAI,Disgust,Unspecified,1046_TAI_DIS_XX.wav
1053,TAI,Disgust,Unspecified,1053_TAI_DIS_XX.wav
1058,TAI,Anger,Unspecified,1058_TAI_ANG_XX.wav
1054,ITS,Sad,Unspecified,1054_ITS_SAD_XX.wav
1041,ITS,Sad,Unspecified,1041_ITS_SAD_XX.wav
1084,IOM,Anger,Unspecified,1084_IOM_ANG_XX.wav
1069,TSI,Anger,Unspecified,1069_TSI_ANG_XX.wav
1091,IOM,Anger,Unspecified,1091_IOM_ANG_XX.wav
1072,ITS,Happy,Unspecified,1072_ITS_HAP_XX.wav
1067,ITS,Happy,Unspecified,1067_ITS_HAP_XX.wav
1059,IWL,Neutral,Unspecified,1059_IWL_NEU_XX.wav
1053,ITS,Fear,Unspecified,1053_ITS_FEA_XX.wav
1046,ITS,Fear,Unspecified,1046_ITS_FEA_XX.wav
1042,MTI,Disgust,Unspecified,1042_MTI_DIS_XX.wav
1057,MTI,Disgust,Unspecified,1057_MTI_DIS_XX.wav
1034,ITS,Anger,Unspecified,1034_ITS_ANG_XX.wav
1021,ITS,Anger,Unspecified,1021_ITS_ANG_XX.wav
1009,IEO,Happy,Medium,1009_IEO_HAP_MD.wav
1069,IWL,Fear,Unspecified,1069_IWL_FEA_XX.wav
1063,ITS,Neutral,Unspecified,1063_ITS_NEU_XX.wav
1038,TAI,Sad,Unspecified,1038_TAI_SAD_XX.wav
1065,IOM,Disgust,Unspecified,1065_IOM_DIS_XX.wav
1028,IEO,Fear,Medium,1028_IEO_FEA_MD.wav
1088,TSI,Disgust,Unspecified,1088_TSI_DIS_XX.wav
1048,IWL,Happy,Unspecified,1048_IWL_HAP_XX.wav
1070,IOM,Disgust,Unspecified,1070_IOM_DIS_XX.wav
1018,IEO,Happy,High,1018_IEO_HAP_HI.wav
1009,TSI,Sad,Unspecified,1009_TSI_SAD_XX.wav
1039,IEO,Fear,High,1039_IEO_FEA_HI.wav
1081,IWW,Anger,Unspecified,1081_IWW_ANG_XX.wav
1038,WSI,Anger,Unspecified,1038_WSI_ANG_XX.wav
1058,DFA,Sad,Unspecified,1058_DFA_SAD_XX.wav
1069,IEO,Anger,Low,1069_IEO_ANG_LO.wav
1088,IEO,Disgust,Low,1088_IEO_DIS_LO.wav
1009,IEO,Sad,Low,1009_IEO_SAD_LO.wav
1049,TIE,Disgust,Unspecified,1049_TIE_DIS_XX.wav
1058,WSI,Sad,Unspecified,1058_WSI_SAD_XX.wav
1038,DFA,Anger,Unspecified,1038_DFA_ANG_XX.wav
1075,IWW,Disgust,Unspecified,1075_IWW_DIS_XX.wav
1060,IWW,Disgust,Unspecified,1060_IWW_DIS_XX.wav
1055,ITH,Sad,Unspecified,1055_ITH_SAD_XX.wav
1040,ITH,Sad,Unspecified,1040_ITH_SAD_XX.wav
1046,IEO,Neutral,Unspecified,1046_IEO_NEU_XX.wav
1053,IEO,Neutral,Unspecified,1053_IEO_NEU_XX.wav
1058,IWW,Neutral,Unspecified,1058_IWW_NEU_XX.wav
1052,ITH,Fear,Unspecified,1052_ITH_FEA_XX.wav
1047,ITH,Fear,Unspecified,1047_ITH_FEA_XX.wav
1042,DFA,Disgust,Unspecified,1042_DFA_DIS_XX.wav
1073,ITH,Happy,Unspecified,1073_ITH_HAP_XX.wav
1066,ITH,Happy,Unspecified,1066_ITH_HAP_XX.wav
1057,DFA,Disgust,Unspecified,1057_DFA_DIS_XX.wav
1064,TIE,Neutral,Unspecified,1064_TIE_NEU_XX.wav
1071,TIE,Neutral,Unspecified,1071_TIE_NEU_XX.wav
1026,TIE,Anger,Unspecified,1026_TIE_ANG_XX.wav
1033,TIE,Anger,Unspecified,1033_TIE_ANG_XX.wav
1046,TIE,Sad,Unspecified,1046_TIE_SAD_XX.wav
1057,WSI,Disgust,Unspecified,1057_WSI_DIS_XX.wav
1053,TIE,Sad,Unspecified,1053_TIE_SAD_XX.wav
1042,WSI,Disgust,Unspecified,1042_WSI_DIS_XX.wav
1080,IEO,Fear,Low,1080_IEO_FEA_LO.wav
1049,IWW,Happy,Unspecified,1049_IWW_HAP_XX.wav
1077,ITH,Neutral,Unspecified,1077_ITH_NEU_XX.wav
1068,IWW,Fear,Unspecified,1068_IWW_FEA_XX.wav
1062,ITH,Neutral,Unspecified,1062_ITH_NEU_XX.wav
1035,ITH,Anger,Unspecified,1035_ITH_ANG_XX.wav
1020,ITH,Anger,Unspecified,1020_ITH_ANG_XX.wav
1013,IEO,Disgust,Low,1013_IEO_DIS_LO.wav
1006,IEO,Disgust,Low,1006_IEO_DIS_LO.wav
1087,IEO,Sad,Low,1087_IEO_SAD_LO.wav
1060,TIE,Happy,Unspecified,1060_TIE_HAP_XX.wav
1075,TIE,Happy,Unspecified,1075_TIE_HAP_XX.wav
1041,TIE,Fear,Unspecified,1041_TIE_FEA_XX.wav
1054,TIE,Fear,Unspecified,1054_TIE_FEA_XX.wav
1058,MTI,Sad,Unspecified,1058_MTI_SAD_XX.wav
1080,IWL,Anger,Unspecified,1080_IWL_ANG_XX.wav
1081,TAI,Neutral,Unspecified,1081_TAI_NEU_XX.wav
1048,IOM,Neutral,Unspecified,1048_IOM_NEU_XX.wav
1013,TSI,Disgust,Unspecified,1013_TSI_DIS_XX.wav
1006,TSI,Disgust,Unspecified,1006_TSI_DIS_XX.wav
1087,IEO,Happy,Medium,1087_IEO_HAP_MD.wav
1022,TAI,Disgust,Unspecified,1022_TAI_DIS_XX.wav
1037,TAI,Disgust,Unspecified,1037_TAI_DIS_XX.wav
1087,TSI,Sad,Unspecified,1087_TSI_SAD_XX.wav
1083,IEO,Happy,High,1083_IEO_HAP_HI.wav
1085,TAI,Happy,Unspecified,1085_TAI_HAP_XX.wav
1090,TAI,Happy,Unspecified,1090_TAI_HAP_XX.wav
1038,MTI,Anger,Unspecified,1038_MTI_ANG_XX.wav
1031,IEO,Disgust,High,1031_IEO_DIS_HI.wav
1024,IEO,Disgust,High,1024_IEO_DIS_HI.wav
1074,IWL,Disgust,Unspecified,1074_IWL_DIS_XX.wav
1059,IOM,Happy,Unspecified,1059_IOM_HAP_XX.wav
1061,IWL,Disgust,Unspecified,1061_IWL_DIS_XX.wav
1020,IEO,Disgust,Medium,1020_IEO_DIS_MD.wav
1035,IEO,Disgust,Medium,1035_IEO_DIS_MD.wav
1080,TSI,Fear,Unspecified,1080_TSI_FEA_XX.wav
1078,IOM,Fear,Unspecified,1078_IOM_FEA_XX.wav
1058,MTI,Disgust,Unspecified,1058_MTI_DIS_XX.wav
1051,IEO,Anger,High,1051_IEO_ANG_HI.wav
1044,IEO,Anger,High,1044_IEO_ANG_HI.wav
1068,ITS,Happy,Unspecified,1068_ITS_HAP_XX.wav
1056,IWL,Neutral,Unspecified,1056_IWL_NEU_XX.wav
1043,IWL,Neutral,Unspecified,1043_IWL_NEU_XX.wav
1049,ITS,Fear,Unspecified,1049_ITS_FEA_XX.wav
1014,IWL,Anger,Unspecified,1014_IWL_ANG_XX.wav
1001,IWL,Anger,Unspecified,1001_IWL_ANG_XX.wav
1040,IEO,Anger,Medium,1040_IEO_ANG_MD.wav
1055,IEO,Anger,Medium,1055_IEO_ANG_MD.wav
1031,TSI,Neutral,Unspecified,1031_TSI_NEU_XX.wav
1024,TSI,Neutral,Unspecified,1024_TSI_NEU_XX.wav
1073,TSI,Anger,Unspecified,1073_TSI_ANG_XX.wav
1066,TSI,Anger,Unspecified,1066_TSI_ANG_XX.wav
1042,TAI,Anger,Unspecified,1042_TAI_ANG_XX.wav
1057,TAI,Anger,Unspecified,1057_TAI_ANG_XX.wav
1015,TAI,Neutral,Unspecified,1015_TAI_NEU_XX.wav
1013,TSI,Sad,Unspecified,1013_TSI_SAD_XX.wav
1017,IEO,Happy,High,1017_IEO_HAP_HI.wav
1002,IEO,Happy,High,1002_IEO_HAP_HI.wav
1006,TSI,Sad,Unspecified,1006_TSI_SAD_XX.wav
1036,IEO,Fear,High,1036_IEO_FEA_HI.wav
1023,IEO,Fear,High,1023_IEO_FEA_HI.wav
1073,IWL,Fear,Unspecified,1073_IWL_FEA_XX.wav
1022,TAI,Sad,Unspecified,1022_TAI_SAD_XX.wav
1079,ITS,Neutral,Unspecified,1079_ITS_NEU_XX.wav
1006,IEO,Happy,Medium,1006_IEO_HAP_MD.wav
1013,IEO,Happy,Medium,1013_IEO_HAP_MD.wav
1037,TAI,Sad,Unspecified,1037_TAI_SAD_XX.wav
1066,IWL,Fear,Unspecified,1066_IWL_FEA_XX.wav
1027,IEO,Fear,Medium,1027_IEO_FEA_MD.wav
1052,IWL,Happy,Unspecified,1052_IWL_HAP_XX.wav
1047,IWL,Happy,Unspecified,1047_IWL_HAP_XX.wav
1032,IEO,Fear,Medium,1032_IEO_FEA_MD.wav
1087,TSI,Disgust,Unspecified,1087_TSI_DIS_XX.wav
1014,TSI,Fear,Unspecified,1014_TSI_FEA_XX.wav
1001,TSI,Fear,Unspecified,1001_TSI_FEA_XX.wav
1031,IEO,Sad,High,1031_IEO_SAD_HI.wav
1035,TSI,Happy,Unspecified,1035_TSI_HAP_XX.wav
1020,TSI,Happy,Unspecified,1020_TSI_HAP_XX.wav
1024,IEO,Sad,High,1024_IEO_SAD_HI.wav
1025,TAI,Fear,Unspecified,1025_TAI_FEA_XX.wav
1074,IWL,Sad,Unspecified,1074_IWL_SAD_XX.wav
1061,IWL,Sad,Unspecified,1061_IWL_SAD_XX.wav
1030,TAI,Fear,Unspecified,1030_TAI_FEA_XX.wav
1020,IEO,Sad,Medium,1020_IEO_SAD_MD.wav
1004,TAI,Happy,Unspecified,1004_TAI_HAP_XX.wav
1011,TAI,Happy,Unspecified,1011_TAI_HAP_XX.wav
1035,IEO,Sad,Medium,1035_IEO_SAD_MD.wav
1064,DFA,Happy,Unspecified,1064_DFA_HAP_XX.wav
1055,ITH,Disgust,Unspecified,1055_ITH_DIS_XX.wav
1040,ITH,Disgust,Unspecified,1040_ITH_DIS_XX.wav
1071,DFA,Happy,Unspecified,1071_DFA_HAP_XX.wav
1045,DFA,Fear,Unspecified,1045_DFA_FEA_XX.wav
1073,IEO,Anger,Low,1073_IEO_ANG_LO.wav
1066,IEO,Anger,Low,1066_IEO_ANG_LO.wav
1050,DFA,Fear,Unspecified,1050_DFA_FEA_XX.wav
1042,DFA,Sad,Unspecified,1042_DFA_SAD_XX.wav
1057,DFA,Sad,Unspecified,1057_DFA_SAD_XX.wav
1075,WSI,Neutral,Unspecified,1075_WSI_NEU_XX.wav
1060,WSI,Neutral,Unspecified,1060_WSI_NEU_XX.wav
1037,WSI,Anger,Unspecified,1037_WSI_ANG_XX.wav
1022,WSI,Anger,Unspecified,1022_WSI_ANG_XX.wav
1035,IEO,Happy,Low,1035_IEO_HAP_LO.wav
1020,IEO,Happy,Low,1020_IEO_HAP_LO.wav
1022,DFA,Anger,Unspecified,1022_DFA_ANG_XX.wav
1014,IEO,Fear,Low,1014_IEO_FEA_LO.wav
1001,IEO,Fear,Low,1001_IEO_FEA_LO.wav
1037,DFA,Anger,Unspecified,1037_DFA_ANG_XX.wav
1060,DFA,Neutral,Unspecified,1060_DFA_NEU_XX.wav
1075,DFA,Neutral,Unspecified,1075_DFA_NEU_XX.wav
1057,WSI,Sad,Unspecified,1057_WSI_SAD_XX.wav
1046,TIE,Disgust,Unspecified,1046_TIE_DIS_XX.wav
1042,WSI,Sad,Unspecified,1042_WSI_SAD_XX.wav
1053,TIE,Disgust,Unspecified,1053_TIE_DIS_XX.wav
1013,IEO,Sad,Low,1013_IEO_SAD_LO.wav
1006,IEO,Sad,Low,1006_IEO_SAD_LO.wav
1087,IEO,Disgust,Low,1087_IEO_DIS_LO.wav
1071,WSI,Happy,Unspecified,1071_WSI_HAP_XX.wav
1064,WSI,Happy,Unspecified,1064_WSI_HAP_XX.wav
1050,WSI,Fear,Unspecified,1050_WSI_FEA_XX.wav
1045,WSI,Fear,Unspecified,1045_WSI_FEA_XX.wav
1029,TIE,Anger,Unspecified,1029_TIE_ANG_XX.wav
1015,IWW,Anger,Unspecified,1015_IWW_ANG_XX.wav
1057,IWW,Neutral,Unspecified,1057_IWW_NEU_XX.wav
1042,IWW,Neutral,Unspecified,1042_IWW_NEU_XX.wav
1048,ITH,Fear,Unspecified,1048_ITH_FEA_XX.wav
1058,DFA,Disgust,Unspecified,1058_DFA_DIS_XX.wav
1069,ITH,Happy,Unspecified,1069_ITH_HAP_XX.wav
1049,IEO,Neutral,Unspecified,1049_IEO_NEU_XX.wav
1088,IEO,Sad,Low,1088_IEO_SAD_LO.wav
1053,IWW,Happy,Unspecified,1053_IWW_HAP_XX.wav
1046,IWW,Happy,Unspecified,1046_IWW_HAP_XX.wav
1072,IWW,Fear,Unspecified,1072_IWW_FEA_XX.wav
1078,ITH,Neutral,Unspecified,1078_ITH_NEU_XX.wav
1067,IWW,Fear,Unspecified,1067_IWW_FEA_XX.wav
1009,IEO,Disgust,Low,1009_IEO_DIS_LO.wav
1058,WSI,Disgust,Unspecified,1058_WSI_DIS_XX.wav
1049,TIE,Sad,Unspecified,1049_TIE_SAD_XX.wav
1075,IWW,Sad,Unspecified,1075_IWW_SAD_XX.wav
1060,IWW,Sad,Unspecified,1060_IWW_SAD_XX.wav
1005,IOM,Anger,Unspecified,1005_IOM_ANG_XX.wav
1010,IOM,Anger,Unspecified,1010_IOM_ANG_XX.wav
1047,IOM,Neutral,Unspecified,1047_IOM_NEU_XX.wav
1052,IOM,Neutral,Unspecified,1052_IOM_NEU_XX.wav
1054,ITS,Disgust,Unspecified,1054_ITS_DIS_XX.wav
1041,ITS,Disgust,Unspecified,1041_ITS_DIS_XX.wav
1045,MTI,Fear,Unspecified,1045_MTI_FEA_XX.wav
1050,MTI,Fear,Unspecified,1050_MTI_FEA_XX.wav
1064,MTI,Happy,Unspecified,1064_MTI_HAP_XX.wav
1071,MTI,Happy,Unspecified,1071_MTI_HAP_XX.wav
1042,MTI,Sad,Unspecified,1042_MTI_SAD_XX.wav
1057,MTI,Sad,Unspecified,1057_MTI_SAD_XX.wav
1043,IOM,Happy,Unspecified,1043_IOM_HAP_XX.wav
1056,IOM,Happy,Unspecified,1056_IOM_HAP_XX.wav
1062,IOM,Fear,Unspecified,1062_IOM_FEA_XX.wav
1077,IOM,Fear,Unspecified,1077_IOM_FEA_XX.wav
1060,MTI,Neutral,Unspecified,1060_MTI_NEU_XX.wav
1075,MTI,Neutral,Unspecified,1075_MTI_NEU_XX.wav
1022,MTI,Anger,Unspecified,1022_MTI_ANG_XX.wav
1037,MTI,Anger,Unspecified,1037_MTI_ANG_XX.wav
1038,TAI,Disgust,Unspecified,1038_TAI_DIS_XX.wav
1065,IOM,Sad,Unspecified,1065_IOM_SAD_XX.wav
1070,IOM,Sad,Unspecified,1070_IOM_SAD_XX.wav
1088,TSI,Sad,Unspecified,1088_TSI_SAD_XX.wav
1009,TSI,Disgust,Unspecified,1009_TSI_DIS_XX.wav
1088,IEO,Happy,Medium,1088_IEO_HAP_MD.wav
1055,TSI,Neutral,Unspecified,1055_TSI_NEU_XX.wav
1040,TSI,Neutral,Unspecified,1040_TSI_NEU_XX.wav
1017,TSI,Anger,Unspecified,1017_TSI_ANG_XX.wav
1002,TSI,Anger,Unspecified,1002_TSI_ANG_XX.wav
1026,TAI,Anger,Unspecified,1026_TAI_ANG_XX.wav
1033,TAI,Anger,Unspecified,1033_TAI_ANG_XX.wav
1064,TAI,Neutral,Unspecified,1064_TAI_NEU_XX.wav
1071,TAI,Neutral,Unspecified,1071_TAI_NEU_XX.wav
1035,IEO,Anger,High,1035_IEO_ANG_HI.wav
1020,IEO,Anger,High,1020_IEO_ANG_HI.wav
1029,MTI,Disgust,Unspecified,1029_MTI_DIS_XX.wav
1032,IWL,Neutral,Unspecified,1032_IWL_NEU_XX.wav
1038,ITS,Fear,Unspecified,1038_ITS_FEA_XX.wav
1027,IWL,Neutral,Unspecified,1027_IWL_NEU_XX.wav
1019,ITS,Happy,Unspecified,1019_ITS_HAP_XX.wav
1024,IEO,Anger,Medium,1024_IEO_ANG_MD.wav
1031,IEO,Anger,Medium,1031_IEO_ANG_MD.wav
1070,IWL,Anger,Unspecified,1070_IWL_ANG_XX.wav
1065,IWL,Anger,Unspecified,1065_IWL_ANG_XX.wav
1091,IWL,Disgust,Unspecified,1091_IWL_DIS_XX.wav
1055,IEO,Sad,High,1055_IEO_SAD_HI.wav
1051,TSI,Happy,Unspecified,1051_TSI_HAP_XX.wav
1044,TSI,Happy,Unspecified,1044_TSI_HAP_XX.wav
1040,IEO,Sad,High,1040_IEO_SAD_HI.wav
1084,IWL,Disgust,Unspecified,1084_IWL_DIS_XX.wav
1070,TSI,Fear,Unspecified,1070_TSI_FEA_XX.wav
1088,IOM,Fear,Unspecified,1088_IOM_FEA_XX.wav
1065,TSI,Fear,Unspecified,1065_TSI_FEA_XX.wav
1044,IEO,Sad,Medium,1044_IEO_SAD_MD.wav
1060,TAI,Happy,Unspecified,1060_TAI_HAP_XX.wav
1075,TAI,Happy,Unspecified,1075_TAI_HAP_XX.wav
1051,IEO,Sad,Medium,1051_IEO_SAD_MD.wav
1010,IWL,Sad,Unspecified,1010_IWL_SAD_XX.wav
1041,TAI,Fear,Unspecified,1041_TAI_FEA_XX.wav
1054,TAI,Fear,Unspecified,1054_TAI_FEA_XX.wav
1005,IWL,Sad,Unspecified,1005_IWL_SAD_XX.wav
1052,IEO,Fear,High,1052_IEO_FEA_HI.wav
1047,IEO,Fear,High,1047_IEO_FEA_HI.wav
1077,TSI,Sad,Unspecified,1077_TSI_SAD_XX.wav
1073,IEO,Happy,High,1073_IEO_HAP_HI.wav
1066,IEO,Happy,High,1066_IEO_HAP_HI.wav
1062,TSI,Sad,Unspecified,1062_TSI_SAD_XX.wav
1043,IEO,Fear,Medium,1043_IEO_FEA_MD.wav
1036,IWL,Happy,Unspecified,1036_IWL_HAP_XX.wav
1023,IWL,Happy,Unspecified,1023_IWL_HAP_XX.wav
1056,IEO,Fear,Medium,1056_IEO_FEA_MD.wav
1046,TAI,Sad,Unspecified,1046_TAI_SAD_XX.wav
1017,IWL,Fear,Unspecified,1017_IWL_FEA_XX.wav
1062,IEO,Happy,Medium,1062_IEO_HAP_MD.wav
1077,IEO,Happy,Medium,1077_IEO_HAP_MD.wav
1002,IWL,Fear,Unspecified,1002_IWL_FEA_XX.wav
1053,TAI,Sad,Unspecified,1053_TAI_SAD_XX.wav
1008,ITS,Neutral,Unspecified,1008_ITS_NEU_XX.wav
1026,DFA,Sad,Unspecified,1026_DFA_SAD_XX.wav
1081,TIE,Neutral,Unspecified,1081_TIE_NEU_XX.wav
1033,DFA,Sad,Unspecified,1033_DFA_SAD_XX.wav
1011,WSI,Neutral,Unspecified,1011_WSI_NEU_XX.wav
1004,WSI,Neutral,Unspecified,1004_WSI_NEU_XX.wav
1083,ITH,Happy,Unspecified,1083_ITH_HAP_XX.wav
1053,WSI,Anger,Unspecified,1053_WSI_ANG_XX.wav
1046,WSI,Anger,Unspecified,1046_WSI_ANG_XX.wav
1017,IEO,Anger,Low,1017_IEO_ANG_LO.wav
1021,DFA,Fear,Unspecified,1021_DFA_FEA_XX.wav
1034,DFA,Fear,Unspecified,1034_DFA_FEA_XX.wav
1002,IEO,Anger,Low,1002_IEO_ANG_LO.wav
1031,ITH,Disgust,Unspecified,1031_ITH_DIS_XX.wav
1015,DFA,Happy,Unspecified,1015_DFA_HAP_XX.wav
1024,ITH,Disgust,Unspecified,1024_ITH_DIS_XX.wav
1085,TIE,Happy,Unspecified,1085_TIE_HAP_XX.wav
1090,TIE,Happy,Unspecified,1090_TIE_HAP_XX.wav
1077,IEO,Sad,Low,1077_IEO_SAD_LO.wav
1062,IEO,Sad,Low,1062_IEO_SAD_LO.wav
1034,WSI,Fear,Unspecified,1034_WSI_FEA_XX.wav
1021,WSI,Fear,Unspecified,1021_WSI_FEA_XX.wav
1015,WSI,Happy,Unspecified,1015_WSI_HAP_XX.wav
1087,ITH,Neutral,Unspecified,1087_ITH_NEU_XX.wav
1070,IEO,Fear,Low,1070_IEO_FEA_LO.wav
1046,DFA,Anger,Unspecified,1046_DFA_ANG_XX.wav
1053,DFA,Anger,Unspecified,1053_DFA_ANG_XX.wav
1065,IEO,Fear,Low,1065_IEO_FEA_LO.wav
1051,IEO,Happy,Low,1051_IEO_HAP_LO.wav
1044,IEO,Happy,Low,1044_IEO_HAP_LO.wav
1004,DFA,Neutral,Unspecified,1004_DFA_NEU_XX.wav
1011,DFA,Neutral,Unspecified,1011_DFA_NEU_XX.wav
1033,WSI,Sad,Unspecified,1033_WSI_SAD_XX.wav
1022,TIE,Disgust,Unspecified,1022_TIE_DIS_XX.wav
1026,WSI,Sad,Unspecified,1026_WSI_SAD_XX.wav
1037,TIE,Disgust,Unspecified,1037_TIE_DIS_XX.wav
1038,IEO,Neutral,Unspecified,1038_IEO_NEU_XX.wav
1058,TIE,Anger,Unspecified,1058_TIE_ANG_XX.wav
1071,IWW,Anger,Unspecified,1071_IWW_ANG_XX.wav
1064,IWW,Anger,Unspecified,1064_IWW_ANG_XX.wav
1029,DFA,Disgust,Unspecified,1029_DFA_DIS_XX.wav
1018,ITH,Happy,Unspecified,1018_ITH_HAP_XX.wav
1033,IWW,Neutral,Unspecified,1033_IWW_NEU_XX.wav
1039,ITH,Fear,Unspecified,1039_ITH_FEA_XX.wav
1026,IWW,Neutral,Unspecified,1026_IWW_NEU_XX.wav
1029,WSI,Disgust,Unspecified,1029_WSI_DIS_XX.wav
1038,TIE,Sad,Unspecified,1038_TIE_SAD_XX.wav
1090,IWW,Disgust,Unspecified,1090_IWW_DIS_XX.wav
1085,IWW,Disgust,Unspecified,1085_IWW_DIS_XX.wav
1011,IWW,Sad,Unspecified,1011_IWW_SAD_XX.wav
1004,IWW,Sad,Unspecified,1004_IWW_SAD_XX.wav
1016,IWW,Fear,Unspecified,1016_IWW_FEA_XX.wav
1003,IWW,Fear,Unspecified,1003_IWW_FEA_XX.wav
1009,ITH,Neutral,Unspecified,1009_ITH_NEU_XX.wav
1037,IWW,Happy,Unspecified,1037_IWW_HAP_XX.wav
1022,IWW,Happy,Unspecified,1022_IWW_HAP_XX.wav
1078,IEO,Disgust,Low,1078_IEO_DIS_LO.wav
1026,MTI,Sad,Unspecified,1026_MTI_SAD_XX.wav
1033,MTI,Sad,Unspecified,1033_MTI_SAD_XX.wav
1082,ITS,Happy,Unspecified,1082_ITS_HAP_XX.wav
1061,IOM,Anger,Unspecified,1061_IOM_ANG_XX.wav
1074,IOM,Anger,Unspecified,1074_IOM_ANG_XX.wav
1030,ITS,Disgust,Unspecified,1030_ITS_DIS_XX.wav
1025,ITS,Disgust,Unspecified,1025_ITS_DIS_XX.wav
1023,IOM,Neutral,Unspecified,1023_IOM_NEU_XX.wav
1036,IOM,Neutral,Unspecified,1036_IOM_NEU_XX.wav
1015,MTI,Happy,Unspecified,1015_MTI_HAP_XX.wav
1021,MTI,Fear,Unspecified,1021_MTI_FEA_XX.wav
1034,MTI,Fear,Unspecified,1034_MTI_FEA_XX.wav
1001,IOM,Sad,Unspecified,1001_IOM_SAD_XX.wav
1014,IOM,Sad,Unspecified,1014_IOM_SAD_XX.wav
1049,TAI,Disgust,Unspecified,1049_TAI_DIS_XX.wav
1086,ITS,Neutral,Unspecified,1086_ITS_NEU_XX.wav
1078,TSI,Disgust,Unspecified,1078_TSI_DIS_XX.wav
1080,IOM,Disgust,Unspecified,1080_IOM_DIS_XX.wav
1006,IOM,Fear,Unspecified,1006_IOM_FEA_XX.wav
1013,IOM,Fear,Unspecified,1013_IOM_FEA_XX.wav
1027,IOM,Happy,Unspecified,1027_IOM_HAP_XX.wav
1032,IOM,Happy,Unspecified,1032_IOM_HAP_XX.wav
1004,MTI,Neutral,Unspecified,1004_MTI_NEU_XX.wav
1011,MTI,Neutral,Unspecified,1011_MTI_NEU_XX.wav
1046,MTI,Anger,Unspecified,1046_MTI_ANG_XX.wav
1053,MTI,Anger,Unspecified,1053_MTI_ANG_XX.wav
1054,TAI,Disgust,Unspecified,1054_TAI_DIS_XX.wav
1041,TAI,Disgust,Unspecified,1041_TAI_DIS_XX.wav
1009,IOM,Sad,Unspecified,1009_IOM_SAD_XX.wav
1065,TSI,Disgust,Unspecified,1065_TSI_DIS_XX.wav
1070,TSI,Disgust,Unspecified,1070_TSI_DIS_XX.wav
1088,IOM,Disgust,Unspecified,1088_IOM_DIS_XX.wav
1084,IWL,Fear,Unspecified,1084_IWL_FEA_XX.wav
1091,IWL,Fear,Unspecified,1091_IWL_FEA_XX.wav
1002,IWL,Disgust,Unspecified,1002_IWL_DIS_XX.wav
1017,IWL,Disgust,Unspecified,1017_IWL_DIS_XX.wav
1056,IEO,Disgust,Medium,1056_IEO_DIS_MD.wav
1043,IEO,Disgust,Medium,1043_IEO_DIS_MD.wav
1019,MTI,Neutral,Unspecified,1019_MTI_NEU_XX.wav
1047,IEO,Disgust,High,1047_IEO_DIS_HI.wav
1083,IWL,Sad,Unspecified,1083_IWL_SAD_XX.wav
1052,IEO,Disgust,High,1052_IEO_DIS_HI.wav
1084,TSI,Anger,Unspecified,1084_TSI_ANG_XX.wav
1091,TSI,Anger,Unspecified,1091_TSI_ANG_XX.wav
1069,IOM,Anger,Unspecified,1069_IOM_ANG_XX.wav
1038,ITS,Disgust,Unspecified,1038_ITS_DIS_XX.wav
1029,MTI,Fear,Unspecified,1029_MTI_FEA_XX.wav
1008,MTI,Happy,Unspecified,1008_MTI_HAP_XX.wav
1021,WSI,Disgust,Unspecified,1021_WSI_DIS_XX.wav
1030,TIE,Sad,Unspecified,1030_TIE_SAD_XX.wav
1082,DFA,Neutral,Unspecified,1082_DFA_NEU_XX.wav
1034,WSI,Disgust,Unspecified,1034_WSI_DIS_XX.wav
1025,TIE,Sad,Unspecified,1025_TIE_SAD_XX.wav
1019,IWW,Sad,Unspecified,1019_IWW_SAD_XX.wav
1016,TIE,Happy,Unspecified,1016_TIE_HAP_XX.wav
1003,TIE,Happy,Unspecified,1003_TIE_HAP_XX.wav
1037,TIE,Fear,Unspecified,1037_TIE_FEA_XX.wav
1022,TIE,Fear,Unspecified,1022_TIE_FEA_XX.wav
1001,ITH,Neutral,Unspecified,1001_ITH_NEU_XX.wav
1086,WSI,Happy,Unspecified,1086_WSI_HAP_XX.wav
1014,ITH,Neutral,Unspecified,1014_ITH_NEU_XX.wav
1043,ITH,Anger,Unspecified,1043_ITH_ANG_XX.wav
1056,ITH,Anger,Unspecified,1056_ITH_ANG_XX.wav
1065,IEO,Disgust,Low,1065_IEO_DIS_LO.wav
1070,IEO,Disgust,Low,1070_IEO_DIS_LO.wav
1084,IEO,Anger,Low,1084_IEO_ANG_LO.wav
1091,IEO,Anger,Low,1091_IEO_ANG_LO.wav
1086,DFA,Happy,Unspecified,1086_DFA_HAP_XX.wav
1023,ITH,Sad,Unspecified,1023_ITH_SAD_XX.wav
1036,ITH,Sad,Unspecified,1036_ITH_SAD_XX.wav
1030,IEO,Neutral,Unspecified,1030_IEO_NEU_XX.wav
1025,IEO,Neutral,Unspecified,1025_IEO_NEU_XX.wav
1012,TIE,Neutral,Unspecified,1012_TIE_NEU_XX.wav
1007,TIE,Neutral,Unspecified,1007_TIE_NEU_XX.wav
1050,TIE,Anger,Unspecified,1050_TIE_ANG_XX.wav
1045,TIE,Anger,Unspecified,1045_TIE_ANG_XX.wav
1079,IWW,Anger,Unspecified,1079_IWW_ANG_XX.wav
1024,ITH,Fear,Unspecified,1024_ITH_FEA_XX.wav
1031,ITH,Fear,Unspecified,1031_ITH_FEA_XX.wav
1082,WSI,Neutral,Unspecified,1082_WSI_NEU_XX.wav
1005,ITH,Happy,Unspecified,1005_ITH_HAP_XX.wav
1034,DFA,Disgust,Unspecified,1034_DFA_DIS_XX.wav
1021,DFA,Disgust,Unspecified,1021_DFA_DIS_XX.wav
1010,ITH,Happy,Unspecified,1010_ITH_HAP_XX.wav
1085,IWW,Fear,Unspecified,1085_IWW_FEA_XX.wav
1090,IWW,Fear,Unspecified,1090_IWW_FEA_XX.wav
1029,WSI,Fear,Unspecified,1029_WSI_FEA_XX.wav
1059,IEO,Happy,Low,1059_IEO_HAP_LO.wav
1078,IEO,Fear,Low,1078_IEO_FEA_LO.wav
1019,DFA,Neutral,Unspecified,1019_DFA_NEU_XX.wav
1003,IWW,Disgust,Unspecified,1003_IWW_DIS_XX.wav
1016,IWW,Disgust,Unspecified,1016_IWW_DIS_XX.wav
1082,IWW,Sad,Unspecified,1082_IWW_SAD_XX.wav
1089,TIE,Neutral,Unspecified,1089_TIE_NEU_XX.wav
1019,WSI,Neutral,Unspecified,1019_WSI_NEU_XX.wav
1039,ITH,Disgust,Unspecified,1039_ITH_DIS_XX.wav
1008,DFA,Happy,Unspecified,1008_DFA_HAP_XX.wav
1029,DFA,Fear,Unspecified,1029_DFA_FEA_XX.wav
1078,TSI,Fear,Unspecified,1078_TSI_FEA_XX.wav
1080,IOM,Fear,Unspecified,1080_IOM_FEA_XX.wav
1048,IEO,Sad,High,1048_IEO_SAD_HI.wav
1059,TSI,Happy,Unspecified,1059_TSI_HAP_XX.wav
1018,IWL,Sad,Unspecified,1018_IWL_SAD_XX.wav
1049,TAI,Fear,Unspecified,1049_TAI_FEA_XX.wav
1059,IEO,Sad,Medium,1059_IEO_SAD_MD.wav
1068,TAI,Happy,Unspecified,1068_TAI_HAP_XX.wav
1082,MTI,Neutral,Unspecified,1082_MTI_NEU_XX.wav
1087,IOM,Sad,Unspecified,1087_IOM_SAD_XX.wav
1042,ITS,Anger,Unspecified,1042_ITS_ANG_XX.wav
1057,ITS,Anger,Unspecified,1057_ITS_ANG_XX.wav
1015,ITS,Neutral,Unspecified,1015_ITS_NEU_XX.wav
1013,IOM,Disgust,Unspecified,1013_IOM_DIS_XX.wav
1006,IOM,Disgust,Unspecified,1006_IOM_DIS_XX.wav
1048,TSI,Neutral,Unspecified,1048_TSI_NEU_XX.wav
1086,MTI,Happy,Unspecified,1086_MTI_HAP_XX.wav
1079,TAI,Neutral,Unspecified,1079_TAI_NEU_XX.wav
1022,ITS,Sad,Unspecified,1022_ITS_SAD_XX.wav
1037,ITS,Sad,Unspecified,1037_ITS_SAD_XX.wav
1034,MTI,Disgust,Unspecified,1034_MTI_DIS_XX.wav
1021,MTI,Disgust,Unspecified,1021_MTI_DIS_XX.wav
1028,IEO,Anger,High,1028_IEO_ANG_HI.wav
1004,ITS,Happy,Unspecified,1004_ITS_HAP_XX.wav
1011,ITS,Happy,Unspecified,1011_ITS_HAP_XX.wav
1025,ITS,Fear,Unspecified,1025_ITS_FEA_XX.wav
1030,ITS,Fear,Unspecified,1030_ITS_FEA_XX.wav
1078,IWL,Anger,Unspecified,1078_IWL_ANG_XX.wav
1039,IEO,Anger,Medium,1039_IEO_ANG_MD.wav
1087,TSI,Fear,Unspecified,1087_TSI_FEA_XX.wav
1032,IEO,Disgust,Medium,1032_IEO_DIS_MD.wav
1027,IEO,Disgust,Medium,1027_IEO_DIS_MD.wav
1066,IWL,Disgust,Unspecified,1066_IWL_DIS_XX.wav
1073,IWL,Disgust,Unspecified,1073_IWL_DIS_XX.wav
1068,MTI,Neutral,Unspecified,1068_MTI_NEU_XX.wav
1023,IEO,Disgust,High,1023_IEO_DIS_HI.wav
1036,IEO,Disgust,High,1036_IEO_DIS_HI.wav
1082,TAI,Happy,Unspecified,1082_TAI_HAP_XX.wav
1084,IEO,Happy,High,1084_IEO_HAP_HI.wav
1078,IOM,Sad,Unspecified,1078_IOM_SAD_XX.wav
1080,TSI,Sad,Unspecified,1080_TSI_SAD_XX.wav
1091,IEO,Happy,High,1091_IEO_HAP_HI.wav
1030,TAI,Disgust,Unspecified,1030_TAI_DIS_XX.wav
1025,TAI,Disgust,Unspecified,1025_TAI_DIS_XX.wav
1080,IEO,Happy,Medium,1080_IEO_HAP_MD.wav
1001,TSI,Disgust,Unspecified,1001_TSI_DIS_XX.wav
1014,TSI,Disgust,Unspecified,1014_TSI_DIS_XX.wav
1018,IOM,Anger,Unspecified,1018_IOM_ANG_XX.wav
1049,ITS,Disgust,Unspecified,1049_ITS_DIS_XX.wav
1086,TAI,Neutral,Unspecified,1086_TAI_NEU_XX.wav
1079,MTI,Happy,Unspecified,1079_MTI_HAP_XX.wav
1058,MTI,Fear,Unspecified,1058_MTI_FEA_XX.wav
1087,IWL,Anger,Unspecified,1087_IWL_ANG_XX.wav
1080,IEO,Sad,Low,1080_IEO_SAD_LO.wav
1053,TIE,Fear,Unspecified,1053_TIE_FEA_XX.wav
1046,TIE,Fear,Unspecified,1046_TIE_FEA_XX.wav
1072,TIE,Happy,Unspecified,1072_TIE_HAP_XX.wav
1067,TIE,Happy,Unspecified,1067_TIE_HAP_XX.wav
1065,ITH,Neutral,Unspecified,1065_ITH_NEU_XX.wav
1070,ITH,Neutral,Unspecified,1070_ITH_NEU_XX.wav
1001,IEO,Disgust,Low,1001_IEO_DIS_LO.wav
1014,IEO,Disgust,Low,1014_IEO_DIS_LO.wav
1027,ITH,Anger,Unspecified,1027_ITH_ANG_XX.wav
1032,ITH,Anger,Unspecified,1032_ITH_ANG_XX.wav
1045,WSI,Disgust,Unspecified,1045_WSI_DIS_XX.wav
1054,TIE,Sad,Unspecified,1054_TIE_SAD_XX.wav
1050,WSI,Disgust,Unspecified,1050_WSI_DIS_XX.wav
1041,TIE,Sad,Unspecified,1041_TIE_SAD_XX.wav
1087,IEO,Fear,Low,1087_IEO_FEA_LO.wav
1068,IWW,Sad,Unspecified,1068_IWW_SAD_XX.wav
1076,TIE,Neutral,Unspecified,1076_TIE_NEU_XX.wav
1063,TIE,Neutral,Unspecified,1063_TIE_NEU_XX.wav
1034,TIE,Anger,Unspecified,1034_TIE_ANG_XX.wav
1021,TIE,Anger,Unspecified,1021_TIE_ANG_XX.wav
1008,IWW,Anger,Unspecified,1008_IWW_ANG_XX.wav
1050,DFA,Disgust,Unspecified,1050_DFA_DIS_XX.wav
1061,ITH,Happy,Unspecified,1061_ITH_HAP_XX.wav
1074,ITH,Happy,Unspecified,1074_ITH_HAP_XX.wav
1045,DFA,Disgust,Unspecified,1045_DFA_DIS_XX.wav
1040,ITH,Fear,Unspecified,1040_ITH_FEA_XX.wav
1055,ITH,Fear,Unspecified,1055_ITH_FEA_XX.wav
1047,ITH,Sad,Unspecified,1047_ITH_SAD_XX.wav
1052,ITH,Sad,Unspecified,1052_ITH_SAD_XX.wav
1054,IEO,Neutral,Unspecified,1054_IEO_NEU_XX.wav
1041,IEO,Neutral,Unspecified,1041_IEO_NEU_XX.wav
1009,IEO,Fear,Low,1009_IEO_FEA_LO.wav
1028,IEO,Happy,Low,1028_IEO_HAP_LO.wav
1067,IWW,Disgust,Unspecified,1067_IWW_DIS_XX.wav
1072,IWW,Disgust,Unspecified,1072_IWW_DIS_XX.wav
1068,DFA,Neutral,Unspecified,1068_DFA_NEU_XX.wav
1058,WSI,Fear,Unspecified,1058_WSI_FEA_XX.wav
1079,WSI,Happy,Unspecified,1079_WSI_HAP_XX.wav
1058,DFA,Fear,Unspecified,1058_DFA_FEA_XX.wav
1048,ITH,Disgust,Unspecified,1048_ITH_DIS_XX.wav
1079,DFA,Happy,Unspecified,1079_DFA_HAP_XX.wav
1068,WSI,Neutral,Unspecified,1068_WSI_NEU_XX.wav
1086,IWW,Anger,Unspecified,1086_IWW_ANG_XX.wav
1026,ITS,Anger,Unspecified,1026_ITS_ANG_XX.wav
1033,ITS,Anger,Unspecified,1033_ITS_ANG_XX.wav
1077,IOM,Disgust,Unspecified,1077_IOM_DIS_XX.wav
1062,IOM,Disgust,Unspecified,1062_IOM_DIS_XX.wav
1064,ITS,Neutral,Unspecified,1064_ITS_NEU_XX.wav
1071,ITS,Neutral,Unspecified,1071_ITS_NEU_XX.wav
1028,TSI,Happy,Unspecified,1028_TSI_HAP_XX.wav
1039,IEO,Sad,High,1039_IEO_SAD_HI.wav
1009,TSI,Fear,Unspecified,1009_TSI_FEA_XX.wav
1019,TAI,Happy,Unspecified,1019_TAI_HAP_XX.wav
1028,IEO,Sad,Medium,1028_IEO_SAD_MD.wav
1069,IWL,Sad,Unspecified,1069_IWL_SAD_XX.wav
1038,TAI,Fear,Unspecified,1038_TAI_FEA_XX.wav
1059,IEO,Anger,High,1059_IEO_ANG_HI.wav
1050,MTI,Disgust,Unspecified,1050_MTI_DIS_XX.wav
1045,MTI,Disgust,Unspecified,1045_MTI_DIS_XX.wav
1041,ITS,Fear,Unspecified,1041_ITS_FEA_XX.wav
1054,ITS,Fear,Unspecified,1054_ITS_FEA_XX.wav
1060,ITS,Happy,Unspecified,1060_ITS_HAP_XX.wav
1075,ITS,Happy,Unspecified,1075_ITS_HAP_XX.wav
1048,IEO,Anger,Medium,1048_IEO_ANG_MD.wav
1009,IWL,Anger,Unspecified,1009_IWL_ANG_XX.wav
1039,TSI,Neutral,Unspecified,1039_TSI_NEU_XX.wav
1083,IOM,Anger,Unspecified,1083_IOM_ANG_XX.wav
1046,ITS,Sad,Unspecified,1046_ITS_SAD_XX.wav
1008,TAI,Neutral,Unspecified,1008_TAI_NEU_XX.wav
1053,ITS,Sad,Unspecified,1053_ITS_SAD_XX.wav
1036,ITS,Sad,Unspecified,1036_ITS_SAD_XX.wav
1078,TAI,Neutral,Unspecified,1078_TAI_NEU_XX.wav
1023,ITS,Sad,Unspecified,1023_ITS_SAD_XX.wav
1087,MTI,Happy,Unspecified,1087_MTI_HAP_XX.wav
1049,TSI,Neutral,Unspecified,1049_TSI_NEU_XX.wav
1038,IEO,Anger,Medium,1038_IEO_ANG_MD.wav
1079,IWL,Anger,Unspecified,1079_IWL_ANG_XX.wav
1031,ITS,Fear,Unspecified,1031_ITS_FEA_XX.wav
1024,ITS,Fear,Unspecified,1024_ITS_FEA_XX.wav
1010,ITS,Happy,Unspecified,1010_ITS_HAP_XX.wav
1005,ITS,Happy,Unspecified,1005_ITS_HAP_XX.wav
1029,IEO,Anger,High,1029_IEO_ANG_HI.wav
1020,MTI,Disgust,Unspecified,1020_MTI_DIS_XX.wav
1035,MTI,Disgust,Unspecified,1035_MTI_DIS_XX.wav
1083,MTI,Neutral,Unspecified,1083_MTI_NEU_XX.wav
1069,TAI,Happy,Unspecified,1069_TAI_HAP_XX.wav
1058,IEO,Sad,Medium,1058_IEO_SAD_MD.wav
1019,IWL,Sad,Unspecified,1019_IWL_SAD_XX.wav
1048,TAI,Fear,Unspecified,1048_TAI_FEA_XX.wav
1058,TSI,Happy,Unspecified,1058_TSI_HAP_XX.wav
1049,IEO,Sad,High,1049_IEO_SAD_HI.wav
1079,TSI,Fear,Unspecified,1079_TSI_FEA_XX.wav
1081,IOM,Fear,Unspecified,1081_IOM_FEA_XX.wav
1007,IOM,Disgust,Unspecified,1007_IOM_DIS_XX.wav
1012,IOM,Disgust,Unspecified,1012_IOM_DIS_XX.wav
1014,ITS,Neutral,Unspecified,1014_ITS_NEU_XX.wav
1001,ITS,Neutral,Unspecified,1001_ITS_NEU_XX.wav
1056,ITS,Anger,Unspecified,1056_ITS_ANG_XX.wav
1043,ITS,Anger,Unspecified,1043_ITS_ANG_XX.wav
1086,IOM,Sad,Unspecified,1086_IOM_SAD_XX.wav
1018,WSI,Neutral,Unspecified,1018_WSI_NEU_XX.wav
1088,TIE,Neutral,Unspecified,1088_TIE_NEU_XX.wav
1028,DFA,Fear,Unspecified,1028_DFA_FEA_XX.wav
1038,ITH,Disgust,Unspecified,1038_ITH_DIS_XX.wav
1009,DFA,Happy,Unspecified,1009_DFA_HAP_XX.wav
1028,WSI,Fear,Unspecified,1028_WSI_FEA_XX.wav
1091,IWW,Fear,Unspecified,1091_IWW_FEA_XX.wav
1084,IWW,Fear,Unspecified,1084_IWW_FEA_XX.wav
1009,WSI,Happy,Unspecified,1009_WSI_HAP_XX.wav
1083,IWW,Sad,Unspecified,1083_IWW_SAD_XX.wav
1017,IWW,Disgust,Unspecified,1017_IWW_DIS_XX.wav
1002,IWW,Disgust,Unspecified,1002_IWW_DIS_XX.wav
1018,DFA,Neutral,Unspecified,1018_DFA_NEU_XX.wav
1079,IEO,Fear,Low,1079_IEO_FEA_LO.wav
1058,IEO,Happy,Low,1058_IEO_HAP_LO.wav
1024,IEO,Neutral,Unspecified,1024_IEO_NEU_XX.wav
1031,IEO,Neutral,Unspecified,1031_IEO_NEU_XX.wav
1037,ITH,Sad,Unspecified,1037_ITH_SAD_XX.wav
1022,ITH,Sad,Unspecified,1022_ITH_SAD_XX.wav
1087,DFA,Happy,Unspecified,1087_DFA_HAP_XX.wav
1090,IEO,Anger,Low,1090_IEO_ANG_LO.wav
1085,IEO,Anger,Low,1085_IEO_ANG_LO.wav
1020,DFA,Disgust,Unspecified,1020_DFA_DIS_XX.wav
1011,ITH,Happy,Unspecified,1011_ITH_HAP_XX.wav
1083,WSI,Neutral,Unspecified,1083_WSI_NEU_XX.wav
1004,ITH,Happy,Unspecified,1004_ITH_HAP_XX.wav
1035,DFA,Disgust,Unspecified,1035_DFA_DIS_XX.wav
1030,ITH,Fear,Unspecified,1030_ITH_FEA_XX.wav
1025,ITH,Fear,Unspecified,1025_ITH_FEA_XX.wav
1078,IWW,Anger,Unspecified,1078_IWW_ANG_XX.wav
1044,TIE,Anger,Unspecified,1044_TIE_ANG_XX.wav
1051,TIE,Anger,Unspecified,1051_TIE_ANG_XX.wav
1006,TIE,Neutral,Unspecified,1006_TIE_NEU_XX.wav
1013,TIE,Neutral,Unspecified,1013_TIE_NEU_XX.wav
1018,IWW,Sad,Unspecified,1018_IWW_SAD_XX.wav
1083,DFA,Neutral,Unspecified,1083_DFA_NEU_XX.wav
1035,WSI,Disgust,Unspecified,1035_WSI_DIS_XX.wav
1024,TIE,Sad,Unspecified,1024_TIE_SAD_XX.wav
1020,WSI,Disgust,Unspecified,1020_WSI_DIS_XX.wav
1031,TIE,Sad,Unspecified,1031_TIE_SAD_XX.wav
1071,IEO,Disgust,Low,1071_IEO_DIS_LO.wav
1064,IEO,Disgust,Low,1064_IEO_DIS_LO.wav
1057,ITH,Anger,Unspecified,1057_ITH_ANG_XX.wav
1042,ITH,Anger,Unspecified,1042_ITH_ANG_XX.wav
1015,ITH,Neutral,Unspecified,1015_ITH_NEU_XX.wav
1087,WSI,Happy,Unspecified,1087_WSI_HAP_XX.wav
1023,TIE,Fear,Unspecified,1023_TIE_FEA_XX.wav
1036,TIE,Fear,Unspecified,1036_TIE_FEA_XX.wav
1002,TIE,Happy,Unspecified,1002_TIE_HAP_XX.wav
1017,TIE,Happy,Unspecified,1017_TIE_HAP_XX.wav
1028,MTI,Fear,Unspecified,1028_MTI_FEA_XX.wav
1039,ITS,Disgust,Unspecified,1039_ITS_DIS_XX.wav
1090,TSI,Anger,Unspecified,1090_TSI_ANG_XX.wav
1068,IOM,Anger,Unspecified,1068_IOM_ANG_XX.wav
1085,TSI,Anger,Unspecified,1085_TSI_ANG_XX.wav
1090,IWL,Fear,Unspecified,1090_IWL_FEA_XX.wav
1085,IWL,Fear,Unspecified,1085_IWL_FEA_XX.wav
1071,TSI,Disgust,Unspecified,1071_TSI_DIS_XX.wav
1089,IOM,Disgust,Unspecified,1089_IOM_DIS_XX.wav
1064,TSI,Disgust,Unspecified,1064_TSI_DIS_XX.wav
1008,IOM,Sad,Unspecified,1008_IOM_SAD_XX.wav
1040,TAI,Disgust,Unspecified,1040_TAI_DIS_XX.wav
1055,TAI,Disgust,Unspecified,1055_TAI_DIS_XX.wav
1053,IEO,Disgust,High,1053_IEO_DIS_HI.wav
1046,IEO,Disgust,High,1046_IEO_DIS_HI.wav
1082,IWL,Sad,Unspecified,1082_IWL_SAD_XX.wav
1018,MTI,Neutral,Unspecified,1018_MTI_NEU_XX.wav
1042,IEO,Disgust,Medium,1042_IEO_DIS_MD.wav
1057,IEO,Disgust,Medium,1057_IEO_DIS_MD.wav
1016,IWL,Disgust,Unspecified,1016_IWL_DIS_XX.wav
1003,IWL,Disgust,Unspecified,1003_IWL_DIS_XX.wav
1008,IWL,Anger,Unspecified,1008_IWL_ANG_XX.wav
1049,IEO,Anger,Medium,1049_IEO_ANG_MD.wav
1074,ITS,Happy,Unspecified,1074_ITS_HAP_XX.wav
1061,ITS,Happy,Unspecified,1061_ITS_HAP_XX.wav
1055,ITS,Fear,Unspecified,1055_ITS_FEA_XX.wav
1040,ITS,Fear,Unspecified,1040_ITS_FEA_XX.wav
1044,MTI,Disgust,Unspecified,1044_MTI_DIS_XX.wav
1051,MTI,Disgust,Unspecified,1051_MTI_DIS_XX.wav
1058,IEO,Anger,High,1058_IEO_ANG_HI.wav
1009,TAI,Neutral,Unspecified,1009_TAI_NEU_XX.wav
1052,ITS,Sad,Unspecified,1052_ITS_SAD_XX.wav
1047,ITS,Sad,Unspecified,1047_ITS_SAD_XX.wav
1082,IOM,Anger,Unspecified,1082_IOM_ANG_XX.wav
1038,TSI,Neutral,Unspecified,1038_TSI_NEU_XX.wav
1070,ITS,Neutral,Unspecified,1070_ITS_NEU_XX.wav
1065,ITS,Neutral,Unspecified,1065_ITS_NEU_XX.wav
1063,IOM,Disgust,Unspecified,1063_IOM_DIS_XX.wav
1076,IOM,Disgust,Unspecified,1076_IOM_DIS_XX.wav
1032,ITS,Anger,Unspecified,1032_ITS_ANG_XX.wav
1027,ITS,Anger,Unspecified,1027_ITS_ANG_XX.wav
1068,IWL,Sad,Unspecified,1068_IWL_SAD_XX.wav
1039,TAI,Fear,Unspecified,1039_TAI_FEA_XX.wav
1029,IEO,Sad,Medium,1029_IEO_SAD_MD.wav
1018,TAI,Happy,Unspecified,1018_TAI_HAP_XX.wav
1008,TSI,Fear,Unspecified,1008_TSI_FEA_XX.wav
1038,IEO,Sad,High,1038_IEO_SAD_HI.wav
1029,TSI,Happy,Unspecified,1029_TSI_HAP_XX.wav
1049,ITH,Disgust,Unspecified,1049_ITH_DIS_XX.wav
1078,DFA,Happy,Unspecified,1078_DFA_HAP_XX.wav
1059,DFA,Fear,Unspecified,1059_DFA_FEA_XX.wav
1087,IWW,Anger,Unspecified,1087_IWW_ANG_XX.wav
1069,WSI,Neutral,Unspecified,1069_WSI_NEU_XX.wav
1069,DFA,Neutral,Unspecified,1069_DFA_NEU_XX.wav
1073,IWW,Disgust,Unspecified,1073_IWW_DIS_XX.wav
1066,IWW,Disgust,Unspecified,1066_IWW_DIS_XX.wav
1029,IEO,Happy,Low,1029_IEO_HAP_LO.wav
1008,IEO,Fear,Low,1008_IEO_FEA_LO.wav
1078,WSI,Happy,Unspecified,1078_WSI_HAP_XX.wav
1059,WSI,Fear,Unspecified,1059_WSI_FEA_XX.wav
1054,ITH,Fear,Unspecified,1054_ITH_FEA_XX.wav
1041,ITH,Fear,Unspecified,1041_ITH_FEA_XX.wav
1075,ITH,Happy,Unspecified,1075_ITH_HAP_XX.wav
1044,DFA,Disgust,Unspecified,1044_DFA_DIS_XX.wav
1051,DFA,Disgust,Unspecified,1051_DFA_DIS_XX.wav
1060,ITH,Happy,Unspecified,1060_ITH_HAP_XX.wav
1009,IWW,Anger,Unspecified,1009_IWW_ANG_XX.wav
1020,TIE,Anger,Unspecified,1020_TIE_ANG_XX.wav
1035,TIE,Anger,Unspecified,1035_TIE_ANG_XX.wav
1062,TIE,Neutral,Unspecified,1062_TIE_NEU_XX.wav
1077,TIE,Neutral,Unspecified,1077_TIE_NEU_XX.wav
1040,IEO,Neutral,Unspecified,1040_IEO_NEU_XX.wav
1055,IEO,Neutral,Unspecified,1055_IEO_NEU_XX.wav
1053,ITH,Sad,Unspecified,1053_ITH_SAD_XX.wav
1046,ITH,Sad,Unspecified,1046_ITH_SAD_XX.wav
1033,ITH,Anger,Unspecified,1033_ITH_ANG_XX.wav
1026,ITH,Anger,Unspecified,1026_ITH_ANG_XX.wav
1015,IEO,Disgust,Low,1015_IEO_DIS_LO.wav
1071,ITH,Neutral,Unspecified,1071_ITH_NEU_XX.wav
1064,ITH,Neutral,Unspecified,1064_ITH_NEU_XX.wav
1066,TIE,Happy,Unspecified,1066_TIE_HAP_XX.wav
1073,TIE,Happy,Unspecified,1073_TIE_HAP_XX.wav
1047,TIE,Fear,Unspecified,1047_TIE_FEA_XX.wav
1052,TIE,Fear,Unspecified,1052_TIE_FEA_XX.wav
1081,IEO,Sad,Low,1081_IEO_SAD_LO.wav
1069,IWW,Sad,Unspecified,1069_IWW_SAD_XX.wav
1086,IEO,Fear,Low,1086_IEO_FEA_LO.wav
1051,WSI,Disgust,Unspecified,1051_WSI_DIS_XX.wav
1040,TIE,Sad,Unspecified,1040_TIE_SAD_XX.wav
1044,WSI,Disgust,Unspecified,1044_WSI_DIS_XX.wav
1055,TIE,Sad,Unspecified,1055_TIE_SAD_XX.wav
1059,MTI,Fear,Unspecified,1059_MTI_FEA_XX.wav
1078,MTI,Happy,Unspecified,1078_MTI_HAP_XX.wav
1087,TAI,Neutral,Unspecified,1087_TAI_NEU_XX.wav
1048,ITS,Disgust,Unspecified,1048_ITS_DIS_XX.wav
1019,IOM,Anger,Unspecified,1019_IOM_ANG_XX.wav
1086,IWL,Anger,Unspecified,1086_IWL_ANG_XX.wav
1083,TAI,Happy,Unspecified,1083_TAI_HAP_XX.wav
1037,IEO,Disgust,High,1037_IEO_DIS_HI.wav
1022,IEO,Disgust,High,1022_IEO_DIS_HI.wav
1069,MTI,Neutral,Unspecified,1069_MTI_NEU_XX.wav
1072,IWL,Disgust,Unspecified,1072_IWL_DIS_XX.wav
1067,IWL,Disgust,Unspecified,1067_IWL_DIS_XX.wav
1026,IEO,Disgust,Medium,1026_IEO_DIS_MD.wav
1086,TSI,Fear,Unspecified,1086_TSI_FEA_XX.wav
1033,IEO,Disgust,Medium,1033_IEO_DIS_MD.wav
1015,TSI,Disgust,Unspecified,1015_TSI_DIS_XX.wav
1081,IEO,Happy,Medium,1081_IEO_HAP_MD.wav
1024,TAI,Disgust,Unspecified,1024_TAI_DIS_XX.wav
1031,TAI,Disgust,Unspecified,1031_TAI_DIS_XX.wav
1090,IEO,Happy,High,1090_IEO_HAP_HI.wav
1085,IEO,Happy,High,1085_IEO_HAP_HI.wav
1079,IOM,Sad,Unspecified,1079_IOM_SAD_XX.wav
1081,TSI,Sad,Unspecified,1081_TSI_SAD_XX.wav
1036,MTI,Anger,Unspecified,1036_MTI_ANG_XX.wav
1023,MTI,Anger,Unspecified,1023_MTI_ANG_XX.wav
1074,MTI,Neutral,Unspecified,1074_MTI_NEU_XX.wav
1061,MTI,Neutral,Unspecified,1061_MTI_NEU_XX.wav
1076,IOM,Fear,Unspecified,1076_IOM_FEA_XX.wav
1063,IOM,Fear,Unspecified,1063_IOM_FEA_XX.wav
1057,IOM,Happy,Unspecified,1057_IOM_HAP_XX.wav
1042,IOM,Happy,Unspecified,1042_IOM_HAP_XX.wav
1089,IEO,Happy,Medium,1089_IEO_HAP_MD.wav
1008,TSI,Disgust,Unspecified,1008_TSI_DIS_XX.wav
1071,IOM,Sad,Unspecified,1071_IOM_SAD_XX.wav
1089,TSI,Sad,Unspecified,1089_TSI_SAD_XX.wav
1064,IOM,Sad,Unspecified,1064_IOM_SAD_XX.wav
1039,TAI,Disgust,Unspecified,1039_TAI_DIS_XX.wav
1070,MTI,Happy,Unspecified,1070_MTI_HAP_XX.wav
1065,MTI,Happy,Unspecified,1065_MTI_HAP_XX.wav
1051,MTI,Fear,Unspecified,1051_MTI_FEA_XX.wav
1044,MTI,Fear,Unspecified,1044_MTI_FEA_XX.wav
1040,ITS,Disgust,Unspecified,1040_ITS_DIS_XX.wav
1055,ITS,Disgust,Unspecified,1055_ITS_DIS_XX.wav
1053,IOM,Neutral,Unspecified,1053_IOM_NEU_XX.wav
1046,IOM,Neutral,Unspecified,1046_IOM_NEU_XX.wav
1011,IOM,Anger,Unspecified,1011_IOM_ANG_XX.wav
1004,IOM,Anger,Unspecified,1004_IOM_ANG_XX.wav
1056,MTI,Sad,Unspecified,1056_MTI_SAD_XX.wav
1043,MTI,Sad,Unspecified,1043_MTI_SAD_XX.wav
1008,IEO,Disgust,Low,1008_IEO_DIS_LO.wav
1066,IWW,Fear,Unspecified,1066_IWW_FEA_XX.wav
1073,IWW,Fear,Unspecified,1073_IWW_FEA_XX.wav
1079,ITH,Neutral,Unspecified,1079_ITH_NEU_XX.wav
1047,IWW,Happy,Unspecified,1047_IWW_HAP_XX.wav
1052,IWW,Happy,Unspecified,1052_IWW_HAP_XX.wav
1089,IEO,Sad,Low,1089_IEO_SAD_LO.wav
1061,IWW,Sad,Unspecified,1061_IWW_SAD_XX.wav
1074,IWW,Sad,Unspecified,1074_IWW_SAD_XX.wav
1059,WSI,Disgust,Unspecified,1059_WSI_DIS_XX.wav
1048,TIE,Sad,Unspecified,1048_TIE_SAD_XX.wav
1059,DFA,Disgust,Unspecified,1059_DFA_DIS_XX.wav
1068,ITH,Happy,Unspecified,1068_ITH_HAP_XX.wav
1043,IWW,Neutral,Unspecified,1043_IWW_NEU_XX.wav
1049,ITH,Fear,Unspecified,1049_ITH_FEA_XX.wav
1056,IWW,Neutral,Unspecified,1056_IWW_NEU_XX.wav
1001,IWW,Anger,Unspecified,1001_IWW_ANG_XX.wav
1014,IWW,Anger,Unspecified,1014_IWW_ANG_XX.wav
1028,TIE,Anger,Unspecified,1028_TIE_ANG_XX.wav
1048,IEO,Neutral,Unspecified,1048_IEO_NEU_XX.wav
1043,WSI,Sad,Unspecified,1043_WSI_SAD_XX.wav
1052,TIE,Disgust,Unspecified,1052_TIE_DIS_XX.wav
1056,WSI,Sad,Unspecified,1056_WSI_SAD_XX.wav
1047,TIE,Disgust,Unspecified,1047_TIE_DIS_XX.wav
1074,DFA,Neutral,Unspecified,1074_DFA_NEU_XX.wav
1061,DFA,Neutral,Unspecified,1061_DFA_NEU_XX.wav
1036,DFA,Anger,Unspecified,1036_DFA_ANG_XX.wav
1023,DFA,Anger,Unspecified,1023_DFA_ANG_XX.wav
1015,IEO,Fear,Low,1015_IEO_FEA_LO.wav
1021,IEO,Happy,Low,1021_IEO_HAP_LO.wav
1034,IEO,Happy,Low,1034_IEO_HAP_LO.wav
1044,WSI,Fear,Unspecified,1044_WSI_FEA_XX.wav
1051,WSI,Fear,Unspecified,1051_WSI_FEA_XX.wav
1065,WSI,Happy,Unspecified,1065_WSI_HAP_XX.wav
1070,WSI,Happy,Unspecified,1070_WSI_HAP_XX.wav
1086,IEO,Disgust,Low,1086_IEO_DIS_LO.wav
1007,IEO,Sad,Low,1007_IEO_SAD_LO.wav
1012,IEO,Sad,Low,1012_IEO_SAD_LO.wav
1067,IEO,Anger,Low,1067_IEO_ANG_LO.wav
1051,DFA,Fear,Unspecified,1051_DFA_FEA_XX.wav
1044,DFA,Fear,Unspecified,1044_DFA_FEA_XX.wav
1072,IEO,Anger,Low,1072_IEO_ANG_LO.wav
1041,ITH,Disgust,Unspecified,1041_ITH_DIS_XX.wav
1070,DFA,Happy,Unspecified,1070_DFA_HAP_XX.wav
1065,DFA,Happy,Unspecified,1065_DFA_HAP_XX.wav
1054,ITH,Disgust,Unspecified,1054_ITH_DIS_XX.wav
1023,WSI,Anger,Unspecified,1023_WSI_ANG_XX.wav
1036,WSI,Anger,Unspecified,1036_WSI_ANG_XX.wav
1061,WSI,Neutral,Unspecified,1061_WSI_NEU_XX.wav
1074,WSI,Neutral,Unspecified,1074_WSI_NEU_XX.wav
1056,DFA,Sad,Unspecified,1056_DFA_SAD_XX.wav
1043,DFA,Sad,Unspecified,1043_DFA_SAD_XX.wav
1046,IWL,Happy,Unspecified,1046_IWL_HAP_XX.wav
1033,IEO,Fear,Medium,1033_IEO_FEA_MD.wav
1086,TSI,Disgust,Unspecified,1086_TSI_DIS_XX.wav
1026,IEO,Fear,Medium,1026_IEO_FEA_MD.wav
1053,IWL,Happy,Unspecified,1053_IWL_HAP_XX.wav
1012,IEO,Happy,Medium,1012_IEO_HAP_MD.wav
1036,TAI,Sad,Unspecified,1036_TAI_SAD_XX.wav
1067,IWL,Fear,Unspecified,1067_IWL_FEA_XX.wav
1072,IWL,Fear,Unspecified,1072_IWL_FEA_XX.wav
1023,TAI,Sad,Unspecified,1023_TAI_SAD_XX.wav
1078,ITS,Neutral,Unspecified,1078_ITS_NEU_XX.wav
1007,IEO,Happy,Medium,1007_IEO_HAP_MD.wav
1022,IEO,Fear,High,1022_IEO_FEA_HI.wav
1037,IEO,Fear,High,1037_IEO_FEA_HI.wav
1003,IEO,Happy,High,1003_IEO_HAP_HI.wav
1007,TSI,Sad,Unspecified,1007_TSI_SAD_XX.wav
1012,TSI,Sad,Unspecified,1012_TSI_SAD_XX.wav
1016,IEO,Happy,High,1016_IEO_HAP_HI.wav
1010,TAI,Happy,Unspecified,1010_TAI_HAP_XX.wav
1034,IEO,Sad,Medium,1034_IEO_SAD_MD.wav
1021,IEO,Sad,Medium,1021_IEO_SAD_MD.wav
1005,TAI,Happy,Unspecified,1005_TAI_HAP_XX.wav
1060,IWL,Sad,Unspecified,1060_IWL_SAD_XX.wav
1031,TAI,Fear,Unspecified,1031_TAI_FEA_XX.wav
1024,TAI,Fear,Unspecified,1024_TAI_FEA_XX.wav
1075,IWL,Sad,Unspecified,1075_IWL_SAD_XX.wav
1021,TSI,Happy,Unspecified,1021_TSI_HAP_XX.wav
1025,IEO,Sad,High,1025_IEO_SAD_HI.wav
1030,IEO,Sad,High,1030_IEO_SAD_HI.wav
1034,TSI,Happy,Unspecified,1034_TSI_HAP_XX.wav
1015,TSI,Fear,Unspecified,1015_TSI_FEA_XX.wav
1054,IEO,Anger,Medium,1054_IEO_ANG_MD.wav
1041,IEO,Anger,Medium,1041_IEO_ANG_MD.wav
1015,IWL,Anger,Unspecified,1015_IWL_ANG_XX.wav
1042,IWL,Neutral,Unspecified,1042_IWL_NEU_XX.wav
1048,ITS,Fear,Unspecified,1048_ITS_FEA_XX.wav
1057,IWL,Neutral,Unspecified,1057_IWL_NEU_XX.wav
1069,ITS,Happy,Unspecified,1069_ITS_HAP_XX.wav
1045,IEO,Anger,High,1045_IEO_ANG_HI.wav
1050,IEO,Anger,High,1050_IEO_ANG_HI.wav
1059,MTI,Disgust,Unspecified,1059_MTI_DIS_XX.wav
1014,TAI,Neutral,Unspecified,1014_TAI_NEU_XX.wav
1001,TAI,Neutral,Unspecified,1001_TAI_NEU_XX.wav
1056,TAI,Anger,Unspecified,1056_TAI_ANG_XX.wav
1043,TAI,Anger,Unspecified,1043_TAI_ANG_XX.wav
1067,TSI,Anger,Unspecified,1067_TSI_ANG_XX.wav
1072,TSI,Anger,Unspecified,1072_TSI_ANG_XX.wav
1025,TSI,Neutral,Unspecified,1025_TSI_NEU_XX.wav
1030,TSI,Neutral,Unspecified,1030_TSI_NEU_XX.wav
1079,TSI,Disgust,Unspecified,1079_TSI_DIS_XX.wav
1081,IOM,Disgust,Unspecified,1081_IOM_DIS_XX.wav
1087,ITS,Neutral,Unspecified,1087_ITS_NEU_XX.wav
1048,TAI,Disgust,Unspecified,1048_TAI_DIS_XX.wav
1015,IOM,Sad,Unspecified,1015_IOM_SAD_XX.wav
1052,MTI,Anger,Unspecified,1052_MTI_ANG_XX.wav
1047,MTI,Anger,Unspecified,1047_MTI_ANG_XX.wav
1010,MTI,Neutral,Unspecified,1010_MTI_NEU_XX.wav
1005,MTI,Neutral,Unspecified,1005_MTI_NEU_XX.wav
1033,IOM,Happy,Unspecified,1033_IOM_HAP_XX.wav
1026,IOM,Happy,Unspecified,1026_IOM_HAP_XX.wav
1012,IOM,Fear,Unspecified,1012_IOM_FEA_XX.wav
1007,IOM,Fear,Unspecified,1007_IOM_FEA_XX.wav
1083,ITS,Happy,Unspecified,1083_ITS_HAP_XX.wav
1032,MTI,Sad,Unspecified,1032_MTI_SAD_XX.wav
1027,MTI,Sad,Unspecified,1027_MTI_SAD_XX.wav
1035,MTI,Fear,Unspecified,1035_MTI_FEA_XX.wav
1020,MTI,Fear,Unspecified,1020_MTI_FEA_XX.wav
1014,MTI,Happy,Unspecified,1014_MTI_HAP_XX.wav
1001,MTI,Happy,Unspecified,1001_MTI_HAP_XX.wav
1037,IOM,Neutral,Unspecified,1037_IOM_NEU_XX.wav
1022,IOM,Neutral,Unspecified,1022_IOM_NEU_XX.wav
1024,ITS,Disgust,Unspecified,1024_ITS_DIS_XX.wav
1031,ITS,Disgust,Unspecified,1031_ITS_DIS_XX.wav
1075,IOM,Anger,Unspecified,1075_IOM_ANG_XX.wav
1060,IOM,Anger,Unspecified,1060_IOM_ANG_XX.wav
1005,IWW,Sad,Unspecified,1005_IWW_SAD_XX.wav
1010,IWW,Sad,Unspecified,1010_IWW_SAD_XX.wav
1084,IWW,Disgust,Unspecified,1084_IWW_DIS_XX.wav
1091,IWW,Disgust,Unspecified,1091_IWW_DIS_XX.wav
1028,WSI,Disgust,Unspecified,1028_WSI_DIS_XX.wav
1039,TIE,Sad,Unspecified,1039_TIE_SAD_XX.wav
1079,IEO,Disgust,Low,1079_IEO_DIS_LO.wav
1023,IWW,Happy,Unspecified,1023_IWW_HAP_XX.wav
1036,IWW,Happy,Unspecified,1036_IWW_HAP_XX.wav
1002,IWW,Fear,Unspecified,1002_IWW_FEA_XX.wav
1008,ITH,Neutral,Unspecified,1008_ITH_NEU_XX.wav
1017,IWW,Fear,Unspecified,1017_IWW_FEA_XX.wav
1039,IEO,Neutral,Unspecified,1039_IEO_NEU_XX.wav
1027,IWW,Neutral,Unspecified,1027_IWW_NEU_XX.wav
1032,IWW,Neutral,Unspecified,1032_IWW_NEU_XX.wav
1038,ITH,Fear,Unspecified,1038_ITH_FEA_XX.wav
1028,DFA,Disgust,Unspecified,1028_DFA_DIS_XX.wav
1065,IWW,Anger,Unspecified,1065_IWW_ANG_XX.wav
1070,IWW,Anger,Unspecified,1070_IWW_ANG_XX.wav
1059,TIE,Anger,Unspecified,1059_TIE_ANG_XX.wav
1086,ITH,Neutral,Unspecified,1086_ITH_NEU_XX.wav
1001,WSI,Happy,Unspecified,1001_WSI_HAP_XX.wav
1014,WSI,Happy,Unspecified,1014_WSI_HAP_XX.wav
1020,WSI,Fear,Unspecified,1020_WSI_FEA_XX.wav
1035,WSI,Fear,Unspecified,1035_WSI_FEA_XX.wav
1063,IEO,Sad,Low,1063_IEO_SAD_LO.wav
1076,IEO,Sad,Low,1076_IEO_SAD_LO.wav
1091,TIE,Happy,Unspecified,1091_TIE_HAP_XX.wav
1084,TIE,Happy,Unspecified,1084_TIE_HAP_XX.wav
1027,WSI,Sad,Unspecified,1027_WSI_SAD_XX.wav
1036,TIE,Disgust,Unspecified,1036_TIE_DIS_XX.wav
1032,WSI,Sad,Unspecified,1032_WSI_SAD_XX.wav
1023,TIE,Disgust,Unspecified,1023_TIE_DIS_XX.wav
1010,DFA,Neutral,Unspecified,1010_DFA_NEU_XX.wav
1005,DFA,Neutral,Unspecified,1005_DFA_NEU_XX.wav
1045,IEO,Happy,Low,1045_IEO_HAP_LO.wav
1050,IEO,Happy,Low,1050_IEO_HAP_LO.wav
1052,DFA,Anger,Unspecified,1052_DFA_ANG_XX.wav
1064,IEO,Fear,Low,1064_IEO_FEA_LO.wav
1071,IEO,Fear,Low,1071_IEO_FEA_LO.wav
1047,DFA,Anger,Unspecified,1047_DFA_ANG_XX.wav
1047,WSI,Anger,Unspecified,1047_WSI_ANG_XX.wav
1052,WSI,Anger,Unspecified,1052_WSI_ANG_XX.wav
1005,WSI,Neutral,Unspecified,1005_WSI_NEU_XX.wav
1082,ITH,Happy,Unspecified,1082_ITH_HAP_XX.wav
1010,WSI,Neutral,Unspecified,1010_WSI_NEU_XX.wav
1032,DFA,Sad,Unspecified,1032_DFA_SAD_XX.wav
1027,DFA,Sad,Unspecified,1027_DFA_SAD_XX.wav
1080,TIE,Neutral,Unspecified,1080_TIE_NEU_XX.wav
1014,DFA,Happy,Unspecified,1014_DFA_HAP_XX.wav
1025,ITH,Disgust,Unspecified,1025_ITH_DIS_XX.wav
1030,ITH,Disgust,Unspecified,1030_ITH_DIS_XX.wav
1001,DFA,Happy,Unspecified,1001_DFA_HAP_XX.wav
1035,DFA,Fear,Unspecified,1035_DFA_FEA_XX.wav
1003,IEO,Anger,Low,1003_IEO_ANG_LO.wav
1016,IEO,Anger,Low,1016_IEO_ANG_LO.wav
1020,DFA,Fear,Unspecified,1020_DFA_FEA_XX.wav
1055,TAI,Fear,Unspecified,1055_TAI_FEA_XX.wav
1004,IWL,Sad,Unspecified,1004_IWL_SAD_XX.wav
1011,IWL,Sad,Unspecified,1011_IWL_SAD_XX.wav
1040,TAI,Fear,Unspecified,1040_TAI_FEA_XX.wav
1074,TAI,Happy,Unspecified,1074_TAI_HAP_XX.wav
1050,IEO,Sad,Medium,1050_IEO_SAD_MD.wav
1045,IEO,Sad,Medium,1045_IEO_SAD_MD.wav
1061,TAI,Happy,Unspecified,1061_TAI_HAP_XX.wav
1064,TSI,Fear,Unspecified,1064_TSI_FEA_XX.wav
1071,TSI,Fear,Unspecified,1071_TSI_FEA_XX.wav
1089,IOM,Fear,Unspecified,1089_IOM_FEA_XX.wav
1045,TSI,Happy,Unspecified,1045_TSI_HAP_XX.wav
1041,IEO,Sad,High,1041_IEO_SAD_HI.wav
1085,IWL,Disgust,Unspecified,1085_IWL_DIS_XX.wav
1090,IWL,Disgust,Unspecified,1090_IWL_DIS_XX.wav
1054,IEO,Sad,High,1054_IEO_SAD_HI.wav
1050,TSI,Happy,Unspecified,1050_TSI_HAP_XX.wav
1076,IEO,Happy,Medium,1076_IEO_HAP_MD.wav
1003,IWL,Fear,Unspecified,1003_IWL_FEA_XX.wav
1052,TAI,Sad,Unspecified,1052_TAI_SAD_XX.wav
1009,ITS,Neutral,Unspecified,1009_ITS_NEU_XX.wav
1047,TAI,Sad,Unspecified,1047_TAI_SAD_XX.wav
1016,IWL,Fear,Unspecified,1016_IWL_FEA_XX.wav
1063,IEO,Happy,Medium,1063_IEO_HAP_MD.wav
1022,IWL,Happy,Unspecified,1022_IWL_HAP_XX.wav
1057,IEO,Fear,Medium,1057_IEO_FEA_MD.wav
1042,IEO,Fear,Medium,1042_IEO_FEA_MD.wav
1037,IWL,Happy,Unspecified,1037_IWL_HAP_XX.wav
1067,IEO,Happy,High,1067_IEO_HAP_HI.wav
1063,TSI,Sad,Unspecified,1063_TSI_SAD_XX.wav
1076,TSI,Sad,Unspecified,1076_TSI_SAD_XX.wav
1072,IEO,Happy,High,1072_IEO_HAP_HI.wav
1046,IEO,Fear,High,1046_IEO_FEA_HI.wav
1053,IEO,Fear,High,1053_IEO_FEA_HI.wav
1070,TAI,Neutral,Unspecified,1070_TAI_NEU_XX.wav
1065,TAI,Neutral,Unspecified,1065_TAI_NEU_XX.wav
1032,TAI,Anger,Unspecified,1032_TAI_ANG_XX.wav
1027,TAI,Anger,Unspecified,1027_TAI_ANG_XX.wav
1003,TSI,Anger,Unspecified,1003_TSI_ANG_XX.wav
1016,TSI,Anger,Unspecified,1016_TSI_ANG_XX.wav
1041,TSI,Neutral,Unspecified,1041_TSI_NEU_XX.wav
1054,TSI,Neutral,Unspecified,1054_TSI_NEU_XX.wav
1064,IWL,Anger,Unspecified,1064_IWL_ANG_XX.wav
1071,IWL,Anger,Unspecified,1071_IWL_ANG_XX.wav
1030,IEO,Anger,Medium,1030_IEO_ANG_MD.wav
1025,IEO,Anger,Medium,1025_IEO_ANG_MD.wav
1018,ITS,Happy,Unspecified,1018_ITS_HAP_XX.wav
1026,IWL,Neutral,Unspecified,1026_IWL_NEU_XX.wav
1033,IWL,Neutral,Unspecified,1033_IWL_NEU_XX.wav
1039,ITS,Fear,Unspecified,1039_ITS_FEA_XX.wav
1028,MTI,Disgust,Unspecified,1028_MTI_DIS_XX.wav
1021,IEO,Anger,High,1021_IEO_ANG_HI.wav
1034,IEO,Anger,High,1034_IEO_ANG_HI.wav
1004,IWL,Disgust,Unspecified,1004_IWL_DIS_XX.wav
1029,IOM,Happy,Unspecified,1029_IOM_HAP_XX.wav
1011,IWL,Disgust,Unspecified,1011_IWL_DIS_XX.wav
1050,IEO,Disgust,Medium,1050_IEO_DIS_MD.wav
1008,IOM,Fear,Unspecified,1008_IOM_FEA_XX.wav
1045,IEO,Disgust,Medium,1045_IEO_DIS_MD.wav
1048,MTI,Anger,Unspecified,1048_MTI_ANG_XX.wav
1085,IWL,Sad,Unspecified,1085_IWL_SAD_XX.wav
1041,IEO,Disgust,High,1041_IEO_DIS_HI.wav
1054,IEO,Disgust,High,1054_IEO_DIS_HI.wav
1090,IWL,Sad,Unspecified,1090_IWL_SAD_XX.wav
1052,TAI,Disgust,Unspecified,1052_TAI_DIS_XX.wav
1047,TAI,Disgust,Unspecified,1047_TAI_DIS_XX.wav
1063,TSI,Disgust,Unspecified,1063_TSI_DIS_XX.wav
1076,TSI,Disgust,Unspecified,1076_TSI_DIS_XX.wav
1088,ITS,Neutral,Unspecified,1088_ITS_NEU_XX.wav
1082,IWL,Fear,Unspecified,1082_IWL_FEA_XX.wav
1038,IOM,Neutral,Unspecified,1038_IOM_NEU_XX.wav
1082,TSI,Anger,Unspecified,1082_TSI_ANG_XX.wav
1028,MTI,Sad,Unspecified,1028_MTI_SAD_XX.wav
1010,TIE,Happy,Unspecified,1010_TIE_HAP_XX.wav
1005,TIE,Happy,Unspecified,1005_TIE_HAP_XX.wav
1031,TIE,Fear,Unspecified,1031_TIE_FEA_XX.wav
1024,TIE,Fear,Unspecified,1024_TIE_FEA_XX.wav
1045,ITH,Anger,Unspecified,1045_ITH_ANG_XX.wav
1050,ITH,Anger,Unspecified,1050_ITH_ANG_XX.wav
1063,IEO,Disgust,Low,1063_IEO_DIS_LO.wav
1076,IEO,Disgust,Low,1076_IEO_DIS_LO.wav
1039,IWW,Happy,Unspecified,1039_IWW_HAP_XX.wav
1080,WSI,Happy,Unspecified,1080_WSI_HAP_XX.wav
1007,ITH,Neutral,Unspecified,1007_ITH_NEU_XX.wav
1018,IWW,Fear,Unspecified,1018_IWW_FEA_XX.wav
1012,ITH,Neutral,Unspecified,1012_ITH_NEU_XX.wav
1091,DFA,Neutral,Unspecified,1091_DFA_NEU_XX.wav
1036,TIE,Sad,Unspecified,1036_TIE_SAD_XX.wav
1027,WSI,Disgust,Unspecified,1027_WSI_DIS_XX.wav
1023,TIE,Sad,Unspecified,1023_TIE_SAD_XX.wav
1032,WSI,Disgust,Unspecified,1032_WSI_DIS_XX.wav
1084,DFA,Neutral,Unspecified,1084_DFA_NEU_XX.wav
1056,TIE,Anger,Unspecified,1056_TIE_ANG_XX.wav
1043,TIE,Anger,Unspecified,1043_TIE_ANG_XX.wav
1014,TIE,Neutral,Unspecified,1014_TIE_NEU_XX.wav
1001,TIE,Neutral,Unspecified,1001_TIE_NEU_XX.wav
1028,IWW,Neutral,Unspecified,1028_IWW_NEU_XX.wav
1022,ITH,Fear,Unspecified,1022_ITH_FEA_XX.wav
1037,ITH,Fear,Unspecified,1037_ITH_FEA_XX.wav
1032,DFA,Disgust,Unspecified,1032_DFA_DIS_XX.wav
1003,ITH,Happy,Unspecified,1003_ITH_HAP_XX.wav
1084,WSI,Neutral,Unspecified,1084_WSI_NEU_XX.wav
1091,WSI,Neutral,Unspecified,1091_WSI_NEU_XX.wav
1016,ITH,Happy,Unspecified,1016_ITH_HAP_XX.wav
1027,DFA,Disgust,Unspecified,1027_DFA_DIS_XX.wav
1082,IEO,Anger,Low,1082_IEO_ANG_LO.wav
1080,DFA,Happy,Unspecified,1080_DFA_HAP_XX.wav
1036,IEO,Neutral,Unspecified,1036_IEO_NEU_XX.wav
1023,IEO,Neutral,Unspecified,1023_IEO_NEU_XX.wav
1025,ITH,Sad,Unspecified,1025_ITH_SAD_XX.wav
1030,ITH,Sad,Unspecified,1030_ITH_SAD_XX.wav
1005,IWW,Disgust,Unspecified,1005_IWW_DIS_XX.wav
1010,IWW,Disgust,Unspecified,1010_IWW_DIS_XX.wav
1048,DFA,Anger,Unspecified,1048_DFA_ANG_XX.wav
1084,IWW,Sad,Unspecified,1084_IWW_SAD_XX.wav
1091,IWW,Sad,Unspecified,1091_IWW_SAD_XX.wav
1039,TIE,Disgust,Unspecified,1039_TIE_DIS_XX.wav
1028,WSI,Sad,Unspecified,1028_WSI_SAD_XX.wav
1079,IEO,Sad,Low,1079_IEO_SAD_LO.wav
1089,ITH,Neutral,Unspecified,1089_ITH_NEU_XX.wav
1083,IWW,Fear,Unspecified,1083_IWW_FEA_XX.wav
1019,IEO,Anger,Low,1019_IEO_ANG_LO.wav
1028,DFA,Sad,Unspecified,1028_DFA_SAD_XX.wav
1048,WSI,Anger,Unspecified,1048_WSI_ANG_XX.wav
1068,IEO,Happy,High,1068_IEO_HAP_HI.wav
1081,IOM,Sad,Unspecified,1081_IOM_SAD_XX.wav
1079,TSI,Sad,Unspecified,1079_TSI_SAD_XX.wav
1049,IEO,Fear,High,1049_IEO_FEA_HI.wav
1006,ITS,Neutral,Unspecified,1006_ITS_NEU_XX.wav
1079,IEO,Happy,Medium,1079_IEO_HAP_MD.wav
1019,IWL,Fear,Unspecified,1019_IWL_FEA_XX.wav
1013,ITS,Neutral,Unspecified,1013_ITS_NEU_XX.wav
1048,TAI,Sad,Unspecified,1048_TAI_SAD_XX.wav
1058,IEO,Fear,Medium,1058_IEO_FEA_MD.wav
1015,IOM,Disgust,Unspecified,1015_IOM_DIS_XX.wav
1038,IWL,Happy,Unspecified,1038_IWL_HAP_XX.wav
1044,ITS,Anger,Unspecified,1044_ITS_ANG_XX.wav
1051,ITS,Anger,Unspecified,1051_ITS_ANG_XX.wav
1086,IOM,Fear,Unspecified,1086_IOM_FEA_XX.wav
1091,MTI,Neutral,Unspecified,1091_MTI_NEU_XX.wav
1084,MTI,Neutral,Unspecified,1084_MTI_NEU_XX.wav
1032,MTI,Disgust,Unspecified,1032_MTI_DIS_XX.wav
1027,MTI,Disgust,Unspecified,1027_MTI_DIS_XX.wav
1002,ITS,Happy,Unspecified,1002_ITS_HAP_XX.wav
1017,ITS,Happy,Unspecified,1017_ITS_HAP_XX.wav
1029,IWL,Neutral,Unspecified,1029_IWL_NEU_XX.wav
1023,ITS,Fear,Unspecified,1023_ITS_FEA_XX.wav
1036,ITS,Fear,Unspecified,1036_ITS_FEA_XX.wav
1019,TSI,Anger,Unspecified,1019_TSI_ANG_XX.wav
1024,ITS,Sad,Unspecified,1024_ITS_SAD_XX.wav
1031,ITS,Sad,Unspecified,1031_ITS_SAD_XX.wav
1080,MTI,Happy,Unspecified,1080_MTI_HAP_XX.wav
1028,TAI,Anger,Unspecified,1028_TAI_ANG_XX.wav
1086,TSI,Sad,Unspecified,1086_TSI_SAD_XX.wav
1082,IEO,Happy,High,1082_IEO_HAP_HI.wav
1036,TAI,Disgust,Unspecified,1036_TAI_DIS_XX.wav
1023,TAI,Disgust,Unspecified,1023_TAI_DIS_XX.wav
1086,IEO,Happy,Medium,1086_IEO_HAP_MD.wav
1007,TSI,Disgust,Unspecified,1007_TSI_DIS_XX.wav
1012,TSI,Disgust,Unspecified,1012_TSI_DIS_XX.wav
1034,IEO,Disgust,Medium,1034_IEO_DIS_MD.wav
1081,TSI,Fear,Unspecified,1081_TSI_FEA_XX.wav
1079,IOM,Fear,Unspecified,1079_IOM_FEA_XX.wav
1021,IEO,Disgust,Medium,1021_IEO_DIS_MD.wav
1058,IOM,Happy,Unspecified,1058_IOM_HAP_XX.wav
1060,IWL,Disgust,Unspecified,1060_IWL_DIS_XX.wav
1075,IWL,Disgust,Unspecified,1075_IWL_DIS_XX.wav
1025,IEO,Disgust,High,1025_IEO_DIS_HI.wav
1030,IEO,Disgust,High,1030_IEO_DIS_HI.wav
1091,TAI,Happy,Unspecified,1091_TAI_HAP_XX.wav
1039,MTI,Anger,Unspecified,1039_MTI_ANG_XX.wav
1084,TAI,Happy,Unspecified,1084_TAI_HAP_XX.wav
1081,IWL,Anger,Unspecified,1081_IWL_ANG_XX.wav
1059,MTI,Sad,Unspecified,1059_MTI_SAD_XX.wav
1049,IOM,Neutral,Unspecified,1049_IOM_NEU_XX.wav
1080,TAI,Neutral,Unspecified,1080_TAI_NEU_XX.wav
1081,IEO,Fear,Low,1081_IEO_FEA_LO.wav
1052,TIE,Sad,Unspecified,1052_TIE_SAD_XX.wav
1043,WSI,Disgust,Unspecified,1043_WSI_DIS_XX.wav
1047,TIE,Sad,Unspecified,1047_TIE_SAD_XX.wav
1056,WSI,Disgust,Unspecified,1056_WSI_DIS_XX.wav
1055,TIE,Fear,Unspecified,1055_TIE_FEA_XX.wav
1040,TIE,Fear,Unspecified,1040_TIE_FEA_XX.wav
1074,TIE,Happy,Unspecified,1074_TIE_HAP_XX.wav
1061,TIE,Happy,Unspecified,1061_TIE_HAP_XX.wav
1086,IEO,Sad,Low,1086_IEO_SAD_LO.wav
1007,IEO,Disgust,Low,1007_IEO_DIS_LO.wav
1012,IEO,Disgust,Low,1012_IEO_DIS_LO.wav
1021,ITH,Anger,Unspecified,1021_ITH_ANG_XX.wav
1034,ITH,Anger,Unspecified,1034_ITH_ANG_XX.wav
1069,IWW,Fear,Unspecified,1069_IWW_FEA_XX.wav
1063,ITH,Neutral,Unspecified,1063_ITH_NEU_XX.wav
1076,ITH,Neutral,Unspecified,1076_ITH_NEU_XX.wav
1048,IWW,Happy,Unspecified,1048_IWW_HAP_XX.wav
1052,IEO,Neutral,Unspecified,1052_IEO_NEU_XX.wav
1047,IEO,Neutral,Unspecified,1047_IEO_NEU_XX.wav
1041,ITH,Sad,Unspecified,1041_ITH_SAD_XX.wav
1054,ITH,Sad,Unspecified,1054_ITH_SAD_XX.wav
1032,TIE,Anger,Unspecified,1032_TIE_ANG_XX.wav
1027,TIE,Anger,Unspecified,1027_TIE_ANG_XX.wav
1070,TIE,Neutral,Unspecified,1070_TIE_NEU_XX.wav
1065,TIE,Neutral,Unspecified,1065_TIE_NEU_XX.wav
1067,ITH,Happy,Unspecified,1067_ITH_HAP_XX.wav
1056,DFA,Disgust,Unspecified,1056_DFA_DIS_XX.wav
1043,DFA,Disgust,Unspecified,1043_DFA_DIS_XX.wav
1072,ITH,Happy,Unspecified,1072_ITH_HAP_XX.wav
1046,ITH,Fear,Unspecified,1046_ITH_FEA_XX.wav
1059,IWW,Neutral,Unspecified,1059_IWW_NEU_XX.wav
1053,ITH,Fear,Unspecified,1053_ITH_FEA_XX.wav
1008,IEO,Sad,Low,1008_IEO_SAD_LO.wav
1089,IEO,Disgust,Low,1089_IEO_DIS_LO.wav
1061,IWW,Disgust,Unspecified,1061_IWW_DIS_XX.wav
1074,IWW,Disgust,Unspecified,1074_IWW_DIS_XX.wav
1039,DFA,Anger,Unspecified,1039_DFA_ANG_XX.wav
1048,TIE,Disgust,Unspecified,1048_TIE_DIS_XX.wav
1059,WSI,Sad,Unspecified,1059_WSI_SAD_XX.wav
1059,DFA,Sad,Unspecified,1059_DFA_SAD_XX.wav
1039,WSI,Anger,Unspecified,1039_WSI_ANG_XX.wav
1080,IWW,Anger,Unspecified,1080_IWW_ANG_XX.wav
1068,IEO,Anger,Low,1068_IEO_ANG_LO.wav
1038,IEO,Fear,High,1038_IEO_FEA_HI.wav
1008,TSI,Sad,Unspecified,1008_TSI_SAD_XX.wav
1019,IEO,Happy,High,1019_IEO_HAP_HI.wav
1089,TSI,Disgust,Unspecified,1089_TSI_DIS_XX.wav
1049,IWL,Happy,Unspecified,1049_IWL_HAP_XX.wav
1071,IOM,Disgust,Unspecified,1071_IOM_DIS_XX.wav
1064,IOM,Disgust,Unspecified,1064_IOM_DIS_XX.wav
1029,IEO,Fear,Medium,1029_IEO_FEA_MD.wav
1068,IWL,Fear,Unspecified,1068_IWL_FEA_XX.wav
1062,ITS,Neutral,Unspecified,1062_ITS_NEU_XX.wav
1039,TAI,Sad,Unspecified,1039_TAI_SAD_XX.wav
1008,IEO,Happy,Medium,1008_IEO_HAP_MD.wav
1077,ITS,Neutral,Unspecified,1077_ITS_NEU_XX.wav
1020,ITS,Anger,Unspecified,1020_ITS_ANG_XX.wav
1035,ITS,Anger,Unspecified,1035_ITS_ANG_XX.wav
1068,TSI,Anger,Unspecified,1068_TSI_ANG_XX.wav
1090,IOM,Anger,Unspecified,1090_IOM_ANG_XX.wav
1085,IOM,Anger,Unspecified,1085_IOM_ANG_XX.wav
1040,ITS,Sad,Unspecified,1040_ITS_SAD_XX.wav
1055,ITS,Sad,Unspecified,1055_ITS_SAD_XX.wav
1059,TAI,Anger,Unspecified,1059_TAI_ANG_XX.wav
1056,MTI,Disgust,Unspecified,1056_MTI_DIS_XX.wav
1043,MTI,Disgust,Unspecified,1043_MTI_DIS_XX.wav
1047,ITS,Fear,Unspecified,1047_ITS_FEA_XX.wav
1058,IWL,Neutral,Unspecified,1058_IWL_NEU_XX.wav
1052,ITS,Fear,Unspecified,1052_ITS_FEA_XX.wav
1066,ITS,Happy,Unspecified,1066_ITS_HAP_XX.wav
1073,ITS,Happy,Unspecified,1073_ITS_HAP_XX.wav
1075,TSI,Anger,Unspecified,1075_TSI_ANG_XX.wav
1060,TSI,Anger,Unspecified,1060_TSI_ANG_XX.wav
1037,TSI,Neutral,Unspecified,1037_TSI_NEU_XX.wav
1022,TSI,Neutral,Unspecified,1022_TSI_NEU_XX.wav
1006,TAI,Neutral,Unspecified,1006_TAI_NEU_XX.wav
1048,ITS,Sad,Unspecified,1048_ITS_SAD_XX.wav
1013,TAI,Neutral,Unspecified,1013_TAI_NEU_XX.wav
1044,TAI,Anger,Unspecified,1044_TAI_ANG_XX.wav
1051,TAI,Anger,Unspecified,1051_TAI_ANG_XX.wav
1057,IEO,Anger,High,1057_IEO_ANG_HI.wav
1042,IEO,Anger,High,1042_IEO_ANG_HI.wav
1012,IWL,Anger,Unspecified,1012_IWL_ANG_XX.wav
1007,IWL,Anger,Unspecified,1007_IWL_ANG_XX.wav
1046,IEO,Anger,Medium,1046_IEO_ANG_MD.wav
1053,IEO,Anger,Medium,1053_IEO_ANG_MD.wav
1050,IWL,Neutral,Unspecified,1050_IWL_NEU_XX.wav
1045,IWL,Neutral,Unspecified,1045_IWL_NEU_XX.wav
1012,TSI,Fear,Unspecified,1012_TSI_FEA_XX.wav
1007,TSI,Fear,Unspecified,1007_TSI_FEA_XX.wav
1033,TSI,Happy,Unspecified,1033_TSI_HAP_XX.wav
1037,IEO,Sad,High,1037_IEO_SAD_HI.wav
1022,IEO,Sad,High,1022_IEO_SAD_HI.wav
1026,TSI,Happy,Unspecified,1026_TSI_HAP_XX.wav
1072,IWL,Sad,Unspecified,1072_IWL_SAD_XX.wav
1023,TAI,Fear,Unspecified,1023_TAI_FEA_XX.wav
1036,TAI,Fear,Unspecified,1036_TAI_FEA_XX.wav
1067,IWL,Sad,Unspecified,1067_IWL_SAD_XX.wav
1002,TAI,Happy,Unspecified,1002_TAI_HAP_XX.wav
1026,IEO,Sad,Medium,1026_IEO_SAD_MD.wav
1033,IEO,Sad,Medium,1033_IEO_SAD_MD.wav
1017,TAI,Happy,Unspecified,1017_TAI_HAP_XX.wav
1011,IEO,Happy,High,1011_IEO_HAP_HI.wav
1015,TSI,Sad,Unspecified,1015_TSI_SAD_XX.wav
1004,IEO,Happy,High,1004_IEO_HAP_HI.wav
1030,IEO,Fear,High,1030_IEO_FEA_HI.wav
1025,IEO,Fear,High,1025_IEO_FEA_HI.wav
1024,TAI,Sad,Unspecified,1024_TAI_SAD_XX.wav
1075,IWL,Fear,Unspecified,1075_IWL_FEA_XX.wav
1060,IWL,Fear,Unspecified,1060_IWL_FEA_XX.wav
1031,TAI,Sad,Unspecified,1031_TAI_SAD_XX.wav
1015,IEO,Happy,Medium,1015_IEO_HAP_MD.wav
1054,IWL,Happy,Unspecified,1054_IWL_HAP_XX.wav
1021,IEO,Fear,Medium,1021_IEO_FEA_MD.wav
1081,TSI,Disgust,Unspecified,1081_TSI_DIS_XX.wav
1034,IEO,Fear,Medium,1034_IEO_FEA_MD.wav
1041,IWL,Happy,Unspecified,1041_IWL_HAP_XX.wav
1079,IOM,Disgust,Unspecified,1079_IOM_DIS_XX.wav
1028,ITS,Anger,Unspecified,1028_ITS_ANG_XX.wav
1044,DFA,Sad,Unspecified,1044_DFA_SAD_XX.wav
1051,DFA,Sad,Unspecified,1051_DFA_SAD_XX.wav
1088,IWW,Anger,Unspecified,1088_IWW_ANG_XX.wav
1031,WSI,Anger,Unspecified,1031_WSI_ANG_XX.wav
1024,WSI,Anger,Unspecified,1024_WSI_ANG_XX.wav
1073,WSI,Neutral,Unspecified,1073_WSI_NEU_XX.wav
1066,WSI,Neutral,Unspecified,1066_WSI_NEU_XX.wav
1053,ITH,Disgust,Unspecified,1053_ITH_DIS_XX.wav
1062,DFA,Happy,Unspecified,1062_DFA_HAP_XX.wav
1077,DFA,Happy,Unspecified,1077_DFA_HAP_XX.wav
1046,ITH,Disgust,Unspecified,1046_ITH_DIS_XX.wav
1075,IEO,Anger,Low,1075_IEO_ANG_LO.wav
1043,DFA,Fear,Unspecified,1043_DFA_FEA_XX.wav
1056,DFA,Fear,Unspecified,1056_DFA_FEA_XX.wav
1060,IEO,Anger,Low,1060_IEO_ANG_LO.wav
1015,IEO,Sad,Low,1015_IEO_SAD_LO.wav
1077,WSI,Happy,Unspecified,1077_WSI_HAP_XX.wav
1062,WSI,Happy,Unspecified,1062_WSI_HAP_XX.wav
1056,WSI,Fear,Unspecified,1056_WSI_FEA_XX.wav
1043,WSI,Fear,Unspecified,1043_WSI_FEA_XX.wav
1081,IEO,Disgust,Low,1081_IEO_DIS_LO.wav
1066,DFA,Neutral,Unspecified,1066_DFA_NEU_XX.wav
1073,DFA,Neutral,Unspecified,1073_DFA_NEU_XX.wav
1069,IWW,Disgust,Unspecified,1069_IWW_DIS_XX.wav
1033,IEO,Happy,Low,1033_IEO_HAP_LO.wav
1026,IEO,Happy,Low,1026_IEO_HAP_LO.wav
1012,IEO,Fear,Low,1012_IEO_FEA_LO.wav
1024,DFA,Anger,Unspecified,1024_DFA_ANG_XX.wav
1031,DFA,Anger,Unspecified,1031_DFA_ANG_XX.wav
1007,IEO,Fear,Low,1007_IEO_FEA_LO.wav
1040,TIE,Disgust,Unspecified,1040_TIE_DIS_XX.wav
1051,WSI,Sad,Unspecified,1051_WSI_SAD_XX.wav
1055,TIE,Disgust,Unspecified,1055_TIE_DIS_XX.wav
1044,WSI,Sad,Unspecified,1044_WSI_SAD_XX.wav
1049,ITH,Sad,Unspecified,1049_ITH_SAD_XX.wav
1078,TIE,Neutral,Unspecified,1078_TIE_NEU_XX.wav
1051,IWW,Neutral,Unspecified,1051_IWW_NEU_XX.wav
1044,IWW,Neutral,Unspecified,1044_IWW_NEU_XX.wav
1013,IWW,Anger,Unspecified,1013_IWW_ANG_XX.wav
1006,IWW,Anger,Unspecified,1006_IWW_ANG_XX.wav
1089,IEO,Fear,Low,1089_IEO_FEA_LO.wav
1073,IWW,Sad,Unspecified,1073_IWW_SAD_XX.wav
1066,IWW,Sad,Unspecified,1066_IWW_SAD_XX.wav
1069,TIE,Happy,Unspecified,1069_TIE_HAP_XX.wav
1048,TIE,Fear,Unspecified,1048_TIE_FEA_XX.wav
1029,ITH,Anger,Unspecified,1029_ITH_ANG_XX.wav
1055,IWW,Happy,Unspecified,1055_IWW_HAP_XX.wav
1040,IWW,Happy,Unspecified,1040_IWW_HAP_XX.wav
1074,IWW,Fear,Unspecified,1074_IWW_FEA_XX.wav
1061,IWW,Fear,Unspecified,1061_IWW_FEA_XX.wav
1044,MTI,Sad,Unspecified,1044_MTI_SAD_XX.wav
1051,MTI,Sad,Unspecified,1051_MTI_SAD_XX.wav
1089,IWL,Anger,Unspecified,1089_IWL_ANG_XX.wav
1041,IOM,Neutral,Unspecified,1041_IOM_NEU_XX.wav
1054,IOM,Neutral,Unspecified,1054_IOM_NEU_XX.wav
1052,ITS,Disgust,Unspecified,1052_ITS_DIS_XX.wav
1047,ITS,Disgust,Unspecified,1047_ITS_DIS_XX.wav
1003,IOM,Anger,Unspecified,1003_IOM_ANG_XX.wav
1016,IOM,Anger,Unspecified,1016_IOM_ANG_XX.wav
1043,MTI,Fear,Unspecified,1043_MTI_FEA_XX.wav
1056,MTI,Fear,Unspecified,1056_MTI_FEA_XX.wav
1062,MTI,Happy,Unspecified,1062_MTI_HAP_XX.wav
1077,MTI,Happy,Unspecified,1077_MTI_HAP_XX.wav
1088,TAI,Neutral,Unspecified,1088_TAI_NEU_XX.wav
1063,IOM,Sad,Unspecified,1063_IOM_SAD_XX.wav
1076,IOM,Sad,Unspecified,1076_IOM_SAD_XX.wav
1045,IOM,Happy,Unspecified,1045_IOM_HAP_XX.wav
1050,IOM,Happy,Unspecified,1050_IOM_HAP_XX.wav
1068,IWL,Disgust,Unspecified,1068_IWL_DIS_XX.wav
1064,IOM,Fear,Unspecified,1064_IOM_FEA_XX.wav
1029,IEO,Disgust,Medium,1029_IEO_DIS_MD.wav
1089,TSI,Fear,Unspecified,1089_TSI_FEA_XX.wav
1071,IOM,Fear,Unspecified,1071_IOM_FEA_XX.wav
1024,MTI,Anger,Unspecified,1024_MTI_ANG_XX.wav
1031,MTI,Anger,Unspecified,1031_MTI_ANG_XX.wav
1038,IEO,Disgust,High,1038_IEO_DIS_HI.wav
1066,MTI,Neutral,Unspecified,1066_MTI_NEU_XX.wav
1073,MTI,Neutral,Unspecified,1073_MTI_NEU_XX.wav
1033,IEO,Anger,High,1033_IEO_ANG_HI.wav
1026,IEO,Anger,High,1026_IEO_ANG_HI.wav
1022,IEO,Anger,Medium,1022_IEO_ANG_MD.wav
1037,IEO,Anger,Medium,1037_IEO_ANG_MD.wav
1076,IWL,Anger,Unspecified,1076_IWL_ANG_XX.wav
1063,IWL,Anger,Unspecified,1063_IWL_ANG_XX.wav
1034,IWL,Neutral,Unspecified,1034_IWL_NEU_XX.wav
1021,IWL,Neutral,Unspecified,1021_IWL_NEU_XX.wav
1011,TSI,Anger,Unspecified,1011_TSI_ANG_XX.wav
1004,TSI,Anger,Unspecified,1004_TSI_ANG_XX.wav
1053,TSI,Neutral,Unspecified,1053_TSI_NEU_XX.wav
1046,TSI,Neutral,Unspecified,1046_TSI_NEU_XX.wav
1039,ITS,Sad,Unspecified,1039_ITS_SAD_XX.wav
1062,TAI,Neutral,Unspecified,1062_TAI_NEU_XX.wav
1077,TAI,Neutral,Unspecified,1077_TAI_NEU_XX.wav
1088,MTI,Happy,Unspecified,1088_MTI_HAP_XX.wav
1020,TAI,Anger,Unspecified,1020_TAI_ANG_XX.wav
1035,TAI,Anger,Unspecified,1035_TAI_ANG_XX.wav
1054,IEO,Fear,High,1054_IEO_FEA_HI.wav
1041,IEO,Fear,High,1041_IEO_FEA_HI.wav
1089,IOM,Sad,Unspecified,1089_IOM_SAD_XX.wav
1075,IEO,Happy,High,1075_IEO_HAP_HI.wav
1071,TSI,Sad,Unspecified,1071_TSI_SAD_XX.wav
1064,TSI,Sad,Unspecified,1064_TSI_SAD_XX.wav
1060,IEO,Happy,High,1060_IEO_HAP_HI.wav
1030,IWL,Happy,Unspecified,1030_IWL_HAP_XX.wav
1008,IOM,Disgust,Unspecified,1008_IOM_DIS_XX.wav
1045,IEO,Fear,Medium,1045_IEO_FEA_MD.wav
1050,IEO,Fear,Medium,1050_IEO_FEA_MD.wav
1025,IWL,Happy,Unspecified,1025_IWL_HAP_XX.wav
1064,IEO,Happy,Medium,1064_IEO_HAP_MD.wav
1011,IWL,Fear,Unspecified,1011_IWL_FEA_XX.wav
1040,TAI,Sad,Unspecified,1040_TAI_SAD_XX.wav
1055,TAI,Sad,Unspecified,1055_TAI_SAD_XX.wav
1004,IWL,Fear,Unspecified,1004_IWL_FEA_XX.wav
1071,IEO,Happy,Medium,1071_IEO_HAP_MD.wav
1059,ITS,Anger,Unspecified,1059_ITS_ANG_XX.wav
1057,TSI,Happy,Unspecified,1057_TSI_HAP_XX.wav
1053,IEO,Sad,High,1053_IEO_SAD_HI.wav
1082,IWL,Disgust,Unspecified,1082_IWL_DIS_XX.wav
1046,IEO,Sad,High,1046_IEO_SAD_HI.wav
1042,TSI,Happy,Unspecified,1042_TSI_HAP_XX.wav
1076,TSI,Fear,Unspecified,1076_TSI_FEA_XX.wav
1063,TSI,Fear,Unspecified,1063_TSI_FEA_XX.wav
1066,TAI,Happy,Unspecified,1066_TAI_HAP_XX.wav
1042,IEO,Sad,Medium,1042_IEO_SAD_MD.wav
1057,IEO,Sad,Medium,1057_IEO_SAD_MD.wav
1073,TAI,Happy,Unspecified,1073_TAI_HAP_XX.wav
1047,TAI,Fear,Unspecified,1047_TAI_FEA_XX.wav
1016,IWL,Sad,Unspecified,1016_IWL_SAD_XX.wav
1003,IWL,Sad,Unspecified,1003_IWL_SAD_XX.wav
1052,TAI,Fear,Unspecified,1052_TAI_FEA_XX.wav
1027,DFA,Fear,Unspecified,1027_DFA_FEA_XX.wav
1011,IEO,Anger,Low,1011_IEO_ANG_LO.wav
1004,IEO,Anger,Low,1004_IEO_ANG_LO.wav
1032,DFA,Fear,Unspecified,1032_DFA_FEA_XX.wav
1006,DFA,Happy,Unspecified,1006_DFA_HAP_XX.wav
1037,ITH,Disgust,Unspecified,1037_ITH_DIS_XX.wav
1022,ITH,Disgust,Unspecified,1022_ITH_DIS_XX.wav
1013,DFA,Happy,Unspecified,1013_DFA_HAP_XX.wav
1087,TIE,Neutral,Unspecified,1087_TIE_NEU_XX.wav
1020,DFA,Sad,Unspecified,1020_DFA_SAD_XX.wav
1035,DFA,Sad,Unspecified,1035_DFA_SAD_XX.wav
1055,WSI,Anger,Unspecified,1055_WSI_ANG_XX.wav
1040,WSI,Anger,Unspecified,1040_WSI_ANG_XX.wav
1017,WSI,Neutral,Unspecified,1017_WSI_NEU_XX.wav
1090,ITH,Happy,Unspecified,1090_ITH_HAP_XX.wav
1085,ITH,Happy,Unspecified,1085_ITH_HAP_XX.wav
1002,WSI,Neutral,Unspecified,1002_WSI_NEU_XX.wav
1018,IWW,Disgust,Unspecified,1018_IWW_DIS_XX.wav
1002,DFA,Neutral,Unspecified,1002_DFA_NEU_XX.wav
1017,DFA,Neutral,Unspecified,1017_DFA_NEU_XX.wav
1040,DFA,Anger,Unspecified,1040_DFA_ANG_XX.wav
1076,IEO,Fear,Low,1076_IEO_FEA_LO.wav
1063,IEO,Fear,Low,1063_IEO_FEA_LO.wav
1055,DFA,Anger,Unspecified,1055_DFA_ANG_XX.wav
1057,IEO,Happy,Low,1057_IEO_HAP_LO.wav
1042,IEO,Happy,Low,1042_IEO_HAP_LO.wav
1024,TIE,Disgust,Unspecified,1024_TIE_DIS_XX.wav
1035,WSI,Sad,Unspecified,1035_WSI_SAD_XX.wav
1031,TIE,Disgust,Unspecified,1031_TIE_DIS_XX.wav
1020,WSI,Sad,Unspecified,1020_WSI_SAD_XX.wav
1071,IEO,Sad,Low,1071_IEO_SAD_LO.wav
1064,IEO,Sad,Low,1064_IEO_SAD_LO.wav
1083,TIE,Happy,Unspecified,1083_TIE_HAP_XX.wav
1032,WSI,Fear,Unspecified,1032_WSI_FEA_XX.wav
1027,WSI,Fear,Unspecified,1027_WSI_FEA_XX.wav
1013,WSI,Happy,Unspecified,1013_WSI_HAP_XX.wav
1006,WSI,Happy,Unspecified,1006_WSI_HAP_XX.wav
1081,ITH,Neutral,Unspecified,1081_ITH_NEU_XX.wav
1009,TIE,Neutral,Unspecified,1009_TIE_NEU_XX.wav
1035,IWW,Neutral,Unspecified,1035_IWW_NEU_XX.wav
1020,IWW,Neutral,Unspecified,1020_IWW_NEU_XX.wav
1077,IWW,Anger,Unspecified,1077_IWW_ANG_XX.wav
1062,IWW,Anger,Unspecified,1062_IWW_ANG_XX.wav
1088,DFA,Happy,Unspecified,1088_DFA_HAP_XX.wav
1038,ITH,Sad,Unspecified,1038_ITH_SAD_XX.wav
1039,TIE,Fear,Unspecified,1039_TIE_FEA_XX.wav
1018,TIE,Happy,Unspecified,1018_TIE_HAP_XX.wav
1058,ITH,Anger,Unspecified,1058_ITH_ANG_XX.wav
1010,IWW,Fear,Unspecified,1010_IWW_FEA_XX.wav
1088,WSI,Happy,Unspecified,1088_WSI_HAP_XX.wav
1005,IWW,Fear,Unspecified,1005_IWW_FEA_XX.wav
1031,IWW,Happy,Unspecified,1031_IWW_HAP_XX.wav
1024,IWW,Happy,Unspecified,1024_IWW_HAP_XX.wav
1083,IWW,Disgust,Unspecified,1083_IWW_DIS_XX.wav
1017,IWW,Sad,Unspecified,1017_IWW_SAD_XX.wav
1002,IWW,Sad,Unspecified,1002_IWW_SAD_XX.wav
1036,ITS,Disgust,Unspecified,1036_ITS_DIS_XX.wav
1023,ITS,Disgust,Unspecified,1023_ITS_DIS_XX.wav
1025,IOM,Neutral,Unspecified,1025_IOM_NEU_XX.wav
1030,IOM,Neutral,Unspecified,1030_IOM_NEU_XX.wav
1067,IOM,Anger,Unspecified,1067_IOM_ANG_XX.wav
1072,IOM,Anger,Unspecified,1072_IOM_ANG_XX.wav
1006,MTI,Happy,Unspecified,1006_MTI_HAP_XX.wav
1013,MTI,Happy,Unspecified,1013_MTI_HAP_XX.wav
1027,MTI,Fear,Unspecified,1027_MTI_FEA_XX.wav
1032,MTI,Fear,Unspecified,1032_MTI_FEA_XX.wav
1091,ITS,Happy,Unspecified,1091_ITS_HAP_XX.wav
1084,ITS,Happy,Unspecified,1084_ITS_HAP_XX.wav
1020,MTI,Sad,Unspecified,1020_MTI_SAD_XX.wav
1035,MTI,Sad,Unspecified,1035_MTI_SAD_XX.wav
1058,IEO,Disgust,Medium,1058_IEO_DIS_MD.wav
1015,IOM,Fear,Unspecified,1015_IOM_FEA_XX.wav
1021,IOM,Happy,Unspecified,1021_IOM_HAP_XX.wav
1019,IWL,Disgust,Unspecified,1019_IWL_DIS_XX.wav
1034,IOM,Happy,Unspecified,1034_IOM_HAP_XX.wav
1049,IEO,Disgust,High,1049_IEO_DIS_HI.wav
1040,MTI,Anger,Unspecified,1040_MTI_ANG_XX.wav
1055,MTI,Anger,Unspecified,1055_MTI_ANG_XX.wav
1002,MTI,Neutral,Unspecified,1002_MTI_NEU_XX.wav
1017,MTI,Neutral,Unspecified,1017_MTI_NEU_XX.wav
1007,IOM,Sad,Unspecified,1007_IOM_SAD_XX.wav
1012,IOM,Sad,Unspecified,1012_IOM_SAD_XX.wav
1080,ITS,Neutral,Unspecified,1080_ITS_NEU_XX.wav
1086,IOM,Disgust,Unspecified,1086_IOM_DIS_XX.wav
1038,IEO,Anger,Low,1038_IEO_ANG_LO.wav
1009,DFA,Sad,Unspecified,1009_DFA_SAD_XX.wav
1087,IWW,Neutral,Unspecified,1087_IWW_NEU_XX.wav
1088,DFA,Disgust,Unspecified,1088_DFA_DIS_XX.wav
1069,WSI,Anger,Unspecified,1069_WSI_ANG_XX.wav
1069,DFA,Anger,Unspecified,1069_DFA_ANG_XX.wav
1031,IWW,Disgust,Unspecified,1031_IWW_DIS_XX.wav
1024,IWW,Disgust,Unspecified,1024_IWW_DIS_XX.wav
1088,WSI,Disgust,Unspecified,1088_WSI_DIS_XX.wav
1009,WSI,Sad,Unspecified,1009_WSI_SAD_XX.wav
1018,TIE,Disgust,Unspecified,1018_TIE_DIS_XX.wav
1058,IEO,Sad,Low,1058_IEO_SAD_LO.wav
1083,IWW,Happy,Unspecified,1083_IWW_HAP_XX.wav
1006,MTI,Disgust,Unspecified,1006_MTI_DIS_XX.wav
1013,MTI,Disgust,Unspecified,1013_MTI_DIS_XX.wav
1017,ITS,Fear,Unspecified,1017_ITS_FEA_XX.wav
1002,ITS,Fear,Unspecified,1002_ITS_FEA_XX.wav
1008,IWL,Neutral,Unspecified,1008_IWL_NEU_XX.wav
1036,ITS,Happy,Unspecified,1036_ITS_HAP_XX.wav
1023,ITS,Happy,Unspecified,1023_ITS_HAP_XX.wav
1087,MTI,Sad,Unspecified,1087_MTI_SAD_XX.wav
1082,IOM,Neutral,Unspecified,1082_IOM_NEU_XX.wav
1091,ITS,Disgust,Unspecified,1091_ITS_DIS_XX.wav
1084,ITS,Disgust,Unspecified,1084_ITS_DIS_XX.wav
1038,TSI,Anger,Unspecified,1038_TSI_ANG_XX.wav
1080,MTI,Fear,Unspecified,1080_MTI_FEA_XX.wav
1009,TAI,Anger,Unspecified,1009_TAI_ANG_XX.wav
1010,ITS,Sad,Unspecified,1010_ITS_SAD_XX.wav
1005,ITS,Sad,Unspecified,1005_ITS_SAD_XX.wav
1068,IEO,Fear,High,1068_IEO_FEA_HI.wav
1058,TSI,Sad,Unspecified,1058_TSI_SAD_XX.wav
1049,IEO,Happy,High,1049_IEO_HAP_HI.wav
1070,ITS,Anger,Unspecified,1070_ITS_ANG_XX.wav
1065,ITS,Anger,Unspecified,1065_ITS_ANG_XX.wav
1021,IOM,Disgust,Unspecified,1021_IOM_DIS_XX.wav
1019,IWL,Happy,Unspecified,1019_IWL_HAP_XX.wav
1079,IEO,Fear,Medium,1079_IEO_FEA_MD.wav
1034,IOM,Disgust,Unspecified,1034_IOM_DIS_XX.wav
1069,TAI,Sad,Unspecified,1069_TAI_SAD_XX.wav
1032,ITS,Neutral,Unspecified,1032_ITS_NEU_XX.wav
1038,IWL,Fear,Unspecified,1038_IWL_FEA_XX.wav
1027,ITS,Neutral,Unspecified,1027_ITS_NEU_XX.wav
1058,IEO,Happy,Medium,1058_IEO_HAP_MD.wav
1086,IOM,Happy,Unspecified,1086_IOM_HAP_XX.wav
1019,IOM,Neutral,Unspecified,1019_IOM_NEU_XX.wav
1087,TAI,Anger,Unspecified,1087_TAI_ANG_XX.wav
1088,MTI,Disgust,Unspecified,1088_MTI_DIS_XX.wav
1081,IEO,Anger,High,1081_IEO_ANG_HI.wav
1085,IEO,Anger,Medium,1085_IEO_ANG_MD.wav
1090,IEO,Anger,Medium,1090_IEO_ANG_MD.wav
1086,IWL,Neutral,Unspecified,1086_IWL_NEU_XX.wav
1029,IOM,Fear,Unspecified,1029_IOM_FEA_XX.wav
1064,IEO,Disgust,Medium,1064_IEO_DIS_MD.wav
1071,IEO,Disgust,Medium,1071_IEO_DIS_MD.wav
1030,IWL,Disgust,Unspecified,1030_IWL_DIS_XX.wav
1008,IOM,Happy,Unspecified,1008_IOM_HAP_XX.wav
1025,IWL,Disgust,Unspecified,1025_IWL_DIS_XX.wav
1075,IEO,Disgust,High,1075_IEO_DIS_HI.wav
1060,IEO,Disgust,High,1060_IEO_DIS_HI.wav
1069,MTI,Anger,Unspecified,1069_MTI_ANG_XX.wav
1066,TAI,Disgust,Unspecified,1066_TAI_DIS_XX.wav
1073,TAI,Disgust,Unspecified,1073_TAI_DIS_XX.wav
1057,TSI,Disgust,Unspecified,1057_TSI_DIS_XX.wav
1042,TSI,Disgust,Unspecified,1042_TSI_DIS_XX.wav
1082,IWL,Happy,Unspecified,1082_IWL_HAP_XX.wav
1020,TIE,Neutral,Unspecified,1020_TIE_NEU_XX.wav
1087,DFA,Sad,Unspecified,1087_DFA_SAD_XX.wav
1035,TIE,Neutral,Unspecified,1035_TIE_NEU_XX.wav
1062,TIE,Anger,Unspecified,1062_TIE_ANG_XX.wav
1077,TIE,Anger,Unspecified,1077_TIE_ANG_XX.wav
1006,DFA,Disgust,Unspecified,1006_DFA_DIS_XX.wav
1037,ITH,Happy,Unspecified,1037_ITH_HAP_XX.wav
1022,ITH,Happy,Unspecified,1022_ITH_HAP_XX.wav
1013,DFA,Disgust,Unspecified,1013_DFA_DIS_XX.wav
1016,ITH,Fear,Unspecified,1016_ITH_FEA_XX.wav
1003,ITH,Fear,Unspecified,1003_ITH_FEA_XX.wav
1009,IWW,Neutral,Unspecified,1009_IWW_NEU_XX.wav
1090,ITH,Disgust,Unspecified,1090_ITH_DIS_XX.wav
1085,ITH,Disgust,Unspecified,1085_ITH_DIS_XX.wav
1080,DFA,Fear,Unspecified,1080_DFA_FEA_XX.wav
1011,ITH,Sad,Unspecified,1011_ITH_SAD_XX.wav
1004,ITH,Sad,Unspecified,1004_ITH_SAD_XX.wav
1002,IEO,Neutral,Unspecified,1002_IEO_NEU_XX.wav
1017,IEO,Neutral,Unspecified,1017_IEO_NEU_XX.wav
1005,TIE,Fear,Unspecified,1005_TIE_FEA_XX.wav
1010,TIE,Fear,Unspecified,1010_TIE_FEA_XX.wav
1024,TIE,Happy,Unspecified,1024_TIE_HAP_XX.wav
1031,TIE,Happy,Unspecified,1031_TIE_HAP_XX.wav
1033,ITH,Neutral,Unspecified,1033_ITH_NEU_XX.wav
1039,IWW,Fear,Unspecified,1039_IWW_FEA_XX.wav
1026,ITH,Neutral,Unspecified,1026_ITH_NEU_XX.wav
1018,IWW,Happy,Unspecified,1018_IWW_HAP_XX.wav
1080,WSI,Fear,Unspecified,1080_WSI_FEA_XX.wav
1057,IEO,Disgust,Low,1057_IEO_DIS_LO.wav
1042,IEO,Disgust,Low,1042_IEO_DIS_LO.wav
1071,ITH,Anger,Unspecified,1071_ITH_ANG_XX.wav
1064,ITH,Anger,Unspecified,1064_ITH_ANG_XX.wav
1013,WSI,Disgust,Unspecified,1013_WSI_DIS_XX.wav
1002,TIE,Sad,Unspecified,1002_TIE_SAD_XX.wav
1006,WSI,Disgust,Unspecified,1006_WSI_DIS_XX.wav
1017,TIE,Sad,Unspecified,1017_TIE_SAD_XX.wav
1083,TIE,Disgust,Unspecified,1083_TIE_DIS_XX.wav
1087,WSI,Sad,Unspecified,1087_WSI_SAD_XX.wav
1088,TIE,Anger,Unspecified,1088_TIE_ANG_XX.wav
1078,DFA,Sad,Unspecified,1078_DFA_SAD_XX.wav
1018,WSI,Anger,Unspecified,1018_WSI_ANG_XX.wav
1049,IEO,Anger,Low,1049_IEO_ANG_LO.wav
1029,IEO,Sad,Low,1029_IEO_SAD_LO.wav
1018,DFA,Anger,Unspecified,1018_DFA_ANG_XX.wav
1055,IWW,Disgust,Unspecified,1055_IWW_DIS_XX.wav
1040,IWW,Disgust,Unspecified,1040_IWW_DIS_XX.wav
1078,WSI,Sad,Unspecified,1078_WSI_SAD_XX.wav
1069,TIE,Disgust,Unspecified,1069_TIE_DIS_XX.wav
1049,TSI,Anger,Unspecified,1049_TSI_ANG_XX.wav
1078,TAI,Anger,Unspecified,1078_TAI_ANG_XX.wav
1074,ITS,Sad,Unspecified,1074_ITS_SAD_XX.wav
1061,ITS,Sad,Unspecified,1061_ITS_SAD_XX.wav
1062,MTI,Disgust,Unspecified,1062_MTI_DIS_XX.wav
1077,MTI,Disgust,Unspecified,1077_MTI_DIS_XX.wav
1052,ITS,Happy,Unspecified,1052_ITS_HAP_XX.wav
1047,ITS,Happy,Unspecified,1047_ITS_HAP_XX.wav
1073,ITS,Fear,Unspecified,1073_ITS_FEA_XX.wav
1079,IWL,Neutral,Unspecified,1079_IWL_NEU_XX.wav
1066,ITS,Fear,Unspecified,1066_ITS_FEA_XX.wav
1083,MTI,Anger,Unspecified,1083_MTI_ANG_XX.wav
1038,IEO,Happy,High,1038_IEO_HAP_HI.wav
1029,TSI,Sad,Unspecified,1029_TSI_SAD_XX.wav
1019,IEO,Fear,High,1019_IEO_FEA_HI.wav
1014,ITS,Anger,Unspecified,1014_ITS_ANG_XX.wav
1001,ITS,Anger,Unspecified,1001_ITS_ANG_XX.wav
1029,IEO,Happy,Medium,1029_IEO_HAP_MD.wav
1056,ITS,Neutral,Unspecified,1056_ITS_NEU_XX.wav
1018,TAI,Sad,Unspecified,1018_TAI_SAD_XX.wav
1043,ITS,Neutral,Unspecified,1043_ITS_NEU_XX.wav
1049,IWL,Fear,Unspecified,1049_IWL_FEA_XX.wav
1045,IOM,Disgust,Unspecified,1045_IOM_DIS_XX.wav
1008,IEO,Fear,Medium,1008_IEO_FEA_MD.wav
1050,IOM,Disgust,Unspecified,1050_IOM_DIS_XX.wav
1068,IWL,Happy,Unspecified,1068_IWL_HAP_XX.wav
1078,MTI,Sad,Unspecified,1078_MTI_SAD_XX.wav
1068,IOM,Neutral,Unspecified,1068_IOM_NEU_XX.wav
1090,TSI,Neutral,Unspecified,1090_TSI_NEU_XX.wav
1085,TSI,Neutral,Unspecified,1085_TSI_NEU_XX.wav
1002,TAI,Disgust,Unspecified,1002_TAI_DIS_XX.wav
1082,IEO,Fear,High,1082_IEO_FEA_HI.wav
1017,TAI,Disgust,Unspecified,1017_TAI_DIS_XX.wav
1033,TSI,Disgust,Unspecified,1033_TSI_DIS_XX.wav
1086,IEO,Fear,Medium,1086_IEO_FEA_MD.wav
1026,TSI,Disgust,Unspecified,1026_TSI_DIS_XX.wav
1083,TAI,Sad,Unspecified,1083_TAI_SAD_XX.wav
1090,IEO,Sad,High,1090_IEO_SAD_HI.wav
1054,IWL,Disgust,Unspecified,1054_IWL_DIS_XX.wav
1041,IWL,Disgust,Unspecified,1041_IWL_DIS_XX.wav
1079,IOM,Happy,Unspecified,1079_IOM_HAP_XX.wav
1085,IEO,Sad,High,1085_IEO_SAD_HI.wav
1081,TSI,Happy,Unspecified,1081_TSI_HAP_XX.wav
1015,IEO,Disgust,Medium,1015_IEO_DIS_MD.wav
1058,IOM,Fear,Unspecified,1058_IOM_FEA_XX.wav
1081,IEO,Sad,Medium,1081_IEO_SAD_MD.wav
1018,MTI,Anger,Unspecified,1018_MTI_ANG_XX.wav
1011,IEO,Disgust,High,1011_IEO_DIS_HI.wav
1084,TAI,Fear,Unspecified,1084_TAI_FEA_XX.wav
1004,IEO,Disgust,High,1004_IEO_DIS_HI.wav
1091,TAI,Fear,Unspecified,1091_TAI_FEA_XX.wav
1075,ITH,Sad,Unspecified,1075_ITH_SAD_XX.wav
1060,ITH,Sad,Unspecified,1060_ITH_SAD_XX.wav
1066,IEO,Neutral,Unspecified,1066_IEO_NEU_XX.wav
1073,IEO,Neutral,Unspecified,1073_IEO_NEU_XX.wav
1044,TIE,Neutral,Unspecified,1044_TIE_NEU_XX.wav
1051,TIE,Neutral,Unspecified,1051_TIE_NEU_XX.wav
1006,TIE,Anger,Unspecified,1006_TIE_ANG_XX.wav
1013,TIE,Anger,Unspecified,1013_TIE_ANG_XX.wav
1083,WSI,Anger,Unspecified,1083_WSI_ANG_XX.wav
1072,ITH,Fear,Unspecified,1072_ITH_FEA_XX.wav
1078,IWW,Neutral,Unspecified,1078_IWW_NEU_XX.wav
1067,ITH,Fear,Unspecified,1067_ITH_FEA_XX.wav
1053,ITH,Happy,Unspecified,1053_ITH_HAP_XX.wav
1062,DFA,Disgust,Unspecified,1062_DFA_DIS_XX.wav
1077,DFA,Disgust,Unspecified,1077_DFA_DIS_XX.wav
1046,ITH,Happy,Unspecified,1046_ITH_HAP_XX.wav
1077,WSI,Disgust,Unspecified,1077_WSI_DIS_XX.wav
1066,TIE,Sad,Unspecified,1066_TIE_SAD_XX.wav
1062,WSI,Disgust,Unspecified,1062_WSI_DIS_XX.wav
1073,TIE,Sad,Unspecified,1073_TIE_SAD_XX.wav
1083,DFA,Anger,Unspecified,1083_DFA_ANG_XX.wav
1081,IEO,Happy,Low,1081_IEO_HAP_LO.wav
1040,TIE,Happy,Unspecified,1040_TIE_HAP_XX.wav
1055,TIE,Happy,Unspecified,1055_TIE_HAP_XX.wav
1061,TIE,Fear,Unspecified,1061_TIE_FEA_XX.wav
1074,TIE,Fear,Unspecified,1074_TIE_FEA_XX.wav
1069,IWW,Happy,Unspecified,1069_IWW_HAP_XX.wav
1057,ITH,Neutral,Unspecified,1057_ITH_NEU_XX.wav
1042,ITH,Neutral,Unspecified,1042_ITH_NEU_XX.wav
1048,IWW,Fear,Unspecified,1048_IWW_FEA_XX.wav
1015,ITH,Anger,Unspecified,1015_ITH_ANG_XX.wav
1033,IEO,Disgust,Low,1033_IEO_DIS_LO.wav
1026,IEO,Disgust,Low,1026_IEO_DIS_LO.wav
1089,IEO,Happy,Low,1089_IEO_HAP_LO.wav
1047,IWW,Sad,Unspecified,1047_IWW_SAD_XX.wav
1052,IWW,Sad,Unspecified,1052_IWW_SAD_XX.wav
1069,TIE,Fear,Unspecified,1069_TIE_FEA_XX.wav
1048,TIE,Happy,Unspecified,1048_TIE_HAP_XX.wav
1040,IWW,Fear,Unspecified,1040_IWW_FEA_XX.wav
1055,IWW,Fear,Unspecified,1055_IWW_FEA_XX.wav
1061,IWW,Happy,Unspecified,1061_IWW_HAP_XX.wav
1074,IWW,Happy,Unspecified,1074_IWW_HAP_XX.wav
1008,ITH,Anger,Unspecified,1008_ITH_ANG_XX.wav
1068,ITH,Sad,Unspecified,1068_ITH_SAD_XX.wav
1059,TIE,Neutral,Unspecified,1059_TIE_NEU_XX.wav
1027,IWW,Anger,Unspecified,1027_IWW_ANG_XX.wav
1032,IWW,Anger,Unspecified,1032_IWW_ANG_XX.wav
1065,IWW,Neutral,Unspecified,1065_IWW_NEU_XX.wav
1070,IWW,Neutral,Unspecified,1070_IWW_NEU_XX.wav
1057,IOM,Sad,Unspecified,1057_IOM_SAD_XX.wav
1042,IOM,Sad,Unspecified,1042_IOM_SAD_XX.wav
1087,ITS,Anger,Unspecified,1087_ITS_ANG_XX.wav
1050,IOM,Fear,Unspecified,1050_IOM_FEA_XX.wav
1045,IOM,Fear,Unspecified,1045_IOM_FEA_XX.wav
1008,IEO,Disgust,Medium,1008_IEO_DIS_MD.wav
1049,IWL,Disgust,Unspecified,1049_IWL_DIS_XX.wav
1071,IOM,Happy,Unspecified,1071_IOM_HAP_XX.wav
1089,TSI,Happy,Unspecified,1089_TSI_HAP_XX.wav
1064,IOM,Happy,Unspecified,1064_IOM_HAP_XX.wav
1052,MTI,Neutral,Unspecified,1052_MTI_NEU_XX.wav
1047,MTI,Neutral,Unspecified,1047_MTI_NEU_XX.wav
1019,IEO,Disgust,High,1019_IEO_DIS_HI.wav
1010,MTI,Anger,Unspecified,1010_MTI_ANG_XX.wav
1005,MTI,Anger,Unspecified,1005_MTI_ANG_XX.wav
1089,IEO,Sad,Medium,1089_IEO_SAD_MD.wav
1070,MTI,Sad,Unspecified,1070_MTI_SAD_XX.wav
1065,MTI,Sad,Unspecified,1065_MTI_SAD_XX.wav
1037,IOM,Anger,Unspecified,1037_IOM_ANG_XX.wav
1022,IOM,Anger,Unspecified,1022_IOM_ANG_XX.wav
1066,ITS,Disgust,Unspecified,1066_ITS_DIS_XX.wav
1073,ITS,Disgust,Unspecified,1073_ITS_DIS_XX.wav
1075,IOM,Neutral,Unspecified,1075_IOM_NEU_XX.wav
1060,IOM,Neutral,Unspecified,1060_IOM_NEU_XX.wav
1056,MTI,Happy,Unspecified,1056_MTI_HAP_XX.wav
1043,MTI,Happy,Unspecified,1043_MTI_HAP_XX.wav
1077,MTI,Fear,Unspecified,1077_MTI_FEA_XX.wav
1062,MTI,Fear,Unspecified,1062_MTI_FEA_XX.wav
1003,IEO,Sad,High,1003_IEO_SAD_HI.wav
1007,TSI,Happy,Unspecified,1007_TSI_HAP_XX.wav
1012,TSI,Happy,Unspecified,1012_TSI_HAP_XX.wav
1016,IEO,Sad,High,1016_IEO_SAD_HI.wav
1026,TSI,Fear,Unspecified,1026_TSI_FEA_XX.wav
1086,IEO,Disgust,Medium,1086_IEO_DIS_MD.wav
1033,TSI,Fear,Unspecified,1033_TSI_FEA_XX.wav
1012,IEO,Sad,Medium,1012_IEO_SAD_MD.wav
1036,TAI,Happy,Unspecified,1036_TAI_HAP_XX.wav
1023,TAI,Happy,Unspecified,1023_TAI_HAP_XX.wav
1007,IEO,Sad,Medium,1007_IEO_SAD_MD.wav
1046,IWL,Sad,Unspecified,1046_IWL_SAD_XX.wav
1017,TAI,Fear,Unspecified,1017_TAI_FEA_XX.wav
1082,IEO,Disgust,High,1082_IEO_DIS_HI.wav
1002,TAI,Fear,Unspecified,1002_TAI_FEA_XX.wav
1053,IWL,Sad,Unspecified,1053_IWL_SAD_XX.wav
1091,TAI,Disgust,Unspecified,1091_TAI_DIS_XX.wav
1004,IEO,Fear,High,1004_IEO_FEA_HI.wav
1084,TAI,Disgust,Unspecified,1084_TAI_DIS_XX.wav
1011,IEO,Fear,High,1011_IEO_FEA_HI.wav
1021,TSI,Sad,Unspecified,1021_TSI_SAD_XX.wav
1025,IEO,Happy,High,1025_IEO_HAP_HI.wav
1030,IEO,Happy,High,1030_IEO_HAP_HI.wav
1034,TSI,Sad,Unspecified,1034_TSI_SAD_XX.wav
1009,ITS,Anger,Unspecified,1009_ITS_ANG_XX.wav
1015,IEO,Fear,Medium,1015_IEO_FEA_MD.wav
1058,IOM,Disgust,Unspecified,1058_IOM_DIS_XX.wav
1060,IWL,Happy,Unspecified,1060_IWL_HAP_XX.wav
1075,IWL,Happy,Unspecified,1075_IWL_HAP_XX.wav
1010,TAI,Sad,Unspecified,1010_TAI_SAD_XX.wav
1041,IWL,Fear,Unspecified,1041_IWL_FEA_XX.wav
1034,IEO,Happy,Medium,1034_IEO_HAP_MD.wav
1021,IEO,Happy,Medium,1021_IEO_HAP_MD.wav
1054,IWL,Fear,Unspecified,1054_IWL_FEA_XX.wav
1005,TAI,Sad,Unspecified,1005_TAI_SAD_XX.wav
1003,TSI,Neutral,Unspecified,1003_TSI_NEU_XX.wav
1016,TSI,Neutral,Unspecified,1016_TSI_NEU_XX.wav
1041,TSI,Anger,Unspecified,1041_TSI_ANG_XX.wav
1054,TSI,Anger,Unspecified,1054_TSI_ANG_XX.wav
1070,TAI,Anger,Unspecified,1070_TAI_ANG_XX.wav
1065,TAI,Anger,Unspecified,1065_TAI_ANG_XX.wav
1032,TAI,Neutral,Unspecified,1032_TAI_NEU_XX.wav
1069,ITS,Sad,Unspecified,1069_ITS_SAD_XX.wav
1027,TAI,Neutral,Unspecified,1027_TAI_NEU_XX.wav
1063,IEO,Anger,High,1063_IEO_ANG_HI.wav
1076,IEO,Anger,High,1076_IEO_ANG_HI.wav
1064,IWL,Neutral,Unspecified,1064_IWL_NEU_XX.wav
1071,IWL,Neutral,Unspecified,1071_IWL_NEU_XX.wav
1072,IEO,Anger,Medium,1072_IEO_ANG_MD.wav
1067,IEO,Anger,Medium,1067_IEO_ANG_MD.wav
1026,IWL,Anger,Unspecified,1026_IWL_ANG_XX.wav
1033,IWL,Anger,Unspecified,1033_IWL_ANG_XX.wav
1021,IEO,Sad,Low,1021_IEO_SAD_LO.wav
1034,IEO,Sad,Low,1034_IEO_SAD_LO.wav
1086,ITH,Anger,Unspecified,1086_ITH_ANG_XX.wav
1062,WSI,Fear,Unspecified,1062_WSI_FEA_XX.wav
1077,WSI,Fear,Unspecified,1077_WSI_FEA_XX.wav
1043,WSI,Happy,Unspecified,1043_WSI_HAP_XX.wav
1056,WSI,Happy,Unspecified,1056_WSI_HAP_XX.wav
1026,IEO,Fear,Low,1026_IEO_FEA_LO.wav
1010,DFA,Anger,Unspecified,1010_DFA_ANG_XX.wav
1005,DFA,Anger,Unspecified,1005_DFA_ANG_XX.wav
1033,IEO,Fear,Low,1033_IEO_FEA_LO.wav
1007,IEO,Happy,Low,1007_IEO_HAP_LO.wav
1012,IEO,Happy,Low,1012_IEO_HAP_LO.wav
1048,IWW,Disgust,Unspecified,1048_IWW_DIS_XX.wav
1052,DFA,Neutral,Unspecified,1052_DFA_NEU_XX.wav
1047,DFA,Neutral,Unspecified,1047_DFA_NEU_XX.wav
1065,WSI,Sad,Unspecified,1065_WSI_SAD_XX.wav
1074,TIE,Disgust,Unspecified,1074_TIE_DIS_XX.wav
1070,WSI,Sad,Unspecified,1070_WSI_SAD_XX.wav
1061,TIE,Disgust,Unspecified,1061_TIE_DIS_XX.wav
1080,TIE,Anger,Unspecified,1080_TIE_ANG_XX.wav
1070,DFA,Sad,Unspecified,1070_DFA_SAD_XX.wav
1065,DFA,Sad,Unspecified,1065_DFA_SAD_XX.wav
1047,WSI,Neutral,Unspecified,1047_WSI_NEU_XX.wav
1052,WSI,Neutral,Unspecified,1052_WSI_NEU_XX.wav
1005,WSI,Anger,Unspecified,1005_WSI_ANG_XX.wav
1010,WSI,Anger,Unspecified,1010_WSI_ANG_XX.wav
1041,IEO,Anger,Low,1041_IEO_ANG_LO.wav
1077,DFA,Fear,Unspecified,1077_DFA_FEA_XX.wav
1062,DFA,Fear,Unspecified,1062_DFA_FEA_XX.wav
1054,IEO,Anger,Low,1054_IEO_ANG_LO.wav
1067,ITH,Disgust,Unspecified,1067_ITH_DIS_XX.wav
1056,DFA,Happy,Unspecified,1056_DFA_HAP_XX.wav
1043,DFA,Happy,Unspecified,1043_DFA_HAP_XX.wav
1072,ITH,Disgust,Unspecified,1072_ITH_DIS_XX.wav
1039,TIE,Happy,Unspecified,1039_TIE_HAP_XX.wav
1018,TIE,Fear,Unspecified,1018_TIE_FEA_XX.wav
1005,IWW,Happy,Unspecified,1005_IWW_HAP_XX.wav
1088,WSI,Fear,Unspecified,1088_WSI_FEA_XX.wav
1010,IWW,Happy,Unspecified,1010_IWW_HAP_XX.wav
1024,IWW,Fear,Unspecified,1024_IWW_FEA_XX.wav
1031,IWW,Fear,Unspecified,1031_IWW_FEA_XX.wav
1079,ITH,Anger,Unspecified,1079_ITH_ANG_XX.wav
1023,IWW,Sad,Unspecified,1023_IWW_SAD_XX.wav
1036,IWW,Sad,Unspecified,1036_IWW_SAD_XX.wav
1028,TIE,Neutral,Unspecified,1028_TIE_NEU_XX.wav
1043,IWW,Anger,Unspecified,1043_IWW_ANG_XX.wav
1056,IWW,Anger,Unspecified,1056_IWW_ANG_XX.wav
1001,IWW,Neutral,Unspecified,1001_IWW_NEU_XX.wav
1014,IWW,Neutral,Unspecified,1014_IWW_NEU_XX.wav
1088,DFA,Fear,Unspecified,1088_DFA_FEA_XX.wav
1015,IOM,Happy,Unspecified,1015_IOM_HAP_XX.wav
1038,IWL,Disgust,Unspecified,1038_IWL_DIS_XX.wav
1079,IEO,Disgust,Medium,1079_IEO_DIS_MD.wav
1034,IOM,Fear,Unspecified,1034_IOM_FEA_XX.wav
1021,IOM,Fear,Unspecified,1021_IOM_FEA_XX.wav
1036,MTI,Neutral,Unspecified,1036_MTI_NEU_XX.wav
1023,MTI,Neutral,Unspecified,1023_MTI_NEU_XX.wav
1074,MTI,Anger,Unspecified,1074_MTI_ANG_XX.wav
1061,MTI,Anger,Unspecified,1061_MTI_ANG_XX.wav
1068,IEO,Disgust,High,1068_IEO_DIS_HI.wav
1033,IOM,Sad,Unspecified,1033_IOM_SAD_XX.wav
1026,IOM,Sad,Unspecified,1026_IOM_SAD_XX.wav
1053,IOM,Anger,Unspecified,1053_IOM_ANG_XX.wav
1046,IOM,Anger,Unspecified,1046_IOM_ANG_XX.wav
1011,IOM,Neutral,Unspecified,1011_IOM_NEU_XX.wav
1004,IOM,Neutral,Unspecified,1004_IOM_NEU_XX.wav
1002,ITS,Disgust,Unspecified,1002_ITS_DIS_XX.wav
1017,ITS,Disgust,Unspecified,1017_ITS_DIS_XX.wav
1083,ITS,Sad,Unspecified,1083_ITS_SAD_XX.wav
1013,MTI,Fear,Unspecified,1013_MTI_FEA_XX.wav
1006,MTI,Fear,Unspecified,1006_MTI_FEA_XX.wav
1032,MTI,Happy,Unspecified,1032_MTI_HAP_XX.wav
1027,MTI,Happy,Unspecified,1027_MTI_HAP_XX.wav
1089,IEO,Anger,High,1089_IEO_ANG_HI.wav
1080,MTI,Disgust,Unspecified,1080_MTI_DIS_XX.wav
1014,MTI,Sad,Unspecified,1014_MTI_SAD_XX.wav
1001,MTI,Sad,Unspecified,1001_MTI_SAD_XX.wav
1084,ITS,Fear,Unspecified,1084_ITS_FEA_XX.wav
1091,ITS,Fear,Unspecified,1091_ITS_FEA_XX.wav
1045,TSI,Sad,Unspecified,1045_TSI_SAD_XX.wav
1041,IEO,Happy,High,1041_IEO_HAP_HI.wav
1054,IEO,Happy,High,1054_IEO_HAP_HI.wav
1050,TSI,Sad,Unspecified,1050_TSI_SAD_XX.wav
1060,IEO,Fear,High,1060_IEO_FEA_HI.wav
1075,IEO,Fear,High,1075_IEO_FEA_HI.wav
1078,ITS,Anger,Unspecified,1078_ITS_ANG_XX.wav
1025,IWL,Fear,Unspecified,1025_IWL_FEA_XX.wav
1074,TAI,Sad,Unspecified,1074_TAI_SAD_XX.wav
1050,IEO,Happy,Medium,1050_IEO_HAP_MD.wav
1045,IEO,Happy,Medium,1045_IEO_HAP_MD.wav
1061,TAI,Sad,Unspecified,1061_TAI_SAD_XX.wav
1030,IWL,Fear,Unspecified,1030_IWL_FEA_XX.wav
1071,IEO,Fear,Medium,1071_IEO_FEA_MD.wav
1004,IWL,Happy,Unspecified,1004_IWL_HAP_XX.wav
1029,IOM,Disgust,Unspecified,1029_IOM_DIS_XX.wav
1011,IWL,Happy,Unspecified,1011_IWL_HAP_XX.wav
1064,IEO,Fear,Medium,1064_IEO_FEA_MD.wav
1042,TSI,Fear,Unspecified,1042_TSI_FEA_XX.wav
1057,TSI,Fear,Unspecified,1057_TSI_FEA_XX.wav
1067,IEO,Sad,High,1067_IEO_SAD_HI.wav
1063,TSI,Happy,Unspecified,1063_TSI_HAP_XX.wav
1076,TSI,Happy,Unspecified,1076_TSI_HAP_XX.wav
1072,IEO,Sad,High,1072_IEO_SAD_HI.wav
1073,TAI,Fear,Unspecified,1073_TAI_FEA_XX.wav
1022,IWL,Sad,Unspecified,1022_IWL_SAD_XX.wav
1037,IWL,Sad,Unspecified,1037_IWL_SAD_XX.wav
1066,TAI,Fear,Unspecified,1066_TAI_FEA_XX.wav
1076,IEO,Sad,Medium,1076_IEO_SAD_MD.wav
1052,TAI,Happy,Unspecified,1052_TAI_HAP_XX.wav
1047,TAI,Happy,Unspecified,1047_TAI_HAP_XX.wav
1063,IEO,Sad,Medium,1063_IEO_SAD_MD.wav
1007,IEO,Anger,High,1007_IEO_ANG_HI.wav
1012,IEO,Anger,High,1012_IEO_ANG_HI.wav
1015,IWL,Neutral,Unspecified,1015_IWL_NEU_XX.wav
1042,IWL,Anger,Unspecified,1042_IWL_ANG_XX.wav
1057,IWL,Anger,Unspecified,1057_IWL_ANG_XX.wav
1016,IEO,Anger,Medium,1016_IEO_ANG_MD.wav
1003,IEO,Anger,Medium,1003_IEO_ANG_MD.wav
1067,TSI,Neutral,Unspecified,1067_TSI_NEU_XX.wav
1072,TSI,Neutral,Unspecified,1072_TSI_NEU_XX.wav
1025,TSI,Anger,Unspecified,1025_TSI_ANG_XX.wav
1030,TSI,Anger,Unspecified,1030_TSI_ANG_XX.wav
1014,TAI,Anger,Unspecified,1014_TAI_ANG_XX.wav
1001,TAI,Anger,Unspecified,1001_TAI_ANG_XX.wav
1088,MTI,Fear,Unspecified,1088_MTI_FEA_XX.wav
1056,TAI,Neutral,Unspecified,1056_TAI_NEU_XX.wav
1043,TAI,Neutral,Unspecified,1043_TAI_NEU_XX.wav
1018,ITS,Sad,Unspecified,1018_ITS_SAD_XX.wav
1063,IEO,Happy,Low,1063_IEO_HAP_LO.wav
1076,IEO,Happy,Low,1076_IEO_HAP_LO.wav
1074,DFA,Anger,Unspecified,1074_DFA_ANG_XX.wav
1042,IEO,Fear,Low,1042_IEO_FEA_LO.wav
1057,IEO,Fear,Low,1057_IEO_FEA_LO.wav
1061,DFA,Anger,Unspecified,1061_DFA_ANG_XX.wav
1036,DFA,Neutral,Unspecified,1036_DFA_NEU_XX.wav
1091,TIE,Sad,Unspecified,1091_TIE_SAD_XX.wav
1080,WSI,Disgust,Unspecified,1080_WSI_DIS_XX.wav
1084,TIE,Sad,Unspecified,1084_TIE_SAD_XX.wav
1023,DFA,Neutral,Unspecified,1023_DFA_NEU_XX.wav
1039,IWW,Disgust,Unspecified,1039_IWW_DIS_XX.wav
1001,WSI,Sad,Unspecified,1001_WSI_SAD_XX.wav
1010,TIE,Disgust,Unspecified,1010_TIE_DIS_XX.wav
1014,WSI,Sad,Unspecified,1014_WSI_SAD_XX.wav
1005,TIE,Disgust,Unspecified,1005_TIE_DIS_XX.wav
1083,TIE,Fear,Unspecified,1083_TIE_FEA_XX.wav
1045,IEO,Sad,Low,1045_IEO_SAD_LO.wav
1050,IEO,Sad,Low,1050_IEO_SAD_LO.wav
1027,WSI,Happy,Unspecified,1027_WSI_HAP_XX.wav
1032,WSI,Happy,Unspecified,1032_WSI_HAP_XX.wav
1006,WSI,Fear,Unspecified,1006_WSI_FEA_XX.wav
1013,WSI,Fear,Unspecified,1013_WSI_FEA_XX.wav
1032,DFA,Happy,Unspecified,1032_DFA_HAP_XX.wav
1003,ITH,Disgust,Unspecified,1003_ITH_DIS_XX.wav
1016,ITH,Disgust,Unspecified,1016_ITH_DIS_XX.wav
1027,DFA,Happy,Unspecified,1027_DFA_HAP_XX.wav
1013,DFA,Fear,Unspecified,1013_DFA_FEA_XX.wav
1025,IEO,Anger,Low,1025_IEO_ANG_LO.wav
1030,IEO,Anger,Low,1030_IEO_ANG_LO.wav
1006,DFA,Fear,Unspecified,1006_DFA_FEA_XX.wav
1091,IEO,Neutral,Unspecified,1091_IEO_NEU_XX.wav
1084,IEO,Neutral,Unspecified,1084_IEO_NEU_XX.wav
1082,ITH,Sad,Unspecified,1082_ITH_SAD_XX.wav
1014,DFA,Sad,Unspecified,1014_DFA_SAD_XX.wav
1001,DFA,Sad,Unspecified,1001_DFA_SAD_XX.wav
1023,WSI,Neutral,Unspecified,1023_WSI_NEU_XX.wav
1036,WSI,Neutral,Unspecified,1036_WSI_NEU_XX.wav
1080,DFA,Disgust,Unspecified,1080_DFA_DIS_XX.wav
1085,ITH,Fear,Unspecified,1085_ITH_FEA_XX.wav
1090,ITH,Fear,Unspecified,1090_ITH_FEA_XX.wav
1061,WSI,Anger,Unspecified,1061_WSI_ANG_XX.wav
1074,WSI,Anger,Unspecified,1074_WSI_ANG_XX.wav
1080,WSI,Sad,Unspecified,1080_WSI_SAD_XX.wav
1091,TIE,Disgust,Unspecified,1091_TIE_DIS_XX.wav
1084,TIE,Disgust,Unspecified,1084_TIE_DIS_XX.wav
1039,IWW,Sad,Unspecified,1039_IWW_SAD_XX.wav
1010,TIE,Sad,Unspecified,1010_TIE_SAD_XX.wav
1001,WSI,Disgust,Unspecified,1001_WSI_DIS_XX.wav
1005,TIE,Sad,Unspecified,1005_TIE_SAD_XX.wav
1014,WSI,Disgust,Unspecified,1014_WSI_DIS_XX.wav
1087,WSI,Fear,Unspecified,1087_WSI_FEA_XX.wav
1021,ITH,Neutral,Unspecified,1021_ITH_NEU_XX.wav
1034,ITH,Neutral,Unspecified,1034_ITH_NEU_XX.wav
1063,ITH,Anger,Unspecified,1063_ITH_ANG_XX.wav
1076,ITH,Anger,Unspecified,1076_ITH_ANG_XX.wav
1045,IEO,Disgust,Low,1045_IEO_DIS_LO.wav
1050,IEO,Disgust,Low,1050_IEO_DIS_LO.wav
1036,TIE,Happy,Unspecified,1036_TIE_HAP_XX.wav
1023,TIE,Happy,Unspecified,1023_TIE_HAP_XX.wav
1017,TIE,Fear,Unspecified,1017_TIE_FEA_XX.wav
1002,TIE,Fear,Unspecified,1002_TIE_FEA_XX.wav
1003,ITH,Sad,Unspecified,1003_ITH_SAD_XX.wav
1016,ITH,Sad,Unspecified,1016_ITH_SAD_XX.wav
1010,IEO,Neutral,Unspecified,1010_IEO_NEU_XX.wav
1005,IEO,Neutral,Unspecified,1005_IEO_NEU_XX.wav
1087,DFA,Fear,Unspecified,1087_DFA_FEA_XX.wav
1082,ITH,Disgust,Unspecified,1082_ITH_DIS_XX.wav
1059,IWW,Anger,Unspecified,1059_IWW_ANG_XX.wav
1004,ITH,Fear,Unspecified,1004_ITH_FEA_XX.wav
1011,ITH,Fear,Unspecified,1011_ITH_FEA_XX.wav
1014,DFA,Disgust,Unspecified,1014_DFA_DIS_XX.wav
1025,ITH,Happy,Unspecified,1025_ITH_HAP_XX.wav
1030,ITH,Happy,Unspecified,1030_ITH_HAP_XX.wav
1001,DFA,Disgust,Unspecified,1001_DFA_DIS_XX.wav
1032,TIE,Neutral,Unspecified,1032_TIE_NEU_XX.wav
1080,DFA,Sad,Unspecified,1080_DFA_SAD_XX.wav
1027,TIE,Neutral,Unspecified,1027_TIE_NEU_XX.wav
1070,TIE,Anger,Unspecified,1070_TIE_ANG_XX.wav
1065,TIE,Anger,Unspecified,1065_TIE_ANG_XX.wav
1085,IWL,Happy,Unspecified,1085_IWL_HAP_XX.wav
1045,TSI,Disgust,Unspecified,1045_TSI_DIS_XX.wav
1050,TSI,Disgust,Unspecified,1050_TSI_DIS_XX.wav
1090,IWL,Happy,Unspecified,1090_IWL_HAP_XX.wav
1074,TAI,Disgust,Unspecified,1074_TAI_DIS_XX.wav
1061,TAI,Disgust,Unspecified,1061_TAI_DIS_XX.wav
1029,IOM,Sad,Unspecified,1029_IOM_SAD_XX.wav
1039,MTI,Neutral,Unspecified,1039_MTI_NEU_XX.wav
1067,IEO,Disgust,High,1067_IEO_DIS_HI.wav
1072,IEO,Disgust,High,1072_IEO_DIS_HI.wav
1022,IWL,Disgust,Unspecified,1022_IWL_DIS_XX.wav
1037,IWL,Disgust,Unspecified,1037_IWL_DIS_XX.wav
1076,IEO,Disgust,Medium,1076_IEO_DIS_MD.wav
1063,IEO,Disgust,Medium,1063_IEO_DIS_MD.wav
1082,IEO,Anger,Medium,1082_IEO_ANG_MD.wav
1081,IWL,Neutral,Unspecified,1081_IWL_NEU_XX.wav
1086,IEO,Anger,High,1086_IEO_ANG_HI.wav
1080,TAI,Anger,Unspecified,1080_TAI_ANG_XX.wav
1028,MTI,Happy,Unspecified,1028_MTI_HAP_XX.wav
1049,IOM,Anger,Unspecified,1049_IOM_ANG_XX.wav
1018,ITS,Disgust,Unspecified,1018_ITS_DIS_XX.wav
1069,TAI,Fear,Unspecified,1069_TAI_FEA_XX.wav
1038,IWL,Sad,Unspecified,1038_IWL_SAD_XX.wav
1079,IEO,Sad,Medium,1079_IEO_SAD_MD.wav
1048,TAI,Happy,Unspecified,1048_TAI_HAP_XX.wav
1058,TSI,Fear,Unspecified,1058_TSI_FEA_XX.wav
1068,IEO,Sad,High,1068_IEO_SAD_HI.wav
1081,IOM,Happy,Unspecified,1081_IOM_HAP_XX.wav
1079,TSI,Happy,Unspecified,1079_TSI_HAP_XX.wav
1062,ITS,Anger,Unspecified,1062_ITS_ANG_XX.wav
1077,ITS,Anger,Unspecified,1077_ITS_ANG_XX.wav
1020,ITS,Neutral,Unspecified,1020_ITS_NEU_XX.wav
1035,ITS,Neutral,Unspecified,1035_ITS_NEU_XX.wav
1033,IOM,Disgust,Unspecified,1033_IOM_DIS_XX.wav
1026,IOM,Disgust,Unspecified,1026_IOM_DIS_XX.wav
1087,MTI,Fear,Unspecified,1087_MTI_FEA_XX.wav
1002,ITS,Sad,Unspecified,1002_ITS_SAD_XX.wav
1059,TAI,Neutral,Unspecified,1059_TAI_NEU_XX.wav
1017,ITS,Sad,Unspecified,1017_ITS_SAD_XX.wav
1083,ITS,Disgust,Unspecified,1083_ITS_DIS_XX.wav
1090,IOM,Neutral,Unspecified,1090_IOM_NEU_XX.wav
1068,TSI,Neutral,Unspecified,1068_TSI_NEU_XX.wav
1085,IOM,Neutral,Unspecified,1085_IOM_NEU_XX.wav
1024,ITS,Happy,Unspecified,1024_ITS_HAP_XX.wav
1031,ITS,Happy,Unspecified,1031_ITS_HAP_XX.wav
1005,ITS,Fear,Unspecified,1005_ITS_FEA_XX.wav
1010,ITS,Fear,Unspecified,1010_ITS_FEA_XX.wav
1058,IWL,Anger,Unspecified,1058_IWL_ANG_XX.wav
1019,IEO,Anger,Medium,1019_IEO_ANG_MD.wav
1080,MTI,Sad,Unspecified,1080_MTI_SAD_XX.wav
1014,MTI,Disgust,Unspecified,1014_MTI_DIS_XX.wav
1001,MTI,Disgust,Unspecified,1001_MTI_DIS_XX.wav
1008,IEO,Anger,High,1008_IEO_ANG_HI.wav
1028,WSI,Happy,Unspecified,1028_WSI_HAP_XX.wav
1009,WSI,Fear,Unspecified,1009_WSI_FEA_XX.wav
1084,IWW,Happy,Unspecified,1084_IWW_HAP_XX.wav
1091,IWW,Happy,Unspecified,1091_IWW_HAP_XX.wav
1079,IEO,Happy,Low,1079_IEO_HAP_LO.wav
1058,IEO,Fear,Low,1058_IEO_FEA_LO.wav
1039,DFA,Neutral,Unspecified,1039_DFA_NEU_XX.wav
1023,IWW,Disgust,Unspecified,1023_IWW_DIS_XX.wav
1036,IWW,Disgust,Unspecified,1036_IWW_DIS_XX.wav
1039,WSI,Neutral,Unspecified,1039_WSI_NEU_XX.wav
1080,IWW,Neutral,Unspecified,1080_IWW_NEU_XX.wav
1028,DFA,Happy,Unspecified,1028_DFA_HAP_XX.wav
1009,DFA,Fear,Unspecified,1009_DFA_FEA_XX.wav
1045,ITH,Neutral,Unspecified,1045_ITH_NEU_XX.wav
1050,ITH,Neutral,Unspecified,1050_ITH_NEU_XX.wav
1021,IEO,Disgust,Low,1021_IEO_DIS_LO.wav
1034,IEO,Disgust,Low,1034_IEO_DIS_LO.wav
1007,ITH,Anger,Unspecified,1007_ITH_ANG_XX.wav
1012,ITH,Anger,Unspecified,1012_ITH_ANG_XX.wav
1073,TIE,Fear,Unspecified,1073_TIE_FEA_XX.wav
1066,TIE,Fear,Unspecified,1066_TIE_FEA_XX.wav
1052,TIE,Happy,Unspecified,1052_TIE_HAP_XX.wav
1047,TIE,Happy,Unspecified,1047_TIE_HAP_XX.wav
1048,IWW,Sad,Unspecified,1048_IWW_SAD_XX.wav
1074,TIE,Sad,Unspecified,1074_TIE_SAD_XX.wav
1065,WSI,Disgust,Unspecified,1065_WSI_DIS_XX.wav
1061,TIE,Sad,Unspecified,1061_TIE_SAD_XX.wav
1070,WSI,Disgust,Unspecified,1070_WSI_DIS_XX.wav
1086,IEO,Happy,Low,1086_IEO_HAP_LO.wav
1091,DFA,Anger,Unspecified,1091_DFA_ANG_XX.wav
1084,DFA,Anger,Unspecified,1084_DFA_ANG_XX.wav
1028,IWW,Anger,Unspecified,1028_IWW_ANG_XX.wav
1084,WSI,Anger,Unspecified,1084_WSI_ANG_XX.wav
1091,WSI,Anger,Unspecified,1091_WSI_ANG_XX.wav
1041,ITH,Happy,Unspecified,1041_ITH_HAP_XX.wav
1070,DFA,Disgust,Unspecified,1070_DFA_DIS_XX.wav
1065,DFA,Disgust,Unspecified,1065_DFA_DIS_XX.wav
1054,ITH,Happy,Unspecified,1054_ITH_HAP_XX.wav
1060,ITH,Fear,Unspecified,1060_ITH_FEA_XX.wav
1075,ITH,Fear,Unspecified,1075_ITH_FEA_XX.wav
1056,TIE,Neutral,Unspecified,1056_TIE_NEU_XX.wav
1043,TIE,Neutral,Unspecified,1043_TIE_NEU_XX.wav
1014,TIE,Anger,Unspecified,1014_TIE_ANG_XX.wav
1001,TIE,Anger,Unspecified,1001_TIE_ANG_XX.wav
1067,ITH,Sad,Unspecified,1067_ITH_SAD_XX.wav
1072,ITH,Sad,Unspecified,1072_ITH_SAD_XX.wav
1074,IEO,Neutral,Unspecified,1074_IEO_NEU_XX.wav
1061,IEO,Neutral,Unspecified,1061_IEO_NEU_XX.wav
1048,MTI,Neutral,Unspecified,1048_MTI_NEU_XX.wav
1003,IEO,Disgust,High,1003_IEO_DIS_HI.wav
1083,TAI,Fear,Unspecified,1083_TAI_FEA_XX.wav
1016,IEO,Disgust,High,1016_IEO_DIS_HI.wav
1086,IEO,Sad,Medium,1086_IEO_SAD_MD.wav
1012,IEO,Disgust,Medium,1012_IEO_DIS_MD.wav
1007,IEO,Disgust,Medium,1007_IEO_DIS_MD.wav
1086,TSI,Happy,Unspecified,1086_TSI_HAP_XX.wav
1082,IEO,Sad,High,1082_IEO_SAD_HI.wav
1046,IWL,Disgust,Unspecified,1046_IWL_DIS_XX.wav
1053,IWL,Disgust,Unspecified,1053_IWL_DIS_XX.wav
1091,TAI,Sad,Unspecified,1091_TAI_SAD_XX.wav
1084,TAI,Sad,Unspecified,1084_TAI_SAD_XX.wav
1021,TSI,Disgust,Unspecified,1021_TSI_DIS_XX.wav
1081,IEO,Fear,Medium,1081_IEO_FEA_MD.wav
1034,TSI,Disgust,Unspecified,1034_TSI_DIS_XX.wav
1088,ITS,Anger,Unspecified,1088_ITS_ANG_XX.wav
1058,IOM,Sad,Unspecified,1058_IOM_SAD_XX.wav
1010,TAI,Disgust,Unspecified,1010_TAI_DIS_XX.wav
1085,IEO,Fear,High,1085_IEO_FEA_HI.wav
1005,TAI,Disgust,Unspecified,1005_TAI_DIS_XX.wav
1090,IEO,Fear,High,1090_IEO_FEA_HI.wav
1059,MTI,Happy,Unspecified,1059_MTI_HAP_XX.wav
1078,MTI,Fear,Unspecified,1078_MTI_FEA_XX.wav
1038,IOM,Anger,Unspecified,1038_IOM_ANG_XX.wav
1069,ITS,Disgust,Unspecified,1069_ITS_DIS_XX.wav
1082,TSI,Neutral,Unspecified,1082_TSI_NEU_XX.wav
1006,ITS,Anger,Unspecified,1006_ITS_ANG_XX.wav
1013,ITS,Anger,Unspecified,1013_ITS_ANG_XX.wav
1057,IOM,Disgust,Unspecified,1057_IOM_DIS_XX.wav
1042,IOM,Disgust,Unspecified,1042_IOM_DIS_XX.wav
1044,ITS,Neutral,Unspecified,1044_ITS_NEU_XX.wav
1051,ITS,Neutral,Unspecified,1051_ITS_NEU_XX.wav
1091,MTI,Anger,Unspecified,1091_MTI_ANG_XX.wav
1039,TAI,Happy,Unspecified,1039_TAI_HAP_XX.wav
1008,IEO,Sad,Medium,1008_IEO_SAD_MD.wav
1084,MTI,Anger,Unspecified,1084_MTI_ANG_XX.wav
1018,TAI,Fear,Unspecified,1018_TAI_FEA_XX.wav
1049,IWL,Sad,Unspecified,1049_IWL_SAD_XX.wav
1008,TSI,Happy,Unspecified,1008_TSI_HAP_XX.wav
1019,IEO,Sad,High,1019_IEO_SAD_HI.wav
1029,TSI,Fear,Unspecified,1029_TSI_FEA_XX.wav
1089,IEO,Disgust,Medium,1089_IEO_DIS_MD.wav
1061,ITS,Fear,Unspecified,1061_ITS_FEA_XX.wav
1074,ITS,Fear,Unspecified,1074_ITS_FEA_XX.wav
1040,ITS,Happy,Unspecified,1040_ITS_HAP_XX.wav
1055,ITS,Happy,Unspecified,1055_ITS_HAP_XX.wav
1068,IEO,Anger,Medium,1068_IEO_ANG_MD.wav
1029,IWL,Anger,Unspecified,1029_IWL_ANG_XX.wav
1079,IEO,Anger,High,1079_IEO_ANG_HI.wav
1070,MTI,Disgust,Unspecified,1070_MTI_DIS_XX.wav
1065,MTI,Disgust,Unspecified,1065_MTI_DIS_XX.wav
1066,ITS,Sad,Unspecified,1066_ITS_SAD_XX.wav
1073,ITS,Sad,Unspecified,1073_ITS_SAD_XX.wav
1028,TAI,Neutral,Unspecified,1028_TAI_NEU_XX.wav
1019,TSI,Neutral,Unspecified,1019_TSI_NEU_XX.wav
1029,IEO,Fear,Low,1029_IEO_FEA_LO.wav
1008,IEO,Happy,Low,1008_IEO_HAP_LO.wav
1047,IWW,Disgust,Unspecified,1047_IWW_DIS_XX.wav
1052,IWW,Disgust,Unspecified,1052_IWW_DIS_XX.wav
1048,DFA,Neutral,Unspecified,1048_DFA_NEU_XX.wav
1089,ITH,Anger,Unspecified,1089_ITH_ANG_XX.wav
1078,WSI,Fear,Unspecified,1078_WSI_FEA_XX.wav
1059,WSI,Happy,Unspecified,1059_WSI_HAP_XX.wav
1078,DFA,Fear,Unspecified,1078_DFA_FEA_XX.wav
1059,DFA,Happy,Unspecified,1059_DFA_HAP_XX.wav
1068,ITH,Disgust,Unspecified,1068_ITH_DIS_XX.wav
1048,WSI,Neutral,Unspecified,1048_WSI_NEU_XX.wav
1075,ITH,Disgust,Unspecified,1075_ITH_DIS_XX.wav
1044,DFA,Happy,Unspecified,1044_DFA_HAP_XX.wav
1051,DFA,Happy,Unspecified,1051_DFA_HAP_XX.wav
1060,ITH,Disgust,Unspecified,1060_ITH_DIS_XX.wav
1053,IEO,Anger,Low,1053_IEO_ANG_LO.wav
1065,DFA,Fear,Unspecified,1065_DFA_FEA_XX.wav
1070,DFA,Fear,Unspecified,1070_DFA_FEA_XX.wav
1046,IEO,Anger,Low,1046_IEO_ANG_LO.wav
1055,WSI,Neutral,Unspecified,1055_WSI_NEU_XX.wav
1040,WSI,Neutral,Unspecified,1040_WSI_NEU_XX.wav
1017,WSI,Anger,Unspecified,1017_WSI_ANG_XX.wav
1002,WSI,Anger,Unspecified,1002_WSI_ANG_XX.wav
1087,TIE,Anger,Unspecified,1087_TIE_ANG_XX.wav
1062,DFA,Sad,Unspecified,1062_DFA_SAD_XX.wav
1077,DFA,Sad,Unspecified,1077_DFA_SAD_XX.wav
1066,TIE,Disgust,Unspecified,1066_TIE_DIS_XX.wav
1077,WSI,Sad,Unspecified,1077_WSI_SAD_XX.wav
1073,TIE,Disgust,Unspecified,1073_TIE_DIS_XX.wav
1062,WSI,Sad,Unspecified,1062_WSI_SAD_XX.wav
1015,IEO,Happy,Low,1015_IEO_HAP_LO.wav
1034,IEO,Fear,Low,1034_IEO_FEA_LO.wav
1002,DFA,Anger,Unspecified,1002_DFA_ANG_XX.wav
1017,DFA,Anger,Unspecified,1017_DFA_ANG_XX.wav
1021,IEO,Fear,Low,1021_IEO_FEA_LO.wav
1040,DFA,Neutral,Unspecified,1040_DFA_NEU_XX.wav
1055,DFA,Neutral,Unspecified,1055_DFA_NEU_XX.wav
1081,ITH,Anger,Unspecified,1081_ITH_ANG_XX.wav
1051,WSI,Happy,Unspecified,1051_WSI_HAP_XX.wav
1044,WSI,Happy,Unspecified,1044_WSI_HAP_XX.wav
1070,WSI,Fear,Unspecified,1070_WSI_FEA_XX.wav
1065,WSI,Fear,Unspecified,1065_WSI_FEA_XX.wav
1033,IEO,Sad,Low,1033_IEO_SAD_LO.wav
1026,IEO,Sad,Low,1026_IEO_SAD_LO.wav
1048,ITS,Happy,Unspecified,1048_ITS_HAP_XX.wav
1076,IWL,Neutral,Unspecified,1076_IWL_NEU_XX.wav
1069,ITS,Fear,Unspecified,1069_ITS_FEA_XX.wav
1063,IWL,Neutral,Unspecified,1063_IWL_NEU_XX.wav
1034,IWL,Anger,Unspecified,1034_IWL_ANG_XX.wav
1021,IWL,Anger,Unspecified,1021_IWL_ANG_XX.wav
1060,IEO,Anger,Medium,1060_IEO_ANG_MD.wav
1075,IEO,Anger,Medium,1075_IEO_ANG_MD.wav
1078,MTI,Disgust,Unspecified,1078_MTI_DIS_XX.wav
1071,IEO,Anger,High,1071_IEO_ANG_HI.wav
1064,IEO,Anger,High,1064_IEO_ANG_HI.wav
1062,TAI,Anger,Unspecified,1062_TAI_ANG_XX.wav
1077,TAI,Anger,Unspecified,1077_TAI_ANG_XX.wav
1020,TAI,Neutral,Unspecified,1020_TAI_NEU_XX.wav
1035,TAI,Neutral,Unspecified,1035_TAI_NEU_XX.wav
1011,TSI,Neutral,Unspecified,1011_TSI_NEU_XX.wav
1004,TSI,Neutral,Unspecified,1004_TSI_NEU_XX.wav
1053,TSI,Anger,Unspecified,1053_TSI_ANG_XX.wav
1046,TSI,Anger,Unspecified,1046_TSI_ANG_XX.wav
1059,ITS,Neutral,Unspecified,1059_ITS_NEU_XX.wav
1002,TAI,Sad,Unspecified,1002_TAI_SAD_XX.wav
1053,IWL,Fear,Unspecified,1053_IWL_FEA_XX.wav
1026,IEO,Happy,Medium,1026_IEO_HAP_MD.wav
1033,IEO,Happy,Medium,1033_IEO_HAP_MD.wav
1046,IWL,Fear,Unspecified,1046_IWL_FEA_XX.wav
1017,TAI,Sad,Unspecified,1017_TAI_SAD_XX.wav
1007,IEO,Fear,Medium,1007_IEO_FEA_MD.wav
1072,IWL,Happy,Unspecified,1072_IWL_HAP_XX.wav
1067,IWL,Happy,Unspecified,1067_IWL_HAP_XX.wav
1012,IEO,Fear,Medium,1012_IEO_FEA_MD.wav
1033,TSI,Sad,Unspecified,1033_TSI_SAD_XX.wav
1037,IEO,Happy,High,1037_IEO_HAP_HI.wav
1022,IEO,Happy,High,1022_IEO_HAP_HI.wav
1026,TSI,Sad,Unspecified,1026_TSI_SAD_XX.wav
1016,IEO,Fear,High,1016_IEO_FEA_HI.wav
1083,TAI,Disgust,Unspecified,1083_TAI_DIS_XX.wav
1003,IEO,Fear,High,1003_IEO_FEA_HI.wav
1054,IWL,Sad,Unspecified,1054_IWL_SAD_XX.wav
1090,IEO,Disgust,High,1090_IEO_DIS_HI.wav
1005,TAI,Fear,Unspecified,1005_TAI_FEA_XX.wav
1085,IEO,Disgust,High,1085_IEO_DIS_HI.wav
1010,TAI,Fear,Unspecified,1010_TAI_FEA_XX.wav
1041,IWL,Sad,Unspecified,1041_IWL_SAD_XX.wav
1024,TAI,Happy,Unspecified,1024_TAI_HAP_XX.wav
1031,TAI,Happy,Unspecified,1031_TAI_HAP_XX.wav
1015,IEO,Sad,Medium,1015_IEO_SAD_MD.wav
1034,TSI,Fear,Unspecified,1034_TSI_FEA_XX.wav
1081,IEO,Disgust,Medium,1081_IEO_DIS_MD.wav
1021,TSI,Fear,Unspecified,1021_TSI_FEA_XX.wav
1011,IEO,Sad,High,1011_IEO_SAD_HI.wav
1015,TSI,Happy,Unspecified,1015_TSI_HAP_XX.wav
1004,IEO,Sad,High,1004_IEO_SAD_HI.wav
1065,MTI,Fear,Unspecified,1065_MTI_FEA_XX.wav
1070,MTI,Fear,Unspecified,1070_MTI_FEA_XX.wav
1044,MTI,Happy,Unspecified,1044_MTI_HAP_XX.wav
1051,MTI,Happy,Unspecified,1051_MTI_HAP_XX.wav
1025,IOM,Anger,Unspecified,1025_IOM_ANG_XX.wav
1030,IOM,Anger,Unspecified,1030_IOM_ANG_XX.wav
1067,IOM,Neutral,Unspecified,1067_IOM_NEU_XX.wav
1072,IOM,Neutral,Unspecified,1072_IOM_NEU_XX.wav
1074,ITS,Disgust,Unspecified,1074_ITS_DIS_XX.wav
1061,ITS,Disgust,Unspecified,1061_ITS_DIS_XX.wav
1062,MTI,Sad,Unspecified,1062_MTI_SAD_XX.wav
1077,MTI,Sad,Unspecified,1077_MTI_SAD_XX.wav
1040,MTI,Neutral,Unspecified,1040_MTI_NEU_XX.wav
1055,MTI,Neutral,Unspecified,1055_MTI_NEU_XX.wav
1002,MTI,Anger,Unspecified,1002_MTI_ANG_XX.wav
1017,MTI,Anger,Unspecified,1017_MTI_ANG_XX.wav
1063,IOM,Happy,Unspecified,1063_IOM_HAP_XX.wav
1076,IOM,Happy,Unspecified,1076_IOM_HAP_XX.wav
1042,IOM,Fear,Unspecified,1042_IOM_FEA_XX.wav
1057,IOM,Fear,Unspecified,1057_IOM_FEA_XX.wav
1089,IEO,Fear,Medium,1089_IEO_FEA_MD.wav
1029,TSI,Disgust,Unspecified,1029_TSI_DIS_XX.wav
1080,ITS,Anger,Unspecified,1080_ITS_ANG_XX.wav
1018,TAI,Disgust,Unspecified,1018_TAI_DIS_XX.wav
1045,IOM,Sad,Unspecified,1045_IOM_SAD_XX.wav
1050,IOM,Sad,Unspecified,1050_IOM_SAD_XX.wav
1035,IWW,Anger,Unspecified,1035_IWW_ANG_XX.wav
1020,IWW,Anger,Unspecified,1020_IWW_ANG_XX.wav
1077,IWW,Neutral,Unspecified,1077_IWW_NEU_XX.wav
1068,ITH,Fear,Unspecified,1068_ITH_FEA_XX.wav
1062,IWW,Neutral,Unspecified,1062_IWW_NEU_XX.wav
1049,ITH,Happy,Unspecified,1049_ITH_HAP_XX.wav
1078,DFA,Disgust,Unspecified,1078_DFA_DIS_XX.wav
1009,TIE,Anger,Unspecified,1009_TIE_ANG_XX.wav
1069,IEO,Neutral,Unspecified,1069_IEO_NEU_XX.wav
1073,IWW,Happy,Unspecified,1073_IWW_HAP_XX.wav
1066,IWW,Happy,Unspecified,1066_IWW_HAP_XX.wav
1058,ITH,Neutral,Unspecified,1058_ITH_NEU_XX.wav
1052,IWW,Fear,Unspecified,1052_IWW_FEA_XX.wav
1047,IWW,Fear,Unspecified,1047_IWW_FEA_XX.wav
1029,IEO,Disgust,Low,1029_IEO_DIS_LO.wav
1055,IWW,Sad,Unspecified,1055_IWW_SAD_XX.wav
1040,IWW,Sad,Unspecified,1040_IWW_SAD_XX.wav
1069,TIE,Sad,Unspecified,1069_TIE_SAD_XX.wav
1078,WSI,Disgust,Unspecified,1078_WSI_DIS_XX.wav
1088,IWW,Neutral,Unspecified,1088_IWW_NEU_XX.wav
1082,ITH,Fear,Unspecified,1082_ITH_FEA_XX.wav
1087,DFA,Disgust,Unspecified,1087_DFA_DIS_XX.wav
1031,WSI,Neutral,Unspecified,1031_WSI_NEU_XX.wav
1024,WSI,Neutral,Unspecified,1024_WSI_NEU_XX.wav
1073,WSI,Anger,Unspecified,1073_WSI_ANG_XX.wav
1066,WSI,Anger,Unspecified,1066_WSI_ANG_XX.wav
1006,DFA,Sad,Unspecified,1006_DFA_SAD_XX.wav
1013,DFA,Sad,Unspecified,1013_DFA_SAD_XX.wav
1083,IEO,Neutral,Unspecified,1083_IEO_NEU_XX.wav
1090,ITH,Sad,Unspecified,1090_ITH_SAD_XX.wav
1085,ITH,Sad,Unspecified,1085_ITH_SAD_XX.wav
1001,DFA,Fear,Unspecified,1001_DFA_FEA_XX.wav
1037,IEO,Anger,Low,1037_IEO_ANG_LO.wav
1022,IEO,Anger,Low,1022_IEO_ANG_LO.wav
1014,DFA,Fear,Unspecified,1014_DFA_FEA_XX.wav
1020,DFA,Happy,Unspecified,1020_DFA_HAP_XX.wav
1011,ITH,Disgust,Unspecified,1011_ITH_DIS_XX.wav
1004,ITH,Disgust,Unspecified,1004_ITH_DIS_XX.wav
1035,DFA,Happy,Unspecified,1035_DFA_HAP_XX.wav
1014,WSI,Fear,Unspecified,1014_WSI_FEA_XX.wav
1001,WSI,Fear,Unspecified,1001_WSI_FEA_XX.wav
1035,WSI,Happy,Unspecified,1035_WSI_HAP_XX.wav
1020,WSI,Happy,Unspecified,1020_WSI_HAP_XX.wav
1084,TIE,Fear,Unspecified,1084_TIE_FEA_XX.wav
1091,TIE,Fear,Unspecified,1091_TIE_FEA_XX.wav
1057,IEO,Sad,Low,1057_IEO_SAD_LO.wav
1042,IEO,Sad,Low,1042_IEO_SAD_LO.wav
1002,TIE,Disgust,Unspecified,1002_TIE_DIS_XX.wav
1013,WSI,Sad,Unspecified,1013_WSI_SAD_XX.wav
1017,TIE,Disgust,Unspecified,1017_TIE_DIS_XX.wav
1006,WSI,Sad,Unspecified,1006_WSI_SAD_XX.wav
1066,DFA,Anger,Unspecified,1066_DFA_ANG_XX.wav
1050,IEO,Fear,Low,1050_IEO_FEA_LO.wav
1045,IEO,Fear,Low,1045_IEO_FEA_LO.wav
1073,DFA,Anger,Unspecified,1073_DFA_ANG_XX.wav
1071,IEO,Happy,Low,1071_IEO_HAP_LO.wav
1064,IEO,Happy,Low,1064_IEO_HAP_LO.wav
1024,DFA,Neutral,Unspecified,1024_DFA_NEU_XX.wav
1083,TIE,Sad,Unspecified,1083_TIE_SAD_XX.wav
1087,WSI,Disgust,Unspecified,1087_WSI_DIS_XX.wav
1031,DFA,Neutral,Unspecified,1031_DFA_NEU_XX.wav
1006,TAI,Anger,Unspecified,1006_TAI_ANG_XX.wav
1013,TAI,Anger,Unspecified,1013_TAI_ANG_XX.wav
1044,TAI,Neutral,Unspecified,1044_TAI_NEU_XX.wav
1051,TAI,Neutral,Unspecified,1051_TAI_NEU_XX.wav
1075,TSI,Neutral,Unspecified,1075_TSI_NEU_XX.wav
1060,TSI,Neutral,Unspecified,1060_TSI_NEU_XX.wav
1037,TSI,Anger,Unspecified,1037_TSI_ANG_XX.wav
1022,TSI,Anger,Unspecified,1022_TSI_ANG_XX.wav
1018,ITS,Fear,Unspecified,1018_ITS_FEA_XX.wav
1012,IWL,Neutral,Unspecified,1012_IWL_NEU_XX.wav
1007,IWL,Neutral,Unspecified,1007_IWL_NEU_XX.wav
1039,ITS,Happy,Unspecified,1039_ITS_HAP_XX.wav
1004,IEO,Anger,Medium,1004_IEO_ANG_MD.wav
1088,MTI,Sad,Unspecified,1088_MTI_SAD_XX.wav
1011,IEO,Anger,Medium,1011_IEO_ANG_MD.wav
1050,IWL,Anger,Unspecified,1050_IWL_ANG_XX.wav
1045,IWL,Anger,Unspecified,1045_IWL_ANG_XX.wav
1015,IEO,Anger,High,1015_IEO_ANG_HI.wav
1064,IEO,Sad,Medium,1064_IEO_SAD_MD.wav
1040,TAI,Happy,Unspecified,1040_TAI_HAP_XX.wav
1055,TAI,Happy,Unspecified,1055_TAI_HAP_XX.wav
1071,IEO,Sad,Medium,1071_IEO_SAD_MD.wav
1061,TAI,Fear,Unspecified,1061_TAI_FEA_XX.wav
1030,IWL,Sad,Unspecified,1030_IWL_SAD_XX.wav
1025,IWL,Sad,Unspecified,1025_IWL_SAD_XX.wav
1074,TAI,Fear,Unspecified,1074_TAI_FEA_XX.wav
1075,IEO,Sad,High,1075_IEO_SAD_HI.wav
1089,IOM,Happy,Unspecified,1089_IOM_HAP_XX.wav
1071,TSI,Happy,Unspecified,1071_TSI_HAP_XX.wav
1064,TSI,Happy,Unspecified,1064_TSI_HAP_XX.wav
1060,IEO,Sad,High,1060_IEO_SAD_HI.wav
1050,TSI,Fear,Unspecified,1050_TSI_FEA_XX.wav
1045,TSI,Fear,Unspecified,1045_TSI_FEA_XX.wav
1063,IEO,Fear,Medium,1063_IEO_FEA_MD.wav
1016,IWL,Happy,Unspecified,1016_IWL_HAP_XX.wav
1003,IWL,Happy,Unspecified,1003_IWL_HAP_XX.wav
1076,IEO,Fear,Medium,1076_IEO_FEA_MD.wav
1037,IWL,Fear,Unspecified,1037_IWL_FEA_XX.wav
1066,TAI,Sad,Unspecified,1066_TAI_SAD_XX.wav
1042,IEO,Happy,Medium,1042_IEO_HAP_MD.wav
1057,IEO,Happy,Medium,1057_IEO_HAP_MD.wav
1028,ITS,Neutral,Unspecified,1028_ITS_NEU_XX.wav
1073,TAI,Sad,Unspecified,1073_TAI_SAD_XX.wav
1022,IWL,Fear,Unspecified,1022_IWL_FEA_XX.wav
1072,IEO,Fear,High,1072_IEO_FEA_HI.wav
1067,IEO,Fear,High,1067_IEO_FEA_HI.wav
1057,TSI,Sad,Unspecified,1057_TSI_SAD_XX.wav
1053,IEO,Happy,High,1053_IEO_HAP_HI.wav
1046,IEO,Happy,High,1046_IEO_HAP_HI.wav
1042,TSI,Sad,Unspecified,1042_TSI_SAD_XX.wav
1006,MTI,Sad,Unspecified,1006_MTI_SAD_XX.wav
1013,MTI,Sad,Unspecified,1013_MTI_SAD_XX.wav
1089,IWL,Neutral,Unspecified,1089_IWL_NEU_XX.wav
1083,ITS,Fear,Unspecified,1083_ITS_FEA_XX.wav
1087,MTI,Disgust,Unspecified,1087_MTI_DIS_XX.wav
1091,ITS,Sad,Unspecified,1091_ITS_SAD_XX.wav
1084,ITS,Sad,Unspecified,1084_ITS_SAD_XX.wav
1088,TAI,Anger,Unspecified,1088_TAI_ANG_XX.wav
1020,MTI,Happy,Unspecified,1020_MTI_HAP_XX.wav
1035,MTI,Happy,Unspecified,1035_MTI_HAP_XX.wav
1001,MTI,Fear,Unspecified,1001_MTI_FEA_XX.wav
1014,MTI,Fear,Unspecified,1014_MTI_FEA_XX.wav
1041,IOM,Anger,Unspecified,1041_IOM_ANG_XX.wav
1054,IOM,Anger,Unspecified,1054_IOM_ANG_XX.wav
1010,ITS,Disgust,Unspecified,1010_ITS_DIS_XX.wav
1005,ITS,Disgust,Unspecified,1005_ITS_DIS_XX.wav
1003,IOM,Neutral,Unspecified,1003_IOM_NEU_XX.wav
1016,IOM,Neutral,Unspecified,1016_IOM_NEU_XX.wav
1058,TSI,Disgust,Unspecified,1058_TSI_DIS_XX.wav
1021,IOM,Sad,Unspecified,1021_IOM_SAD_XX.wav
1034,IOM,Sad,Unspecified,1034_IOM_SAD_XX.wav
1069,TAI,Disgust,Unspecified,1069_TAI_DIS_XX.wav
1024,MTI,Neutral,Unspecified,1024_MTI_NEU_XX.wav
1031,MTI,Neutral,Unspecified,1031_MTI_NEU_XX.wav
1066,MTI,Anger,Unspecified,1066_MTI_ANG_XX.wav
1073,MTI,Anger,Unspecified,1073_MTI_ANG_XX.wav
1026,IOM,Fear,Unspecified,1026_IOM_FEA_XX.wav
1033,IOM,Fear,Unspecified,1033_IOM_FEA_XX.wav
1007,IOM,Happy,Unspecified,1007_IOM_HAP_XX.wav
1012,IOM,Happy,Unspecified,1012_IOM_HAP_XX.wav
1018,IEO,Neutral,Unspecified,1018_IEO_NEU_XX.wav
1051,IWW,Anger,Unspecified,1051_IWW_ANG_XX.wav
1044,IWW,Anger,Unspecified,1044_IWW_ANG_XX.wav
1038,ITH,Happy,Unspecified,1038_ITH_HAP_XX.wav
1009,DFA,Disgust,Unspecified,1009_DFA_DIS_XX.wav
1013,IWW,Neutral,Unspecified,1013_IWW_NEU_XX.wav
1006,IWW,Neutral,Unspecified,1006_IWW_NEU_XX.wav
1088,DFA,Sad,Unspecified,1088_DFA_SAD_XX.wav
1078,TIE,Anger,Unspecified,1078_TIE_ANG_XX.wav
1031,IWW,Sad,Unspecified,1031_IWW_SAD_XX.wav
1024,IWW,Sad,Unspecified,1024_IWW_SAD_XX.wav
1088,WSI,Sad,Unspecified,1088_WSI_SAD_XX.wav
1018,TIE,Sad,Unspecified,1018_TIE_SAD_XX.wav
1009,WSI,Disgust,Unspecified,1009_WSI_DIS_XX.wav
1036,IWW,Fear,Unspecified,1036_IWW_FEA_XX.wav
1029,ITH,Neutral,Unspecified,1029_ITH_NEU_XX.wav
1023,IWW,Fear,Unspecified,1023_IWW_FEA_XX.wav
1017,IWW,Happy,Unspecified,1017_IWW_HAP_XX.wav
1002,IWW,Happy,Unspecified,1002_IWW_HAP_XX.wav
1058,IEO,Disgust,Low,1058_IEO_DIS_LO.wav
1028,IEO,Disgust,Low,1028_IEO_DIS_LO.wav
1046,IWW,Fear,Unspecified,1046_IWW_FEA_XX.wav
1059,ITH,Neutral,Unspecified,1059_ITH_NEU_XX.wav
1053,IWW,Fear,Unspecified,1053_IWW_FEA_XX.wav
1067,IWW,Happy,Unspecified,1067_IWW_HAP_XX.wav
1072,IWW,Happy,Unspecified,1072_IWW_HAP_XX.wav
1068,TIE,Sad,Unspecified,1068_TIE_SAD_XX.wav
1079,WSI,Disgust,Unspecified,1079_WSI_DIS_XX.wav
1041,IWW,Sad,Unspecified,1041_IWW_SAD_XX.wav
1054,IWW,Sad,Unspecified,1054_IWW_SAD_XX.wav
1008,TIE,Anger,Unspecified,1008_TIE_ANG_XX.wav
1048,ITH,Happy,Unspecified,1048_ITH_HAP_XX.wav
1079,DFA,Disgust,Unspecified,1079_DFA_DIS_XX.wav
1069,ITH,Fear,Unspecified,1069_ITH_FEA_XX.wav
1063,IWW,Neutral,Unspecified,1063_IWW_NEU_XX.wav
1076,IWW,Neutral,Unspecified,1076_IWW_NEU_XX.wav
1021,IWW,Anger,Unspecified,1021_IWW_ANG_XX.wav
1034,IWW,Anger,Unspecified,1034_IWW_ANG_XX.wav
1068,IEO,Neutral,Unspecified,1068_IEO_NEU_XX.wav
1056,IOM,Fear,Unspecified,1056_IOM_FEA_XX.wav
1043,IOM,Fear,Unspecified,1043_IOM_FEA_XX.wav
1077,IOM,Happy,Unspecified,1077_IOM_HAP_XX.wav
1062,IOM,Happy,Unspecified,1062_IOM_HAP_XX.wav
1016,MTI,Anger,Unspecified,1016_MTI_ANG_XX.wav
1003,MTI,Anger,Unspecified,1003_MTI_ANG_XX.wav
1054,MTI,Neutral,Unspecified,1054_MTI_NEU_XX.wav
1041,MTI,Neutral,Unspecified,1041_MTI_NEU_XX.wav
1051,IOM,Sad,Unspecified,1051_IOM_SAD_XX.wav
1044,IOM,Sad,Unspecified,1044_IOM_SAD_XX.wav
1019,TAI,Disgust,Unspecified,1019_TAI_DIS_XX.wav
1081,ITS,Anger,Unspecified,1081_ITS_ANG_XX.wav
1028,TSI,Disgust,Unspecified,1028_TSI_DIS_XX.wav
1088,IEO,Fear,Medium,1088_IEO_FEA_MD.wav
1060,ITS,Disgust,Unspecified,1060_ITS_DIS_XX.wav
1075,ITS,Disgust,Unspecified,1075_ITS_DIS_XX.wav
1073,IOM,Neutral,Unspecified,1073_IOM_NEU_XX.wav
1066,IOM,Neutral,Unspecified,1066_IOM_NEU_XX.wav
1031,IOM,Anger,Unspecified,1031_IOM_ANG_XX.wav
1024,IOM,Anger,Unspecified,1024_IOM_ANG_XX.wav
1050,MTI,Happy,Unspecified,1050_MTI_HAP_XX.wav
1045,MTI,Happy,Unspecified,1045_MTI_HAP_XX.wav
1071,MTI,Fear,Unspecified,1071_MTI_FEA_XX.wav
1064,MTI,Fear,Unspecified,1064_MTI_FEA_XX.wav
1076,MTI,Sad,Unspecified,1076_MTI_SAD_XX.wav
1063,MTI,Sad,Unspecified,1063_MTI_SAD_XX.wav
1002,IEO,Fear,High,1002_IEO_FEA_HI.wav
1017,IEO,Fear,High,1017_IEO_FEA_HI.wav
1082,TAI,Disgust,Unspecified,1082_TAI_DIS_XX.wav
1023,IEO,Happy,High,1023_IEO_HAP_HI.wav
1027,TSI,Sad,Unspecified,1027_TSI_SAD_XX.wav
1032,TSI,Sad,Unspecified,1032_TSI_SAD_XX.wav
1036,IEO,Happy,High,1036_IEO_HAP_HI.wav
1066,IWL,Happy,Unspecified,1066_IWL_HAP_XX.wav
1013,IEO,Fear,Medium,1013_IEO_FEA_MD.wav
1006,IEO,Fear,Medium,1006_IEO_FEA_MD.wav
1073,IWL,Happy,Unspecified,1073_IWL_HAP_XX.wav
1032,IEO,Happy,Medium,1032_IEO_HAP_MD.wav
1047,IWL,Fear,Unspecified,1047_IWL_FEA_XX.wav
1016,TAI,Sad,Unspecified,1016_TAI_SAD_XX.wav
1058,ITS,Neutral,Unspecified,1058_ITS_NEU_XX.wav
1003,TAI,Sad,Unspecified,1003_TAI_SAD_XX.wav
1052,IWL,Fear,Unspecified,1052_IWL_FEA_XX.wav
1027,IEO,Happy,Medium,1027_IEO_HAP_MD.wav
1001,TSI,Happy,Unspecified,1001_TSI_HAP_XX.wav
1005,IEO,Sad,High,1005_IEO_SAD_HI.wav
1010,IEO,Sad,High,1010_IEO_SAD_HI.wav
1014,TSI,Happy,Unspecified,1014_TSI_HAP_XX.wav
1020,TSI,Fear,Unspecified,1020_TSI_FEA_XX.wav
1035,TSI,Fear,Unspecified,1035_TSI_FEA_XX.wav
1080,IEO,Disgust,Medium,1080_IEO_DIS_MD.wav
1030,TAI,Happy,Unspecified,1030_TAI_HAP_XX.wav
1014,IEO,Sad,Medium,1014_IEO_SAD_MD.wav
1001,IEO,Sad,Medium,1001_IEO_SAD_MD.wav
1025,TAI,Happy,Unspecified,1025_TAI_HAP_XX.wav
1084,IEO,Disgust,High,1084_IEO_DIS_HI.wav
1011,TAI,Fear,Unspecified,1011_TAI_FEA_XX.wav
1040,IWL,Sad,Unspecified,1040_IWL_SAD_XX.wav
1055,IWL,Sad,Unspecified,1055_IWL_SAD_XX.wav
1091,IEO,Disgust,High,1091_IEO_DIS_HI.wav
1004,TAI,Fear,Unspecified,1004_TAI_FEA_XX.wav
1065,IEO,Anger,High,1065_IEO_ANG_HI.wav
1070,IEO,Anger,High,1070_IEO_ANG_HI.wav
1079,MTI,Disgust,Unspecified,1079_MTI_DIS_XX.wav
1074,IEO,Anger,Medium,1074_IEO_ANG_MD.wav
1061,IEO,Anger,Medium,1061_IEO_ANG_MD.wav
1020,IWL,Anger,Unspecified,1020_IWL_ANG_XX.wav
1035,IWL,Anger,Unspecified,1035_IWL_ANG_XX.wav
1068,ITS,Fear,Unspecified,1068_ITS_FEA_XX.wav
1062,IWL,Neutral,Unspecified,1062_IWL_NEU_XX.wav
1077,IWL,Neutral,Unspecified,1077_IWL_NEU_XX.wav
1049,ITS,Happy,Unspecified,1049_ITS_HAP_XX.wav
1047,TSI,Anger,Unspecified,1047_TSI_ANG_XX.wav
1052,TSI,Anger,Unspecified,1052_TSI_ANG_XX.wav
1005,TSI,Neutral,Unspecified,1005_TSI_NEU_XX.wav
1010,TSI,Neutral,Unspecified,1010_TSI_NEU_XX.wav
1034,TAI,Neutral,Unspecified,1034_TAI_NEU_XX.wav
1021,TAI,Neutral,Unspecified,1021_TAI_NEU_XX.wav
1076,TAI,Anger,Unspecified,1076_TAI_ANG_XX.wav
1063,TAI,Anger,Unspecified,1063_TAI_ANG_XX.wav
1054,DFA,Neutral,Unspecified,1054_DFA_NEU_XX.wav
1041,DFA,Neutral,Unspecified,1041_DFA_NEU_XX.wav
1016,DFA,Anger,Unspecified,1016_DFA_ANG_XX.wav
1020,IEO,Fear,Low,1020_IEO_FEA_LO.wav
1035,IEO,Fear,Low,1035_IEO_FEA_LO.wav
1003,DFA,Anger,Unspecified,1003_DFA_ANG_XX.wav
1001,IEO,Happy,Low,1001_IEO_HAP_LO.wav
1014,IEO,Happy,Low,1014_IEO_HAP_LO.wav
1072,TIE,Disgust,Unspecified,1072_TIE_DIS_XX.wav
1063,WSI,Sad,Unspecified,1063_WSI_SAD_XX.wav
1067,TIE,Disgust,Unspecified,1067_TIE_DIS_XX.wav
1076,WSI,Sad,Unspecified,1076_WSI_SAD_XX.wav
1027,IEO,Sad,Low,1027_IEO_SAD_LO.wav
1032,IEO,Sad,Low,1032_IEO_SAD_LO.wav
1064,WSI,Fear,Unspecified,1064_WSI_FEA_XX.wav
1071,WSI,Fear,Unspecified,1071_WSI_FEA_XX.wav
1045,WSI,Happy,Unspecified,1045_WSI_HAP_XX.wav
1050,WSI,Happy,Unspecified,1050_WSI_HAP_XX.wav
1080,ITH,Anger,Unspecified,1080_ITH_ANG_XX.wav
1071,DFA,Fear,Unspecified,1071_DFA_FEA_XX.wav
1047,IEO,Anger,Low,1047_IEO_ANG_LO.wav
1052,IEO,Anger,Low,1052_IEO_ANG_LO.wav
1064,DFA,Fear,Unspecified,1064_DFA_FEA_XX.wav
1050,DFA,Happy,Unspecified,1050_DFA_HAP_XX.wav
1061,ITH,Disgust,Unspecified,1061_ITH_DIS_XX.wav
1074,ITH,Disgust,Unspecified,1074_ITH_DIS_XX.wav
1045,DFA,Happy,Unspecified,1045_DFA_HAP_XX.wav
1076,DFA,Sad,Unspecified,1076_DFA_SAD_XX.wav
1063,DFA,Sad,Unspecified,1063_DFA_SAD_XX.wav
1086,TIE,Anger,Unspecified,1086_TIE_ANG_XX.wav
1003,WSI,Anger,Unspecified,1003_WSI_ANG_XX.wav
1016,WSI,Anger,Unspecified,1016_WSI_ANG_XX.wav
1041,WSI,Neutral,Unspecified,1041_WSI_NEU_XX.wav
1054,WSI,Neutral,Unspecified,1054_WSI_NEU_XX.wav
1019,TIE,Sad,Unspecified,1019_TIE_SAD_XX.wav
1089,WSI,Sad,Unspecified,1089_WSI_SAD_XX.wav
1025,IWW,Sad,Unspecified,1025_IWW_SAD_XX.wav
1030,IWW,Sad,Unspecified,1030_IWW_SAD_XX.wav
1059,IEO,Disgust,Low,1059_IEO_DIS_LO.wav
1003,IWW,Happy,Unspecified,1003_IWW_HAP_XX.wav
1016,IWW,Happy,Unspecified,1016_IWW_HAP_XX.wav
1028,ITH,Neutral,Unspecified,1028_ITH_NEU_XX.wav
1022,IWW,Fear,Unspecified,1022_IWW_FEA_XX.wav
1037,IWW,Fear,Unspecified,1037_IWW_FEA_XX.wav
1019,IEO,Neutral,Unspecified,1019_IEO_NEU_XX.wav
1079,TIE,Anger,Unspecified,1079_TIE_ANG_XX.wav
1089,DFA,Sad,Unspecified,1089_DFA_SAD_XX.wav
1007,IWW,Neutral,Unspecified,1007_IWW_NEU_XX.wav
1018,ITH,Fear,Unspecified,1018_ITH_FEA_XX.wav
1012,IWW,Neutral,Unspecified,1012_IWW_NEU_XX.wav
1039,ITH,Happy,Unspecified,1039_ITH_HAP_XX.wav
1008,DFA,Disgust,Unspecified,1008_DFA_DIS_XX.wav
1045,IWW,Anger,Unspecified,1045_IWW_ANG_XX.wav
1050,IWW,Anger,Unspecified,1050_IWW_ANG_XX.wav
1068,TAI,Disgust,Unspecified,1068_TAI_DIS_XX.wav
1035,IOM,Sad,Unspecified,1035_IOM_SAD_XX.wav
1020,IOM,Sad,Unspecified,1020_IOM_SAD_XX.wav
1059,TSI,Disgust,Unspecified,1059_TSI_DIS_XX.wav
1013,IOM,Happy,Unspecified,1013_IOM_HAP_XX.wav
1006,IOM,Happy,Unspecified,1006_IOM_HAP_XX.wav
1032,IOM,Fear,Unspecified,1032_IOM_FEA_XX.wav
1027,IOM,Fear,Unspecified,1027_IOM_FEA_XX.wav
1072,MTI,Anger,Unspecified,1072_MTI_ANG_XX.wav
1067,MTI,Anger,Unspecified,1067_MTI_ANG_XX.wav
1030,MTI,Neutral,Unspecified,1030_MTI_NEU_XX.wav
1025,MTI,Neutral,Unspecified,1025_MTI_NEU_XX.wav
1086,MTI,Disgust,Unspecified,1086_MTI_DIS_XX.wav
1088,IWL,Neutral,Unspecified,1088_IWL_NEU_XX.wav
1082,ITS,Fear,Unspecified,1082_ITS_FEA_XX.wav
1012,MTI,Sad,Unspecified,1012_MTI_SAD_XX.wav
1007,MTI,Sad,Unspecified,1007_MTI_SAD_XX.wav
1017,IOM,Neutral,Unspecified,1017_IOM_NEU_XX.wav
1002,IOM,Neutral,Unspecified,1002_IOM_NEU_XX.wav
1004,ITS,Disgust,Unspecified,1004_ITS_DIS_XX.wav
1011,ITS,Disgust,Unspecified,1011_ITS_DIS_XX.wav
1055,IOM,Anger,Unspecified,1055_IOM_ANG_XX.wav
1040,IOM,Anger,Unspecified,1040_IOM_ANG_XX.wav
1015,MTI,Fear,Unspecified,1015_MTI_FEA_XX.wav
1034,MTI,Happy,Unspecified,1034_MTI_HAP_XX.wav
1089,TAI,Anger,Unspecified,1089_TAI_ANG_XX.wav
1021,MTI,Happy,Unspecified,1021_MTI_HAP_XX.wav
1085,ITS,Sad,Unspecified,1085_ITS_SAD_XX.wav
1090,ITS,Sad,Unspecified,1090_ITS_SAD_XX.wav
1044,TSI,Fear,Unspecified,1044_TSI_FEA_XX.wav
1051,TSI,Fear,Unspecified,1051_TSI_FEA_XX.wav
1065,TSI,Happy,Unspecified,1065_TSI_HAP_XX.wav
1061,IEO,Sad,High,1061_IEO_SAD_HI.wav
1074,IEO,Sad,High,1074_IEO_SAD_HI.wav
1088,IOM,Happy,Unspecified,1088_IOM_HAP_XX.wav
1070,TSI,Happy,Unspecified,1070_TSI_HAP_XX.wav
1024,IWL,Sad,Unspecified,1024_IWL_SAD_XX.wav
1075,TAI,Fear,Unspecified,1075_TAI_FEA_XX.wav
1060,TAI,Fear,Unspecified,1060_TAI_FEA_XX.wav
1031,IWL,Sad,Unspecified,1031_IWL_SAD_XX.wav
1054,TAI,Happy,Unspecified,1054_TAI_HAP_XX.wav
1070,IEO,Sad,Medium,1070_IEO_SAD_MD.wav
1065,IEO,Sad,Medium,1065_IEO_SAD_MD.wav
1041,TAI,Happy,Unspecified,1041_TAI_HAP_XX.wav
1047,IEO,Happy,High,1047_IEO_HAP_HI.wav
1043,TSI,Sad,Unspecified,1043_TSI_SAD_XX.wav
1056,TSI,Sad,Unspecified,1056_TSI_SAD_XX.wav
1052,IEO,Happy,High,1052_IEO_HAP_HI.wav
1066,IEO,Fear,High,1066_IEO_FEA_HI.wav
1073,IEO,Fear,High,1073_IEO_FEA_HI.wav
1056,IEO,Happy,Medium,1056_IEO_HAP_MD.wav
1029,ITS,Neutral,Unspecified,1029_ITS_NEU_XX.wav
1072,TAI,Sad,Unspecified,1072_TAI_SAD_XX.wav
1023,IWL,Fear,Unspecified,1023_IWL_FEA_XX.wav
1036,IWL,Fear,Unspecified,1036_IWL_FEA_XX.wav
1067,TAI,Sad,Unspecified,1067_TAI_SAD_XX.wav
1043,IEO,Happy,Medium,1043_IEO_HAP_MD.wav
1002,IWL,Happy,Unspecified,1002_IWL_HAP_XX.wav
1077,IEO,Fear,Medium,1077_IEO_FEA_MD.wav
1062,IEO,Fear,Medium,1062_IEO_FEA_MD.wav
1017,IWL,Happy,Unspecified,1017_IWL_HAP_XX.wav
1023,TSI,Anger,Unspecified,1023_TSI_ANG_XX.wav
1036,TSI,Anger,Unspecified,1036_TSI_ANG_XX.wav
1061,TSI,Neutral,Unspecified,1061_TSI_NEU_XX.wav
1074,TSI,Neutral,Unspecified,1074_TSI_NEU_XX.wav
1050,TAI,Neutral,Unspecified,1050_TAI_NEU_XX.wav
1045,TAI,Neutral,Unspecified,1045_TAI_NEU_XX.wav
1012,TAI,Anger,Unspecified,1012_TAI_ANG_XX.wav
1007,TAI,Anger,Unspecified,1007_TAI_ANG_XX.wav
1008,MTI,Disgust,Unspecified,1008_MTI_DIS_XX.wav
1001,IEO,Anger,High,1001_IEO_ANG_HI.wav
1014,IEO,Anger,High,1014_IEO_ANG_HI.wav
1044,IWL,Anger,Unspecified,1044_IWL_ANG_XX.wav
1051,IWL,Anger,Unspecified,1051_IWL_ANG_XX.wav
1010,IEO,Anger,Medium,1010_IEO_ANG_MD.wav
1005,IEO,Anger,Medium,1005_IEO_ANG_MD.wav
1089,MTI,Sad,Unspecified,1089_MTI_SAD_XX.wav
1038,ITS,Happy,Unspecified,1038_ITS_HAP_XX.wav
1006,IWL,Neutral,Unspecified,1006_IWL_NEU_XX.wav
1019,ITS,Fear,Unspecified,1019_ITS_FEA_XX.wav
1013,IWL,Neutral,Unspecified,1013_IWL_NEU_XX.wav
1043,IEO,Sad,Low,1043_IEO_SAD_LO.wav
1056,IEO,Sad,Low,1056_IEO_SAD_LO.wav
1090,TIE,Fear,Unspecified,1090_TIE_FEA_XX.wav
1085,TIE,Fear,Unspecified,1085_TIE_FEA_XX.wav
1021,WSI,Happy,Unspecified,1021_WSI_HAP_XX.wav
1034,WSI,Happy,Unspecified,1034_WSI_HAP_XX.wav
1015,WSI,Fear,Unspecified,1015_WSI_FEA_XX.wav
1086,WSI,Disgust,Unspecified,1086_WSI_DIS_XX.wav
1030,DFA,Neutral,Unspecified,1030_DFA_NEU_XX.wav
1025,DFA,Neutral,Unspecified,1025_DFA_NEU_XX.wav
1082,TIE,Sad,Unspecified,1082_TIE_SAD_XX.wav
1065,IEO,Happy,Low,1065_IEO_HAP_LO.wav
1070,IEO,Happy,Low,1070_IEO_HAP_LO.wav
1044,IEO,Fear,Low,1044_IEO_FEA_LO.wav
1072,DFA,Anger,Unspecified,1072_DFA_ANG_XX.wav
1067,DFA,Anger,Unspecified,1067_DFA_ANG_XX.wav
1051,IEO,Fear,Low,1051_IEO_FEA_LO.wav
1016,TIE,Disgust,Unspecified,1016_TIE_DIS_XX.wav
1007,WSI,Sad,Unspecified,1007_WSI_SAD_XX.wav
1003,TIE,Disgust,Unspecified,1003_TIE_DIS_XX.wav
1012,WSI,Sad,Unspecified,1012_WSI_SAD_XX.wav
1012,DFA,Sad,Unspecified,1012_DFA_SAD_XX.wav
1007,DFA,Sad,Unspecified,1007_DFA_SAD_XX.wav
1067,WSI,Anger,Unspecified,1067_WSI_ANG_XX.wav
1072,WSI,Anger,Unspecified,1072_WSI_ANG_XX.wav
1025,WSI,Neutral,Unspecified,1025_WSI_NEU_XX.wav
1086,DFA,Disgust,Unspecified,1086_DFA_DIS_XX.wav
1030,WSI,Neutral,Unspecified,1030_WSI_NEU_XX.wav
1089,IWW,Neutral,Unspecified,1089_IWW_NEU_XX.wav
1083,ITH,Fear,Unspecified,1083_ITH_FEA_XX.wav
1005,ITH,Disgust,Unspecified,1005_ITH_DIS_XX.wav
1034,DFA,Happy,Unspecified,1034_DFA_HAP_XX.wav
1021,DFA,Happy,Unspecified,1021_DFA_HAP_XX.wav
1010,ITH,Disgust,Unspecified,1010_ITH_DIS_XX.wav
1023,IEO,Anger,Low,1023_IEO_ANG_LO.wav
1015,DFA,Fear,Unspecified,1015_DFA_FEA_XX.wav
1036,IEO,Anger,Low,1036_IEO_ANG_LO.wav
1084,ITH,Sad,Unspecified,1084_ITH_SAD_XX.wav
1091,ITH,Sad,Unspecified,1091_ITH_SAD_XX.wav
1082,IEO,Neutral,Unspecified,1082_IEO_NEU_XX.wav
1081,IWW,Neutral,Unspecified,1081_IWW_NEU_XX.wav
1038,WSI,Neutral,Unspecified,1038_WSI_NEU_XX.wav
1008,DFA,Fear,Unspecified,1008_DFA_FEA_XX.wav
1029,DFA,Happy,Unspecified,1029_DFA_HAP_XX.wav
1018,ITH,Disgust,Unspecified,1018_ITH_DIS_XX.wav
1090,IWW,Happy,Unspecified,1090_IWW_HAP_XX.wav
1085,IWW,Happy,Unspecified,1085_IWW_HAP_XX.wav
1029,WSI,Happy,Unspecified,1029_WSI_HAP_XX.wav
1037,IWW,Disgust,Unspecified,1037_IWW_DIS_XX.wav
1022,IWW,Disgust,Unspecified,1022_IWW_DIS_XX.wav
1038,DFA,Neutral,Unspecified,1038_DFA_NEU_XX.wav
1059,IEO,Fear,Low,1059_IEO_FEA_LO.wav
1078,IEO,Happy,Low,1078_IEO_HAP_LO.wav
1084,IOM,Neutral,Unspecified,1084_IOM_NEU_XX.wav
1091,IOM,Neutral,Unspecified,1091_IOM_NEU_XX.wav
1069,TSI,Neutral,Unspecified,1069_TSI_NEU_XX.wav
1082,ITS,Disgust,Unspecified,1082_ITS_DIS_XX.wav
1016,ITS,Sad,Unspecified,1016_ITS_SAD_XX.wav
1003,ITS,Sad,Unspecified,1003_ITS_SAD_XX.wav
1058,TAI,Neutral,Unspecified,1058_TAI_NEU_XX.wav
1086,MTI,Fear,Unspecified,1086_MTI_FEA_XX.wav
1009,IEO,Anger,High,1009_IEO_ANG_HI.wav
1015,MTI,Disgust,Unspecified,1015_MTI_DIS_XX.wav
1081,MTI,Sad,Unspecified,1081_MTI_SAD_XX.wav
1018,IEO,Anger,Medium,1018_IEO_ANG_MD.wav
1059,IWL,Anger,Unspecified,1059_IWL_ANG_XX.wav
1011,ITS,Fear,Unspecified,1011_ITS_FEA_XX.wav
1004,ITS,Fear,Unspecified,1004_ITS_FEA_XX.wav
1030,ITS,Happy,Unspecified,1030_ITS_HAP_XX.wav
1025,ITS,Happy,Unspecified,1025_ITS_HAP_XX.wav
1080,IOM,Happy,Unspecified,1080_IOM_HAP_XX.wav
1078,TSI,Happy,Unspecified,1078_TSI_HAP_XX.wav
1069,IEO,Sad,High,1069_IEO_SAD_HI.wav
1059,TSI,Fear,Unspecified,1059_TSI_FEA_XX.wav
1049,TAI,Happy,Unspecified,1049_TAI_HAP_XX.wav
1078,IEO,Sad,Medium,1078_IEO_SAD_MD.wav
1068,TAI,Fear,Unspecified,1068_TAI_FEA_XX.wav
1039,IWL,Sad,Unspecified,1039_IWL_SAD_XX.wav
1027,IOM,Disgust,Unspecified,1027_IOM_DIS_XX.wav
1032,IOM,Disgust,Unspecified,1032_IOM_DIS_XX.wav
1034,ITS,Neutral,Unspecified,1034_ITS_NEU_XX.wav
1021,ITS,Neutral,Unspecified,1021_ITS_NEU_XX.wav
1076,ITS,Anger,Unspecified,1076_ITS_ANG_XX.wav
1063,ITS,Anger,Unspecified,1063_ITS_ANG_XX.wav
1087,IEO,Anger,High,1087_IEO_ANG_HI.wav
1080,IWL,Neutral,Unspecified,1080_IWL_NEU_XX.wav
1083,IEO,Anger,Medium,1083_IEO_ANG_MD.wav
1019,ITS,Disgust,Unspecified,1019_ITS_DIS_XX.wav
1048,IOM,Anger,Unspecified,1048_IOM_ANG_XX.wav
1081,TAI,Anger,Unspecified,1081_TAI_ANG_XX.wav
1029,MTI,Happy,Unspecified,1029_MTI_HAP_XX.wav
1008,MTI,Fear,Unspecified,1008_MTI_FEA_XX.wav
1028,IOM,Sad,Unspecified,1028_IOM_SAD_XX.wav
1060,TAI,Disgust,Unspecified,1060_TAI_DIS_XX.wav
1075,TAI,Disgust,Unspecified,1075_TAI_DIS_XX.wav
1051,TSI,Disgust,Unspecified,1051_TSI_DIS_XX.wav
1091,IWL,Happy,Unspecified,1091_IWL_HAP_XX.wav
1084,IWL,Happy,Unspecified,1084_IWL_HAP_XX.wav
1044,TSI,Disgust,Unspecified,1044_TSI_DIS_XX.wav
1062,IEO,Disgust,Medium,1062_IEO_DIS_MD.wav
1077,IEO,Disgust,Medium,1077_IEO_DIS_MD.wav
1036,IWL,Disgust,Unspecified,1036_IWL_DIS_XX.wav
1023,IWL,Disgust,Unspecified,1023_IWL_DIS_XX.wav
1073,IEO,Disgust,High,1073_IEO_DIS_HI.wav
1066,IEO,Disgust,High,1066_IEO_DIS_HI.wav
1038,MTI,Neutral,Unspecified,1038_MTI_NEU_XX.wav
1083,ITH,Disgust,Unspecified,1083_ITH_DIS_XX.wav
1086,DFA,Fear,Unspecified,1086_DFA_FEA_XX.wav
1004,IEO,Neutral,Unspecified,1004_IEO_NEU_XX.wav
1011,IEO,Neutral,Unspecified,1011_IEO_NEU_XX.wav
1017,ITH,Sad,Unspecified,1017_ITH_SAD_XX.wav
1002,ITH,Sad,Unspecified,1002_ITH_SAD_XX.wav
1064,TIE,Anger,Unspecified,1064_TIE_ANG_XX.wav
1071,TIE,Anger,Unspecified,1071_TIE_ANG_XX.wav
1081,DFA,Sad,Unspecified,1081_DFA_SAD_XX.wav
1026,TIE,Neutral,Unspecified,1026_TIE_NEU_XX.wav
1033,TIE,Neutral,Unspecified,1033_TIE_NEU_XX.wav
1031,ITH,Happy,Unspecified,1031_ITH_HAP_XX.wav
1015,DFA,Disgust,Unspecified,1015_DFA_DIS_XX.wav
1024,ITH,Happy,Unspecified,1024_ITH_HAP_XX.wav
1010,ITH,Fear,Unspecified,1010_ITH_FEA_XX.wav
1005,ITH,Fear,Unspecified,1005_ITH_FEA_XX.wav
1058,IWW,Anger,Unspecified,1058_IWW_ANG_XX.wav
1004,TIE,Sad,Unspecified,1004_TIE_SAD_XX.wav
1015,WSI,Disgust,Unspecified,1015_WSI_DIS_XX.wav
1011,TIE,Sad,Unspecified,1011_TIE_SAD_XX.wav
1038,IWW,Sad,Unspecified,1038_IWW_SAD_XX.wav
1085,TIE,Disgust,Unspecified,1085_TIE_DIS_XX.wav
1081,WSI,Sad,Unspecified,1081_WSI_SAD_XX.wav
1090,TIE,Disgust,Unspecified,1090_TIE_DIS_XX.wav
1003,TIE,Fear,Unspecified,1003_TIE_FEA_XX.wav
1016,TIE,Fear,Unspecified,1016_TIE_FEA_XX.wav
1022,TIE,Happy,Unspecified,1022_TIE_HAP_XX.wav
1037,TIE,Happy,Unspecified,1037_TIE_HAP_XX.wav
1051,IEO,Disgust,Low,1051_IEO_DIS_LO.wav
1044,IEO,Disgust,Low,1044_IEO_DIS_LO.wav
1077,ITH,Anger,Unspecified,1077_ITH_ANG_XX.wav
1062,ITH,Anger,Unspecified,1062_ITH_ANG_XX.wav
1035,ITH,Neutral,Unspecified,1035_ITH_NEU_XX.wav
1020,ITH,Neutral,Unspecified,1020_ITH_NEU_XX.wav
1086,WSI,Fear,Unspecified,1086_WSI_FEA_XX.wav
1058,DFA,Happy,Unspecified,1058_DFA_HAP_XX.wav
1069,ITH,Disgust,Unspecified,1069_ITH_DIS_XX.wav
1079,DFA,Fear,Unspecified,1079_DFA_FEA_XX.wav
1049,WSI,Neutral,Unspecified,1049_WSI_NEU_XX.wav
1049,DFA,Neutral,Unspecified,1049_DFA_NEU_XX.wav
1053,IWW,Disgust,Unspecified,1053_IWW_DIS_XX.wav
1046,IWW,Disgust,Unspecified,1046_IWW_DIS_XX.wav
1009,IEO,Happy,Low,1009_IEO_HAP_LO.wav
1028,IEO,Fear,Low,1028_IEO_FEA_LO.wav
1058,WSI,Happy,Unspecified,1058_WSI_HAP_XX.wav
1079,WSI,Fear,Unspecified,1079_WSI_FEA_XX.wav
1088,ITH,Anger,Unspecified,1088_ITH_ANG_XX.wav
1064,MTI,Disgust,Unspecified,1064_MTI_DIS_XX.wav
1071,MTI,Disgust,Unspecified,1071_MTI_DIS_XX.wav
1078,IEO,Anger,High,1078_IEO_ANG_HI.wav
1028,IWL,Anger,Unspecified,1028_IWL_ANG_XX.wav
1069,IEO,Anger,Medium,1069_IEO_ANG_MD.wav
1054,ITS,Happy,Unspecified,1054_ITS_HAP_XX.wav
1041,ITS,Happy,Unspecified,1041_ITS_HAP_XX.wav
1075,ITS,Fear,Unspecified,1075_ITS_FEA_XX.wav
1060,ITS,Fear,Unspecified,1060_ITS_FEA_XX.wav
1018,TSI,Neutral,Unspecified,1018_TSI_NEU_XX.wav
1072,ITS,Sad,Unspecified,1072_ITS_SAD_XX.wav
1029,TAI,Neutral,Unspecified,1029_TAI_NEU_XX.wav
1067,ITS,Sad,Unspecified,1067_ITS_SAD_XX.wav
1050,ITS,Neutral,Unspecified,1050_ITS_NEU_XX.wav
1045,ITS,Neutral,Unspecified,1045_ITS_NEU_XX.wav
1043,IOM,Disgust,Unspecified,1043_IOM_DIS_XX.wav
1056,IOM,Disgust,Unspecified,1056_IOM_DIS_XX.wav
1012,ITS,Anger,Unspecified,1012_ITS_ANG_XX.wav
1007,ITS,Anger,Unspecified,1007_ITS_ANG_XX.wav
1088,IEO,Disgust,Medium,1088_IEO_DIS_MD.wav
1028,TSI,Fear,Unspecified,1028_TSI_FEA_XX.wav
1018,IEO,Sad,High,1018_IEO_SAD_HI.wav
1009,TSI,Happy,Unspecified,1009_TSI_HAP_XX.wav
1019,TAI,Fear,Unspecified,1019_TAI_FEA_XX.wav
1048,IWL,Sad,Unspecified,1048_IWL_SAD_XX.wav
1009,IEO,Sad,Medium,1009_IEO_SAD_MD.wav
1085,MTI,Anger,Unspecified,1085_MTI_ANG_XX.wav
1090,MTI,Anger,Unspecified,1090_MTI_ANG_XX.wav
1038,TAI,Happy,Unspecified,1038_TAI_HAP_XX.wav
1083,TSI,Neutral,Unspecified,1083_TSI_NEU_XX.wav
1068,ITS,Disgust,Unspecified,1068_ITS_DIS_XX.wav
1039,IOM,Anger,Unspecified,1039_IOM_ANG_XX.wav
1079,MTI,Fear,Unspecified,1079_MTI_FEA_XX.wav
1058,MTI,Happy,Unspecified,1058_MTI_HAP_XX.wav
1052,IWL,Disgust,Unspecified,1052_IWL_DIS_XX.wav
1087,TSI,Happy,Unspecified,1087_TSI_HAP_XX.wav
1083,IEO,Sad,High,1083_IEO_SAD_HI.wav
1047,IWL,Disgust,Unspecified,1047_IWL_DIS_XX.wav
1006,IEO,Disgust,Medium,1006_IEO_DIS_MD.wav
1013,IEO,Disgust,Medium,1013_IEO_DIS_MD.wav
1087,IEO,Sad,Medium,1087_IEO_SAD_MD.wav
1082,TAI,Fear,Unspecified,1082_TAI_FEA_XX.wav
1017,IEO,Disgust,High,1017_IEO_DIS_HI.wav
1002,IEO,Disgust,High,1002_IEO_DIS_HI.wav
1049,MTI,Neutral,Unspecified,1049_MTI_NEU_XX.wav
1004,TAI,Disgust,Unspecified,1004_TAI_DIS_XX.wav
1091,IEO,Fear,High,1091_IEO_FEA_HI.wav
1011,TAI,Disgust,Unspecified,1011_TAI_DIS_XX.wav
1084,IEO,Fear,High,1084_IEO_FEA_HI.wav
1059,IOM,Sad,Unspecified,1059_IOM_SAD_XX.wav
1089,ITS,Anger,Unspecified,1089_ITS_ANG_XX.wav
1080,IEO,Fear,Medium,1080_IEO_FEA_MD.wav
1035,TSI,Disgust,Unspecified,1035_TSI_DIS_XX.wav
1020,TSI,Disgust,Unspecified,1020_TSI_DIS_XX.wav
1085,TAI,Sad,Unspecified,1085_TAI_SAD_XX.wav
1090,TAI,Sad,Unspecified,1090_TAI_SAD_XX.wav
1015,TIE,Anger,Unspecified,1015_TIE_ANG_XX.wav
1042,TIE,Neutral,Unspecified,1042_TIE_NEU_XX.wav
1057,TIE,Neutral,Unspecified,1057_TIE_NEU_XX.wav
1074,ITH,Fear,Unspecified,1074_ITH_FEA_XX.wav
1061,ITH,Fear,Unspecified,1061_ITH_FEA_XX.wav
1064,DFA,Disgust,Unspecified,1064_DFA_DIS_XX.wav
1055,ITH,Happy,Unspecified,1055_ITH_HAP_XX.wav
1040,ITH,Happy,Unspecified,1040_ITH_HAP_XX.wav
1071,DFA,Disgust,Unspecified,1071_DFA_DIS_XX.wav
1090,WSI,Anger,Unspecified,1090_WSI_ANG_XX.wav
1085,WSI,Anger,Unspecified,1085_WSI_ANG_XX.wav
1029,IWW,Anger,Unspecified,1029_IWW_ANG_XX.wav
1060,IEO,Neutral,Unspecified,1060_IEO_NEU_XX.wav
1075,IEO,Neutral,Unspecified,1075_IEO_NEU_XX.wav
1073,ITH,Sad,Unspecified,1073_ITH_SAD_XX.wav
1066,ITH,Sad,Unspecified,1066_ITH_SAD_XX.wav
1046,TIE,Happy,Unspecified,1046_TIE_HAP_XX.wav
1053,TIE,Happy,Unspecified,1053_TIE_HAP_XX.wav
1067,TIE,Fear,Unspecified,1067_TIE_FEA_XX.wav
1072,TIE,Fear,Unspecified,1072_TIE_FEA_XX.wav
1013,ITH,Anger,Unspecified,1013_ITH_ANG_XX.wav
1006,ITH,Anger,Unspecified,1006_ITH_ANG_XX.wav
1035,IEO,Disgust,Low,1035_IEO_DIS_LO.wav
1020,IEO,Disgust,Low,1020_IEO_DIS_LO.wav
1051,ITH,Neutral,Unspecified,1051_ITH_NEU_XX.wav
1044,ITH,Neutral,Unspecified,1044_ITH_NEU_XX.wav
1085,DFA,Anger,Unspecified,1085_DFA_ANG_XX.wav
1090,DFA,Anger,Unspecified,1090_DFA_ANG_XX.wav
1087,IEO,Happy,Low,1087_IEO_HAP_LO.wav
1060,TIE,Sad,Unspecified,1060_TIE_SAD_XX.wav
1071,WSI,Disgust,Unspecified,1071_WSI_DIS_XX.wav
1075,TIE,Sad,Unspecified,1075_TIE_SAD_XX.wav
1064,WSI,Disgust,Unspecified,1064_WSI_DIS_XX.wav
1049,IWW,Sad,Unspecified,1049_IWW_SAD_XX.wav
1011,WSI,Anger,Unspecified,1011_WSI_ANG_XX.wav
1004,WSI,Anger,Unspecified,1004_WSI_ANG_XX.wav
1053,WSI,Neutral,Unspecified,1053_WSI_NEU_XX.wav
1046,WSI,Neutral,Unspecified,1046_WSI_NEU_XX.wav
1064,DFA,Sad,Unspecified,1064_DFA_SAD_XX.wav
1071,DFA,Sad,Unspecified,1071_DFA_SAD_XX.wav
1081,TIE,Anger,Unspecified,1081_TIE_ANG_XX.wav
1042,DFA,Happy,Unspecified,1042_DFA_HAP_XX.wav
1073,ITH,Disgust,Unspecified,1073_ITH_DIS_XX.wav
1066,ITH,Disgust,Unspecified,1066_ITH_DIS_XX.wav
1057,DFA,Happy,Unspecified,1057_DFA_HAP_XX.wav
1063,DFA,Fear,Unspecified,1063_DFA_FEA_XX.wav
1055,IEO,Anger,Low,1055_IEO_ANG_LO.wav
1040,IEO,Anger,Low,1040_IEO_ANG_LO.wav
1076,DFA,Fear,Unspecified,1076_DFA_FEA_XX.wav
1057,WSI,Happy,Unspecified,1057_WSI_HAP_XX.wav
1042,WSI,Happy,Unspecified,1042_WSI_HAP_XX.wav
1076,WSI,Fear,Unspecified,1076_WSI_FEA_XX.wav
1063,WSI,Fear,Unspecified,1063_WSI_FEA_XX.wav
1087,ITH,Anger,Unspecified,1087_ITH_ANG_XX.wav
1035,IEO,Sad,Low,1035_IEO_SAD_LO.wav
1020,IEO,Sad,Low,1020_IEO_SAD_LO.wav
1071,WSI,Sad,Unspecified,1071_WSI_SAD_XX.wav
1060,TIE,Disgust,Unspecified,1060_TIE_DIS_XX.wav
1064,WSI,Sad,Unspecified,1064_WSI_SAD_XX.wav
1075,TIE,Disgust,Unspecified,1075_TIE_DIS_XX.wav
1046,DFA,Neutral,Unspecified,1046_DFA_NEU_XX.wav
1053,DFA,Neutral,Unspecified,1053_DFA_NEU_XX.wav
1049,IWW,Disgust,Unspecified,1049_IWW_DIS_XX.wav
1013,IEO,Happy,Low,1013_IEO_HAP_LO.wav
1006,IEO,Happy,Low,1006_IEO_HAP_LO.wav
1004,DFA,Anger,Unspecified,1004_DFA_ANG_XX.wav
1032,IEO,Fear,Low,1032_IEO_FEA_LO.wav
1027,IEO,Fear,Low,1027_IEO_FEA_LO.wav
1011,DFA,Anger,Unspecified,1011_DFA_ANG_XX.wav
1026,TAI,Neutral,Unspecified,1026_TAI_NEU_XX.wav
1033,TAI,Neutral,Unspecified,1033_TAI_NEU_XX.wav
1068,ITS,Sad,Unspecified,1068_ITS_SAD_XX.wav
1064,TAI,Anger,Unspecified,1064_TAI_ANG_XX.wav
1071,TAI,Anger,Unspecified,1071_TAI_ANG_XX.wav
1055,TSI,Anger,Unspecified,1055_TSI_ANG_XX.wav
1040,TSI,Anger,Unspecified,1040_TSI_ANG_XX.wav
1017,TSI,Neutral,Unspecified,1017_TSI_NEU_XX.wav
1002,TSI,Neutral,Unspecified,1002_TSI_NEU_XX.wav
1032,IWL,Anger,Unspecified,1032_IWL_ANG_XX.wav
1027,IWL,Anger,Unspecified,1027_IWL_ANG_XX.wav
1066,IEO,Anger,Medium,1066_IEO_ANG_MD.wav
1073,IEO,Anger,Medium,1073_IEO_ANG_MD.wav
1070,IWL,Neutral,Unspecified,1070_IWL_NEU_XX.wav
1065,IWL,Neutral,Unspecified,1065_IWL_NEU_XX.wav
1077,IEO,Anger,High,1077_IEO_ANG_HI.wav
1062,IEO,Anger,High,1062_IEO_ANG_HI.wav
1003,TAI,Fear,Unspecified,1003_TAI_FEA_XX.wav
1052,IWL,Sad,Unspecified,1052_IWL_SAD_XX.wav
1047,IWL,Sad,Unspecified,1047_IWL_SAD_XX.wav
1016,TAI,Fear,Unspecified,1016_TAI_FEA_XX.wav
1083,IEO,Disgust,High,1083_IEO_DIS_HI.wav
1022,TAI,Happy,Unspecified,1022_TAI_HAP_XX.wav
1006,IEO,Sad,Medium,1006_IEO_SAD_MD.wav
1013,IEO,Sad,Medium,1013_IEO_SAD_MD.wav
1037,TAI,Happy,Unspecified,1037_TAI_HAP_XX.wav
1087,IEO,Disgust,Medium,1087_IEO_DIS_MD.wav
1032,TSI,Fear,Unspecified,1032_TSI_FEA_XX.wav
1027,TSI,Fear,Unspecified,1027_TSI_FEA_XX.wav
1013,TSI,Happy,Unspecified,1013_TSI_HAP_XX.wav
1017,IEO,Sad,High,1017_IEO_SAD_HI.wav
1002,IEO,Sad,High,1002_IEO_SAD_HI.wav
1006,TSI,Happy,Unspecified,1006_TSI_HAP_XX.wav
1020,IEO,Happy,Medium,1020_IEO_HAP_MD.wav
1055,IWL,Fear,Unspecified,1055_IWL_FEA_XX.wav
1004,TAI,Sad,Unspecified,1004_TAI_SAD_XX.wav
1011,TAI,Sad,Unspecified,1011_TAI_SAD_XX.wav
1040,IWL,Fear,Unspecified,1040_IWL_FEA_XX.wav
1035,IEO,Happy,Medium,1035_IEO_HAP_MD.wav
1074,IWL,Happy,Unspecified,1074_IWL_HAP_XX.wav
1001,IEO,Fear,Medium,1001_IEO_FEA_MD.wav
1014,IEO,Fear,Medium,1014_IEO_FEA_MD.wav
1059,IOM,Disgust,Unspecified,1059_IOM_DIS_XX.wav
1061,IWL,Happy,Unspecified,1061_IWL_HAP_XX.wav
1008,ITS,Anger,Unspecified,1008_ITS_ANG_XX.wav
1031,IEO,Happy,High,1031_IEO_HAP_HI.wav
1035,TSI,Sad,Unspecified,1035_TSI_SAD_XX.wav
1020,TSI,Sad,Unspecified,1020_TSI_SAD_XX.wav
1024,IEO,Happy,High,1024_IEO_HAP_HI.wav
1085,TAI,Disgust,Unspecified,1085_TAI_DIS_XX.wav
1010,IEO,Fear,High,1010_IEO_FEA_HI.wav
1090,TAI,Disgust,Unspecified,1090_TAI_DIS_XX.wav
1005,IEO,Fear,High,1005_IEO_FEA_HI.wav
1064,MTI,Sad,Unspecified,1064_MTI_SAD_XX.wav
1071,MTI,Sad,Unspecified,1071_MTI_SAD_XX.wav
1063,MTI,Fear,Unspecified,1063_MTI_FEA_XX.wav
1076,MTI,Fear,Unspecified,1076_MTI_FEA_XX.wav
1042,MTI,Happy,Unspecified,1042_MTI_HAP_XX.wav
1057,MTI,Happy,Unspecified,1057_MTI_HAP_XX.wav
1061,IOM,Neutral,Unspecified,1061_IOM_NEU_XX.wav
1074,IOM,Neutral,Unspecified,1074_IOM_NEU_XX.wav
1072,ITS,Disgust,Unspecified,1072_ITS_DIS_XX.wav
1067,ITS,Disgust,Unspecified,1067_ITS_DIS_XX.wav
1023,IOM,Anger,Unspecified,1023_IOM_ANG_XX.wav
1036,IOM,Anger,Unspecified,1036_IOM_ANG_XX.wav
1086,ITS,Anger,Unspecified,1086_ITS_ANG_XX.wav
1043,IOM,Sad,Unspecified,1043_IOM_SAD_XX.wav
1056,IOM,Sad,Unspecified,1056_IOM_SAD_XX.wav
1004,MTI,Anger,Unspecified,1004_MTI_ANG_XX.wav
1088,IEO,Sad,Medium,1088_IEO_SAD_MD.wav
1011,MTI,Anger,Unspecified,1011_MTI_ANG_XX.wav
1018,IEO,Disgust,High,1018_IEO_DIS_HI.wav
1046,MTI,Neutral,Unspecified,1046_MTI_NEU_XX.wav
1053,MTI,Neutral,Unspecified,1053_MTI_NEU_XX.wav
1065,IOM,Happy,Unspecified,1065_IOM_HAP_XX.wav
1048,IWL,Disgust,Unspecified,1048_IWL_DIS_XX.wav
1070,IOM,Happy,Unspecified,1070_IOM_HAP_XX.wav
1088,TSI,Happy,Unspecified,1088_TSI_HAP_XX.wav
1044,IOM,Fear,Unspecified,1044_IOM_FEA_XX.wav
1009,IEO,Disgust,Medium,1009_IEO_DIS_MD.wav
1051,IOM,Fear,Unspecified,1051_IOM_FEA_XX.wav
1069,ITH,Sad,Unspecified,1069_ITH_SAD_XX.wav
1071,IWW,Neutral,Unspecified,1071_IWW_NEU_XX.wav
1064,IWW,Neutral,Unspecified,1064_IWW_NEU_XX.wav
1033,IWW,Anger,Unspecified,1033_IWW_ANG_XX.wav
1026,IWW,Anger,Unspecified,1026_IWW_ANG_XX.wav
1058,TIE,Neutral,Unspecified,1058_TIE_NEU_XX.wav
1053,IWW,Sad,Unspecified,1053_IWW_SAD_XX.wav
1046,IWW,Sad,Unspecified,1046_IWW_SAD_XX.wav
1088,IEO,Happy,Low,1088_IEO_HAP_LO.wav
1009,ITH,Anger,Unspecified,1009_ITH_ANG_XX.wav
1075,IWW,Happy,Unspecified,1075_IWW_HAP_XX.wav
1060,IWW,Happy,Unspecified,1060_IWW_HAP_XX.wav
1054,IWW,Fear,Unspecified,1054_IWW_FEA_XX.wav
1041,IWW,Fear,Unspecified,1041_IWW_FEA_XX.wav
1049,TIE,Happy,Unspecified,1049_TIE_HAP_XX.wav
1068,TIE,Fear,Unspecified,1068_TIE_FEA_XX.wav
1083,ITH,Sad,Unspecified,1083_ITH_SAD_XX.wav
1085,IEO,Neutral,Unspecified,1085_IEO_NEU_XX.wav
1090,IEO,Neutral,Unspecified,1090_IEO_NEU_XX.wav
1031,IEO,Anger,Low,1031_IEO_ANG_LO.wav
1007,DFA,Fear,Unspecified,1007_DFA_FEA_XX.wav
1012,DFA,Fear,Unspecified,1012_DFA_FEA_XX.wav
1024,IEO,Anger,Low,1024_IEO_ANG_LO.wav
1017,ITH,Disgust,Unspecified,1017_ITH_DIS_XX.wav
1026,DFA,Happy,Unspecified,1026_DFA_HAP_XX.wav
1033,DFA,Happy,Unspecified,1033_DFA_HAP_XX.wav
1002,ITH,Disgust,Unspecified,1002_ITH_DIS_XX.wav
1075,WSI,Anger,Unspecified,1075_WSI_ANG_XX.wav
1060,WSI,Anger,Unspecified,1060_WSI_ANG_XX.wav
1091,ITH,Fear,Unspecified,1091_ITH_FEA_XX.wav
1084,ITH,Fear,Unspecified,1084_ITH_FEA_XX.wav
1037,WSI,Neutral,Unspecified,1037_WSI_NEU_XX.wav
1081,DFA,Disgust,Unspecified,1081_DFA_DIS_XX.wav
1022,WSI,Neutral,Unspecified,1022_WSI_NEU_XX.wav
1015,DFA,Sad,Unspecified,1015_DFA_SAD_XX.wav
1015,WSI,Sad,Unspecified,1015_WSI_SAD_XX.wav
1004,TIE,Disgust,Unspecified,1004_TIE_DIS_XX.wav
1011,TIE,Disgust,Unspecified,1011_TIE_DIS_XX.wav
1038,IWW,Disgust,Unspecified,1038_IWW_DIS_XX.wav
1085,TIE,Sad,Unspecified,1085_TIE_SAD_XX.wav
1022,DFA,Neutral,Unspecified,1022_DFA_NEU_XX.wav
1037,DFA,Neutral,Unspecified,1037_DFA_NEU_XX.wav
1090,TIE,Sad,Unspecified,1090_TIE_SAD_XX.wav
1081,WSI,Disgust,Unspecified,1081_WSI_DIS_XX.wav
1056,IEO,Fear,Low,1056_IEO_FEA_LO.wav
1060,DFA,Anger,Unspecified,1060_DFA_ANG_XX.wav
1075,DFA,Anger,Unspecified,1075_DFA_ANG_XX.wav
1043,IEO,Fear,Low,1043_IEO_FEA_LO.wav
1077,IEO,Happy,Low,1077_IEO_HAP_LO.wav
1062,IEO,Happy,Low,1062_IEO_HAP_LO.wav
1012,WSI,Fear,Unspecified,1012_WSI_FEA_XX.wav
1007,WSI,Fear,Unspecified,1007_WSI_FEA_XX.wav
1033,WSI,Happy,Unspecified,1033_WSI_HAP_XX.wav
1026,WSI,Happy,Unspecified,1026_WSI_HAP_XX.wav
1051,IEO,Sad,Low,1051_IEO_SAD_LO.wav
1044,IEO,Sad,Low,1044_IEO_SAD_LO.wav
1082,TIE,Fear,Unspecified,1082_TIE_FEA_XX.wav
1002,IEO,Anger,Medium,1002_IEO_ANG_MD.wav
1017,IEO,Anger,Medium,1017_IEO_ANG_MD.wav
1056,IWL,Anger,Unspecified,1056_IWL_ANG_XX.wav
1043,IWL,Anger,Unspecified,1043_IWL_ANG_XX.wav
1014,IWL,Neutral,Unspecified,1014_IWL_NEU_XX.wav
1001,IWL,Neutral,Unspecified,1001_IWL_NEU_XX.wav
1013,IEO,Anger,High,1013_IEO_ANG_HI.wav
1006,IEO,Anger,High,1006_IEO_ANG_HI.wav
1042,TAI,Neutral,Unspecified,1042_TAI_NEU_XX.wav
1019,ITS,Sad,Unspecified,1019_ITS_SAD_XX.wav
1057,TAI,Neutral,Unspecified,1057_TAI_NEU_XX.wav
1089,MTI,Fear,Unspecified,1089_MTI_FEA_XX.wav
1015,TAI,Anger,Unspecified,1015_TAI_ANG_XX.wav
1031,TSI,Anger,Unspecified,1031_TSI_ANG_XX.wav
1024,TSI,Anger,Unspecified,1024_TSI_ANG_XX.wav
1073,TSI,Neutral,Unspecified,1073_TSI_NEU_XX.wav
1066,TSI,Neutral,Unspecified,1066_TSI_NEU_XX.wav
1028,IOM,Disgust,Unspecified,1028_IOM_DIS_XX.wav
1010,IWL,Happy,Unspecified,1010_IWL_HAP_XX.wav
1065,IEO,Fear,Medium,1065_IEO_FEA_MD.wav
1070,IEO,Fear,Medium,1070_IEO_FEA_MD.wav
1005,IWL,Happy,Unspecified,1005_IWL_HAP_XX.wav
1044,IEO,Happy,Medium,1044_IEO_HAP_MD.wav
1060,TAI,Sad,Unspecified,1060_TAI_SAD_XX.wav
1031,IWL,Fear,Unspecified,1031_IWL_FEA_XX.wav
1024,IWL,Fear,Unspecified,1024_IWL_FEA_XX.wav
1075,TAI,Sad,Unspecified,1075_TAI_SAD_XX.wav
1051,IEO,Happy,Medium,1051_IEO_HAP_MD.wav
1079,ITS,Anger,Unspecified,1079_ITS_ANG_XX.wav
1074,IEO,Fear,High,1074_IEO_FEA_HI.wav
1061,IEO,Fear,High,1061_IEO_FEA_HI.wav
1055,IEO,Happy,High,1055_IEO_HAP_HI.wav
1051,TSI,Sad,Unspecified,1051_TSI_SAD_XX.wav
1044,TSI,Sad,Unspecified,1044_TSI_SAD_XX.wav
1040,IEO,Happy,High,1040_IEO_HAP_HI.wav
1046,TAI,Happy,Unspecified,1046_TAI_HAP_XX.wav
1062,IEO,Sad,Medium,1062_IEO_SAD_MD.wav
1077,IEO,Sad,Medium,1077_IEO_SAD_MD.wav
1053,TAI,Happy,Unspecified,1053_TAI_HAP_XX.wav
1036,IWL,Sad,Unspecified,1036_IWL_SAD_XX.wav
1067,TAI,Fear,Unspecified,1067_TAI_FEA_XX.wav
1072,TAI,Fear,Unspecified,1072_TAI_FEA_XX.wav
1023,IWL,Sad,Unspecified,1023_IWL_SAD_XX.wav
1077,TSI,Happy,Unspecified,1077_TSI_HAP_XX.wav
1073,IEO,Sad,High,1073_IEO_SAD_HI.wav
1066,IEO,Sad,High,1066_IEO_SAD_HI.wav
1062,TSI,Happy,Unspecified,1062_TSI_HAP_XX.wav
1056,TSI,Fear,Unspecified,1056_TSI_FEA_XX.wav
1043,TSI,Fear,Unspecified,1043_TSI_FEA_XX.wav
1026,MTI,Happy,Unspecified,1026_MTI_HAP_XX.wav
1033,MTI,Happy,Unspecified,1033_MTI_HAP_XX.wav
1007,MTI,Fear,Unspecified,1007_MTI_FEA_XX.wav
1012,MTI,Fear,Unspecified,1012_MTI_FEA_XX.wav
1082,ITS,Sad,Unspecified,1082_ITS_SAD_XX.wav
1016,ITS,Disgust,Unspecified,1016_ITS_DIS_XX.wav
1003,ITS,Disgust,Unspecified,1003_ITS_DIS_XX.wav
1005,IOM,Neutral,Unspecified,1005_IOM_NEU_XX.wav
1010,IOM,Neutral,Unspecified,1010_IOM_NEU_XX.wav
1047,IOM,Anger,Unspecified,1047_IOM_ANG_XX.wav
1052,IOM,Anger,Unspecified,1052_IOM_ANG_XX.wav
1090,ITS,Fear,Unspecified,1090_ITS_FEA_XX.wav
1085,ITS,Fear,Unspecified,1085_ITS_FEA_XX.wav
1015,MTI,Sad,Unspecified,1015_MTI_SAD_XX.wav
1081,MTI,Disgust,Unspecified,1081_MTI_DIS_XX.wav
1088,IEO,Anger,High,1088_IEO_ANG_HI.wav
1069,IEO,Disgust,High,1069_IEO_DIS_HI.wav
1060,MTI,Anger,Unspecified,1060_MTI_ANG_XX.wav
1075,MTI,Anger,Unspecified,1075_MTI_ANG_XX.wav
1022,MTI,Neutral,Unspecified,1022_MTI_NEU_XX.wav
1037,MTI,Neutral,Unspecified,1037_MTI_NEU_XX.wav
1020,IOM,Fear,Unspecified,1020_IOM_FEA_XX.wav
1078,IEO,Disgust,Medium,1078_IEO_DIS_MD.wav
1035,IOM,Fear,Unspecified,1035_IOM_FEA_XX.wav
1039,IWL,Disgust,Unspecified,1039_IWL_DIS_XX.wav
1001,IOM,Happy,Unspecified,1001_IOM_HAP_XX.wav
1014,IOM,Happy,Unspecified,1014_IOM_HAP_XX.wav
1027,IOM,Sad,Unspecified,1027_IOM_SAD_XX.wav
1032,IOM,Sad,Unspecified,1032_IOM_SAD_XX.wav
1015,IWW,Neutral,Unspecified,1015_IWW_NEU_XX.wav
1057,IWW,Anger,Unspecified,1057_IWW_ANG_XX.wav
1042,IWW,Anger,Unspecified,1042_IWW_ANG_XX.wav
1029,TIE,Neutral,Unspecified,1029_TIE_NEU_XX.wav
1018,ITH,Sad,Unspecified,1018_ITH_SAD_XX.wav
1089,DFA,Fear,Unspecified,1089_DFA_FEA_XX.wav
1078,ITH,Anger,Unspecified,1078_ITH_ANG_XX.wav
1030,IWW,Fear,Unspecified,1030_IWW_FEA_XX.wav
1025,IWW,Fear,Unspecified,1025_IWW_FEA_XX.wav
1011,IWW,Happy,Unspecified,1011_IWW_HAP_XX.wav
1004,IWW,Happy,Unspecified,1004_IWW_HAP_XX.wav
1089,WSI,Fear,Unspecified,1089_WSI_FEA_XX.wav
1019,TIE,Fear,Unspecified,1019_TIE_FEA_XX.wav
1038,TIE,Happy,Unspecified,1038_TIE_HAP_XX.wav
1037,IWW,Sad,Unspecified,1037_IWW_SAD_XX.wav
1022,IWW,Sad,Unspecified,1022_IWW_SAD_XX.wav
1065,ITH,Anger,Unspecified,1065_ITH_ANG_XX.wav
1070,ITH,Anger,Unspecified,1070_ITH_ANG_XX.wav
1043,IEO,Disgust,Low,1043_IEO_DIS_LO.wav
1056,IEO,Disgust,Low,1056_IEO_DIS_LO.wav
1081,WSI,Fear,Unspecified,1081_WSI_FEA_XX.wav
1019,IWW,Happy,Unspecified,1019_IWW_HAP_XX.wav
1027,ITH,Neutral,Unspecified,1027_ITH_NEU_XX.wav
1032,ITH,Neutral,Unspecified,1032_ITH_NEU_XX.wav
1038,IWW,Fear,Unspecified,1038_IWW_FEA_XX.wav
1030,TIE,Happy,Unspecified,1030_TIE_HAP_XX.wav
1025,TIE,Happy,Unspecified,1025_TIE_HAP_XX.wav
1011,TIE,Fear,Unspecified,1011_TIE_FEA_XX.wav
1004,TIE,Fear,Unspecified,1004_TIE_FEA_XX.wav
1086,WSI,Sad,Unspecified,1086_WSI_SAD_XX.wav
1082,TIE,Disgust,Unspecified,1082_TIE_DIS_XX.wav
1007,WSI,Disgust,Unspecified,1007_WSI_DIS_XX.wav
1016,TIE,Sad,Unspecified,1016_TIE_SAD_XX.wav
1012,WSI,Disgust,Unspecified,1012_WSI_DIS_XX.wav
1003,TIE,Sad,Unspecified,1003_TIE_SAD_XX.wav
1002,ITH,Fear,Unspecified,1002_ITH_FEA_XX.wav
1008,IWW,Neutral,Unspecified,1008_IWW_NEU_XX.wav
1017,ITH,Fear,Unspecified,1017_ITH_FEA_XX.wav
1023,ITH,Happy,Unspecified,1023_ITH_HAP_XX.wav
1012,DFA,Disgust,Unspecified,1012_DFA_DIS_XX.wav
1007,DFA,Disgust,Unspecified,1007_DFA_DIS_XX.wav
1036,ITH,Happy,Unspecified,1036_ITH_HAP_XX.wav
1076,TIE,Anger,Unspecified,1076_TIE_ANG_XX.wav
1063,TIE,Anger,Unspecified,1063_TIE_ANG_XX.wav
1034,TIE,Neutral,Unspecified,1034_TIE_NEU_XX.wav
1021,TIE,Neutral,Unspecified,1021_TIE_NEU_XX.wav
1086,DFA,Sad,Unspecified,1086_DFA_SAD_XX.wav
1016,IEO,Neutral,Unspecified,1016_IEO_NEU_XX.wav
1003,IEO,Neutral,Unspecified,1003_IEO_NEU_XX.wav
1005,ITH,Sad,Unspecified,1005_ITH_SAD_XX.wav
1010,ITH,Sad,Unspecified,1010_ITH_SAD_XX.wav
1081,DFA,Fear,Unspecified,1081_DFA_FEA_XX.wav
1084,ITH,Disgust,Unspecified,1084_ITH_DIS_XX.wav
1091,ITH,Disgust,Unspecified,1091_ITH_DIS_XX.wav
1068,MTI,Anger,Unspecified,1068_MTI_ANG_XX.wav
1061,IEO,Disgust,High,1061_IEO_DIS_HI.wav
1074,IEO,Disgust,High,1074_IEO_DIS_HI.wav
1024,IWL,Disgust,Unspecified,1024_IWL_DIS_XX.wav
1031,IWL,Disgust,Unspecified,1031_IWL_DIS_XX.wav
1009,IOM,Happy,Unspecified,1009_IOM_HAP_XX.wav
1070,IEO,Disgust,Medium,1070_IEO_DIS_MD.wav
1028,IOM,Fear,Unspecified,1028_IOM_FEA_XX.wav
1065,IEO,Disgust,Medium,1065_IEO_DIS_MD.wav
1043,TSI,Disgust,Unspecified,1043_TSI_DIS_XX.wav
1083,IWL,Happy,Unspecified,1083_IWL_HAP_XX.wav
1056,TSI,Disgust,Unspecified,1056_TSI_DIS_XX.wav
1072,TAI,Disgust,Unspecified,1072_TAI_DIS_XX.wav
1067,TAI,Disgust,Unspecified,1067_TAI_DIS_XX.wav
1086,TAI,Anger,Unspecified,1086_TAI_ANG_XX.wav
1018,IOM,Neutral,Unspecified,1018_IOM_NEU_XX.wav
1087,IWL,Neutral,Unspecified,1087_IWL_NEU_XX.wav
1091,IEO,Anger,Medium,1091_IEO_ANG_MD.wav
1008,MTI,Sad,Unspecified,1008_MTI_SAD_XX.wav
1084,IEO,Anger,Medium,1084_IEO_ANG_MD.wav
1080,IEO,Anger,High,1080_IEO_ANG_HI.wav
1089,MTI,Disgust,Unspecified,1089_MTI_DIS_XX.wav
1026,ITS,Neutral,Unspecified,1026_ITS_NEU_XX.wav
1059,IEO,Happy,Medium,1059_IEO_HAP_MD.wav
1068,TAI,Sad,Unspecified,1068_TAI_SAD_XX.wav
1033,ITS,Neutral,Unspecified,1033_ITS_NEU_XX.wav
1039,IWL,Fear,Unspecified,1039_IWL_FEA_XX.wav
1078,IEO,Fear,Medium,1078_IEO_FEA_MD.wav
1035,IOM,Disgust,Unspecified,1035_IOM_DIS_XX.wav
1020,IOM,Disgust,Unspecified,1020_IOM_DIS_XX.wav
1018,IWL,Happy,Unspecified,1018_IWL_HAP_XX.wav
1064,ITS,Anger,Unspecified,1064_ITS_ANG_XX.wav
1071,ITS,Anger,Unspecified,1071_ITS_ANG_XX.wav
1048,IEO,Happy,High,1048_IEO_HAP_HI.wav
1059,TSI,Sad,Unspecified,1059_TSI_SAD_XX.wav
1069,IEO,Fear,High,1069_IEO_FEA_HI.wav
1087,IOM,Happy,Unspecified,1087_IOM_HAP_XX.wav
1086,MTI,Sad,Unspecified,1086_MTI_SAD_XX.wav
1022,ITS,Happy,Unspecified,1022_ITS_HAP_XX.wav
1037,ITS,Happy,Unspecified,1037_ITS_HAP_XX.wav
1003,ITS,Fear,Unspecified,1003_ITS_FEA_XX.wav
1009,IWL,Neutral,Unspecified,1009_IWL_NEU_XX.wav
1016,ITS,Fear,Unspecified,1016_ITS_FEA_XX.wav
1012,MTI,Disgust,Unspecified,1012_MTI_DIS_XX.wav
1007,MTI,Disgust,Unspecified,1007_MTI_DIS_XX.wav
1004,ITS,Sad,Unspecified,1004_ITS_SAD_XX.wav
1011,ITS,Sad,Unspecified,1011_ITS_SAD_XX.wav
1008,TAI,Anger,Unspecified,1008_TAI_ANG_XX.wav
1081,MTI,Fear,Unspecified,1081_MTI_FEA_XX.wav
1039,TSI,Anger,Unspecified,1039_TSI_ANG_XX.wav
1085,ITS,Disgust,Unspecified,1085_ITS_DIS_XX.wav
1090,ITS,Disgust,Unspecified,1090_ITS_DIS_XX.wav
1083,IOM,Neutral,Unspecified,1083_IOM_NEU_XX.wav
1019,TIE,Disgust,Unspecified,1019_TIE_DIS_XX.wav
1089,WSI,Disgust,Unspecified,1089_WSI_DIS_XX.wav
1025,IWW,Disgust,Unspecified,1025_IWW_DIS_XX.wav
1030,IWW,Disgust,Unspecified,1030_IWW_DIS_XX.wav
1068,DFA,Anger,Unspecified,1068_DFA_ANG_XX.wav
1082,IWW,Happy,Unspecified,1082_IWW_HAP_XX.wav
1059,IEO,Sad,Low,1059_IEO_SAD_LO.wav
1039,IEO,Anger,Low,1039_IEO_ANG_LO.wav
1068,WSI,Anger,Unspecified,1068_WSI_ANG_XX.wav
1089,DFA,Disgust,Unspecified,1089_DFA_DIS_XX.wav
1086,IWW,Neutral,Unspecified,1086_IWW_NEU_XX.wav
1008,DFA,Sad,Unspecified,1008_DFA_SAD_XX.wav
1080,IEO,Happy,Low,1080_IEO_HAP_LO.wav
1082,DFA,Anger,Unspecified,1082_DFA_ANG_XX.wav
1063,WSI,Disgust,Unspecified,1063_WSI_DIS_XX.wav
1072,TIE,Sad,Unspecified,1072_TIE_SAD_XX.wav
1076,WSI,Disgust,Unspecified,1076_WSI_DIS_XX.wav
1067,TIE,Sad,Unspecified,1067_TIE_SAD_XX.wav
1027,IEO,Disgust,Low,1027_IEO_DIS_LO.wav
1032,IEO,Disgust,Low,1032_IEO_DIS_LO.wav
1001,ITH,Anger,Unspecified,1001_ITH_ANG_XX.wav
1014,ITH,Anger,Unspecified,1014_ITH_ANG_XX.wav
1043,ITH,Neutral,Unspecified,1043_ITH_NEU_XX.wav
1049,IWW,Fear,Unspecified,1049_IWW_FEA_XX.wav
1056,ITH,Neutral,Unspecified,1056_ITH_NEU_XX.wav
1068,IWW,Happy,Unspecified,1068_IWW_HAP_XX.wav
1075,TIE,Fear,Unspecified,1075_TIE_FEA_XX.wav
1060,TIE,Fear,Unspecified,1060_TIE_FEA_XX.wav
1054,TIE,Happy,Unspecified,1054_TIE_HAP_XX.wav
1041,TIE,Happy,Unspecified,1041_TIE_HAP_XX.wav
1072,IEO,Neutral,Unspecified,1072_IEO_NEU_XX.wav
1067,IEO,Neutral,Unspecified,1067_IEO_NEU_XX.wav
1061,ITH,Sad,Unspecified,1061_ITH_SAD_XX.wav
1074,ITH,Sad,Unspecified,1074_ITH_SAD_XX.wav
1076,DFA,Disgust,Unspecified,1076_DFA_DIS_XX.wav
1047,ITH,Happy,Unspecified,1047_ITH_HAP_XX.wav
1052,ITH,Happy,Unspecified,1052_ITH_HAP_XX.wav
1063,DFA,Disgust,Unspecified,1063_DFA_DIS_XX.wav
1066,ITH,Fear,Unspecified,1066_ITH_FEA_XX.wav
1073,ITH,Fear,Unspecified,1073_ITH_FEA_XX.wav
1079,IWW,Neutral,Unspecified,1079_IWW_NEU_XX.wav
1082,WSI,Anger,Unspecified,1082_WSI_ANG_XX.wav
1012,TIE,Anger,Unspecified,1012_TIE_ANG_XX.wav
1007,TIE,Anger,Unspecified,1007_TIE_ANG_XX.wav
1050,TIE,Neutral,Unspecified,1050_TIE_NEU_XX.wav
1045,TIE,Neutral,Unspecified,1045_TIE_NEU_XX.wav
1082,TAI,Sad,Unspecified,1082_TAI_SAD_XX.wav
1027,TSI,Disgust,Unspecified,1027_TSI_DIS_XX.wav
1032,TSI,Disgust,Unspecified,1032_TSI_DIS_XX.wav
1087,IEO,Fear,Medium,1087_IEO_FEA_MD.wav
1083,IEO,Fear,High,1083_IEO_FEA_HI.wav
1016,TAI,Disgust,Unspecified,1016_TAI_DIS_XX.wav
1003,TAI,Disgust,Unspecified,1003_TAI_DIS_XX.wav
1005,IEO,Disgust,High,1005_IEO_DIS_HI.wav
1090,TAI,Fear,Unspecified,1090_TAI_FEA_XX.wav
1010,IEO,Disgust,High,1010_IEO_DIS_HI.wav
1085,TAI,Fear,Unspecified,1085_TAI_FEA_XX.wav
1019,MTI,Anger,Unspecified,1019_MTI_ANG_XX.wav
1080,IEO,Sad,Medium,1080_IEO_SAD_MD.wav
1014,IEO,Disgust,Medium,1014_IEO_DIS_MD.wav
1059,IOM,Fear,Unspecified,1059_IOM_FEA_XX.wav
1001,IEO,Disgust,Medium,1001_IEO_DIS_MD.wav
1040,IWL,Disgust,Unspecified,1040_IWL_DIS_XX.wav
1078,IOM,Happy,Unspecified,1078_IOM_HAP_XX.wav
1084,IEO,Sad,High,1084_IEO_SAD_HI.wav
1080,TSI,Happy,Unspecified,1080_TSI_HAP_XX.wav
1091,IEO,Sad,High,1091_IEO_SAD_HI.wav
1055,IWL,Disgust,Unspecified,1055_IWL_DIS_XX.wav
1079,MTI,Sad,Unspecified,1079_MTI_SAD_XX.wav
1084,TSI,Neutral,Unspecified,1084_TSI_NEU_XX.wav
1069,IOM,Neutral,Unspecified,1069_IOM_NEU_XX.wav
1091,TSI,Neutral,Unspecified,1091_TSI_NEU_XX.wav
1082,MTI,Anger,Unspecified,1082_MTI_ANG_XX.wav
1051,IOM,Disgust,Unspecified,1051_IOM_DIS_XX.wav
1069,IWL,Happy,Unspecified,1069_IWL_HAP_XX.wav
1044,IOM,Disgust,Unspecified,1044_IOM_DIS_XX.wav
1009,IEO,Fear,Medium,1009_IEO_FEA_MD.wav
1019,TAI,Sad,Unspecified,1019_TAI_SAD_XX.wav
1042,ITS,Neutral,Unspecified,1042_ITS_NEU_XX.wav
1048,IWL,Fear,Unspecified,1048_IWL_FEA_XX.wav
1028,IEO,Happy,Medium,1028_IEO_HAP_MD.wav
1057,ITS,Neutral,Unspecified,1057_ITS_NEU_XX.wav
1015,ITS,Anger,Unspecified,1015_ITS_ANG_XX.wav
1018,IEO,Fear,High,1018_IEO_FEA_HI.wav
1028,TSI,Sad,Unspecified,1028_TSI_SAD_XX.wav
1039,IEO,Happy,High,1039_IEO_HAP_HI.wav
1060,ITS,Sad,Unspecified,1060_ITS_SAD_XX.wav
1075,ITS,Sad,Unspecified,1075_ITS_SAD_XX.wav
1079,TAI,Anger,Unspecified,1079_TAI_ANG_XX.wav
1048,TSI,Anger,Unspecified,1048_TSI_ANG_XX.wav
1067,ITS,Fear,Unspecified,1067_ITS_FEA_XX.wav
1072,ITS,Fear,Unspecified,1072_ITS_FEA_XX.wav
1078,IWL,Neutral,Unspecified,1078_IWL_NEU_XX.wav
1046,ITS,Happy,Unspecified,1046_ITS_HAP_XX.wav
1053,ITS,Happy,Unspecified,1053_ITS_HAP_XX.wav
1076,MTI,Disgust,Unspecified,1076_MTI_DIS_XX.wav
1063,MTI,Disgust,Unspecified,1063_MTI_DIS_XX.wav
1028,IEO,Sad,Low,1028_IEO_SAD_LO.wav
1079,WSI,Sad,Unspecified,1079_WSI_SAD_XX.wav
1068,TIE,Disgust,Unspecified,1068_TIE_DIS_XX.wav
1041,IWW,Disgust,Unspecified,1041_IWW_DIS_XX.wav
1054,IWW,Disgust,Unspecified,1054_IWW_DIS_XX.wav
1019,DFA,Anger,Unspecified,1019_DFA_ANG_XX.wav
1019,WSI,Anger,Unspecified,1019_WSI_ANG_XX.wav
1079,DFA,Sad,Unspecified,1079_DFA_SAD_XX.wav
1089,TIE,Anger,Unspecified,1089_TIE_ANG_XX.wav
1048,IEO,Anger,Low,1048_IEO_ANG_LO.wav
1009,IEO,Neutral,Unspecified,1009_IEO_NEU_XX.wav
1069,TIE,Anger,Unspecified,1069_TIE_ANG_XX.wav
1055,IWW,Anger,Unspecified,1055_IWW_ANG_XX.wav
1040,IWW,Anger,Unspecified,1040_IWW_ANG_XX.wav
1017,IWW,Neutral,Unspecified,1017_IWW_NEU_XX.wav
1008,ITH,Fear,Unspecified,1008_ITH_FEA_XX.wav
1002,IWW,Neutral,Unspecified,1002_IWW_NEU_XX.wav
1029,ITH,Happy,Unspecified,1029_ITH_HAP_XX.wav
1018,DFA,Disgust,Unspecified,1018_DFA_DIS_XX.wav
1009,TIE,Sad,Unspecified,1009_TIE_SAD_XX.wav
1018,WSI,Disgust,Unspecified,1018_WSI_DIS_XX.wav
1088,TIE,Disgust,Unspecified,1088_TIE_DIS_XX.wav
1035,IWW,Sad,Unspecified,1035_IWW_SAD_XX.wav
1020,IWW,Sad,Unspecified,1020_IWW_SAD_XX.wav
1013,IWW,Happy,Unspecified,1013_IWW_HAP_XX.wav
1006,IWW,Happy,Unspecified,1006_IWW_HAP_XX.wav
1038,ITH,Neutral,Unspecified,1038_ITH_NEU_XX.wav
1032,IWW,Fear,Unspecified,1032_IWW_FEA_XX.wav
1027,IWW,Fear,Unspecified,1027_IWW_FEA_XX.wav
1049,IEO,Disgust,Low,1049_IEO_DIS_LO.wav
1083,MTI,Disgust,Unspecified,1083_MTI_DIS_XX.wav
1002,MTI,Sad,Unspecified,1002_MTI_SAD_XX.wav
1017,MTI,Sad,Unspecified,1017_MTI_SAD_XX.wav
1087,ITS,Fear,Unspecified,1087_ITS_FEA_XX.wav
1045,IOM,Anger,Unspecified,1045_IOM_ANG_XX.wav
1050,IOM,Anger,Unspecified,1050_IOM_ANG_XX.wav
1007,IOM,Neutral,Unspecified,1007_IOM_NEU_XX.wav
1012,IOM,Neutral,Unspecified,1012_IOM_NEU_XX.wav
1014,ITS,Disgust,Unspecified,1014_ITS_DIS_XX.wav
1001,ITS,Disgust,Unspecified,1001_ITS_DIS_XX.wav
1080,ITS,Sad,Unspecified,1080_ITS_SAD_XX.wav
1005,MTI,Fear,Unspecified,1005_MTI_FEA_XX.wav
1010,MTI,Fear,Unspecified,1010_MTI_FEA_XX.wav
1024,MTI,Happy,Unspecified,1024_MTI_HAP_XX.wav
1031,MTI,Happy,Unspecified,1031_MTI_HAP_XX.wav
1078,TAI,Disgust,Unspecified,1078_TAI_DIS_XX.wav
1025,IOM,Sad,Unspecified,1025_IOM_SAD_XX.wav
1030,IOM,Sad,Unspecified,1030_IOM_SAD_XX.wav
1049,TSI,Disgust,Unspecified,1049_TSI_DIS_XX.wav
1089,IWL,Happy,Unspecified,1089_IWL_HAP_XX.wav
1003,IOM,Happy,Unspecified,1003_IOM_HAP_XX.wav
1016,IOM,Happy,Unspecified,1016_IOM_HAP_XX.wav
1022,IOM,Fear,Unspecified,1022_IOM_FEA_XX.wav
1037,IOM,Fear,Unspecified,1037_IOM_FEA_XX.wav
1020,MTI,Neutral,Unspecified,1020_MTI_NEU_XX.wav
1035,MTI,Neutral,Unspecified,1035_MTI_NEU_XX.wav
1062,MTI,Anger,Unspecified,1062_MTI_ANG_XX.wav
1077,MTI,Anger,Unspecified,1077_MTI_ANG_XX.wav
1089,IOM,Neutral,Unspecified,1089_IOM_NEU_XX.wav
1071,TSI,Neutral,Unspecified,1071_TSI_NEU_XX.wav
1064,TSI,Neutral,Unspecified,1064_TSI_NEU_XX.wav
1033,TSI,Anger,Unspecified,1033_TSI_ANG_XX.wav
1026,TSI,Anger,Unspecified,1026_TSI_ANG_XX.wav
1002,TAI,Anger,Unspecified,1002_TAI_ANG_XX.wav
1017,TAI,Anger,Unspecified,1017_TAI_ANG_XX.wav
1040,TAI,Neutral,Unspecified,1040_TAI_NEU_XX.wav
1055,TAI,Neutral,Unspecified,1055_TAI_NEU_XX.wav
1018,MTI,Disgust,Unspecified,1018_MTI_DIS_XX.wav
1011,IEO,Anger,High,1011_IEO_ANG_HI.wav
1004,IEO,Anger,High,1004_IEO_ANG_HI.wav
1028,ITS,Happy,Unspecified,1028_ITS_HAP_XX.wav
1016,IWL,Neutral,Unspecified,1016_IWL_NEU_XX.wav
1009,ITS,Fear,Unspecified,1009_ITS_FEA_XX.wav
1003,IWL,Neutral,Unspecified,1003_IWL_NEU_XX.wav
1054,IWL,Anger,Unspecified,1054_IWL_ANG_XX.wav
1041,IWL,Anger,Unspecified,1041_IWL_ANG_XX.wav
1015,IEO,Anger,Medium,1015_IEO_ANG_MD.wav
1054,TSI,Fear,Unspecified,1054_TSI_FEA_XX.wav
1041,TSI,Fear,Unspecified,1041_TSI_FEA_XX.wav
1075,TSI,Happy,Unspecified,1075_TSI_HAP_XX.wav
1071,IEO,Sad,High,1071_IEO_SAD_HI.wav
1064,IEO,Sad,High,1064_IEO_SAD_HI.wav
1060,TSI,Happy,Unspecified,1060_TSI_HAP_XX.wav
1034,IWL,Sad,Unspecified,1034_IWL_SAD_XX.wav
1065,TAI,Fear,Unspecified,1065_TAI_FEA_XX.wav
1070,TAI,Fear,Unspecified,1070_TAI_FEA_XX.wav
1021,IWL,Sad,Unspecified,1021_IWL_SAD_XX.wav
1044,TAI,Happy,Unspecified,1044_TAI_HAP_XX.wav
1060,IEO,Sad,Medium,1060_IEO_SAD_MD.wav
1075,IEO,Sad,Medium,1075_IEO_SAD_MD.wav
1051,TAI,Happy,Unspecified,1051_TAI_HAP_XX.wav
1057,IEO,Happy,High,1057_IEO_HAP_HI.wav
1053,TSI,Sad,Unspecified,1053_TSI_SAD_XX.wav
1046,TSI,Sad,Unspecified,1046_TSI_SAD_XX.wav
1042,IEO,Happy,High,1042_IEO_HAP_HI.wav
1076,IEO,Fear,High,1076_IEO_FEA_HI.wav
1063,IEO,Fear,High,1063_IEO_FEA_HI.wav
1046,IEO,Happy,Medium,1046_IEO_HAP_MD.wav
1062,TAI,Sad,Unspecified,1062_TAI_SAD_XX.wav
1039,ITS,Neutral,Unspecified,1039_ITS_NEU_XX.wav
1033,IWL,Fear,Unspecified,1033_IWL_FEA_XX.wav
1026,IWL,Fear,Unspecified,1026_IWL_FEA_XX.wav
1077,TAI,Sad,Unspecified,1077_TAI_SAD_XX.wav
1053,IEO,Happy,Medium,1053_IEO_HAP_MD.wav
1012,IWL,Happy,Unspecified,1012_IWL_HAP_XX.wav
1067,IEO,Fear,Medium,1067_IEO_FEA_MD.wav
1072,IEO,Fear,Medium,1072_IEO_FEA_MD.wav
1007,IWL,Happy,Unspecified,1007_IWL_HAP_XX.wav
1002,DFA,Sad,Unspecified,1002_DFA_SAD_XX.wav
1017,DFA,Sad,Unspecified,1017_DFA_SAD_XX.wav
1035,WSI,Neutral,Unspecified,1035_WSI_NEU_XX.wav
1083,DFA,Disgust,Unspecified,1083_DFA_DIS_XX.wav
1020,WSI,Neutral,Unspecified,1020_WSI_NEU_XX.wav
1086,ITH,Fear,Unspecified,1086_ITH_FEA_XX.wav
1077,WSI,Anger,Unspecified,1077_WSI_ANG_XX.wav
1062,WSI,Anger,Unspecified,1062_WSI_ANG_XX.wav
1015,ITH,Disgust,Unspecified,1015_ITH_DIS_XX.wav
1024,DFA,Happy,Unspecified,1024_DFA_HAP_XX.wav
1031,DFA,Happy,Unspecified,1031_DFA_HAP_XX.wav
1033,IEO,Anger,Low,1033_IEO_ANG_LO.wav
1005,DFA,Fear,Unspecified,1005_DFA_FEA_XX.wav
1010,DFA,Fear,Unspecified,1010_DFA_FEA_XX.wav
1026,IEO,Anger,Low,1026_IEO_ANG_LO.wav
1087,IEO,Neutral,Unspecified,1087_IEO_NEU_XX.wav
1081,ITH,Sad,Unspecified,1081_ITH_SAD_XX.wav
1080,TIE,Fear,Unspecified,1080_TIE_FEA_XX.wav
1053,IEO,Sad,Low,1053_IEO_SAD_LO.wav
1046,IEO,Sad,Low,1046_IEO_SAD_LO.wav
1031,WSI,Happy,Unspecified,1031_WSI_HAP_XX.wav
1024,WSI,Happy,Unspecified,1024_WSI_HAP_XX.wav
1010,WSI,Fear,Unspecified,1010_WSI_FEA_XX.wav
1088,IWW,Happy,Unspecified,1088_IWW_HAP_XX.wav
1005,WSI,Fear,Unspecified,1005_WSI_FEA_XX.wav
1075,IEO,Happy,Low,1075_IEO_HAP_LO.wav
1060,IEO,Happy,Low,1060_IEO_HAP_LO.wav
1054,IEO,Fear,Low,1054_IEO_FEA_LO.wav
1062,DFA,Anger,Unspecified,1062_DFA_ANG_XX.wav
1077,DFA,Anger,Unspecified,1077_DFA_ANG_XX.wav
1041,IEO,Fear,Low,1041_IEO_FEA_LO.wav
1087,TIE,Sad,Unspecified,1087_TIE_SAD_XX.wav
1020,DFA,Neutral,Unspecified,1020_DFA_NEU_XX.wav
1035,DFA,Neutral,Unspecified,1035_DFA_NEU_XX.wav
1083,WSI,Disgust,Unspecified,1083_WSI_DIS_XX.wav
1006,TIE,Disgust,Unspecified,1006_TIE_DIS_XX.wav
1017,WSI,Sad,Unspecified,1017_WSI_SAD_XX.wav
1013,TIE,Disgust,Unspecified,1013_TIE_DIS_XX.wav
1002,WSI,Sad,Unspecified,1002_WSI_SAD_XX.wav
1018,TIE,Anger,Unspecified,1018_TIE_ANG_XX.wav
1031,IWW,Anger,Unspecified,1031_IWW_ANG_XX.wav
1024,IWW,Anger,Unspecified,1024_IWW_ANG_XX.wav
1088,WSI,Anger,Unspecified,1088_WSI_ANG_XX.wav
1058,ITH,Happy,Unspecified,1058_ITH_HAP_XX.wav
1069,DFA,Disgust,Unspecified,1069_DFA_DIS_XX.wav
1079,ITH,Fear,Unspecified,1079_ITH_FEA_XX.wav
1073,IWW,Neutral,Unspecified,1073_IWW_NEU_XX.wav
1066,IWW,Neutral,Unspecified,1066_IWW_NEU_XX.wav
1078,IEO,Neutral,Unspecified,1078_IEO_NEU_XX.wav
1056,IWW,Fear,Unspecified,1056_IWW_FEA_XX.wav
1049,ITH,Neutral,Unspecified,1049_ITH_NEU_XX.wav
1043,IWW,Fear,Unspecified,1043_IWW_FEA_XX.wav
1077,IWW,Happy,Unspecified,1077_IWW_HAP_XX.wav
1062,IWW,Happy,Unspecified,1062_IWW_HAP_XX.wav
1038,IEO,Disgust,Low,1038_IEO_DIS_LO.wav
1078,TIE,Sad,Unspecified,1078_TIE_SAD_XX.wav
1069,WSI,Disgust,Unspecified,1069_WSI_DIS_XX.wav
1088,DFA,Anger,Unspecified,1088_DFA_ANG_XX.wav
1051,IWW,Sad,Unspecified,1051_IWW_SAD_XX.wav
1044,IWW,Sad,Unspecified,1044_IWW_SAD_XX.wav
1021,IOM,Anger,Unspecified,1021_IOM_ANG_XX.wav
1034,IOM,Anger,Unspecified,1034_IOM_ANG_XX.wav
1070,ITS,Disgust,Unspecified,1070_ITS_DIS_XX.wav
1065,ITS,Disgust,Unspecified,1065_ITS_DIS_XX.wav
1063,IOM,Neutral,Unspecified,1063_IOM_NEU_XX.wav
1076,IOM,Neutral,Unspecified,1076_IOM_NEU_XX.wav
1040,MTI,Happy,Unspecified,1040_MTI_HAP_XX.wav
1055,MTI,Happy,Unspecified,1055_MTI_HAP_XX.wav
1061,MTI,Fear,Unspecified,1061_MTI_FEA_XX.wav
1074,MTI,Fear,Unspecified,1074_MTI_FEA_XX.wav
1066,MTI,Sad,Unspecified,1066_MTI_SAD_XX.wav
1073,MTI,Sad,Unspecified,1073_MTI_SAD_XX.wav
1046,IOM,Fear,Unspecified,1046_IOM_FEA_XX.wav
1053,IOM,Fear,Unspecified,1053_IOM_FEA_XX.wav
1067,IOM,Happy,Unspecified,1067_IOM_HAP_XX.wav
1072,IOM,Happy,Unspecified,1072_IOM_HAP_XX.wav
1044,MTI,Neutral,Unspecified,1044_MTI_NEU_XX.wav
1051,MTI,Neutral,Unspecified,1051_MTI_NEU_XX.wav
1006,MTI,Anger,Unspecified,1006_MTI_ANG_XX.wav
1013,MTI,Anger,Unspecified,1013_MTI_ANG_XX.wav
1041,IOM,Sad,Unspecified,1041_IOM_SAD_XX.wav
1054,IOM,Sad,Unspecified,1054_IOM_SAD_XX.wav
1009,TAI,Disgust,Unspecified,1009_TAI_DIS_XX.wav
1089,IEO,Fear,High,1089_IEO_FEA_HI.wav
1088,TAI,Sad,Unspecified,1088_TAI_SAD_XX.wav
1038,TSI,Disgust,Unspecified,1038_TSI_DIS_XX.wav
1091,ITS,Anger,Unspecified,1091_ITS_ANG_XX.wav
1084,ITS,Anger,Unspecified,1084_ITS_ANG_XX.wav
1075,IEO,Anger,High,1075_IEO_ANG_HI.wav
1060,IEO,Anger,High,1060_IEO_ANG_HI.wav
1069,MTI,Disgust,Unspecified,1069_MTI_DIS_XX.wav
1078,ITS,Fear,Unspecified,1078_ITS_FEA_XX.wav
1072,IWL,Neutral,Unspecified,1072_IWL_NEU_XX.wav
1067,IWL,Neutral,Unspecified,1067_IWL_NEU_XX.wav
1059,ITS,Happy,Unspecified,1059_ITS_HAP_XX.wav
1064,IEO,Anger,Medium,1064_IEO_ANG_MD.wav
1071,IEO,Anger,Medium,1071_IEO_ANG_MD.wav
1030,IWL,Anger,Unspecified,1030_IWL_ANG_XX.wav
1025,IWL,Anger,Unspecified,1025_IWL_ANG_XX.wav
1015,TSI,Neutral,Unspecified,1015_TSI_NEU_XX.wav
1057,TSI,Anger,Unspecified,1057_TSI_ANG_XX.wav
1042,TSI,Anger,Unspecified,1042_TSI_ANG_XX.wav
1066,TAI,Anger,Unspecified,1066_TAI_ANG_XX.wav
1073,TAI,Anger,Unspecified,1073_TAI_ANG_XX.wav
1024,TAI,Neutral,Unspecified,1024_TAI_NEU_XX.wav
1031,TAI,Neutral,Unspecified,1031_TAI_NEU_XX.wav
1087,TAI,Disgust,Unspecified,1087_TAI_DIS_XX.wav
1012,IEO,Fear,High,1012_IEO_FEA_HI.wav
1007,IEO,Fear,High,1007_IEO_FEA_HI.wav
1033,IEO,Happy,High,1033_IEO_HAP_HI.wav
1037,TSI,Sad,Unspecified,1037_TSI_SAD_XX.wav
1022,TSI,Sad,Unspecified,1022_TSI_SAD_XX.wav
1026,IEO,Happy,High,1026_IEO_HAP_HI.wav
1076,IWL,Happy,Unspecified,1076_IWL_HAP_XX.wav
1003,IEO,Fear,Medium,1003_IEO_FEA_MD.wav
1016,IEO,Fear,Medium,1016_IEO_FEA_MD.wav
1063,IWL,Happy,Unspecified,1063_IWL_HAP_XX.wav
1022,IEO,Happy,Medium,1022_IEO_HAP_MD.wav
1057,IWL,Fear,Unspecified,1057_IWL_FEA_XX.wav
1006,TAI,Sad,Unspecified,1006_TAI_SAD_XX.wav
1013,TAI,Sad,Unspecified,1013_TAI_SAD_XX.wav
1048,ITS,Neutral,Unspecified,1048_ITS_NEU_XX.wav
1042,IWL,Fear,Unspecified,1042_IWL_FEA_XX.wav
1037,IEO,Happy,Medium,1037_IEO_HAP_MD.wav
1011,TSI,Happy,Unspecified,1011_TSI_HAP_XX.wav
1015,IEO,Sad,High,1015_IEO_SAD_HI.wav
1004,TSI,Happy,Unspecified,1004_TSI_HAP_XX.wav
1085,IEO,Disgust,Medium,1085_IEO_DIS_MD.wav
1030,TSI,Fear,Unspecified,1030_TSI_FEA_XX.wav
1090,IEO,Disgust,Medium,1090_IEO_DIS_MD.wav
1025,TSI,Fear,Unspecified,1025_TSI_FEA_XX.wav
1020,TAI,Happy,Unspecified,1020_TAI_HAP_XX.wav
1088,MTI,Anger,Unspecified,1088_MTI_ANG_XX.wav
1004,IEO,Sad,Medium,1004_IEO_SAD_MD.wav
1011,IEO,Sad,Medium,1011_IEO_SAD_MD.wav
1035,TAI,Happy,Unspecified,1035_TAI_HAP_XX.wav
1001,TAI,Fear,Unspecified,1001_TAI_FEA_XX.wav
1050,IWL,Sad,Unspecified,1050_IWL_SAD_XX.wav
1045,IWL,Sad,Unspecified,1045_IWL_SAD_XX.wav
1014,TAI,Fear,Unspecified,1014_TAI_FEA_XX.wav
1081,IEO,Disgust,High,1081_IEO_DIS_HI.wav
1061,DFA,Fear,Unspecified,1061_DFA_FEA_XX.wav
1057,IEO,Anger,Low,1057_IEO_ANG_LO.wav
1042,IEO,Anger,Low,1042_IEO_ANG_LO.wav
1074,DFA,Fear,Unspecified,1074_DFA_FEA_XX.wav
1040,DFA,Happy,Unspecified,1040_DFA_HAP_XX.wav
1071,ITH,Disgust,Unspecified,1071_ITH_DIS_XX.wav
1064,ITH,Disgust,Unspecified,1064_ITH_DIS_XX.wav
1055,DFA,Happy,Unspecified,1055_DFA_HAP_XX.wav
1083,TIE,Anger,Unspecified,1083_TIE_ANG_XX.wav
1066,DFA,Sad,Unspecified,1066_DFA_SAD_XX.wav
1073,DFA,Sad,Unspecified,1073_DFA_SAD_XX.wav
1051,WSI,Neutral,Unspecified,1051_WSI_NEU_XX.wav
1044,WSI,Neutral,Unspecified,1044_WSI_NEU_XX.wav
1013,WSI,Anger,Unspecified,1013_WSI_ANG_XX.wav
1006,WSI,Anger,Unspecified,1006_WSI_ANG_XX.wav
1006,DFA,Anger,Unspecified,1006_DFA_ANG_XX.wav
1030,IEO,Fear,Low,1030_IEO_FEA_LO.wav
1025,IEO,Fear,Low,1025_IEO_FEA_LO.wav
1013,DFA,Anger,Unspecified,1013_DFA_ANG_XX.wav
1011,IEO,Happy,Low,1011_IEO_HAP_LO.wav
1004,IEO,Happy,Low,1004_IEO_HAP_LO.wav
1044,DFA,Neutral,Unspecified,1044_DFA_NEU_XX.wav
1051,DFA,Neutral,Unspecified,1051_DFA_NEU_XX.wav
1062,TIE,Disgust,Unspecified,1062_TIE_DIS_XX.wav
1073,WSI,Sad,Unspecified,1073_WSI_SAD_XX.wav
1077,TIE,Disgust,Unspecified,1077_TIE_DIS_XX.wav
1066,WSI,Sad,Unspecified,1066_WSI_SAD_XX.wav
1037,IEO,Sad,Low,1037_IEO_SAD_LO.wav
1022,IEO,Sad,Low,1022_IEO_SAD_LO.wav
1090,ITH,Anger,Unspecified,1090_ITH_ANG_XX.wav
1085,ITH,Anger,Unspecified,1085_ITH_ANG_XX.wav
1074,WSI,Fear,Unspecified,1074_WSI_FEA_XX.wav
1061,WSI,Fear,Unspecified,1061_WSI_FEA_XX.wav
1055,WSI,Happy,Unspecified,1055_WSI_HAP_XX.wav
1040,WSI,Happy,Unspecified,1040_WSI_HAP_XX.wav
1019,IEO,Happy,Low,1019_IEO_HAP_LO.wav
1038,IEO,Fear,Low,1038_IEO_FEA_LO.wav
1059,DFA,Neutral,Unspecified,1059_DFA_NEU_XX.wav
1043,IWW,Disgust,Unspecified,1043_IWW_DIS_XX.wav
1056,IWW,Disgust,Unspecified,1056_IWW_DIS_XX.wav
1048,WSI,Happy,Unspecified,1048_WSI_HAP_XX.wav
1069,WSI,Fear,Unspecified,1069_WSI_FEA_XX.wav
1048,DFA,Happy,Unspecified,1048_DFA_HAP_XX.wav
1079,ITH,Disgust,Unspecified,1079_ITH_DIS_XX.wav
1069,DFA,Fear,Unspecified,1069_DFA_FEA_XX.wav
1059,WSI,Neutral,Unspecified,1059_WSI_NEU_XX.wav
1002,ITS,Anger,Unspecified,1002_ITS_ANG_XX.wav
1017,ITS,Anger,Unspecified,1017_ITS_ANG_XX.wav
1040,ITS,Neutral,Unspecified,1040_ITS_NEU_XX.wav
1055,ITS,Neutral,Unspecified,1055_ITS_NEU_XX.wav
1053,IOM,Disgust,Unspecified,1053_IOM_DIS_XX.wav
1046,IOM,Disgust,Unspecified,1046_IOM_DIS_XX.wav
1038,TSI,Fear,Unspecified,1038_TSI_FEA_XX.wav
1008,IEO,Sad,High,1008_IEO_SAD_HI.wav
1019,TSI,Happy,Unspecified,1019_TSI_HAP_XX.wav
1089,IEO,Disgust,High,1089_IEO_DIS_HI.wav
1009,TAI,Fear,Unspecified,1009_TAI_FEA_XX.wav
1058,IWL,Sad,Unspecified,1058_IWL_SAD_XX.wav
1019,IEO,Sad,Medium,1019_IEO_SAD_MD.wav
1028,TAI,Happy,Unspecified,1028_TAI_HAP_XX.wav
1080,MTI,Anger,Unspecified,1080_MTI_ANG_XX.wav
1074,MTI,Disgust,Unspecified,1074_MTI_DIS_XX.wav
1061,MTI,Disgust,Unspecified,1061_MTI_DIS_XX.wav
1068,IEO,Anger,High,1068_IEO_ANG_HI.wav
1044,ITS,Happy,Unspecified,1044_ITS_HAP_XX.wav
1051,ITS,Happy,Unspecified,1051_ITS_HAP_XX.wav
1065,ITS,Fear,Unspecified,1065_ITS_FEA_XX.wav
1070,ITS,Fear,Unspecified,1070_ITS_FEA_XX.wav
1038,IWL,Anger,Unspecified,1038_IWL_ANG_XX.wav
1079,IEO,Anger,Medium,1079_IEO_ANG_MD.wav
1008,TSI,Neutral,Unspecified,1008_TSI_NEU_XX.wav
1039,TAI,Neutral,Unspecified,1039_TAI_NEU_XX.wav
1062,ITS,Sad,Unspecified,1062_ITS_SAD_XX.wav
1077,ITS,Sad,Unspecified,1077_ITS_SAD_XX.wav
1042,IWL,Disgust,Unspecified,1042_IWL_DIS_XX.wav
1086,IEO,Sad,High,1086_IEO_SAD_HI.wav
1082,TSI,Happy,Unspecified,1082_TSI_HAP_XX.wav
1057,IWL,Disgust,Unspecified,1057_IWL_DIS_XX.wav
1016,IEO,Disgust,Medium,1016_IEO_DIS_MD.wav
1003,IEO,Disgust,Medium,1003_IEO_DIS_MD.wav
1059,MTI,Neutral,Unspecified,1059_MTI_NEU_XX.wav
1082,IEO,Sad,Medium,1082_IEO_SAD_MD.wav
1007,IEO,Disgust,High,1007_IEO_DIS_HI.wav
1012,IEO,Disgust,High,1012_IEO_DIS_HI.wav
1087,TAI,Fear,Unspecified,1087_TAI_FEA_XX.wav
1081,IEO,Fear,High,1081_IEO_FEA_HI.wav
1014,TAI,Disgust,Unspecified,1014_TAI_DIS_XX.wav
1001,TAI,Disgust,Unspecified,1001_TAI_DIS_XX.wav
1049,IOM,Sad,Unspecified,1049_IOM_SAD_XX.wav
1025,TSI,Disgust,Unspecified,1025_TSI_DIS_XX.wav
1090,IEO,Fear,Medium,1090_IEO_FEA_MD.wav
1030,TSI,Disgust,Unspecified,1030_TSI_DIS_XX.wav
1085,IEO,Fear,Medium,1085_IEO_FEA_MD.wav
1080,TAI,Sad,Unspecified,1080_TAI_SAD_XX.wav
1029,IOM,Anger,Unspecified,1029_IOM_ANG_XX.wav
1086,TSI,Neutral,Unspecified,1086_TSI_NEU_XX.wav
1078,ITS,Disgust,Unspecified,1078_ITS_DIS_XX.wav
1069,MTI,Fear,Unspecified,1069_MTI_FEA_XX.wav
1048,MTI,Happy,Unspecified,1048_MTI_HAP_XX.wav
1056,TIE,Happy,Unspecified,1056_TIE_HAP_XX.wav
1043,TIE,Happy,Unspecified,1043_TIE_HAP_XX.wav
1077,TIE,Fear,Unspecified,1077_TIE_FEA_XX.wav
1062,TIE,Fear,Unspecified,1062_TIE_FEA_XX.wav
1041,ITH,Neutral,Unspecified,1041_ITH_NEU_XX.wav
1054,ITH,Neutral,Unspecified,1054_ITH_NEU_XX.wav
1003,ITH,Anger,Unspecified,1003_ITH_ANG_XX.wav
1016,ITH,Anger,Unspecified,1016_ITH_ANG_XX.wav
1025,IEO,Disgust,Low,1025_IEO_DIS_LO.wav
1030,IEO,Disgust,Low,1030_IEO_DIS_LO.wav
1070,TIE,Sad,Unspecified,1070_TIE_SAD_XX.wav
1061,WSI,Disgust,Unspecified,1061_WSI_DIS_XX.wav
1065,TIE,Sad,Unspecified,1065_TIE_SAD_XX.wav
1074,WSI,Disgust,Unspecified,1074_WSI_DIS_XX.wav
1080,DFA,Anger,Unspecified,1080_DFA_ANG_XX.wav
1082,IEO,Happy,Low,1082_IEO_HAP_LO.wav
1059,IWW,Sad,Unspecified,1059_IWW_SAD_XX.wav
1052,TIE,Neutral,Unspecified,1052_TIE_NEU_XX.wav
1047,TIE,Neutral,Unspecified,1047_TIE_NEU_XX.wav
1010,TIE,Anger,Unspecified,1010_TIE_ANG_XX.wav
1005,TIE,Anger,Unspecified,1005_TIE_ANG_XX.wav
1080,WSI,Anger,Unspecified,1080_WSI_ANG_XX.wav
1039,IWW,Anger,Unspecified,1039_IWW_ANG_XX.wav
1064,ITH,Fear,Unspecified,1064_ITH_FEA_XX.wav
1071,ITH,Fear,Unspecified,1071_ITH_FEA_XX.wav
1074,DFA,Disgust,Unspecified,1074_DFA_DIS_XX.wav
1045,ITH,Happy,Unspecified,1045_ITH_HAP_XX.wav
1050,ITH,Happy,Unspecified,1050_ITH_HAP_XX.wav
1061,DFA,Disgust,Unspecified,1061_DFA_DIS_XX.wav
1063,ITH,Sad,Unspecified,1063_ITH_SAD_XX.wav
1076,ITH,Sad,Unspecified,1076_ITH_SAD_XX.wav
1070,IEO,Neutral,Unspecified,1070_IEO_NEU_XX.wav
1065,IEO,Neutral,Unspecified,1065_IEO_NEU_XX.wav
1088,TIE,Fear,Unspecified,1088_TIE_FEA_XX.wav
1080,IWW,Happy,Unspecified,1080_IWW_HAP_XX.wav
1018,WSI,Fear,Unspecified,1018_WSI_FEA_XX.wav
1039,WSI,Happy,Unspecified,1039_WSI_HAP_XX.wav
1049,IEO,Fear,Low,1049_IEO_FEA_LO.wav
1068,IEO,Happy,Low,1068_IEO_HAP_LO.wav
1027,IWW,Disgust,Unspecified,1027_IWW_DIS_XX.wav
1032,IWW,Disgust,Unspecified,1032_IWW_DIS_XX.wav
1028,DFA,Neutral,Unspecified,1028_DFA_NEU_XX.wav
1084,IWW,Neutral,Unspecified,1084_IWW_NEU_XX.wav
1091,IWW,Neutral,Unspecified,1091_IWW_NEU_XX.wav
1028,WSI,Neutral,Unspecified,1028_WSI_NEU_XX.wav
1018,DFA,Fear,Unspecified,1018_DFA_FEA_XX.wav
1039,DFA,Happy,Unspecified,1039_DFA_HAP_XX.wav
1008,ITH,Disgust,Unspecified,1008_ITH_DIS_XX.wav
1089,ITH,Sad,Unspecified,1089_ITH_SAD_XX.wav
1090,IOM,Happy,Unspecified,1090_IOM_HAP_XX.wav
1068,TSI,Happy,Unspecified,1068_TSI_HAP_XX.wav
1085,IOM,Happy,Unspecified,1085_IOM_HAP_XX.wav
1079,IEO,Sad,High,1079_IEO_SAD_HI.wav
1049,TSI,Fear,Unspecified,1049_TSI_FEA_XX.wav
1059,TAI,Happy,Unspecified,1059_TAI_HAP_XX.wav
1068,IEO,Sad,Medium,1068_IEO_SAD_MD.wav
1078,TAI,Fear,Unspecified,1078_TAI_FEA_XX.wav
1029,IWL,Sad,Unspecified,1029_IWL_SAD_XX.wav
1066,ITS,Anger,Unspecified,1066_ITS_ANG_XX.wav
1073,ITS,Anger,Unspecified,1073_ITS_ANG_XX.wav
1037,IOM,Disgust,Unspecified,1037_IOM_DIS_XX.wav
1022,IOM,Disgust,Unspecified,1022_IOM_DIS_XX.wav
1024,ITS,Neutral,Unspecified,1024_ITS_NEU_XX.wav
1031,ITS,Neutral,Unspecified,1031_ITS_NEU_XX.wav
1081,IOM,Neutral,Unspecified,1081_IOM_NEU_XX.wav
1079,TSI,Neutral,Unspecified,1079_TSI_NEU_XX.wav
1087,ITS,Disgust,Unspecified,1087_ITS_DIS_XX.wav
1083,MTI,Fear,Unspecified,1083_MTI_FEA_XX.wav
1006,ITS,Sad,Unspecified,1006_ITS_SAD_XX.wav
1048,TAI,Neutral,Unspecified,1048_TAI_NEU_XX.wav
1013,ITS,Sad,Unspecified,1013_ITS_SAD_XX.wav
1019,IEO,Anger,High,1019_IEO_ANG_HI.wav
1010,MTI,Disgust,Unspecified,1010_MTI_DIS_XX.wav
1005,MTI,Disgust,Unspecified,1005_MTI_DIS_XX.wav
1001,ITS,Fear,Unspecified,1001_ITS_FEA_XX.wav
1014,ITS,Fear,Unspecified,1014_ITS_FEA_XX.wav
1020,ITS,Happy,Unspecified,1020_ITS_HAP_XX.wav
1035,ITS,Happy,Unspecified,1035_ITS_HAP_XX.wav
1091,MTI,Sad,Unspecified,1091_MTI_SAD_XX.wav
1084,MTI,Sad,Unspecified,1084_MTI_SAD_XX.wav
1008,IEO,Anger,Medium,1008_IEO_ANG_MD.wav
1049,IWL,Anger,Unspecified,1049_IWL_ANG_XX.wav
1038,IOM,Sad,Unspecified,1038_IOM_SAD_XX.wav
1070,TAI,Disgust,Unspecified,1070_TAI_DIS_XX.wav
1065,TAI,Disgust,Unspecified,1065_TAI_DIS_XX.wav
1041,TSI,Disgust,Unspecified,1041_TSI_DIS_XX.wav
1081,IWL,Happy,Unspecified,1081_IWL_HAP_XX.wav
1054,TSI,Disgust,Unspecified,1054_TSI_DIS_XX.wav
1072,IEO,Disgust,Medium,1072_IEO_DIS_MD.wav
1067,IEO,Disgust,Medium,1067_IEO_DIS_MD.wav
1026,IWL,Disgust,Unspecified,1026_IWL_DIS_XX.wav
1033,IWL,Disgust,Unspecified,1033_IWL_DIS_XX.wav
1028,MTI,Neutral,Unspecified,1028_MTI_NEU_XX.wav
1063,IEO,Disgust,High,1063_IEO_DIS_HI.wav
1076,IEO,Disgust,High,1076_IEO_DIS_HI.wav
1082,IEO,Anger,High,1082_IEO_ANG_HI.wav
1086,IEO,Anger,Medium,1086_IEO_ANG_MD.wav
1085,IWL,Neutral,Unspecified,1085_IWL_NEU_XX.wav
1090,IWL,Neutral,Unspecified,1090_IWL_NEU_XX.wav
1058,IOM,Anger,Unspecified,1058_IOM_ANG_XX.wav
1009,ITS,Disgust,Unspecified,1009_ITS_DIS_XX.wav
1088,ITS,Sad,Unspecified,1088_ITS_SAD_XX.wav
1039,MTI,Happy,Unspecified,1039_MTI_HAP_XX.wav
1091,TAI,Anger,Unspecified,1091_TAI_ANG_XX.wav
1084,TAI,Anger,Unspecified,1084_TAI_ANG_XX.wav
1018,MTI,Fear,Unspecified,1018_MTI_FEA_XX.wav
1014,TIE,Sad,Unspecified,1014_TIE_SAD_XX.wav
1005,WSI,Disgust,Unspecified,1005_WSI_DIS_XX.wav
1001,TIE,Sad,Unspecified,1001_TIE_SAD_XX.wav
1010,WSI,Disgust,Unspecified,1010_WSI_DIS_XX.wav
1028,IWW,Sad,Unspecified,1028_IWW_SAD_XX.wav
1084,WSI,Sad,Unspecified,1084_WSI_SAD_XX.wav
1091,WSI,Sad,Unspecified,1091_WSI_SAD_XX.wav
1080,TIE,Disgust,Unspecified,1080_TIE_DIS_XX.wav
1013,TIE,Fear,Unspecified,1013_TIE_FEA_XX.wav
1006,TIE,Fear,Unspecified,1006_TIE_FEA_XX.wav
1032,TIE,Happy,Unspecified,1032_TIE_HAP_XX.wav
1027,TIE,Happy,Unspecified,1027_TIE_HAP_XX.wav
1025,ITH,Neutral,Unspecified,1025_ITH_NEU_XX.wav
1030,ITH,Neutral,Unspecified,1030_ITH_NEU_XX.wav
1083,WSI,Fear,Unspecified,1083_WSI_FEA_XX.wav
1041,IEO,Disgust,Low,1041_IEO_DIS_LO.wav
1054,IEO,Disgust,Low,1054_IEO_DIS_LO.wav
1067,ITH,Anger,Unspecified,1067_ITH_ANG_XX.wav
1072,ITH,Anger,Unspecified,1072_ITH_ANG_XX.wav
1086,ITH,Disgust,Unspecified,1086_ITH_DIS_XX.wav
1083,DFA,Fear,Unspecified,1083_DFA_FEA_XX.wav
1007,ITH,Sad,Unspecified,1007_ITH_SAD_XX.wav
1012,ITH,Sad,Unspecified,1012_ITH_SAD_XX.wav
1014,IEO,Neutral,Unspecified,1014_IEO_NEU_XX.wav
1001,IEO,Neutral,Unspecified,1001_IEO_NEU_XX.wav
1091,DFA,Sad,Unspecified,1091_DFA_SAD_XX.wav
1036,TIE,Neutral,Unspecified,1036_TIE_NEU_XX.wav
1023,TIE,Neutral,Unspecified,1023_TIE_NEU_XX.wav
1084,DFA,Sad,Unspecified,1084_DFA_SAD_XX.wav
1074,TIE,Anger,Unspecified,1074_TIE_ANG_XX.wav
1061,TIE,Anger,Unspecified,1061_TIE_ANG_XX.wav
1048,IWW,Anger,Unspecified,1048_IWW_ANG_XX.wav
1021,ITH,Happy,Unspecified,1021_ITH_HAP_XX.wav
1010,DFA,Disgust,Unspecified,1010_DFA_DIS_XX.wav
1005,DFA,Disgust,Unspecified,1005_DFA_DIS_XX.wav
1034,ITH,Happy,Unspecified,1034_ITH_HAP_XX.wav
1015,ITH,Fear,Unspecified,1015_ITH_FEA_XX.wav
1005,WSI,Sad,Unspecified,1005_WSI_SAD_XX.wav
1014,TIE,Disgust,Unspecified,1014_TIE_DIS_XX.wav
1010,WSI,Sad,Unspecified,1010_WSI_SAD_XX.wav
1001,TIE,Disgust,Unspecified,1001_TIE_DIS_XX.wav
1046,IEO,Fear,Low,1046_IEO_FEA_LO.wav
1070,DFA,Anger,Unspecified,1070_DFA_ANG_XX.wav
1065,DFA,Anger,Unspecified,1065_DFA_ANG_XX.wav
1053,IEO,Fear,Low,1053_IEO_FEA_LO.wav
1067,IEO,Happy,Low,1067_IEO_HAP_LO.wav
1072,IEO,Happy,Low,1072_IEO_HAP_LO.wav
1028,IWW,Disgust,Unspecified,1028_IWW_DIS_XX.wav
1084,WSI,Disgust,Unspecified,1084_WSI_DIS_XX.wav
1032,DFA,Neutral,Unspecified,1032_DFA_NEU_XX.wav
1027,DFA,Neutral,Unspecified,1027_DFA_NEU_XX.wav
1080,TIE,Sad,Unspecified,1080_TIE_SAD_XX.wav
1091,WSI,Disgust,Unspecified,1091_WSI_DIS_XX.wav
1002,WSI,Fear,Unspecified,1002_WSI_FEA_XX.wav
1017,WSI,Fear,Unspecified,1017_WSI_FEA_XX.wav
1023,WSI,Happy,Unspecified,1023_WSI_HAP_XX.wav
1036,WSI,Happy,Unspecified,1036_WSI_HAP_XX.wav
1087,TIE,Fear,Unspecified,1087_TIE_FEA_XX.wav
1041,IEO,Sad,Low,1041_IEO_SAD_LO.wav
1054,IEO,Sad,Low,1054_IEO_SAD_LO.wav
1080,IEO,Neutral,Unspecified,1080_IEO_NEU_XX.wav
1086,ITH,Sad,Unspecified,1086_ITH_SAD_XX.wav
1021,IEO,Anger,Low,1021_IEO_ANG_LO.wav
1017,DFA,Fear,Unspecified,1017_DFA_FEA_XX.wav
1002,DFA,Fear,Unspecified,1002_DFA_FEA_XX.wav
1034,IEO,Anger,Low,1034_IEO_ANG_LO.wav
1007,ITH,Disgust,Unspecified,1007_ITH_DIS_XX.wav
1036,DFA,Happy,Unspecified,1036_DFA_HAP_XX.wav
1023,DFA,Happy,Unspecified,1023_DFA_HAP_XX.wav
1012,ITH,Disgust,Unspecified,1012_ITH_DIS_XX.wav
1081,ITH,Fear,Unspecified,1081_ITH_FEA_XX.wav
1027,WSI,Neutral,Unspecified,1027_WSI_NEU_XX.wav
1091,DFA,Disgust,Unspecified,1091_DFA_DIS_XX.wav
1084,DFA,Disgust,Unspecified,1084_DFA_DIS_XX.wav
1032,WSI,Neutral,Unspecified,1032_WSI_NEU_XX.wav
1065,WSI,Anger,Unspecified,1065_WSI_ANG_XX.wav
1070,WSI,Anger,Unspecified,1070_WSI_ANG_XX.wav
1010,DFA,Sad,Unspecified,1010_DFA_SAD_XX.wav
1005,DFA,Sad,Unspecified,1005_DFA_SAD_XX.wav
1069,ITS,Anger,Unspecified,1069_ITS_ANG_XX.wav
1038,IOM,Disgust,Unspecified,1038_IOM_DIS_XX.wav
1075,IEO,Fear,Medium,1075_IEO_FEA_MD.wav
1060,IEO,Fear,Medium,1060_IEO_FEA_MD.wav
1015,IWL,Happy,Unspecified,1015_IWL_HAP_XX.wav
1054,IEO,Happy,Medium,1054_IEO_HAP_MD.wav
1070,TAI,Sad,Unspecified,1070_TAI_SAD_XX.wav
1021,IWL,Fear,Unspecified,1021_IWL_FEA_XX.wav
1034,IWL,Fear,Unspecified,1034_IWL_FEA_XX.wav
1065,TAI,Sad,Unspecified,1065_TAI_SAD_XX.wav
1041,IEO,Happy,Medium,1041_IEO_HAP_MD.wav
1064,IEO,Fear,High,1064_IEO_FEA_HI.wav
1071,IEO,Fear,High,1071_IEO_FEA_HI.wav
1045,IEO,Happy,High,1045_IEO_HAP_HI.wav
1041,TSI,Sad,Unspecified,1041_TSI_SAD_XX.wav
1054,TSI,Sad,Unspecified,1054_TSI_SAD_XX.wav
1050,IEO,Happy,High,1050_IEO_HAP_HI.wav
1056,TAI,Happy,Unspecified,1056_TAI_HAP_XX.wav
1072,IEO,Sad,Medium,1072_IEO_SAD_MD.wav
1067,IEO,Sad,Medium,1067_IEO_SAD_MD.wav
1043,TAI,Happy,Unspecified,1043_TAI_HAP_XX.wav
1026,IWL,Sad,Unspecified,1026_IWL_SAD_XX.wav
1077,TAI,Fear,Unspecified,1077_TAI_FEA_XX.wav
1062,TAI,Fear,Unspecified,1062_TAI_FEA_XX.wav
1033,IWL,Sad,Unspecified,1033_IWL_SAD_XX.wav
1067,TSI,Happy,Unspecified,1067_TSI_HAP_XX.wav
1063,IEO,Sad,High,1063_IEO_SAD_HI.wav
1076,IEO,Sad,High,1076_IEO_SAD_HI.wav
1072,TSI,Happy,Unspecified,1072_TSI_HAP_XX.wav
1046,TSI,Fear,Unspecified,1046_TSI_FEA_XX.wav
1053,TSI,Fear,Unspecified,1053_TSI_FEA_XX.wav
1004,IWL,Neutral,Unspecified,1004_IWL_NEU_XX.wav
1011,IWL,Neutral,Unspecified,1011_IWL_NEU_XX.wav
1012,IEO,Anger,Medium,1012_IEO_ANG_MD.wav
1007,IEO,Anger,Medium,1007_IEO_ANG_MD.wav
1046,IWL,Anger,Unspecified,1046_IWL_ANG_XX.wav
1053,IWL,Anger,Unspecified,1053_IWL_ANG_XX.wav
1003,IEO,Anger,High,1003_IEO_ANG_HI.wav
1016,IEO,Anger,High,1016_IEO_ANG_HI.wav
1010,TAI,Anger,Unspecified,1010_TAI_ANG_XX.wav
1005,TAI,Anger,Unspecified,1005_TAI_ANG_XX.wav
1009,ITS,Sad,Unspecified,1009_ITS_SAD_XX.wav
1052,TAI,Neutral,Unspecified,1052_TAI_NEU_XX.wav
1047,TAI,Neutral,Unspecified,1047_TAI_NEU_XX.wav
1063,TSI,Neutral,Unspecified,1063_TSI_NEU_XX.wav
1076,TSI,Neutral,Unspecified,1076_TSI_NEU_XX.wav
1088,ITS,Disgust,Unspecified,1088_ITS_DIS_XX.wav
1021,TSI,Anger,Unspecified,1021_TSI_ANG_XX.wav
1034,TSI,Anger,Unspecified,1034_TSI_ANG_XX.wav
1032,MTI,Neutral,Unspecified,1032_MTI_NEU_XX.wav
1027,MTI,Neutral,Unspecified,1027_MTI_NEU_XX.wav
1079,IEO,Disgust,High,1079_IEO_DIS_HI.wav
1070,MTI,Anger,Unspecified,1070_MTI_ANG_XX.wav
1065,MTI,Anger,Unspecified,1065_MTI_ANG_XX.wav
1030,IOM,Fear,Unspecified,1030_IOM_FEA_XX.wav
1068,IEO,Disgust,Medium,1068_IEO_DIS_MD.wav
1025,IOM,Fear,Unspecified,1025_IOM_FEA_XX.wav
1029,IWL,Disgust,Unspecified,1029_IWL_DIS_XX.wav
1011,IOM,Happy,Unspecified,1011_IOM_HAP_XX.wav
1004,IOM,Happy,Unspecified,1004_IOM_HAP_XX.wav
1037,IOM,Sad,Unspecified,1037_IOM_SAD_XX.wav
1022,IOM,Sad,Unspecified,1022_IOM_SAD_XX.wav
1087,ITS,Sad,Unspecified,1087_ITS_SAD_XX.wav
1036,MTI,Happy,Unspecified,1036_MTI_HAP_XX.wav
1023,MTI,Happy,Unspecified,1023_MTI_HAP_XX.wav
1017,MTI,Fear,Unspecified,1017_MTI_FEA_XX.wav
1002,MTI,Fear,Unspecified,1002_MTI_FEA_XX.wav
1057,IOM,Anger,Unspecified,1057_IOM_ANG_XX.wav
1042,IOM,Anger,Unspecified,1042_IOM_ANG_XX.wav
1006,ITS,Disgust,Unspecified,1006_ITS_DIS_XX.wav
1013,ITS,Disgust,Unspecified,1013_ITS_DIS_XX.wav
1015,IOM,Neutral,Unspecified,1015_IOM_NEU_XX.wav
1010,MTI,Sad,Unspecified,1010_MTI_SAD_XX.wav
1089,IEO,Anger,Medium,1089_IEO_ANG_MD.wav
1005,MTI,Sad,Unspecified,1005_MTI_SAD_XX.wav
1080,ITS,Fear,Unspecified,1080_ITS_FEA_XX.wav
1091,MTI,Disgust,Unspecified,1091_MTI_DIS_XX.wav
1084,MTI,Disgust,Unspecified,1084_MTI_DIS_XX.wav
1020,IWW,Fear,Unspecified,1020_IWW_FEA_XX.wav
1035,IWW,Fear,Unspecified,1035_IWW_FEA_XX.wav
1001,IWW,Happy,Unspecified,1001_IWW_HAP_XX.wav
1014,IWW,Happy,Unspecified,1014_IWW_HAP_XX.wav
1068,ITH,Anger,Unspecified,1068_ITH_ANG_XX.wav
1009,TIE,Fear,Unspecified,1009_TIE_FEA_XX.wav
1028,TIE,Happy,Unspecified,1028_TIE_HAP_XX.wav
1027,IWW,Sad,Unspecified,1027_IWW_SAD_XX.wav
1032,IWW,Sad,Unspecified,1032_IWW_SAD_XX.wav
1047,IWW,Anger,Unspecified,1047_IWW_ANG_XX.wav
1052,IWW,Anger,Unspecified,1052_IWW_ANG_XX.wav
1005,IWW,Neutral,Unspecified,1005_IWW_NEU_XX.wav
1010,IWW,Neutral,Unspecified,1010_IWW_NEU_XX.wav
1039,TIE,Neutral,Unspecified,1039_TIE_NEU_XX.wav
1008,ITH,Sad,Unspecified,1008_ITH_SAD_XX.wav
1089,ITH,Disgust,Unspecified,1089_ITH_DIS_XX.wav
1082,ITH,Anger,Unspecified,1082_ITH_ANG_XX.wav
1047,WSI,Happy,Unspecified,1047_WSI_HAP_XX.wav
1052,WSI,Happy,Unspecified,1052_WSI_HAP_XX.wav
1066,WSI,Fear,Unspecified,1066_WSI_FEA_XX.wav
1073,WSI,Fear,Unspecified,1073_WSI_FEA_XX.wav
1025,IEO,Sad,Low,1025_IEO_SAD_LO.wav
1030,IEO,Sad,Low,1030_IEO_SAD_LO.wav
1061,WSI,Sad,Unspecified,1061_WSI_SAD_XX.wav
1070,TIE,Disgust,Unspecified,1070_TIE_DIS_XX.wav
1074,WSI,Sad,Unspecified,1074_WSI_SAD_XX.wav
1065,TIE,Disgust,Unspecified,1065_TIE_DIS_XX.wav
1003,IEO,Happy,Low,1003_IEO_HAP_LO.wav
1016,IEO,Happy,Low,1016_IEO_HAP_LO.wav
1014,DFA,Anger,Unspecified,1014_DFA_ANG_XX.wav
1022,IEO,Fear,Low,1022_IEO_FEA_LO.wav
1037,IEO,Fear,Low,1037_IEO_FEA_LO.wav
1001,DFA,Anger,Unspecified,1001_DFA_ANG_XX.wav
1056,DFA,Neutral,Unspecified,1056_DFA_NEU_XX.wav
1043,DFA,Neutral,Unspecified,1043_DFA_NEU_XX.wav
1059,IWW,Disgust,Unspecified,1059_IWW_DIS_XX.wav
1043,WSI,Neutral,Unspecified,1043_WSI_NEU_XX.wav
1056,WSI,Neutral,Unspecified,1056_WSI_NEU_XX.wav
1001,WSI,Anger,Unspecified,1001_WSI_ANG_XX.wav
1014,WSI,Anger,Unspecified,1014_WSI_ANG_XX.wav
1091,TIE,Anger,Unspecified,1091_TIE_ANG_XX.wav
1084,TIE,Anger,Unspecified,1084_TIE_ANG_XX.wav
1074,DFA,Sad,Unspecified,1074_DFA_SAD_XX.wav
1061,DFA,Sad,Unspecified,1061_DFA_SAD_XX.wav
1052,DFA,Happy,Unspecified,1052_DFA_HAP_XX.wav
1063,ITH,Disgust,Unspecified,1063_ITH_DIS_XX.wav
1076,ITH,Disgust,Unspecified,1076_ITH_DIS_XX.wav
1047,DFA,Happy,Unspecified,1047_DFA_HAP_XX.wav
1073,DFA,Fear,Unspecified,1073_DFA_FEA_XX.wav
1045,IEO,Anger,Low,1045_IEO_ANG_LO.wav
1050,IEO,Anger,Low,1050_IEO_ANG_LO.wav
1066,DFA,Fear,Unspecified,1066_DFA_FEA_XX.wav
1086,IEO,Disgust,High,1086_IEO_DIS_HI.wav
1013,TAI,Fear,Unspecified,1013_TAI_FEA_XX.wav
1042,IWL,Sad,Unspecified,1042_IWL_SAD_XX.wav
1057,IWL,Sad,Unspecified,1057_IWL_SAD_XX.wav
1006,TAI,Fear,Unspecified,1006_TAI_FEA_XX.wav
1032,TAI,Happy,Unspecified,1032_TAI_HAP_XX.wav
1016,IEO,Sad,Medium,1016_IEO_SAD_MD.wav
1003,IEO,Sad,Medium,1003_IEO_SAD_MD.wav
1027,TAI,Happy,Unspecified,1027_TAI_HAP_XX.wav
1022,TSI,Fear,Unspecified,1022_TSI_FEA_XX.wav
1037,TSI,Fear,Unspecified,1037_TSI_FEA_XX.wav
1082,IEO,Disgust,Medium,1082_IEO_DIS_MD.wav
1003,TSI,Happy,Unspecified,1003_TSI_HAP_XX.wav
1007,IEO,Sad,High,1007_IEO_SAD_HI.wav
1012,IEO,Sad,High,1012_IEO_SAD_HI.wav
1016,TSI,Happy,Unspecified,1016_TSI_HAP_XX.wav
1018,ITS,Anger,Unspecified,1018_ITS_ANG_XX.wav
1030,IEO,Happy,Medium,1030_IEO_HAP_MD.wav
1045,IWL,Fear,Unspecified,1045_IWL_FEA_XX.wav
1014,TAI,Sad,Unspecified,1014_TAI_SAD_XX.wav
1001,TAI,Sad,Unspecified,1001_TAI_SAD_XX.wav
1050,IWL,Fear,Unspecified,1050_IWL_FEA_XX.wav
1025,IEO,Happy,Medium,1025_IEO_HAP_MD.wav
1064,IWL,Happy,Unspecified,1064_IWL_HAP_XX.wav
1011,IEO,Fear,Medium,1011_IEO_FEA_MD.wav
1004,IEO,Fear,Medium,1004_IEO_FEA_MD.wav
1049,IOM,Disgust,Unspecified,1049_IOM_DIS_XX.wav
1071,IWL,Happy,Unspecified,1071_IWL_HAP_XX.wav
1021,IEO,Happy,High,1021_IEO_HAP_HI.wav
1025,TSI,Sad,Unspecified,1025_TSI_SAD_XX.wav
1030,TSI,Sad,Unspecified,1030_TSI_SAD_XX.wav
1034,IEO,Happy,High,1034_IEO_HAP_HI.wav
1015,IEO,Fear,High,1015_IEO_FEA_HI.wav
1080,TAI,Disgust,Unspecified,1080_TAI_DIS_XX.wav
1074,TAI,Anger,Unspecified,1074_TAI_ANG_XX.wav
1061,TAI,Anger,Unspecified,1061_TAI_ANG_XX.wav
1036,TAI,Neutral,Unspecified,1036_TAI_NEU_XX.wav
1078,ITS,Sad,Unspecified,1078_ITS_SAD_XX.wav
1023,TAI,Neutral,Unspecified,1023_TAI_NEU_XX.wav
1007,TSI,Neutral,Unspecified,1007_TSI_NEU_XX.wav
1012,TSI,Neutral,Unspecified,1012_TSI_NEU_XX.wav
1045,TSI,Anger,Unspecified,1045_TSI_ANG_XX.wav
1050,TSI,Anger,Unspecified,1050_TSI_ANG_XX.wav
1060,IWL,Neutral,Unspecified,1060_IWL_NEU_XX.wav
1075,IWL,Neutral,Unspecified,1075_IWL_NEU_XX.wav
1022,IWL,Anger,Unspecified,1022_IWL_ANG_XX.wav
1037,IWL,Anger,Unspecified,1037_IWL_ANG_XX.wav
1076,IEO,Anger,Medium,1076_IEO_ANG_MD.wav
1063,IEO,Anger,Medium,1063_IEO_ANG_MD.wav
1067,IEO,Anger,High,1067_IEO_ANG_HI.wav
1072,IEO,Anger,High,1072_IEO_ANG_HI.wav
1083,ITS,Anger,Unspecified,1083_ITS_ANG_XX.wav
1053,IOM,Sad,Unspecified,1053_IOM_SAD_XX.wav
1046,IOM,Sad,Unspecified,1046_IOM_SAD_XX.wav
1056,MTI,Neutral,Unspecified,1056_MTI_NEU_XX.wav
1043,MTI,Neutral,Unspecified,1043_MTI_NEU_XX.wav
1014,MTI,Anger,Unspecified,1014_MTI_ANG_XX.wav
1001,MTI,Anger,Unspecified,1001_MTI_ANG_XX.wav
1008,IEO,Disgust,High,1008_IEO_DIS_HI.wav
1088,TAI,Fear,Unspecified,1088_TAI_FEA_XX.wav
1089,IEO,Sad,High,1089_IEO_SAD_HI.wav
1075,IOM,Happy,Unspecified,1075_IOM_HAP_XX.wav
1058,IWL,Disgust,Unspecified,1058_IWL_DIS_XX.wav
1060,IOM,Happy,Unspecified,1060_IOM_HAP_XX.wav
1054,IOM,Fear,Unspecified,1054_IOM_FEA_XX.wav
1019,IEO,Disgust,Medium,1019_IEO_DIS_MD.wav
1041,IOM,Fear,Unspecified,1041_IOM_FEA_XX.wav
1074,MTI,Sad,Unspecified,1074_MTI_SAD_XX.wav
1061,MTI,Sad,Unspecified,1061_MTI_SAD_XX.wav
1073,MTI,Fear,Unspecified,1073_MTI_FEA_XX.wav
1066,MTI,Fear,Unspecified,1066_MTI_FEA_XX.wav
1052,MTI,Happy,Unspecified,1052_MTI_HAP_XX.wav
1047,MTI,Happy,Unspecified,1047_MTI_HAP_XX.wav
1033,IOM,Anger,Unspecified,1033_IOM_ANG_XX.wav
1026,IOM,Anger,Unspecified,1026_IOM_ANG_XX.wav
1071,IOM,Neutral,Unspecified,1071_IOM_NEU_XX.wav
1089,TSI,Neutral,Unspecified,1089_TSI_NEU_XX.wav
1064,IOM,Neutral,Unspecified,1064_IOM_NEU_XX.wav
1062,ITS,Disgust,Unspecified,1062_ITS_DIS_XX.wav
1077,ITS,Disgust,Unspecified,1077_ITS_DIS_XX.wav
1043,IWW,Sad,Unspecified,1043_IWW_SAD_XX.wav
1056,IWW,Sad,Unspecified,1056_IWW_SAD_XX.wav
1065,IWW,Happy,Unspecified,1065_IWW_HAP_XX.wav
1070,IWW,Happy,Unspecified,1070_IWW_HAP_XX.wav
1044,IWW,Fear,Unspecified,1044_IWW_FEA_XX.wav
1051,IWW,Fear,Unspecified,1051_IWW_FEA_XX.wav
1059,TIE,Happy,Unspecified,1059_TIE_HAP_XX.wav
1078,TIE,Fear,Unspecified,1078_TIE_FEA_XX.wav
1079,ITH,Sad,Unspecified,1079_ITH_SAD_XX.wav
1023,IWW,Anger,Unspecified,1023_IWW_ANG_XX.wav
1036,IWW,Anger,Unspecified,1036_IWW_ANG_XX.wav
1061,IWW,Neutral,Unspecified,1061_IWW_NEU_XX.wav
1074,IWW,Neutral,Unspecified,1074_IWW_NEU_XX.wav
1048,TIE,Neutral,Unspecified,1048_TIE_NEU_XX.wav
1071,ITH,Sad,Unspecified,1071_ITH_SAD_XX.wav
1064,ITH,Sad,Unspecified,1064_ITH_SAD_XX.wav
1062,IEO,Neutral,Unspecified,1062_IEO_NEU_XX.wav
1077,IEO,Neutral,Unspecified,1077_IEO_NEU_XX.wav
1087,WSI,Anger,Unspecified,1087_WSI_ANG_XX.wav
1066,DFA,Disgust,Unspecified,1066_DFA_DIS_XX.wav
1057,ITH,Happy,Unspecified,1057_ITH_HAP_XX.wav
1042,ITH,Happy,Unspecified,1042_ITH_HAP_XX.wav
1073,DFA,Disgust,Unspecified,1073_DFA_DIS_XX.wav
1076,ITH,Fear,Unspecified,1076_ITH_FEA_XX.wav
1063,ITH,Fear,Unspecified,1063_ITH_FEA_XX.wav
1069,IWW,Neutral,Unspecified,1069_IWW_NEU_XX.wav
1040,TIE,Neutral,Unspecified,1040_TIE_NEU_XX.wav
1055,TIE,Neutral,Unspecified,1055_TIE_NEU_XX.wav
1002,TIE,Anger,Unspecified,1002_TIE_ANG_XX.wav
1017,TIE,Anger,Unspecified,1017_TIE_ANG_XX.wav
1073,WSI,Disgust,Unspecified,1073_WSI_DIS_XX.wav
1062,TIE,Sad,Unspecified,1062_TIE_SAD_XX.wav
1066,WSI,Disgust,Unspecified,1066_WSI_DIS_XX.wav
1077,TIE,Sad,Unspecified,1077_TIE_SAD_XX.wav
1090,IEO,Happy,Low,1090_IEO_HAP_LO.wav
1085,IEO,Happy,Low,1085_IEO_HAP_LO.wav
1087,DFA,Anger,Unspecified,1087_DFA_ANG_XX.wav
1053,ITH,Neutral,Unspecified,1053_ITH_NEU_XX.wav
1059,IWW,Fear,Unspecified,1059_IWW_FEA_XX.wav
1046,ITH,Neutral,Unspecified,1046_ITH_NEU_XX.wav
1078,IWW,Happy,Unspecified,1078_IWW_HAP_XX.wav
1037,IEO,Disgust,Low,1037_IEO_DIS_LO.wav
1022,IEO,Disgust,Low,1022_IEO_DIS_LO.wav
1011,ITH,Anger,Unspecified,1011_ITH_ANG_XX.wav
1004,ITH,Anger,Unspecified,1004_ITH_ANG_XX.wav
1065,TIE,Fear,Unspecified,1065_TIE_FEA_XX.wav
1070,TIE,Fear,Unspecified,1070_TIE_FEA_XX.wav
1044,TIE,Happy,Unspecified,1044_TIE_HAP_XX.wav
1051,TIE,Happy,Unspecified,1051_TIE_HAP_XX.wav
1069,MTI,Sad,Unspecified,1069_MTI_SAD_XX.wav
1079,IOM,Neutral,Unspecified,1079_IOM_NEU_XX.wav
1081,TSI,Neutral,Unspecified,1081_TSI_NEU_XX.wav
1087,TAI,Sad,Unspecified,1087_TAI_SAD_XX.wav
1082,IEO,Fear,Medium,1082_IEO_FEA_MD.wav
1037,TSI,Disgust,Unspecified,1037_TSI_DIS_XX.wav
1022,TSI,Disgust,Unspecified,1022_TSI_DIS_XX.wav
1006,TAI,Disgust,Unspecified,1006_TAI_DIS_XX.wav
1013,TAI,Disgust,Unspecified,1013_TAI_DIS_XX.wav
1086,IEO,Fear,High,1086_IEO_FEA_HI.wav
1080,TAI,Fear,Unspecified,1080_TAI_FEA_XX.wav
1015,IEO,Disgust,High,1015_IEO_DIS_HI.wav
1085,IEO,Sad,Medium,1085_IEO_SAD_MD.wav
1090,IEO,Sad,Medium,1090_IEO_SAD_MD.wav
1004,IEO,Disgust,Medium,1004_IEO_DIS_MD.wav
1049,IOM,Fear,Unspecified,1049_IOM_FEA_XX.wav
1011,IEO,Disgust,Medium,1011_IEO_DIS_MD.wav
1050,IWL,Disgust,Unspecified,1050_IWL_DIS_XX.wav
1068,IOM,Happy,Unspecified,1068_IOM_HAP_XX.wav
1090,TSI,Happy,Unspecified,1090_TSI_HAP_XX.wav
1085,TSI,Happy,Unspecified,1085_TSI_HAP_XX.wav
1081,IEO,Sad,High,1081_IEO_SAD_HI.wav
1045,IWL,Disgust,Unspecified,1045_IWL_DIS_XX.wav
1069,TAI,Anger,Unspecified,1069_TAI_ANG_XX.wav
1070,ITS,Sad,Unspecified,1070_ITS_SAD_XX.wav
1065,ITS,Sad,Unspecified,1065_ITS_SAD_XX.wav
1058,TSI,Anger,Unspecified,1058_TSI_ANG_XX.wav
1077,ITS,Fear,Unspecified,1077_ITS_FEA_XX.wav
1062,ITS,Fear,Unspecified,1062_ITS_FEA_XX.wav
1068,IWL,Neutral,Unspecified,1068_IWL_NEU_XX.wav
1056,ITS,Happy,Unspecified,1056_ITS_HAP_XX.wav
1043,ITS,Happy,Unspecified,1043_ITS_HAP_XX.wav
1066,MTI,Disgust,Unspecified,1066_MTI_DIS_XX.wav
1073,MTI,Disgust,Unspecified,1073_MTI_DIS_XX.wav
1087,MTI,Anger,Unspecified,1087_MTI_ANG_XX.wav
1010,ITS,Anger,Unspecified,1010_ITS_ANG_XX.wav
1005,ITS,Anger,Unspecified,1005_ITS_ANG_XX.wav
1041,IOM,Disgust,Unspecified,1041_IOM_DIS_XX.wav
1079,IWL,Happy,Unspecified,1079_IWL_HAP_XX.wav
1054,IOM,Disgust,Unspecified,1054_IOM_DIS_XX.wav
1019,IEO,Fear,Medium,1019_IEO_FEA_MD.wav
1052,ITS,Neutral,Unspecified,1052_ITS_NEU_XX.wav
1009,TAI,Sad,Unspecified,1009_TAI_SAD_XX.wav
1058,IWL,Fear,Unspecified,1058_IWL_FEA_XX.wav
1038,IEO,Happy,Medium,1038_IEO_HAP_MD.wav
1047,ITS,Neutral,Unspecified,1047_ITS_NEU_XX.wav
1088,TAI,Disgust,Unspecified,1088_TAI_DIS_XX.wav
1008,IEO,Fear,High,1008_IEO_FEA_HI.wav
1038,TSI,Sad,Unspecified,1038_TSI_SAD_XX.wav
1029,IEO,Happy,High,1029_IEO_HAP_HI.wav
1009,WSI,Anger,Unspecified,1009_WSI_ANG_XX.wav
1069,DFA,Sad,Unspecified,1069_DFA_SAD_XX.wav
1058,IEO,Anger,Low,1058_IEO_ANG_LO.wav
1038,IEO,Sad,Low,1038_IEO_SAD_LO.wav
1069,WSI,Sad,Unspecified,1069_WSI_SAD_XX.wav
1078,TIE,Disgust,Unspecified,1078_TIE_DIS_XX.wav
1009,DFA,Anger,Unspecified,1009_DFA_ANG_XX.wav
1051,IWW,Disgust,Unspecified,1051_IWW_DIS_XX.wav
1044,IWW,Disgust,Unspecified,1044_IWW_DIS_XX.wav
1012,ITH,Fear,Unspecified,1012_ITH_FEA_XX.wav
1018,IWW,Neutral,Unspecified,1018_IWW_NEU_XX.wav
1007,ITH,Fear,Unspecified,1007_ITH_FEA_XX.wav
1033,ITH,Happy,Unspecified,1033_ITH_HAP_XX.wav
1002,DFA,Disgust,Unspecified,1002_DFA_DIS_XX.wav
1017,DFA,Disgust,Unspecified,1017_DFA_DIS_XX.wav
1026,ITH,Happy,Unspecified,1026_ITH_HAP_XX.wav
1083,DFA,Sad,Unspecified,1083_DFA_SAD_XX.wav
1024,TIE,Neutral,Unspecified,1024_TIE_NEU_XX.wav
1031,TIE,Neutral,Unspecified,1031_TIE_NEU_XX.wav
1066,TIE,Anger,Unspecified,1066_TIE_ANG_XX.wav
1073,TIE,Anger,Unspecified,1073_TIE_ANG_XX.wav
1015,ITH,Sad,Unspecified,1015_ITH_SAD_XX.wav
1006,IEO,Neutral,Unspecified,1006_IEO_NEU_XX.wav
1013,IEO,Neutral,Unspecified,1013_IEO_NEU_XX.wav
1084,DFA,Fear,Unspecified,1084_DFA_FEA_XX.wav
1091,DFA,Fear,Unspecified,1091_DFA_FEA_XX.wav
1081,ITH,Disgust,Unspecified,1081_ITH_DIS_XX.wav
1091,WSI,Fear,Unspecified,1091_WSI_FEA_XX.wav
1084,WSI,Fear,Unspecified,1084_WSI_FEA_XX.wav
1009,IWW,Happy,Unspecified,1009_IWW_HAP_XX.wav
1037,ITH,Neutral,Unspecified,1037_ITH_NEU_XX.wav
1022,ITH,Neutral,Unspecified,1022_ITH_NEU_XX.wav
1028,IWW,Fear,Unspecified,1028_IWW_FEA_XX.wav
1075,ITH,Anger,Unspecified,1075_ITH_ANG_XX.wav
1060,ITH,Anger,Unspecified,1060_ITH_ANG_XX.wav
1053,IEO,Disgust,Low,1053_IEO_DIS_LO.wav
1046,IEO,Disgust,Low,1046_IEO_DIS_LO.wav
1020,TIE,Happy,Unspecified,1020_TIE_HAP_XX.wav
1035,TIE,Happy,Unspecified,1035_TIE_HAP_XX.wav
1001,TIE,Fear,Unspecified,1001_TIE_FEA_XX.wav
1014,TIE,Fear,Unspecified,1014_TIE_FEA_XX.wav
1087,TIE,Disgust,Unspecified,1087_TIE_DIS_XX.wav
1083,WSI,Sad,Unspecified,1083_WSI_SAD_XX.wav
1017,WSI,Disgust,Unspecified,1017_WSI_DIS_XX.wav
1006,TIE,Sad,Unspecified,1006_TIE_SAD_XX.wav
1002,WSI,Disgust,Unspecified,1002_WSI_DIS_XX.wav
1013,TIE,Sad,Unspecified,1013_TIE_SAD_XX.wav
1083,TAI,Anger,Unspecified,1083_TAI_ANG_XX.wav
1008,IOM,Neutral,Unspecified,1008_IOM_NEU_XX.wav
1081,IEO,Anger,Medium,1081_IEO_ANG_MD.wav
1018,MTI,Sad,Unspecified,1018_MTI_SAD_XX.wav
1082,IWL,Neutral,Unspecified,1082_IWL_NEU_XX.wav
1088,ITS,Fear,Unspecified,1088_ITS_FEA_XX.wav
1090,IEO,Anger,High,1090_IEO_ANG_HI.wav
1085,IEO,Anger,High,1085_IEO_ANG_HI.wav
1078,MTI,Anger,Unspecified,1078_MTI_ANG_XX.wav
1071,IEO,Disgust,High,1071_IEO_DIS_HI.wav
1064,IEO,Disgust,High,1064_IEO_DIS_HI.wav
1034,IWL,Disgust,Unspecified,1034_IWL_DIS_XX.wav
1021,IWL,Disgust,Unspecified,1021_IWL_DIS_XX.wav
1019,IOM,Happy,Unspecified,1019_IOM_HAP_XX.wav
1060,IEO,Disgust,Medium,1060_IEO_DIS_MD.wav
1038,IOM,Fear,Unspecified,1038_IOM_FEA_XX.wav
1075,IEO,Disgust,Medium,1075_IEO_DIS_MD.wav
1053,TSI,Disgust,Unspecified,1053_TSI_DIS_XX.wav
1086,IWL,Happy,Unspecified,1086_IWL_HAP_XX.wav
1046,TSI,Disgust,Unspecified,1046_TSI_DIS_XX.wav
1062,TAI,Disgust,Unspecified,1062_TAI_DIS_XX.wav
1077,TAI,Disgust,Unspecified,1077_TAI_DIS_XX.wav
1032,ITS,Happy,Unspecified,1032_ITS_HAP_XX.wav
1027,ITS,Happy,Unspecified,1027_ITS_HAP_XX.wav
1013,ITS,Fear,Unspecified,1013_ITS_FEA_XX.wav
1019,IWL,Neutral,Unspecified,1019_IWL_NEU_XX.wav
1006,ITS,Fear,Unspecified,1006_ITS_FEA_XX.wav
1083,MTI,Sad,Unspecified,1083_MTI_SAD_XX.wav
1002,MTI,Disgust,Unspecified,1002_MTI_DIS_XX.wav
1017,MTI,Disgust,Unspecified,1017_MTI_DIS_XX.wav
1018,TAI,Anger,Unspecified,1018_TAI_ANG_XX.wav
1084,MTI,Fear,Unspecified,1084_MTI_FEA_XX.wav
1091,MTI,Fear,Unspecified,1091_MTI_FEA_XX.wav
1014,ITS,Sad,Unspecified,1014_ITS_SAD_XX.wav
1001,ITS,Sad,Unspecified,1001_ITS_SAD_XX.wav
1080,ITS,Disgust,Unspecified,1080_ITS_DIS_XX.wav
1086,IOM,Neutral,Unspecified,1086_IOM_NEU_XX.wav
1029,TSI,Anger,Unspecified,1029_TSI_ANG_XX.wav
1074,ITS,Anger,Unspecified,1074_ITS_ANG_XX.wav
1061,ITS,Anger,Unspecified,1061_ITS_ANG_XX.wav
1036,ITS,Neutral,Unspecified,1036_ITS_NEU_XX.wav
1049,IEO,Happy,Medium,1049_IEO_HAP_MD.wav
1023,ITS,Neutral,Unspecified,1023_ITS_NEU_XX.wav
1078,TAI,Sad,Unspecified,1078_TAI_SAD_XX.wav
1029,IWL,Fear,Unspecified,1029_IWL_FEA_XX.wav
1068,IEO,Fear,Medium,1068_IEO_FEA_MD.wav
1025,IOM,Disgust,Unspecified,1025_IOM_DIS_XX.wav
1030,IOM,Disgust,Unspecified,1030_IOM_DIS_XX.wav
1008,IWL,Happy,Unspecified,1008_IWL_HAP_XX.wav
1058,IEO,Happy,High,1058_IEO_HAP_HI.wav
1049,TSI,Sad,Unspecified,1049_TSI_SAD_XX.wav
1079,IEO,Fear,High,1079_IEO_FEA_HI.wav
1082,IOM,Happy,Unspecified,1082_IOM_HAP_XX.wav
1088,IEO,Neutral,Unspecified,1088_IEO_NEU_XX.wav
1029,IEO,Anger,Low,1029_IEO_ANG_LO.wav
1083,IWW,Neutral,Unspecified,1083_IWW_NEU_XX.wav
1089,ITH,Fear,Unspecified,1089_ITH_FEA_XX.wav
1078,WSI,Anger,Unspecified,1078_WSI_ANG_XX.wav
1018,DFA,Sad,Unspecified,1018_DFA_SAD_XX.wav
1018,WSI,Sad,Unspecified,1018_WSI_SAD_XX.wav
1009,TIE,Disgust,Unspecified,1009_TIE_DIS_XX.wav
1078,DFA,Anger,Unspecified,1078_DFA_ANG_XX.wav
1088,TIE,Sad,Unspecified,1088_TIE_SAD_XX.wav
1035,IWW,Disgust,Unspecified,1035_IWW_DIS_XX.wav
1020,IWW,Disgust,Unspecified,1020_IWW_DIS_XX.wav
1087,IWW,Happy,Unspecified,1087_IWW_HAP_XX.wav
1049,IEO,Sad,Low,1049_IEO_SAD_LO.wav
1039,IEO,Sad,Low,1039_IEO_SAD_LO.wav
1045,IWW,Disgust,Unspecified,1045_IWW_DIS_XX.wav
1050,IWW,Disgust,Unspecified,1050_IWW_DIS_XX.wav
1008,DFA,Anger,Unspecified,1008_DFA_ANG_XX.wav
1068,WSI,Sad,Unspecified,1068_WSI_SAD_XX.wav
1079,TIE,Disgust,Unspecified,1079_TIE_DIS_XX.wav
1068,DFA,Sad,Unspecified,1068_DFA_SAD_XX.wav
1059,IEO,Anger,Low,1059_IEO_ANG_LO.wav
1086,MTI,Anger,Unspecified,1086_MTI_ANG_XX.wav
1028,IEO,Happy,High,1028_IEO_HAP_HI.wav
1039,TSI,Sad,Unspecified,1039_TSI_SAD_XX.wav
1009,IEO,Fear,High,1009_IEO_FEA_HI.wav
1089,TAI,Disgust,Unspecified,1089_TAI_DIS_XX.wav
1039,IEO,Happy,Medium,1039_IEO_HAP_MD.wav
1046,ITS,Neutral,Unspecified,1046_ITS_NEU_XX.wav
1053,ITS,Neutral,Unspecified,1053_ITS_NEU_XX.wav
1008,TAI,Sad,Unspecified,1008_TAI_SAD_XX.wav
1059,IWL,Fear,Unspecified,1059_IWL_FEA_XX.wav
1055,IOM,Disgust,Unspecified,1055_IOM_DIS_XX.wav
1018,IEO,Fear,Medium,1018_IEO_FEA_MD.wav
1040,IOM,Disgust,Unspecified,1040_IOM_DIS_XX.wav
1078,IWL,Happy,Unspecified,1078_IWL_HAP_XX.wav
1004,ITS,Anger,Unspecified,1004_ITS_ANG_XX.wav
1011,ITS,Anger,Unspecified,1011_ITS_ANG_XX.wav
1059,TSI,Anger,Unspecified,1059_TSI_ANG_XX.wav
1064,ITS,Sad,Unspecified,1064_ITS_SAD_XX.wav
1071,ITS,Sad,Unspecified,1071_ITS_SAD_XX.wav
1068,TAI,Anger,Unspecified,1068_TAI_ANG_XX.wav
1072,MTI,Disgust,Unspecified,1072_MTI_DIS_XX.wav
1067,MTI,Disgust,Unspecified,1067_MTI_DIS_XX.wav
1042,ITS,Happy,Unspecified,1042_ITS_HAP_XX.wav
1057,ITS,Happy,Unspecified,1057_ITS_HAP_XX.wav
1063,ITS,Fear,Unspecified,1063_ITS_FEA_XX.wav
1069,IWL,Neutral,Unspecified,1069_IWL_NEU_XX.wav
1076,ITS,Fear,Unspecified,1076_ITS_FEA_XX.wav
1012,TAI,Disgust,Unspecified,1012_TAI_DIS_XX.wav
1087,IEO,Fear,High,1087_IEO_FEA_HI.wav
1007,TAI,Disgust,Unspecified,1007_TAI_DIS_XX.wav
1023,TSI,Disgust,Unspecified,1023_TSI_DIS_XX.wav
1083,IEO,Fear,Medium,1083_IEO_FEA_MD.wav
1036,TSI,Disgust,Unspecified,1036_TSI_DIS_XX.wav
1086,TAI,Sad,Unspecified,1086_TAI_SAD_XX.wav
1084,TSI,Happy,Unspecified,1084_TSI_HAP_XX.wav
1080,IEO,Sad,High,1080_IEO_SAD_HI.wav
1044,IWL,Disgust,Unspecified,1044_IWL_DIS_XX.wav
1051,IWL,Disgust,Unspecified,1051_IWL_DIS_XX.wav
1069,IOM,Happy,Unspecified,1069_IOM_HAP_XX.wav
1091,TSI,Happy,Unspecified,1091_TSI_HAP_XX.wav
1010,IEO,Disgust,Medium,1010_IEO_DIS_MD.wav
1005,IEO,Disgust,Medium,1005_IEO_DIS_MD.wav
1048,IOM,Fear,Unspecified,1048_IOM_FEA_XX.wav
1091,IEO,Sad,Medium,1091_IEO_SAD_MD.wav
1084,IEO,Sad,Medium,1084_IEO_SAD_MD.wav
1008,MTI,Anger,Unspecified,1008_MTI_ANG_XX.wav
1001,IEO,Disgust,High,1001_IEO_DIS_HI.wav
1081,TAI,Fear,Unspecified,1081_TAI_FEA_XX.wav
1014,IEO,Disgust,High,1014_IEO_DIS_HI.wav
1068,MTI,Sad,Unspecified,1068_MTI_SAD_XX.wav
1078,IOM,Neutral,Unspecified,1078_IOM_NEU_XX.wav
1080,TSI,Neutral,Unspecified,1080_TSI_NEU_XX.wav
1086,DFA,Anger,Unspecified,1086_DFA_ANG_XX.wav
1084,IEO,Happy,Low,1084_IEO_HAP_LO.wav
1091,IEO,Happy,Low,1091_IEO_HAP_LO.wav
1067,WSI,Disgust,Unspecified,1067_WSI_DIS_XX.wav
1076,TIE,Sad,Unspecified,1076_TIE_SAD_XX.wav
1072,WSI,Disgust,Unspecified,1072_WSI_DIS_XX.wav
1063,TIE,Sad,Unspecified,1063_TIE_SAD_XX.wav
1050,TIE,Happy,Unspecified,1050_TIE_HAP_XX.wav
1045,TIE,Happy,Unspecified,1045_TIE_HAP_XX.wav
1071,TIE,Fear,Unspecified,1071_TIE_FEA_XX.wav
1064,TIE,Fear,Unspecified,1064_TIE_FEA_XX.wav
1005,ITH,Anger,Unspecified,1005_ITH_ANG_XX.wav
1010,ITH,Anger,Unspecified,1010_ITH_ANG_XX.wav
1023,IEO,Disgust,Low,1023_IEO_DIS_LO.wav
1036,IEO,Disgust,Low,1036_IEO_DIS_LO.wav
1079,IWW,Happy,Unspecified,1079_IWW_HAP_XX.wav
1047,ITH,Neutral,Unspecified,1047_ITH_NEU_XX.wav
1052,ITH,Neutral,Unspecified,1052_ITH_NEU_XX.wav
1058,IWW,Fear,Unspecified,1058_IWW_FEA_XX.wav
1076,IEO,Neutral,Unspecified,1076_IEO_NEU_XX.wav
1063,IEO,Neutral,Unspecified,1063_IEO_NEU_XX.wav
1065,ITH,Sad,Unspecified,1065_ITH_SAD_XX.wav
1070,ITH,Sad,Unspecified,1070_ITH_SAD_XX.wav
1016,TIE,Anger,Unspecified,1016_TIE_ANG_XX.wav
1003,TIE,Anger,Unspecified,1003_TIE_ANG_XX.wav
1054,TIE,Neutral,Unspecified,1054_TIE_NEU_XX.wav
1041,TIE,Neutral,Unspecified,1041_TIE_NEU_XX.wav
1062,ITH,Fear,Unspecified,1062_ITH_FEA_XX.wav
1068,IWW,Neutral,Unspecified,1068_IWW_NEU_XX.wav
1077,ITH,Fear,Unspecified,1077_ITH_FEA_XX.wav
1043,ITH,Happy,Unspecified,1043_ITH_HAP_XX.wav
1072,DFA,Disgust,Unspecified,1072_DFA_DIS_XX.wav
1067,DFA,Disgust,Unspecified,1067_DFA_DIS_XX.wav
1056,ITH,Happy,Unspecified,1056_ITH_HAP_XX.wav
1086,WSI,Anger,Unspecified,1086_WSI_ANG_XX.wav
1021,IWW,Disgust,Unspecified,1021_IWW_DIS_XX.wav
1034,IWW,Disgust,Unspecified,1034_IWW_DIS_XX.wav
1089,TIE,Sad,Unspecified,1089_TIE_SAD_XX.wav
1079,DFA,Anger,Unspecified,1079_DFA_ANG_XX.wav
1019,WSI,Sad,Unspecified,1019_WSI_SAD_XX.wav
1008,TIE,Disgust,Unspecified,1008_TIE_DIS_XX.wav
1048,IEO,Sad,Low,1048_IEO_SAD_LO.wav
1086,IWW,Happy,Unspecified,1086_IWW_HAP_XX.wav
1028,IEO,Anger,Low,1028_IEO_ANG_LO.wav
1089,IEO,Neutral,Unspecified,1089_IEO_NEU_XX.wav
1019,DFA,Sad,Unspecified,1019_DFA_SAD_XX.wav
1079,WSI,Anger,Unspecified,1079_WSI_ANG_XX.wav
1082,IWW,Neutral,Unspecified,1082_IWW_NEU_XX.wav
1088,ITH,Fear,Unspecified,1088_ITH_FEA_XX.wav
1078,IEO,Fear,High,1078_IEO_FEA_HI.wav
1048,TSI,Sad,Unspecified,1048_TSI_SAD_XX.wav
1059,IEO,Happy,High,1059_IEO_HAP_HI.wav
1031,IOM,Disgust,Unspecified,1031_IOM_DIS_XX.wav
1009,IWL,Happy,Unspecified,1009_IWL_HAP_XX.wav
1069,IEO,Fear,Medium,1069_IEO_FEA_MD.wav
1024,IOM,Disgust,Unspecified,1024_IOM_DIS_XX.wav
1022,ITS,Neutral,Unspecified,1022_ITS_NEU_XX.wav
1079,TAI,Sad,Unspecified,1079_TAI_SAD_XX.wav
1028,IWL,Fear,Unspecified,1028_IWL_FEA_XX.wav
1037,ITS,Neutral,Unspecified,1037_ITS_NEU_XX.wav
1048,IEO,Happy,Medium,1048_IEO_HAP_MD.wav
1060,ITS,Anger,Unspecified,1060_ITS_ANG_XX.wav
1075,ITS,Anger,Unspecified,1075_ITS_ANG_XX.wav
1083,IOM,Happy,Unspecified,1083_IOM_HAP_XX.wav
1016,MTI,Disgust,Unspecified,1016_MTI_DIS_XX.wav
1003,MTI,Disgust,Unspecified,1003_MTI_DIS_XX.wav
1082,MTI,Sad,Unspecified,1082_MTI_SAD_XX.wav
1007,ITS,Fear,Unspecified,1007_ITS_FEA_XX.wav
1012,ITS,Fear,Unspecified,1012_ITS_FEA_XX.wav
1018,IWL,Neutral,Unspecified,1018_IWL_NEU_XX.wav
1026,ITS,Happy,Unspecified,1026_ITS_HAP_XX.wav
1033,ITS,Happy,Unspecified,1033_ITS_HAP_XX.wav
1028,TSI,Anger,Unspecified,1028_TSI_ANG_XX.wav
1087,IOM,Neutral,Unspecified,1087_IOM_NEU_XX.wav
1081,ITS,Disgust,Unspecified,1081_ITS_DIS_XX.wav
1015,ITS,Sad,Unspecified,1015_ITS_SAD_XX.wav
1090,MTI,Fear,Unspecified,1090_MTI_FEA_XX.wav
1085,MTI,Fear,Unspecified,1085_MTI_FEA_XX.wav
1019,TAI,Anger,Unspecified,1019_TAI_ANG_XX.wav
1039,IOM,Fear,Unspecified,1039_IOM_FEA_XX.wav
1074,IEO,Disgust,Medium,1074_IEO_DIS_MD.wav
1061,IEO,Disgust,Medium,1061_IEO_DIS_MD.wav
1020,IWL,Disgust,Unspecified,1020_IWL_DIS_XX.wav
1018,IOM,Happy,Unspecified,1018_IOM_HAP_XX.wav
1035,IWL,Disgust,Unspecified,1035_IWL_DIS_XX.wav
1065,IEO,Disgust,High,1065_IEO_DIS_HI.wav
1070,IEO,Disgust,High,1070_IEO_DIS_HI.wav
1079,MTI,Anger,Unspecified,1079_MTI_ANG_XX.wav
1076,TAI,Disgust,Unspecified,1076_TAI_DIS_XX.wav
1063,TAI,Disgust,Unspecified,1063_TAI_DIS_XX.wav
1087,IWL,Happy,Unspecified,1087_IWL_HAP_XX.wav
1047,TSI,Disgust,Unspecified,1047_TSI_DIS_XX.wav
1052,TSI,Disgust,Unspecified,1052_TSI_DIS_XX.wav
1009,IOM,Neutral,Unspecified,1009_IOM_NEU_XX.wav
1082,TAI,Anger,Unspecified,1082_TAI_ANG_XX.wav
1084,IEO,Anger,High,1084_IEO_ANG_HI.wav
1091,IEO,Anger,High,1091_IEO_ANG_HI.wav
1083,IWL,Neutral,Unspecified,1083_IWL_NEU_XX.wav
1089,ITS,Fear,Unspecified,1089_ITS_FEA_XX.wav
1019,MTI,Sad,Unspecified,1019_MTI_SAD_XX.wav
1080,IEO,Anger,Medium,1080_IEO_ANG_MD.wav
1015,TIE,Fear,Unspecified,1015_TIE_FEA_XX.wav
1034,TIE,Happy,Unspecified,1034_TIE_HAP_XX.wav
1021,TIE,Happy,Unspecified,1021_TIE_HAP_XX.wav
1047,IEO,Disgust,Low,1047_IEO_DIS_LO.wav
1052,IEO,Disgust,Low,1052_IEO_DIS_LO.wav
1061,ITH,Anger,Unspecified,1061_ITH_ANG_XX.wav
1074,ITH,Anger,Unspecified,1074_ITH_ANG_XX.wav
1023,ITH,Neutral,Unspecified,1023_ITH_NEU_XX.wav
1029,IWW,Fear,Unspecified,1029_IWW_FEA_XX.wav
1036,ITH,Neutral,Unspecified,1036_ITH_NEU_XX.wav
1085,WSI,Fear,Unspecified,1085_WSI_FEA_XX.wav
1008,IWW,Happy,Unspecified,1008_IWW_HAP_XX.wav
1090,WSI,Fear,Unspecified,1090_WSI_FEA_XX.wav
1003,WSI,Disgust,Unspecified,1003_WSI_DIS_XX.wav
1012,TIE,Sad,Unspecified,1012_TIE_SAD_XX.wav
1016,WSI,Disgust,Unspecified,1016_WSI_DIS_XX.wav
1007,TIE,Sad,Unspecified,1007_TIE_SAD_XX.wav
1082,WSI,Sad,Unspecified,1082_WSI_SAD_XX.wav
1086,TIE,Disgust,Unspecified,1086_TIE_DIS_XX.wav
1072,TIE,Anger,Unspecified,1072_TIE_ANG_XX.wav
1067,TIE,Anger,Unspecified,1067_TIE_ANG_XX.wav
1030,TIE,Neutral,Unspecified,1030_TIE_NEU_XX.wav
1082,DFA,Sad,Unspecified,1082_DFA_SAD_XX.wav
1025,TIE,Neutral,Unspecified,1025_TIE_NEU_XX.wav
1016,DFA,Disgust,Unspecified,1016_DFA_DIS_XX.wav
1027,ITH,Happy,Unspecified,1027_ITH_HAP_XX.wav
1032,ITH,Happy,Unspecified,1032_ITH_HAP_XX.wav
1003,DFA,Disgust,Unspecified,1003_DFA_DIS_XX.wav
1006,ITH,Fear,Unspecified,1006_ITH_FEA_XX.wav
1013,ITH,Fear,Unspecified,1013_ITH_FEA_XX.wav
1019,IWW,Neutral,Unspecified,1019_IWW_NEU_XX.wav
1080,ITH,Disgust,Unspecified,1080_ITH_DIS_XX.wav
1090,DFA,Fear,Unspecified,1090_DFA_FEA_XX.wav
1085,DFA,Fear,Unspecified,1085_DFA_FEA_XX.wav
1012,IEO,Neutral,Unspecified,1012_IEO_NEU_XX.wav
1007,IEO,Neutral,Unspecified,1007_IEO_NEU_XX.wav
1001,ITH,Sad,Unspecified,1001_ITH_SAD_XX.wav
1014,ITH,Sad,Unspecified,1014_ITH_SAD_XX.wav
1038,TIE,Neutral,Unspecified,1038_TIE_NEU_XX.wav
1011,IWW,Neutral,Unspecified,1011_IWW_NEU_XX.wav
1004,IWW,Neutral,Unspecified,1004_IWW_NEU_XX.wav
1053,IWW,Anger,Unspecified,1053_IWW_ANG_XX.wav
1046,IWW,Anger,Unspecified,1046_IWW_ANG_XX.wav
1088,ITH,Disgust,Unspecified,1088_ITH_DIS_XX.wav
1009,ITH,Sad,Unspecified,1009_ITH_SAD_XX.wav
1029,TIE,Happy,Unspecified,1029_TIE_HAP_XX.wav
1008,TIE,Fear,Unspecified,1008_TIE_FEA_XX.wav
1069,ITH,Anger,Unspecified,1069_ITH_ANG_XX.wav
1015,IWW,Happy,Unspecified,1015_IWW_HAP_XX.wav
1034,IWW,Fear,Unspecified,1034_IWW_FEA_XX.wav
1021,IWW,Fear,Unspecified,1021_IWW_FEA_XX.wav
1033,IWW,Sad,Unspecified,1033_IWW_SAD_XX.wav
1026,IWW,Sad,Unspecified,1026_IWW_SAD_XX.wav
1001,IOM,Neutral,Unspecified,1001_IOM_NEU_XX.wav
1014,IOM,Neutral,Unspecified,1014_IOM_NEU_XX.wav
1012,ITS,Disgust,Unspecified,1012_ITS_DIS_XX.wav
1007,ITS,Disgust,Unspecified,1007_ITS_DIS_XX.wav
1043,IOM,Anger,Unspecified,1043_IOM_ANG_XX.wav
1056,IOM,Anger,Unspecified,1056_IOM_ANG_XX.wav
1003,MTI,Fear,Unspecified,1003_MTI_FEA_XX.wav
1016,MTI,Fear,Unspecified,1016_MTI_FEA_XX.wav
1022,MTI,Happy,Unspecified,1022_MTI_HAP_XX.wav
1037,MTI,Happy,Unspecified,1037_MTI_HAP_XX.wav
1086,ITS,Sad,Unspecified,1086_ITS_SAD_XX.wav
1085,MTI,Disgust,Unspecified,1085_MTI_DIS_XX.wav
1090,MTI,Disgust,Unspecified,1090_MTI_DIS_XX.wav
1081,ITS,Fear,Unspecified,1081_ITS_FEA_XX.wav
1088,IEO,Anger,Medium,1088_IEO_ANG_MD.wav
1004,MTI,Sad,Unspecified,1004_MTI_SAD_XX.wav
1011,MTI,Sad,Unspecified,1011_MTI_SAD_XX.wav
1005,IOM,Happy,Unspecified,1005_IOM_HAP_XX.wav
1028,IWL,Disgust,Unspecified,1028_IWL_DIS_XX.wav
1010,IOM,Happy,Unspecified,1010_IOM_HAP_XX.wav
1069,IEO,Disgust,Medium,1069_IEO_DIS_MD.wav
1024,IOM,Fear,Unspecified,1024_IOM_FEA_XX.wav
1031,IOM,Fear,Unspecified,1031_IOM_FEA_XX.wav
1064,MTI,Anger,Unspecified,1064_MTI_ANG_XX.wav
1071,MTI,Anger,Unspecified,1071_MTI_ANG_XX.wav
1078,IEO,Disgust,High,1078_IEO_DIS_HI.wav
1026,MTI,Neutral,Unspecified,1026_MTI_NEU_XX.wav
1033,MTI,Neutral,Unspecified,1033_MTI_NEU_XX.wav
1023,IOM,Sad,Unspecified,1023_IOM_SAD_XX.wav
1036,IOM,Sad,Unspecified,1036_IOM_SAD_XX.wav
1017,IEO,Anger,High,1017_IEO_ANG_HI.wav
1002,IEO,Anger,High,1002_IEO_ANG_HI.wav
1052,IWL,Anger,Unspecified,1052_IWL_ANG_XX.wav
1047,IWL,Anger,Unspecified,1047_IWL_ANG_XX.wav
1006,IEO,Anger,Medium,1006_IEO_ANG_MD.wav
1013,IEO,Anger,Medium,1013_IEO_ANG_MD.wav
1010,IWL,Neutral,Unspecified,1010_IWL_NEU_XX.wav
1005,IWL,Neutral,Unspecified,1005_IWL_NEU_XX.wav
1035,TSI,Anger,Unspecified,1035_TSI_ANG_XX.wav
1020,TSI,Anger,Unspecified,1020_TSI_ANG_XX.wav
1089,ITS,Disgust,Unspecified,1089_ITS_DIS_XX.wav
1077,TSI,Neutral,Unspecified,1077_TSI_NEU_XX.wav
1062,TSI,Neutral,Unspecified,1062_TSI_NEU_XX.wav
1046,TAI,Neutral,Unspecified,1046_TAI_NEU_XX.wav
1008,ITS,Sad,Unspecified,1008_ITS_SAD_XX.wav
1053,TAI,Neutral,Unspecified,1053_TAI_NEU_XX.wav
1004,TAI,Anger,Unspecified,1004_TAI_ANG_XX.wav
1011,TAI,Anger,Unspecified,1011_TAI_ANG_XX.wav
1055,TSI,Sad,Unspecified,1055_TSI_SAD_XX.wav
1051,IEO,Happy,High,1051_IEO_HAP_HI.wav
1044,IEO,Happy,High,1044_IEO_HAP_HI.wav
1040,TSI,Sad,Unspecified,1040_TSI_SAD_XX.wav
1070,IEO,Fear,High,1070_IEO_FEA_HI.wav
1065,IEO,Fear,High,1065_IEO_FEA_HI.wav
1035,IWL,Fear,Unspecified,1035_IWL_FEA_XX.wav
1064,TAI,Sad,Unspecified,1064_TAI_SAD_XX.wav
1040,IEO,Happy,Medium,1040_IEO_HAP_MD.wav
1055,IEO,Happy,Medium,1055_IEO_HAP_MD.wav
1071,TAI,Sad,Unspecified,1071_TAI_SAD_XX.wav
1020,IWL,Fear,Unspecified,1020_IWL_FEA_XX.wav
1061,IEO,Fear,Medium,1061_IEO_FEA_MD.wav
1014,IWL,Happy,Unspecified,1014_IWL_HAP_XX.wav
1039,IOM,Disgust,Unspecified,1039_IOM_DIS_XX.wav
1001,IWL,Happy,Unspecified,1001_IWL_HAP_XX.wav
1074,IEO,Fear,Medium,1074_IEO_FEA_MD.wav
1068,ITS,Anger,Unspecified,1068_ITS_ANG_XX.wav
1052,TSI,Fear,Unspecified,1052_TSI_FEA_XX.wav
1047,TSI,Fear,Unspecified,1047_TSI_FEA_XX.wav
1077,IEO,Sad,High,1077_IEO_SAD_HI.wav
1073,TSI,Happy,Unspecified,1073_TSI_HAP_XX.wav
1066,TSI,Happy,Unspecified,1066_TSI_HAP_XX.wav
1062,IEO,Sad,High,1062_IEO_SAD_HI.wav
1063,TAI,Fear,Unspecified,1063_TAI_FEA_XX.wav
1032,IWL,Sad,Unspecified,1032_IWL_SAD_XX.wav
1027,IWL,Sad,Unspecified,1027_IWL_SAD_XX.wav
1076,TAI,Fear,Unspecified,1076_TAI_FEA_XX.wav
1066,IEO,Sad,Medium,1066_IEO_SAD_MD.wav
1042,TAI,Happy,Unspecified,1042_TAI_HAP_XX.wav
1057,TAI,Happy,Unspecified,1057_TAI_HAP_XX.wav
1073,IEO,Sad,Medium,1073_IEO_SAD_MD.wav
1022,DFA,Happy,Unspecified,1022_DFA_HAP_XX.wav
1013,ITH,Disgust,Unspecified,1013_ITH_DIS_XX.wav
1006,ITH,Disgust,Unspecified,1006_ITH_DIS_XX.wav
1037,DFA,Happy,Unspecified,1037_DFA_HAP_XX.wav
1003,DFA,Fear,Unspecified,1003_DFA_FEA_XX.wav
1035,IEO,Anger,Low,1035_IEO_ANG_LO.wav
1020,IEO,Anger,Low,1020_IEO_ANG_LO.wav
1016,DFA,Fear,Unspecified,1016_DFA_FEA_XX.wav
1087,ITH,Sad,Unspecified,1087_ITH_SAD_XX.wav
1081,IEO,Neutral,Unspecified,1081_IEO_NEU_XX.wav
1004,DFA,Sad,Unspecified,1004_DFA_SAD_XX.wav
1011,DFA,Sad,Unspecified,1011_DFA_SAD_XX.wav
1071,WSI,Anger,Unspecified,1071_WSI_ANG_XX.wav
1064,WSI,Anger,Unspecified,1064_WSI_ANG_XX.wav
1085,DFA,Disgust,Unspecified,1085_DFA_DIS_XX.wav
1033,WSI,Neutral,Unspecified,1033_WSI_NEU_XX.wav
1026,WSI,Neutral,Unspecified,1026_WSI_NEU_XX.wav
1090,DFA,Disgust,Unspecified,1090_DFA_DIS_XX.wav
1080,ITH,Fear,Unspecified,1080_ITH_FEA_XX.wav
1026,DFA,Neutral,Unspecified,1026_DFA_NEU_XX.wav
1081,TIE,Sad,Unspecified,1081_TIE_SAD_XX.wav
1090,WSI,Disgust,Unspecified,1090_WSI_DIS_XX.wav
1085,WSI,Disgust,Unspecified,1085_WSI_DIS_XX.wav
1033,DFA,Neutral,Unspecified,1033_DFA_NEU_XX.wav
1029,IWW,Disgust,Unspecified,1029_IWW_DIS_XX.wav
1073,IEO,Happy,Low,1073_IEO_HAP_LO.wav
1066,IEO,Happy,Low,1066_IEO_HAP_LO.wav
1064,DFA,Anger,Unspecified,1064_DFA_ANG_XX.wav
1052,IEO,Fear,Low,1052_IEO_FEA_LO.wav
1047,IEO,Fear,Low,1047_IEO_FEA_LO.wav
1071,DFA,Anger,Unspecified,1071_DFA_ANG_XX.wav
1011,WSI,Sad,Unspecified,1011_WSI_SAD_XX.wav
1004,WSI,Sad,Unspecified,1004_WSI_SAD_XX.wav
1015,TIE,Disgust,Unspecified,1015_TIE_DIS_XX.wav
1055,IEO,Sad,Low,1055_IEO_SAD_LO.wav
1040,IEO,Sad,Low,1040_IEO_SAD_LO.wav
1086,TIE,Fear,Unspecified,1086_TIE_FEA_XX.wav
1037,WSI,Happy,Unspecified,1037_WSI_HAP_XX.wav
1022,WSI,Happy,Unspecified,1022_WSI_HAP_XX.wav
1016,WSI,Fear,Unspecified,1016_WSI_FEA_XX.wav
1003,WSI,Fear,Unspecified,1003_WSI_FEA_XX.wav
1078,ITH,Sad,Unspecified,1078_ITH_SAD_XX.wav
1049,TIE,Neutral,Unspecified,1049_TIE_NEU_XX.wav
1075,IWW,Neutral,Unspecified,1075_IWW_NEU_XX.wav
1060,IWW,Neutral,Unspecified,1060_IWW_NEU_XX.wav
1037,IWW,Anger,Unspecified,1037_IWW_ANG_XX.wav
1022,IWW,Anger,Unspecified,1022_IWW_ANG_XX.wav
1057,IWW,Sad,Unspecified,1057_IWW_SAD_XX.wav
1042,IWW,Sad,Unspecified,1042_IWW_SAD_XX.wav
1079,TIE,Fear,Unspecified,1079_TIE_FEA_XX.wav
1058,TIE,Happy,Unspecified,1058_TIE_HAP_XX.wav
1018,ITH,Anger,Unspecified,1018_ITH_ANG_XX.wav
1050,IWW,Fear,Unspecified,1050_IWW_FEA_XX.wav
1045,IWW,Fear,Unspecified,1045_IWW_FEA_XX.wav
1071,IWW,Happy,Unspecified,1071_IWW_HAP_XX.wav
1064,IWW,Happy,Unspecified,1064_IWW_HAP_XX.wav
1060,MTI,Sad,Unspecified,1060_MTI_SAD_XX.wav
1075,MTI,Sad,Unspecified,1075_MTI_SAD_XX.wav
1076,ITS,Disgust,Unspecified,1076_ITS_DIS_XX.wav
1063,ITS,Disgust,Unspecified,1063_ITS_DIS_XX.wav
1065,IOM,Neutral,Unspecified,1065_IOM_NEU_XX.wav
1070,IOM,Neutral,Unspecified,1070_IOM_NEU_XX.wav
1088,TSI,Neutral,Unspecified,1088_TSI_NEU_XX.wav
1027,IOM,Anger,Unspecified,1027_IOM_ANG_XX.wav
1032,IOM,Anger,Unspecified,1032_IOM_ANG_XX.wav
1046,MTI,Happy,Unspecified,1046_MTI_HAP_XX.wav
1053,MTI,Happy,Unspecified,1053_MTI_HAP_XX.wav
1067,MTI,Fear,Unspecified,1067_MTI_FEA_XX.wav
1072,MTI,Fear,Unspecified,1072_MTI_FEA_XX.wav
1047,IOM,Sad,Unspecified,1047_IOM_SAD_XX.wav
1052,IOM,Sad,Unspecified,1052_IOM_SAD_XX.wav
1082,ITS,Anger,Unspecified,1082_ITS_ANG_XX.wav
1040,IOM,Fear,Unspecified,1040_IOM_FEA_XX.wav
1055,IOM,Fear,Unspecified,1055_IOM_FEA_XX.wav
1018,IEO,Disgust,Medium,1018_IEO_DIS_MD.wav
1059,IWL,Disgust,Unspecified,1059_IWL_DIS_XX.wav
1061,IOM,Happy,Unspecified,1061_IOM_HAP_XX.wav
1088,IEO,Sad,High,1088_IEO_SAD_HI.wav
1074,IOM,Happy,Unspecified,1074_IOM_HAP_XX.wav
1089,TAI,Fear,Unspecified,1089_TAI_FEA_XX.wav
1009,IEO,Disgust,High,1009_IEO_DIS_HI.wav
1015,MTI,Anger,Unspecified,1015_MTI_ANG_XX.wav
1042,MTI,Neutral,Unspecified,1042_MTI_NEU_XX.wav
1057,MTI,Neutral,Unspecified,1057_MTI_NEU_XX.wav
1051,TSI,Anger,Unspecified,1051_TSI_ANG_XX.wav
1044,TSI,Anger,Unspecified,1044_TSI_ANG_XX.wav
1013,TSI,Neutral,Unspecified,1013_TSI_NEU_XX.wav
1006,TSI,Neutral,Unspecified,1006_TSI_NEU_XX.wav
1079,ITS,Sad,Unspecified,1079_ITS_SAD_XX.wav
1022,TAI,Neutral,Unspecified,1022_TAI_NEU_XX.wav
1037,TAI,Neutral,Unspecified,1037_TAI_NEU_XX.wav
1060,TAI,Anger,Unspecified,1060_TAI_ANG_XX.wav
1075,TAI,Anger,Unspecified,1075_TAI_ANG_XX.wav
1073,IEO,Anger,High,1073_IEO_ANG_HI.wav
1066,IEO,Anger,High,1066_IEO_ANG_HI.wav
1062,IEO,Anger,Medium,1062_IEO_ANG_MD.wav
1077,IEO,Anger,Medium,1077_IEO_ANG_MD.wav
1036,IWL,Anger,Unspecified,1036_IWL_ANG_XX.wav
1023,IWL,Anger,Unspecified,1023_IWL_ANG_XX.wav
1074,IWL,Neutral,Unspecified,1074_IWL_NEU_XX.wav
1061,IWL,Neutral,Unspecified,1061_IWL_NEU_XX.wav
1013,IEO,Sad,High,1013_IEO_SAD_HI.wav
1017,TSI,Happy,Unspecified,1017_TSI_HAP_XX.wav
1002,TSI,Happy,Unspecified,1002_TSI_HAP_XX.wav
1006,IEO,Sad,High,1006_IEO_SAD_HI.wav
1036,TSI,Fear,Unspecified,1036_TSI_FEA_XX.wav
1083,IEO,Disgust,Medium,1083_IEO_DIS_MD.wav
1023,TSI,Fear,Unspecified,1023_TSI_FEA_XX.wav
1002,IEO,Sad,Medium,1002_IEO_SAD_MD.wav
1026,TAI,Happy,Unspecified,1026_TAI_HAP_XX.wav
1033,TAI,Happy,Unspecified,1033_TAI_HAP_XX.wav
1017,IEO,Sad,Medium,1017_IEO_SAD_MD.wav
1056,IWL,Sad,Unspecified,1056_IWL_SAD_XX.wav
1007,TAI,Fear,Unspecified,1007_TAI_FEA_XX.wav
1087,IEO,Disgust,High,1087_IEO_DIS_HI.wav
1012,TAI,Fear,Unspecified,1012_TAI_FEA_XX.wav
1043,IWL,Sad,Unspecified,1043_IWL_SAD_XX.wav
1014,IEO,Fear,High,1014_IEO_FEA_HI.wav
1081,TAI,Disgust,Unspecified,1081_TAI_DIS_XX.wav
1001,IEO,Fear,High,1001_IEO_FEA_HI.wav
1031,TSI,Sad,Unspecified,1031_TSI_SAD_XX.wav
1035,IEO,Happy,High,1035_IEO_HAP_HI.wav
1020,IEO,Happy,High,1020_IEO_HAP_HI.wav
1024,TSI,Sad,Unspecified,1024_TSI_SAD_XX.wav
1005,IEO,Fear,Medium,1005_IEO_FEA_MD.wav
1048,IOM,Disgust,Unspecified,1048_IOM_DIS_XX.wav
1070,IWL,Happy,Unspecified,1070_IWL_HAP_XX.wav
1065,IWL,Happy,Unspecified,1065_IWL_HAP_XX.wav
1010,IEO,Fear,Medium,1010_IEO_FEA_MD.wav
1051,IWL,Fear,Unspecified,1051_IWL_FEA_XX.wav
1024,IEO,Happy,Medium,1024_IEO_HAP_MD.wav
1031,IEO,Happy,Medium,1031_IEO_HAP_MD.wav
1044,IWL,Fear,Unspecified,1044_IWL_FEA_XX.wav
1015,TAI,Sad,Unspecified,1015_TAI_SAD_XX.wav
1019,ITS,Anger,Unspecified,1019_ITS_ANG_XX.wav
1060,DFA,Sad,Unspecified,1060_DFA_SAD_XX.wav
1075,DFA,Sad,Unspecified,1075_DFA_SAD_XX.wav
1085,TIE,Anger,Unspecified,1085_TIE_ANG_XX.wav
1090,TIE,Anger,Unspecified,1090_TIE_ANG_XX.wav
1015,WSI,Anger,Unspecified,1015_WSI_ANG_XX.wav
1057,WSI,Neutral,Unspecified,1057_WSI_NEU_XX.wav
1042,WSI,Neutral,Unspecified,1042_WSI_NEU_XX.wav
1051,IEO,Anger,Low,1051_IEO_ANG_LO.wav
1067,DFA,Fear,Unspecified,1067_DFA_FEA_XX.wav
1072,DFA,Fear,Unspecified,1072_DFA_FEA_XX.wav
1044,IEO,Anger,Low,1044_IEO_ANG_LO.wav
1077,ITH,Disgust,Unspecified,1077_ITH_DIS_XX.wav
1046,DFA,Happy,Unspecified,1046_DFA_HAP_XX.wav
1053,DFA,Happy,Unspecified,1053_DFA_HAP_XX.wav
1062,ITH,Disgust,Unspecified,1062_ITH_DIS_XX.wav
1031,IEO,Sad,Low,1031_IEO_SAD_LO.wav
1024,IEO,Sad,Low,1024_IEO_SAD_LO.wav
1072,WSI,Fear,Unspecified,1072_WSI_FEA_XX.wav
1067,WSI,Fear,Unspecified,1067_WSI_FEA_XX.wav
1053,WSI,Happy,Unspecified,1053_WSI_HAP_XX.wav
1046,WSI,Happy,Unspecified,1046_WSI_HAP_XX.wav
1083,ITH,Anger,Unspecified,1083_ITH_ANG_XX.wav
1058,IWW,Disgust,Unspecified,1058_IWW_DIS_XX.wav
1042,DFA,Neutral,Unspecified,1042_DFA_NEU_XX.wav
1057,DFA,Neutral,Unspecified,1057_DFA_NEU_XX.wav
1036,IEO,Fear,Low,1036_IEO_FEA_LO.wav
1015,DFA,Anger,Unspecified,1015_DFA_ANG_XX.wav
1023,IEO,Fear,Low,1023_IEO_FEA_LO.wav
1017,IEO,Happy,Low,1017_IEO_HAP_LO.wav
1002,IEO,Happy,Low,1002_IEO_HAP_LO.wav
1075,WSI,Sad,Unspecified,1075_WSI_SAD_XX.wav
1064,TIE,Disgust,Unspecified,1064_TIE_DIS_XX.wav
1060,WSI,Sad,Unspecified,1060_WSI_SAD_XX.wav
1071,TIE,Disgust,Unspecified,1071_TIE_DIS_XX.wav
1051,ITH,Happy,Unspecified,1051_ITH_HAP_XX.wav
1060,DFA,Disgust,Unspecified,1060_DFA_DIS_XX.wav
1075,DFA,Disgust,Unspecified,1075_DFA_DIS_XX.wav
1044,ITH,Happy,Unspecified,1044_ITH_HAP_XX.wav
1070,ITH,Fear,Unspecified,1070_ITH_FEA_XX.wav
1065,ITH,Fear,Unspecified,1065_ITH_FEA_XX.wav
1038,IWW,Anger,Unspecified,1038_IWW_ANG_XX.wav
1081,WSI,Anger,Unspecified,1081_WSI_ANG_XX.wav
1004,TIE,Anger,Unspecified,1004_TIE_ANG_XX.wav
1011,TIE,Anger,Unspecified,1011_TIE_ANG_XX.wav
1046,TIE,Neutral,Unspecified,1046_TIE_NEU_XX.wav
1053,TIE,Neutral,Unspecified,1053_TIE_NEU_XX.wav
1064,IEO,Neutral,Unspecified,1064_IEO_NEU_XX.wav
1071,IEO,Neutral,Unspecified,1071_IEO_NEU_XX.wav
1077,ITH,Sad,Unspecified,1077_ITH_SAD_XX.wav
1062,ITH,Sad,Unspecified,1062_ITH_SAD_XX.wav
1031,IEO,Disgust,Low,1031_IEO_DIS_LO.wav
1024,IEO,Disgust,Low,1024_IEO_DIS_LO.wav
1017,ITH,Anger,Unspecified,1017_ITH_ANG_XX.wav
1002,ITH,Anger,Unspecified,1002_ITH_ANG_XX.wav
1055,ITH,Neutral,Unspecified,1055_ITH_NEU_XX.wav
1040,ITH,Neutral,Unspecified,1040_ITH_NEU_XX.wav
1063,TIE,Fear,Unspecified,1063_TIE_FEA_XX.wav
1076,TIE,Fear,Unspecified,1076_TIE_FEA_XX.wav
1042,TIE,Happy,Unspecified,1042_TIE_HAP_XX.wav
1057,TIE,Happy,Unspecified,1057_TIE_HAP_XX.wav
1058,IWW,Sad,Unspecified,1058_IWW_SAD_XX.wav
1083,IEO,Happy,Low,1083_IEO_HAP_LO.wav
1081,DFA,Anger,Unspecified,1081_DFA_ANG_XX.wav
1064,TIE,Sad,Unspecified,1064_TIE_SAD_XX.wav
1075,WSI,Disgust,Unspecified,1075_WSI_DIS_XX.wav
1071,TIE,Sad,Unspecified,1071_TIE_SAD_XX.wav
1060,WSI,Disgust,Unspecified,1060_WSI_DIS_XX.wav
1049,MTI,Happy,Unspecified,1049_MTI_HAP_XX.wav
1068,MTI,Fear,Unspecified,1068_MTI_FEA_XX.wav
1079,ITS,Disgust,Unspecified,1079_ITS_DIS_XX.wav
1087,TSI,Neutral,Unspecified,1087_TSI_NEU_XX.wav
1028,IOM,Anger,Unspecified,1028_IOM_ANG_XX.wav
1013,IEO,Disgust,High,1013_IEO_DIS_HI.wav
1086,TAI,Fear,Unspecified,1086_TAI_FEA_XX.wav
1006,IEO,Disgust,High,1006_IEO_DIS_HI.wav
1083,IEO,Sad,Medium,1083_IEO_SAD_MD.wav
1058,MTI,Neutral,Unspecified,1058_MTI_NEU_XX.wav
1002,IEO,Disgust,Medium,1002_IEO_DIS_MD.wav
1017,IEO,Disgust,Medium,1017_IEO_DIS_MD.wav
1056,IWL,Disgust,Unspecified,1056_IWL_DIS_XX.wav
1043,IWL,Disgust,Unspecified,1043_IWL_DIS_XX.wav
1087,IEO,Sad,High,1087_IEO_SAD_HI.wav
1083,TSI,Happy,Unspecified,1083_TSI_HAP_XX.wav
1081,TAI,Sad,Unspecified,1081_TAI_SAD_XX.wav
1031,TSI,Disgust,Unspecified,1031_TSI_DIS_XX.wav
1084,IEO,Fear,Medium,1084_IEO_FEA_MD.wav
1024,TSI,Disgust,Unspecified,1024_TSI_DIS_XX.wav
1091,IEO,Fear,Medium,1091_IEO_FEA_MD.wav
1048,IOM,Sad,Unspecified,1048_IOM_SAD_XX.wav
1080,IEO,Fear,High,1080_IEO_FEA_HI.wav
1015,TAI,Disgust,Unspecified,1015_TAI_DIS_XX.wav
1078,IEO,Anger,Medium,1078_IEO_ANG_MD.wav
1039,IWL,Anger,Unspecified,1039_IWL_ANG_XX.wav
1071,ITS,Fear,Unspecified,1071_ITS_FEA_XX.wav
1064,ITS,Fear,Unspecified,1064_ITS_FEA_XX.wav
1050,ITS,Happy,Unspecified,1050_ITS_HAP_XX.wav
1045,ITS,Happy,Unspecified,1045_ITS_HAP_XX.wav
1069,IEO,Anger,High,1069_IEO_ANG_HI.wav
1060,MTI,Disgust,Unspecified,1060_MTI_DIS_XX.wav
1075,MTI,Disgust,Unspecified,1075_MTI_DIS_XX.wav
1076,ITS,Sad,Unspecified,1076_ITS_SAD_XX.wav
1038,TAI,Neutral,Unspecified,1038_TAI_NEU_XX.wav
1063,ITS,Sad,Unspecified,1063_ITS_SAD_XX.wav
1009,TSI,Neutral,Unspecified,1009_TSI_NEU_XX.wav
1047,IOM,Disgust,Unspecified,1047_IOM_DIS_XX.wav
1052,IOM,Disgust,Unspecified,1052_IOM_DIS_XX.wav
1054,ITS,Neutral,Unspecified,1054_ITS_NEU_XX.wav
1041,ITS,Neutral,Unspecified,1041_ITS_NEU_XX.wav
1016,ITS,Anger,Unspecified,1016_ITS_ANG_XX.wav
1003,ITS,Anger,Unspecified,1003_ITS_ANG_XX.wav
1029,TAI,Happy,Unspecified,1029_TAI_HAP_XX.wav
1081,MTI,Anger,Unspecified,1081_MTI_ANG_XX.wav
1018,IEO,Sad,Medium,1018_IEO_SAD_MD.wav
1008,TAI,Fear,Unspecified,1008_TAI_FEA_XX.wav
1059,IWL,Sad,Unspecified,1059_IWL_SAD_XX.wav
1088,IEO,Disgust,High,1088_IEO_DIS_HI.wav
1018,TSI,Happy,Unspecified,1018_TSI_HAP_XX.wav
1009,IEO,Sad,High,1009_IEO_SAD_HI.wav
1039,TSI,Fear,Unspecified,1039_TSI_FEA_XX.wav
1068,DFA,Fear,Unspecified,1068_DFA_FEA_XX.wav
1049,DFA,Happy,Unspecified,1049_DFA_HAP_XX.wav
1078,ITH,Disgust,Unspecified,1078_ITH_DIS_XX.wav
1058,WSI,Neutral,Unspecified,1058_WSI_NEU_XX.wav
1057,IWW,Disgust,Unspecified,1057_IWW_DIS_XX.wav
1042,IWW,Disgust,Unspecified,1042_IWW_DIS_XX.wav
1058,DFA,Neutral,Unspecified,1058_DFA_NEU_XX.wav
1039,IEO,Fear,Low,1039_IEO_FEA_LO.wav
1018,IEO,Happy,Low,1018_IEO_HAP_LO.wav
1068,WSI,Fear,Unspecified,1068_WSI_FEA_XX.wav
1049,WSI,Happy,Unspecified,1049_WSI_HAP_XX.wav
1015,IEO,Neutral,Unspecified,1015_IEO_NEU_XX.wav
1013,ITH,Sad,Unspecified,1013_ITH_SAD_XX.wav
1006,ITH,Sad,Unspecified,1006_ITH_SAD_XX.wav
1082,DFA,Fear,Unspecified,1082_DFA_FEA_XX.wav
1087,ITH,Disgust,Unspecified,1087_ITH_DIS_XX.wav
1014,ITH,Fear,Unspecified,1014_ITH_FEA_XX.wav
1001,ITH,Fear,Unspecified,1001_ITH_FEA_XX.wav
1004,DFA,Disgust,Unspecified,1004_DFA_DIS_XX.wav
1035,ITH,Happy,Unspecified,1035_ITH_HAP_XX.wav
1020,ITH,Happy,Unspecified,1020_ITH_HAP_XX.wav
1011,DFA,Disgust,Unspecified,1011_DFA_DIS_XX.wav
1049,IWW,Anger,Unspecified,1049_IWW_ANG_XX.wav
1060,TIE,Anger,Unspecified,1060_TIE_ANG_XX.wav
1075,TIE,Anger,Unspecified,1075_TIE_ANG_XX.wav
1022,TIE,Neutral,Unspecified,1022_TIE_NEU_XX.wav
1085,DFA,Sad,Unspecified,1085_DFA_SAD_XX.wav
1090,DFA,Sad,Unspecified,1090_DFA_SAD_XX.wav
1037,TIE,Neutral,Unspecified,1037_TIE_NEU_XX.wav
1090,WSI,Sad,Unspecified,1090_WSI_SAD_XX.wav
1081,TIE,Disgust,Unspecified,1081_TIE_DIS_XX.wav
1085,WSI,Sad,Unspecified,1085_WSI_SAD_XX.wav
1029,IWW,Sad,Unspecified,1029_IWW_SAD_XX.wav
1011,WSI,Disgust,Unspecified,1011_WSI_DIS_XX.wav
1015,TIE,Sad,Unspecified,1015_TIE_SAD_XX.wav
1004,WSI,Disgust,Unspecified,1004_WSI_DIS_XX.wav
1073,ITH,Anger,Unspecified,1073_ITH_ANG_XX.wav
1066,ITH,Anger,Unspecified,1066_ITH_ANG_XX.wav
1055,IEO,Disgust,Low,1055_IEO_DIS_LO.wav
1040,IEO,Disgust,Low,1040_IEO_DIS_LO.wav
1082,WSI,Fear,Unspecified,1082_WSI_FEA_XX.wav
1031,ITH,Neutral,Unspecified,1031_ITH_NEU_XX.wav
1024,ITH,Neutral,Unspecified,1024_ITH_NEU_XX.wav
1026,TIE,Happy,Unspecified,1026_TIE_HAP_XX.wav
1033,TIE,Happy,Unspecified,1033_TIE_HAP_XX.wav
1007,TIE,Fear,Unspecified,1007_TIE_FEA_XX.wav
1012,TIE,Fear,Unspecified,1012_TIE_FEA_XX.wav
1091,IWL,Neutral,Unspecified,1091_IWL_NEU_XX.wav
1084,IWL,Neutral,Unspecified,1084_IWL_NEU_XX.wav
1087,IEO,Anger,Medium,1087_IEO_ANG_MD.wav
1083,IEO,Anger,High,1083_IEO_ANG_HI.wav
1019,MTI,Fear,Unspecified,1019_MTI_FEA_XX.wav
1085,TAI,Anger,Unspecified,1085_TAI_ANG_XX.wav
1038,MTI,Happy,Unspecified,1038_MTI_HAP_XX.wav
1090,TAI,Anger,Unspecified,1090_TAI_ANG_XX.wav
1089,ITS,Sad,Unspecified,1089_ITS_SAD_XX.wav
1008,ITS,Disgust,Unspecified,1008_ITS_DIS_XX.wav
1059,IOM,Anger,Unspecified,1059_IOM_ANG_XX.wav
1055,TSI,Disgust,Unspecified,1055_TSI_DIS_XX.wav
1040,TSI,Disgust,Unspecified,1040_TSI_DIS_XX.wav
1080,IWL,Happy,Unspecified,1080_IWL_HAP_XX.wav
1064,TAI,Disgust,Unspecified,1064_TAI_DIS_XX.wav
1071,TAI,Disgust,Unspecified,1071_TAI_DIS_XX.wav
1039,IOM,Sad,Unspecified,1039_IOM_SAD_XX.wav
1077,IEO,Disgust,High,1077_IEO_DIS_HI.wav
1062,IEO,Disgust,High,1062_IEO_DIS_HI.wav
1029,MTI,Neutral,Unspecified,1029_MTI_NEU_XX.wav
1032,IWL,Disgust,Unspecified,1032_IWL_DIS_XX.wav
1027,IWL,Disgust,Unspecified,1027_IWL_DIS_XX.wav
1066,IEO,Disgust,Medium,1066_IEO_DIS_MD.wav
1073,IEO,Disgust,Medium,1073_IEO_DIS_MD.wav
1049,TAI,Neutral,Unspecified,1049_TAI_NEU_XX.wav
1012,ITS,Sad,Unspecified,1012_ITS_SAD_XX.wav
1007,ITS,Sad,Unspecified,1007_ITS_SAD_XX.wav
1082,MTI,Fear,Unspecified,1082_MTI_FEA_XX.wav
1086,ITS,Disgust,Unspecified,1086_ITS_DIS_XX.wav
1080,IOM,Neutral,Unspecified,1080_IOM_NEU_XX.wav
1078,TSI,Neutral,Unspecified,1078_TSI_NEU_XX.wav
1048,IWL,Anger,Unspecified,1048_IWL_ANG_XX.wav
1085,MTI,Sad,Unspecified,1085_MTI_SAD_XX.wav
1009,IEO,Anger,Medium,1009_IEO_ANG_MD.wav
1090,MTI,Sad,Unspecified,1090_MTI_SAD_XX.wav
1034,ITS,Happy,Unspecified,1034_ITS_HAP_XX.wav
1021,ITS,Happy,Unspecified,1021_ITS_HAP_XX.wav
1015,ITS,Fear,Unspecified,1015_ITS_FEA_XX.wav
1004,MTI,Disgust,Unspecified,1004_MTI_DIS_XX.wav
1011,MTI,Disgust,Unspecified,1011_MTI_DIS_XX.wav
1018,IEO,Anger,High,1018_IEO_ANG_HI.wav
1079,TAI,Fear,Unspecified,1079_TAI_FEA_XX.wav
1028,IWL,Sad,Unspecified,1028_IWL_SAD_XX.wav
1069,IEO,Sad,Medium,1069_IEO_SAD_MD.wav
1058,TAI,Happy,Unspecified,1058_TAI_HAP_XX.wav
1048,TSI,Fear,Unspecified,1048_TSI_FEA_XX.wav
1084,IOM,Happy,Unspecified,1084_IOM_HAP_XX.wav
1078,IEO,Sad,High,1078_IEO_SAD_HI.wav
1091,IOM,Happy,Unspecified,1091_IOM_HAP_XX.wav
1069,TSI,Happy,Unspecified,1069_TSI_HAP_XX.wav
1030,ITS,Neutral,Unspecified,1030_ITS_NEU_XX.wav
1025,ITS,Neutral,Unspecified,1025_ITS_NEU_XX.wav
1023,IOM,Disgust,Unspecified,1023_IOM_DIS_XX.wav
1036,IOM,Disgust,Unspecified,1036_IOM_DIS_XX.wav
1072,ITS,Anger,Unspecified,1072_ITS_ANG_XX.wav
1067,ITS,Anger,Unspecified,1067_ITS_ANG_XX.wav
1029,WSI,Neutral,Unspecified,1029_WSI_NEU_XX.wav
1090,IWW,Neutral,Unspecified,1090_IWW_NEU_XX.wav
1085,IWW,Neutral,Unspecified,1085_IWW_NEU_XX.wav
1088,ITH,Sad,Unspecified,1088_ITH_SAD_XX.wav
1038,DFA,Happy,Unspecified,1038_DFA_HAP_XX.wav
1009,ITH,Disgust,Unspecified,1009_ITH_DIS_XX.wav
1019,DFA,Fear,Unspecified,1019_DFA_FEA_XX.wav
1038,WSI,Happy,Unspecified,1038_WSI_HAP_XX.wav
1019,WSI,Fear,Unspecified,1019_WSI_FEA_XX.wav
1081,IWW,Happy,Unspecified,1081_IWW_HAP_XX.wav
1089,TIE,Fear,Unspecified,1089_TIE_FEA_XX.wav
1029,DFA,Neutral,Unspecified,1029_DFA_NEU_XX.wav
1033,IWW,Disgust,Unspecified,1033_IWW_DIS_XX.wav
1026,IWW,Disgust,Unspecified,1026_IWW_DIS_XX.wav
1069,IEO,Happy,Low,1069_IEO_HAP_LO.wav
1048,IEO,Fear,Low,1048_IEO_FEA_LO.wav
1089,IWW,Happy,Unspecified,1089_IWW_HAP_XX.wav
1004,WSI,Fear,Unspecified,1004_WSI_FEA_XX.wav
1011,WSI,Fear,Unspecified,1011_WSI_FEA_XX.wav
1025,WSI,Happy,Unspecified,1025_WSI_HAP_XX.wav
1030,WSI,Happy,Unspecified,1030_WSI_HAP_XX.wav
1047,IEO,Sad,Low,1047_IEO_SAD_LO.wav
1052,IEO,Sad,Low,1052_IEO_SAD_LO.wav
1081,TIE,Fear,Unspecified,1081_TIE_FEA_XX.wav
1012,TIE,Disgust,Unspecified,1012_TIE_DIS_XX.wav
1003,WSI,Sad,Unspecified,1003_WSI_SAD_XX.wav
1007,TIE,Disgust,Unspecified,1007_TIE_DIS_XX.wav
1016,WSI,Sad,Unspecified,1016_WSI_SAD_XX.wav
1034,DFA,Neutral,Unspecified,1034_DFA_NEU_XX.wav
1082,WSI,Disgust,Unspecified,1082_WSI_DIS_XX.wav
1086,TIE,Sad,Unspecified,1086_TIE_SAD_XX.wav
1021,DFA,Neutral,Unspecified,1021_DFA_NEU_XX.wav
1076,DFA,Anger,Unspecified,1076_DFA_ANG_XX.wav
1040,IEO,Fear,Low,1040_IEO_FEA_LO.wav
1055,IEO,Fear,Low,1055_IEO_FEA_LO.wav
1063,DFA,Anger,Unspecified,1063_DFA_ANG_XX.wav
1061,IEO,Happy,Low,1061_IEO_HAP_LO.wav
1074,IEO,Happy,Low,1074_IEO_HAP_LO.wav
1063,WSI,Anger,Unspecified,1063_WSI_ANG_XX.wav
1076,WSI,Anger,Unspecified,1076_WSI_ANG_XX.wav
1087,ITH,Fear,Unspecified,1087_ITH_FEA_XX.wav
1021,WSI,Neutral,Unspecified,1021_WSI_NEU_XX.wav
1034,WSI,Neutral,Unspecified,1034_WSI_NEU_XX.wav
1082,DFA,Disgust,Unspecified,1082_DFA_DIS_XX.wav
1016,DFA,Sad,Unspecified,1016_DFA_SAD_XX.wav
1003,DFA,Sad,Unspecified,1003_DFA_SAD_XX.wav
1080,ITH,Sad,Unspecified,1080_ITH_SAD_XX.wav
1086,IEO,Neutral,Unspecified,1086_IEO_NEU_XX.wav
1011,DFA,Fear,Unspecified,1011_DFA_FEA_XX.wav
1027,IEO,Anger,Low,1027_IEO_ANG_LO.wav
1032,IEO,Anger,Low,1032_IEO_ANG_LO.wav
1004,DFA,Fear,Unspecified,1004_DFA_FEA_XX.wav
1030,DFA,Happy,Unspecified,1030_DFA_HAP_XX.wav
1001,ITH,Disgust,Unspecified,1001_ITH_DIS_XX.wav
1014,ITH,Disgust,Unspecified,1014_ITH_DIS_XX.wav
1025,DFA,Happy,Unspecified,1025_DFA_HAP_XX.wav
1074,IEO,Sad,Medium,1074_IEO_SAD_MD.wav
1050,TAI,Happy,Unspecified,1050_TAI_HAP_XX.wav
1045,TAI,Happy,Unspecified,1045_TAI_HAP_XX.wav
1061,IEO,Sad,Medium,1061_IEO_SAD_MD.wav
1071,TAI,Fear,Unspecified,1071_TAI_FEA_XX.wav
1020,IWL,Sad,Unspecified,1020_IWL_SAD_XX.wav
1035,IWL,Sad,Unspecified,1035_IWL_SAD_XX.wav
1064,TAI,Fear,Unspecified,1064_TAI_FEA_XX.wav
1065,IEO,Sad,High,1065_IEO_SAD_HI.wav
1061,TSI,Happy,Unspecified,1061_TSI_HAP_XX.wav
1074,TSI,Happy,Unspecified,1074_TSI_HAP_XX.wav
1070,IEO,Sad,High,1070_IEO_SAD_HI.wav
1040,TSI,Fear,Unspecified,1040_TSI_FEA_XX.wav
1055,TSI,Fear,Unspecified,1055_TSI_FEA_XX.wav
1073,IEO,Fear,Medium,1073_IEO_FEA_MD.wav
1006,IWL,Happy,Unspecified,1006_IWL_HAP_XX.wav
1013,IWL,Happy,Unspecified,1013_IWL_HAP_XX.wav
1066,IEO,Fear,Medium,1066_IEO_FEA_MD.wav
1027,IWL,Fear,Unspecified,1027_IWL_FEA_XX.wav
1076,TAI,Sad,Unspecified,1076_TAI_SAD_XX.wav
1052,IEO,Happy,Medium,1052_IEO_HAP_MD.wav
1047,IEO,Happy,Medium,1047_IEO_HAP_MD.wav
1063,TAI,Sad,Unspecified,1063_TAI_SAD_XX.wav
1038,ITS,Neutral,Unspecified,1038_ITS_NEU_XX.wav
1032,IWL,Fear,Unspecified,1032_IWL_FEA_XX.wav
1062,IEO,Fear,High,1062_IEO_FEA_HI.wav
1077,IEO,Fear,High,1077_IEO_FEA_HI.wav
1047,TSI,Sad,Unspecified,1047_TSI_SAD_XX.wav
1043,IEO,Happy,High,1043_IEO_HAP_HI.wav
1056,IEO,Happy,High,1056_IEO_HAP_HI.wav
1052,TSI,Sad,Unspecified,1052_TSI_SAD_XX.wav
1054,TAI,Neutral,Unspecified,1054_TAI_NEU_XX.wav
1041,TAI,Neutral,Unspecified,1041_TAI_NEU_XX.wav
1016,TAI,Anger,Unspecified,1016_TAI_ANG_XX.wav
1003,TAI,Anger,Unspecified,1003_TAI_ANG_XX.wav
1027,TSI,Anger,Unspecified,1027_TSI_ANG_XX.wav
1032,TSI,Anger,Unspecified,1032_TSI_ANG_XX.wav
1065,TSI,Neutral,Unspecified,1065_TSI_NEU_XX.wav
1088,IOM,Neutral,Unspecified,1088_IOM_NEU_XX.wav
1070,TSI,Neutral,Unspecified,1070_TSI_NEU_XX.wav
1014,IEO,Anger,Medium,1014_IEO_ANG_MD.wav
1001,IEO,Anger,Medium,1001_IEO_ANG_MD.wav
1040,IWL,Anger,Unspecified,1040_IWL_ANG_XX.wav
1055,IWL,Anger,Unspecified,1055_IWL_ANG_XX.wav
1008,ITS,Fear,Unspecified,1008_ITS_FEA_XX.wav
1002,IWL,Neutral,Unspecified,1002_IWL_NEU_XX.wav
1017,IWL,Neutral,Unspecified,1017_IWL_NEU_XX.wav
1029,ITS,Happy,Unspecified,1029_ITS_HAP_XX.wav
1005,IEO,Anger,High,1005_IEO_ANG_HI.wav
1010,IEO,Anger,High,1010_IEO_ANG_HI.wav
1019,MTI,Disgust,Unspecified,1019_MTI_DIS_XX.wav
1048,TSI,Disgust,Unspecified,1048_TSI_DIS_XX.wav
1088,IWL,Happy,Unspecified,1088_IWL_HAP_XX.wav
1031,IOM,Sad,Unspecified,1031_IOM_SAD_XX.wav
1024,IOM,Sad,Unspecified,1024_IOM_SAD_XX.wav
1079,TAI,Disgust,Unspecified,1079_TAI_DIS_XX.wav
1076,MTI,Anger,Unspecified,1076_MTI_ANG_XX.wav
1063,MTI,Anger,Unspecified,1063_MTI_ANG_XX.wav
1034,MTI,Neutral,Unspecified,1034_MTI_NEU_XX.wav
1021,MTI,Neutral,Unspecified,1021_MTI_NEU_XX.wav
1036,IOM,Fear,Unspecified,1036_IOM_FEA_XX.wav
1023,IOM,Fear,Unspecified,1023_IOM_FEA_XX.wav
1017,IOM,Happy,Unspecified,1017_IOM_HAP_XX.wav
1002,IOM,Happy,Unspecified,1002_IOM_HAP_XX.wav
1086,ITS,Fear,Unspecified,1086_ITS_FEA_XX.wav
1016,MTI,Sad,Unspecified,1016_MTI_SAD_XX.wav
1003,MTI,Sad,Unspecified,1003_MTI_SAD_XX.wav
1082,MTI,Disgust,Unspecified,1082_MTI_DIS_XX.wav
1030,MTI,Happy,Unspecified,1030_MTI_HAP_XX.wav
1025,MTI,Happy,Unspecified,1025_MTI_HAP_XX.wav
1011,MTI,Fear,Unspecified,1011_MTI_FEA_XX.wav
1004,MTI,Fear,Unspecified,1004_MTI_FEA_XX.wav
1081,ITS,Sad,Unspecified,1081_ITS_SAD_XX.wav
1015,ITS,Disgust,Unspecified,1015_ITS_DIS_XX.wav
1013,IOM,Neutral,Unspecified,1013_IOM_NEU_XX.wav
1006,IOM,Neutral,Unspecified,1006_IOM_NEU_XX.wav
1051,IOM,Anger,Unspecified,1051_IOM_ANG_XX.wav
1044,IOM,Anger,Unspecified,1044_IOM_ANG_XX.wav
1021,IWW,Sad,Unspecified,1021_IWW_SAD_XX.wav
1034,IWW,Sad,Unspecified,1034_IWW_SAD_XX.wav
1089,TIE,Disgust,Unspecified,1089_TIE_DIS_XX.wav
1008,TIE,Sad,Unspecified,1008_TIE_SAD_XX.wav
1019,WSI,Disgust,Unspecified,1019_WSI_DIS_XX.wav
1048,IEO,Disgust,Low,1048_IEO_DIS_LO.wav
1026,IWW,Fear,Unspecified,1026_IWW_FEA_XX.wav
1039,ITH,Neutral,Unspecified,1039_ITH_NEU_XX.wav
1033,IWW,Fear,Unspecified,1033_IWW_FEA_XX.wav
1007,IWW,Happy,Unspecified,1007_IWW_HAP_XX.wav
1012,IWW,Happy,Unspecified,1012_IWW_HAP_XX.wav
1008,IEO,Neutral,Unspecified,1008_IEO_NEU_XX.wav
1028,ITH,Happy,Unspecified,1028_ITH_HAP_XX.wav
1019,DFA,Disgust,Unspecified,1019_DFA_DIS_XX.wav
1009,ITH,Fear,Unspecified,1009_ITH_FEA_XX.wav
1003,IWW,Neutral,Unspecified,1003_IWW_NEU_XX.wav
1016,IWW,Neutral,Unspecified,1016_IWW_NEU_XX.wav
1041,IWW,Anger,Unspecified,1041_IWW_ANG_XX.wav
1054,IWW,Anger,Unspecified,1054_IWW_ANG_XX.wav
1068,TIE,Anger,Unspecified,1068_TIE_ANG_XX.wav
1076,TIE,Disgust,Unspecified,1076_TIE_DIS_XX.wav
1067,WSI,Sad,Unspecified,1067_WSI_SAD_XX.wav
1063,TIE,Disgust,Unspecified,1063_TIE_DIS_XX.wav
1072,WSI,Sad,Unspecified,1072_WSI_SAD_XX.wav
1050,DFA,Neutral,Unspecified,1050_DFA_NEU_XX.wav
1045,DFA,Neutral,Unspecified,1045_DFA_NEU_XX.wav
1005,IEO,Happy,Low,1005_IEO_HAP_LO.wav
1010,IEO,Happy,Low,1010_IEO_HAP_LO.wav
1024,IEO,Fear,Low,1024_IEO_FEA_LO.wav
1012,DFA,Anger,Unspecified,1012_DFA_ANG_XX.wav
1007,DFA,Anger,Unspecified,1007_DFA_ANG_XX.wav
1031,IEO,Fear,Low,1031_IEO_FEA_LO.wav
1041,WSI,Happy,Unspecified,1041_WSI_HAP_XX.wav
1054,WSI,Happy,Unspecified,1054_WSI_HAP_XX.wav
1060,WSI,Fear,Unspecified,1060_WSI_FEA_XX.wav
1075,WSI,Fear,Unspecified,1075_WSI_FEA_XX.wav
1084,ITH,Anger,Unspecified,1084_ITH_ANG_XX.wav
1091,ITH,Anger,Unspecified,1091_ITH_ANG_XX.wav
1023,IEO,Sad,Low,1023_IEO_SAD_LO.wav
1036,IEO,Sad,Low,1036_IEO_SAD_LO.wav
1065,ITH,Disgust,Unspecified,1065_ITH_DIS_XX.wav
1054,DFA,Happy,Unspecified,1054_DFA_HAP_XX.wav
1041,DFA,Happy,Unspecified,1041_DFA_HAP_XX.wav
1070,ITH,Disgust,Unspecified,1070_ITH_DIS_XX.wav
1043,IEO,Anger,Low,1043_IEO_ANG_LO.wav
1075,DFA,Fear,Unspecified,1075_DFA_FEA_XX.wav
1060,DFA,Fear,Unspecified,1060_DFA_FEA_XX.wav
1056,IEO,Anger,Low,1056_IEO_ANG_LO.wav
1007,WSI,Anger,Unspecified,1007_WSI_ANG_XX.wav
1012,WSI,Anger,Unspecified,1012_WSI_ANG_XX.wav
1045,WSI,Neutral,Unspecified,1045_WSI_NEU_XX.wav
1050,WSI,Neutral,Unspecified,1050_WSI_NEU_XX.wav
1072,DFA,Sad,Unspecified,1072_DFA_SAD_XX.wav
1067,DFA,Sad,Unspecified,1067_DFA_SAD_XX.wav
1082,TIE,Anger,Unspecified,1082_TIE_ANG_XX.wav
1012,TAI,Sad,Unspecified,1012_TAI_SAD_XX.wav
1049,ITS,Neutral,Unspecified,1049_ITS_NEU_XX.wav
1043,IWL,Fear,Unspecified,1043_IWL_FEA_XX.wav
1036,IEO,Happy,Medium,1036_IEO_HAP_MD.wav
1023,IEO,Happy,Medium,1023_IEO_HAP_MD.wav
1056,IWL,Fear,Unspecified,1056_IWL_FEA_XX.wav
1007,TAI,Sad,Unspecified,1007_TAI_SAD_XX.wav
1017,IEO,Fear,Medium,1017_IEO_FEA_MD.wav
1062,IWL,Happy,Unspecified,1062_IWL_HAP_XX.wav
1077,IWL,Happy,Unspecified,1077_IWL_HAP_XX.wav
1002,IEO,Fear,Medium,1002_IEO_FEA_MD.wav
1023,TSI,Sad,Unspecified,1023_TSI_SAD_XX.wav
1027,IEO,Happy,High,1027_IEO_HAP_HI.wav
1032,IEO,Happy,High,1032_IEO_HAP_HI.wav
1036,TSI,Sad,Unspecified,1036_TSI_SAD_XX.wav
1006,IEO,Fear,High,1006_IEO_FEA_HI.wav
1086,TAI,Disgust,Unspecified,1086_TAI_DIS_XX.wav
1013,IEO,Fear,High,1013_IEO_FEA_HI.wav
1044,IWL,Sad,Unspecified,1044_IWL_SAD_XX.wav
1015,TAI,Fear,Unspecified,1015_TAI_FEA_XX.wav
1080,IEO,Disgust,High,1080_IEO_DIS_HI.wav
1051,IWL,Sad,Unspecified,1051_IWL_SAD_XX.wav
1010,IEO,Sad,Medium,1010_IEO_SAD_MD.wav
1034,TAI,Happy,Unspecified,1034_TAI_HAP_XX.wav
1021,TAI,Happy,Unspecified,1021_TAI_HAP_XX.wav
1089,MTI,Anger,Unspecified,1089_MTI_ANG_XX.wav
1005,IEO,Sad,Medium,1005_IEO_SAD_MD.wav
1091,IEO,Disgust,Medium,1091_IEO_DIS_MD.wav
1024,TSI,Fear,Unspecified,1024_TSI_FEA_XX.wav
1084,IEO,Disgust,Medium,1084_IEO_DIS_MD.wav
1031,TSI,Fear,Unspecified,1031_TSI_FEA_XX.wav
1001,IEO,Sad,High,1001_IEO_SAD_HI.wav
1005,TSI,Happy,Unspecified,1005_TSI_HAP_XX.wav
1010,TSI,Happy,Unspecified,1010_TSI_HAP_XX.wav
1014,IEO,Sad,High,1014_IEO_SAD_HI.wav
1024,IWL,Anger,Unspecified,1024_IWL_ANG_XX.wav
1031,IWL,Anger,Unspecified,1031_IWL_ANG_XX.wav
1070,IEO,Anger,Medium,1070_IEO_ANG_MD.wav
1065,IEO,Anger,Medium,1065_IEO_ANG_MD.wav
1058,ITS,Happy,Unspecified,1058_ITS_HAP_XX.wav
1066,IWL,Neutral,Unspecified,1066_IWL_NEU_XX.wav
1079,ITS,Fear,Unspecified,1079_ITS_FEA_XX.wav
1073,IWL,Neutral,Unspecified,1073_IWL_NEU_XX.wav
1068,MTI,Disgust,Unspecified,1068_MTI_DIS_XX.wav
1061,IEO,Anger,High,1061_IEO_ANG_HI.wav
1074,IEO,Anger,High,1074_IEO_ANG_HI.wav
1030,TAI,Neutral,Unspecified,1030_TAI_NEU_XX.wav
1025,TAI,Neutral,Unspecified,1025_TAI_NEU_XX.wav
1072,TAI,Anger,Unspecified,1072_TAI_ANG_XX.wav
1067,TAI,Anger,Unspecified,1067_TAI_ANG_XX.wav
1043,TSI,Anger,Unspecified,1043_TSI_ANG_XX.wav
1056,TSI,Anger,Unspecified,1056_TSI_ANG_XX.wav
1001,TSI,Neutral,Unspecified,1001_TSI_NEU_XX.wav
1014,TSI,Neutral,Unspecified,1014_TSI_NEU_XX.wav
1012,MTI,Anger,Unspecified,1012_MTI_ANG_XX.wav
1007,MTI,Anger,Unspecified,1007_MTI_ANG_XX.wav
1050,MTI,Neutral,Unspecified,1050_MTI_NEU_XX.wav
1045,MTI,Neutral,Unspecified,1045_MTI_NEU_XX.wav
1073,IOM,Happy,Unspecified,1073_IOM_HAP_XX.wav
1066,IOM,Happy,Unspecified,1066_IOM_HAP_XX.wav
1052,IOM,Fear,Unspecified,1052_IOM_FEA_XX.wav
1047,IOM,Fear,Unspecified,1047_IOM_FEA_XX.wav
1085,ITS,Anger,Unspecified,1085_ITS_ANG_XX.wav
1090,ITS,Anger,Unspecified,1090_ITS_ANG_XX.wav
1039,TSI,Disgust,Unspecified,1039_TSI_DIS_XX.wav
1089,TAI,Sad,Unspecified,1089_TAI_SAD_XX.wav
1088,IEO,Fear,High,1088_IEO_FEA_HI.wav
1008,TAI,Disgust,Unspecified,1008_TAI_DIS_XX.wav
1055,IOM,Sad,Unspecified,1055_IOM_SAD_XX.wav
1040,IOM,Sad,Unspecified,1040_IOM_SAD_XX.wav
1075,MTI,Fear,Unspecified,1075_MTI_FEA_XX.wav
1060,MTI,Fear,Unspecified,1060_MTI_FEA_XX.wav
1054,MTI,Happy,Unspecified,1054_MTI_HAP_XX.wav
1041,MTI,Happy,Unspecified,1041_MTI_HAP_XX.wav
1077,IOM,Neutral,Unspecified,1077_IOM_NEU_XX.wav
1062,IOM,Neutral,Unspecified,1062_IOM_NEU_XX.wav
1064,ITS,Disgust,Unspecified,1064_ITS_DIS_XX.wav
1071,ITS,Disgust,Unspecified,1071_ITS_DIS_XX.wav
1035,IOM,Anger,Unspecified,1035_IOM_ANG_XX.wav
1020,IOM,Anger,Unspecified,1020_IOM_ANG_XX.wav
1072,MTI,Sad,Unspecified,1072_MTI_SAD_XX.wav
1067,MTI,Sad,Unspecified,1067_MTI_SAD_XX.wav
1039,IEO,Disgust,Low,1039_IEO_DIS_LO.wav
1063,IWW,Happy,Unspecified,1063_IWW_HAP_XX.wav
1076,IWW,Happy,Unspecified,1076_IWW_HAP_XX.wav
1048,ITH,Neutral,Unspecified,1048_ITH_NEU_XX.wav
1042,IWW,Fear,Unspecified,1042_IWW_FEA_XX.wav
1057,IWW,Fear,Unspecified,1057_IWW_FEA_XX.wav
1045,IWW,Sad,Unspecified,1045_IWW_SAD_XX.wav
1050,IWW,Sad,Unspecified,1050_IWW_SAD_XX.wav
1089,DFA,Anger,Unspecified,1089_DFA_ANG_XX.wav
1079,TIE,Sad,Unspecified,1079_TIE_SAD_XX.wav
1068,WSI,Disgust,Unspecified,1068_WSI_DIS_XX.wav
1067,IWW,Neutral,Unspecified,1067_IWW_NEU_XX.wav
1078,ITH,Fear,Unspecified,1078_ITH_FEA_XX.wav
1072,IWW,Neutral,Unspecified,1072_IWW_NEU_XX.wav
1059,ITH,Happy,Unspecified,1059_ITH_HAP_XX.wav
1068,DFA,Disgust,Unspecified,1068_DFA_DIS_XX.wav
1089,WSI,Anger,Unspecified,1089_WSI_ANG_XX.wav
1025,IWW,Anger,Unspecified,1025_IWW_ANG_XX.wav
1030,IWW,Anger,Unspecified,1030_IWW_ANG_XX.wav
1019,TIE,Anger,Unspecified,1019_TIE_ANG_XX.wav
1079,IEO,Neutral,Unspecified,1079_IEO_NEU_XX.wav
