duration,num_windows,rms_mean,rms_std,rms_range,rms_delta_mean,rms_delta_std,rms_delta_max,rms_accel_std,rms_trend,rms_start_end_contrast,rms_peak_position,f0_mean_mean,f0_mean_std,f0_mean_range,f0_mean_delta_mean,f0_mean_delta_std,f0_mean_delta_max,f0_mean_accel_std,f0_mean_trend,f0_mean_start_end_contrast,f0_mean_peak_position,f0_std_mean,f0_std_std,f0_std_range,f0_std_delta_mean,f0_std_delta_std,f0_std_delta_max,f0_std_accel_std,f0_std_trend,f0_std_start_end_contrast,f0_std_peak_position,voicing_ratio_mean,voicing_ratio_std,voicing_ratio_range,voicing_ratio_delta_mean,voicing_ratio_delta_std,voicing_ratio_delta_max,voicing_ratio_accel_std,voicing_ratio_trend,voicing_ratio_start_end_contrast,voicing_ratio_peak_position,spectral_centroid_mean,spectral_centroid_std,spectral_centroid_range,spectral_centroid_delta_mean,spectral_centroid_delta_std,spectral_centroid_delta_max,spectral_centroid_accel_std,spectral_centroid_trend,spectral_centroid_start_end_contrast,spectral_centroid_peak_position,spectral_rolloff_mean,spectral_rolloff_std,spectral_rolloff_range,spectral_rolloff_delta_mean,spectral_rolloff_delta_std,spectral_rolloff_delta_max,spectral_rolloff_accel_std,spectral_rolloff_trend,spectral_rolloff_start_end_contrast,spectral_rolloff_peak_position,spectral_bandwidth_mean,spectral_bandwidth_std,spectral_bandwidth_range,spectral_bandwidth_delta_mean,spectral_bandwidth_delta_std,spectral_bandwidth_delta_max,spectral_bandwidth_accel_std,spectral_bandwidth_trend,spectral_bandwidth_start_end_contrast,spectral_bandwidth_peak_position,mfcc_0_mean,mfcc_0_std,mfcc_0_range,mfcc_0_delta_mean,mfcc_0_delta_std,mfcc_0_delta_max,mfcc_0_accel_std,mfcc_0_trend,mfcc_0_start_end_contrast,mfcc_0_peak_position,mfcc_1_mean,mfcc_1_std,mfcc_1_range,mfcc_1_delta_mean,mfcc_1_delta_std,mfcc_1_delta_max,mfcc_1_accel_std,mfcc_1_trend,mfcc_1_start_end_contrast,mfcc_1_peak_position,mfcc_2_mean,mfcc_2_std,mfcc_2_range,mfcc_2_delta_mean,mfcc_2_delta_std,mfcc_2_delta_max,mfcc_2_accel_std,mfcc_2_trend,mfcc_2_start_end_contrast,mfcc_2_peak_position,mfcc_3_mean,mfcc_3_std,mfcc_3_range,mfcc_3_delta_mean,mfcc_3_delta_std,mfcc_3_delta_max,mfcc_3_accel_std,mfcc_3_trend,mfcc_3_start_end_contrast,mfcc_3_peak_position,mfcc_4_mean,mfcc_4_std,mfcc_4_range,mfcc_4_delta_mean,mfcc_4_delta_std,mfcc_4_delta_max,mfcc_4_accel_std,mfcc_4_trend,mfcc_4_start_end_contrast,mfcc_4_peak_position,zcr_mean,zcr_std,zcr_range,zcr_delta_mean,zcr_delta_std,zcr_delta_max,zcr_accel_std,zcr_trend,zcr_start_end_contrast,zcr_peak_position,f0_energy_correlation,file,emotion
4.511836734693878,17,0.09857909,0.03658942,0.12814656,-1.1165626e-05,0.033350766,0.06790301,0.035760377,-0.18057231622033668,-0.019584619,0.17647058823529413,157.80128600503514,94.90991121106927,471.36398193303216,-29.46024887081451,76.09417064078497,294.2756882944702,92.70636240109702,-0.7359961250393856,-155.93850512970445,0.0,13.603860367887702,8.858089267729634,29.000182922358984,-0.5988532056614795,8.479414425313458,18.189455517590254,12.214727194746056,-0.6563349866476138,-12.620788456770502,0.17647058823529413,0.5882352941176471,0.3096529131936562,1.0,-0.036931818181818184,0.3141870782585244,0.5,0.4259705064437716,-0.4159677008422057,-0.22727272727272724,0.17647058823529413,1036.1094392598166,433.5910593651556,1530.9820097968257,-6.705597901136095,354.6413951948639,717.7562898660383,482.3567139457458,-0.4924698404612511,-437.9470910652882,0.29411764705882354,2025.733205213904,909.1315634191733,3078.2692649147725,-11.837144331498564,804.4139209148806,1706.9957386363635,1057.5726906493924,-0.46123625565508425,-867.9838423295455,0.11764705882352941,1313.9038198420963,219.67363616809462,762.1255919223319,-7.4442968320186935,231.739138964569,541.9535316251064,357.2606873421854,-0.5035206856587833,-203.9280293779443,0.11764705882352941,-343.81818,102.63772,355.80768,-1.7971878,86.02146,229.10513,86.0338,-0.2750972299060854,-70.83182,0.11764705882352941,129.62488,27.682354,115.27663,-0.012647629,28.770565,53.67302,40.658176,0.4496502029278309,22.391373,0.6470588235294118,12.121289,25.340658,109.838806,1.5874398,24.485798,48.02931,35.784832,0.5296226906679214,31.32428,0.6470588235294118,56.2453,18.61546,58.1304,-0.8915453,20.573126,51.74243,28.420633,-0.3546499706079142,-9.618469,0.7647058823529411,-14.630134,14.874233,45.769367,-0.15314531,16.76372,37.920883,23.515026,-0.39720646721100145,-10.405289,0.35294117647058826,0.017905821774732624,0.010030650329241615,0.03943980823863636,0.0,0.009060713623740668,0.020241477272727272,0.009542815241261524,-0.357556154271273,-0.009738991477272727,0.11764705882352941,0.007719105441932591,/Users/will/Projects/SpeechEmotionCS3540/datasets/SURREY/Audio/JK_sa01.wav,Sad
6.0587301587301585,23,0.06461082,0.023403984,0.100501925,-1.6909262e-05,0.021924682,0.0725272,0.027751593,-0.4459150643072533,-0.029828824,0.13043478260869565,71.53233465644597,58.07636587447266,147.42262680249578,0.0,71.5031242721101,147.42262680249578,107.46166008943784,-0.1601003595072954,-44.600402355284125,0.08695652173913043,4.35019747185904,5.30074835862255,19.241183367218273,1.6148698540002277e-16,6.34235872718607,16.721547560273542,8.967488379188614,-0.2573292021095324,-4.650987112138779,0.13043478260869565,0.3695652173913043,0.33864315398292844,1.0,0.0,0.40932041312528245,0.6818181818181818,0.5722969919581672,-0.13196905403462056,-0.2532467532467533,0.6086956521739131,813.7425823618083,365.6771296365022,1194.8412751860872,3.501362415486338,308.69195818885606,709.5381070836193,407.131536944952,-0.16053457187760709,-132.96395620615624,0.30434782608695654,1654.8436824512103,929.3087107334479,2970.113858309659,5.249830513946276,769.2773535970978,1809.2784534801135,988.6829597791457,-0.16960959459241876,-330.12917258522725,0.782608695652174,1204.1527281503738,274.2547761613374,1020.1078927537172,6.594123189175739,283.7674650003612,686.3452422347309,390.5936780507085,-0.0898035753312883,-20.22290878513195,0.782608695652174,-397.1235,85.59639,321.1839,0.08562123,57.92833,186.50964,64.72586,-0.40771032975015686,-100.57199,0.13043478260869565,147.1402,24.984121,98.91996,-0.98415446,29.88154,68.84496,42.235893,-0.11576064570029426,-13.985519,0.6521739130434783,11.810893,29.721823,115.24243,-0.6386311,22.384684,49.598015,28.395546,0.5168995212436285,41.8221,0.8695652173913043,56.39214,22.302181,79.24526,0.32305995,14.816714,40.890858,19.610989,0.033937781162308604,5.170101,0.4782608695652174,4.3077326,18.103422,81.76252,0.23945981,16.489573,37.542637,24.170223,-0.3332497570544831,-19.047625,0.391304347826087,0.012621008831521742,0.007077440141291753,0.026344992897727272,1.5770213417970974e-19,0.006553290529963789,0.015047940340909088,0.007673265478336602,-0.235868357012984,-0.006128880884740258,0.13043478260869565,0.6728780841134013,/Users/will/Projects/SpeechEmotionCS3540/datasets/SURREY/Audio/JK_sa15.wav,Sad
2.7888888888888888,10,0.068451956,0.021771094,0.07368235,7.5525706e-05,0.020860381,0.040197458,0.018619282,-0.4102709675597114,-0.023752224,0.2,103.3493942373779,53.87523331558547,156.64301219559937,0.0,61.70802947251004,148.35416161503127,53.8068744880976,-0.18802195488866164,-29.025116982715986,0.2,8.886998692619915,5.877853968041781,19.1939870618634,0.0,6.391452060260425,12.579031334363437,6.75027575437031,-0.2989074769117101,-3.048149932080988,0.3,0.6363636363636364,0.33893367058740453,1.0,0.0,0.38150540339436884,0.8181818181818182,0.3335861214337658,-0.08404427498030625,-0.045454545454545414,0.2,740.3992278036667,356.8242616846349,1008.5999399091844,0.10080035072951432,267.2339916458382,551.9698461003868,282.25373380944416,0.18399500700205346,158.06060587970916,0.5,1369.9521706321025,824.9814890537172,2226.7289595170455,0.9244051846590841,615.7442917949239,1368.3371803977275,636.0385646015952,0.20724330986308473,420.54998224431813,0.5,1079.9953489166337,182.09443951563753,495.10197031078917,-4.244450185214823,156.01279640131003,349.6544960921566,195.9025633455252,0.20135744132538483,90.05610784496184,0.5,-414.0424,83.41841,245.82965,-1.4098715,77.11575,142.95312,52.463497,-0.0956603192243563,-10.67572,0.3,154.79593,22.240677,66.11291,-0.60707855,32.2791,66.11291,43.75772,0.05483717139427996,8.753906,0.8,17.24044,15.710613,48.632442,1.1201303,20.931633,31.017786,31.080528,-0.06751966476673858,-9.8278675,0.1,30.678183,13.786477,44.03899,0.039290745,15.617363,26.210712,19.715742,-0.09757807294464209,-3.89439,0.5,14.902463,14.455813,48.383507,-0.1918443,17.028439,29.096373,21.984278,-0.26392471961206804,-3.4528866,0.3,0.012701970880681817,0.006780238852738845,0.021218039772727272,9.864267676767668e-05,0.007706880907018197,0.01302823153409091,0.007923175756650195,-0.050315999848916326,-0.00020714962121212016,0.2,0.8298226505028314,/Users/will/Projects/SpeechEmotionCS3540/datasets/SURREY/Audio/DC_n13.wav,Neutral
4.051791383219955,15,0.066637285,0.022110414,0.07787305,-0.0002302248,0.01992335,0.054583263,0.020012707,-0.573580584148791,-0.03398416,0.13333333333333333,123.75384339949105,105.9176399253682,469.67750989565445,33.54839356397532,139.19925885532828,469.67750989565445,185.88194386841155,0.3213887509089929,50.76642435104,0.9333333333333333,8.274905952056978,6.8642139208286155,20.373095950796117,0.07737894539843612,9.500890674891275,20.373095950796117,15.976153257830486,-0.3604985800090557,-7.649341070469817,0.06666666666666667,0.6363636363636364,0.3681537587512107,1.0,0.016233766233766232,0.42453083446875933,0.8181818181818182,0.6165357954810038,-0.17336635864245142,-0.21818181818181825,0.13333333333333333,681.0924853635912,241.5352180680005,873.3864611718902,14.317860497501735,256.2233614389645,592.2400717704678,337.1373529395134,0.4159332467396807,162.63554454460848,0.6,1316.7553710937498,586.7107275763115,1993.7788529829543,48.6594460227273,621.8012837808691,1218.5835404829545,830.4480660357923,0.5133153076246623,532.1637517755682,0.6,1036.2035603628353,160.63223777293607,599.2069346480462,16.238113044961445,177.76317507150011,371.4435332224391,263.23077853477145,0.6340509732162,193.9771026920048,0.8666666666666667,-409.78162,77.65698,242.56091,-2.9738553,76.32978,165.93692,79.963646,-0.17650282426285396,-40.25641,0.13333333333333333,162.7023,31.484842,108.203415,-2.0519376,33.387463,102.64608,47.54258,-0.0023075237835994467,5.74881,0.8,12.056814,17.905481,62.399155,0.698576,21.963518,54.902786,35.219517,0.03254484091358468,3.3005753,0.8666666666666667,34.01527,21.813347,73.521095,2.0218701,24.759914,49.37805,33.800327,0.10232842798287403,-4.33099,0.26666666666666666,25.17722,15.583012,54.249207,0.14041771,13.5857725,28.45443,19.580477,-0.382104903077593,-16.921474,0.26666666666666666,0.015173709753787878,0.008319602246622416,0.029008345170454544,-0.00015694754464285688,0.008362554973916398,0.018954190340909092,0.00916975112179698,-0.28732643261131946,-0.006165660511363634,0.13333333333333333,0.04564014069194752,/Users/will/Projects/SpeechEmotionCS3540/datasets/SURREY/Audio/DC_n07.wav,Neutral
3.3289342403628117,12,0.08197601,0.03742987,0.115428545,3.1407923e-05,0.028688218,0.073492065,0.034257315,-0.31257051134100083,-0.035029836,0.25,125.97273575781658,114.95410663784791,456.4450559978065,5.167583532800729e-15,176.50273577324876,456.4450559978065,275.70887342272414,0.3876276594565472,99.92800975052319,0.8333333333333334,7.811386573409949,7.395623381201974,21.046332062537562,0.0,11.483104020846131,21.046332062537562,19.234557197627556,0.04886927020882317,-0.35077467798264994,0.8333333333333334,0.4962121212121211,0.368554961182596,1.0,0.0,0.2913735960959371,0.6818181818181818,0.3974089635344435,-0.07889732697814271,-0.13636363636363638,0.5,999.767775164421,380.47260819745964,1445.9975497681826,83.2944660878381,507.3529969915664,1124.1364249802677,709.3871541277737,0.04022417286945933,-89.50819670881287,0.16666666666666666,1971.429998224432,856.4145538847562,3313.6663263494315,176.93708435563013,1128.011945745699,2463.5941938920455,1549.4105608225082,-0.009242470701692327,-353.09559215198874,0.16666666666666666,1282.000004650092,288.75392075470364,846.5652141989094,49.28021559620834,398.0500352569953,846.5652141989094,627.681176089718,0.0352337087950998,-64.49093383165996,0.8333333333333334,-362.46664,101.48459,327.253,4.184178,76.77218,173.85909,52.172913,-0.1440732472777323,-47.80258,0.25,150.6454,43.137875,119.27612,-3.5343406,46.620495,114.49632,72.317314,0.11058705243899875,21.460426,0.75,6.7327733,20.807161,67.16365,-0.25246534,18.944506,37.95546,21.800385,0.3233282158371095,19.923515,0.0,50.712048,15.203579,52.410057,2.239681,21.044184,30.46956,31.351273,0.23668012655308915,1.6551285,0.5833333333333334,-9.175853,12.389532,52.13228,-1.3772088,18.507555,34.922737,31.046925,-0.21641752005493728,-9.989054,0.25,0.017171223958333332,0.010546392725508086,0.03133877840909091,0.0,0.008705779534195551,0.01890980113636364,0.009443773013485085,-0.2899804704156718,-0.00817316228693182,0.16666666666666666,0.14074246442093225,/Users/will/Projects/SpeechEmotionCS3540/datasets/SURREY/Audio/JK_n20.wav,Neutral
3.5443537414965984,13,0.09562563,0.03886791,0.13702403,2.4538176e-05,0.045887858,0.088174134,0.059596635,-0.37786430632293694,-0.03341744,0.15384615384615385,112.08529323121705,62.89805944725012,173.83310244955504,0.0,62.23599272148984,173.83310244955504,75.42778853682366,-0.373675885475452,-57.997375982559504,0.07692307692307693,7.598364222325885,7.118351958235167,21.099225842069217,-2.220446049250313e-16,7.6924505288392755,14.704414966928885,11.690461568342243,-0.5281390936867826,-8.4933017009958,0.3076923076923077,0.48601398601398604,0.2854740402370657,0.9090909090909091,0.0,0.31437112001888523,0.7272727272727273,0.46233003456026833,-0.20622621784170053,-0.1477272727272727,0.15384615384615385,909.9946132397686,489.4532416428633,1754.276303753972,-1.6749238201543193,421.2711852468847,918.7444694534634,529.1353878789369,-0.2975541282817529,-356.0022736870525,0.3076923076923077,1776.903357872596,1066.5322618508792,3692.9443359375,-8.809037642045473,961.6236795587134,2133.744673295455,1254.5981885286592,-0.2799779680103112,-805.5375532670454,0.3076923076923077,1258.0348032237803,290.94632374621267,1025.7006770661903,-1.5642644181145993,317.24152582587055,752.6907722436101,469.6037340315099,-0.29995893382154487,-235.4932277107771,0.3076923076923077,-352.898,102.13514,328.73163,-0.47694907,91.018654,219.51389,77.184074,-0.25113877040285826,-56.40213,0.15384615384615385,139.02182,25.801296,98.91247,-0.4231987,36.461975,68.657646,57.528763,0.2845215804556994,21.125595,0.7692307692307693,3.3713756,15.991517,46.48001,-0.13144462,15.077993,26.158972,20.298851,0.4257807625317782,18.438654,0.8461538461538461,47.555527,15.204534,54.66783,-0.5197665,14.043271,27.411512,20.545765,0.3227811123655526,13.327217,0.5384615384615384,-0.91720974,12.196446,42.155727,0.32274213,11.1016,21.600227,16.190435,0.5280709472207709,15.9488735,0.5384615384615384,0.016908872377622376,0.011234627683484221,0.036798650568181816,2.168404344971009e-19,0.009113152521896725,0.017999822443181816,0.01015315922668017,-0.316184029004963,-0.006536310369318182,0.38461538461538464,0.8058146876826668,/Users/will/Projects/SpeechEmotionCS3540/datasets/SURREY/Audio/JK_n08.wav,Neutral
4.133287981859411,15,0.068713315,0.025993675,0.07663396,-2.1539096e-05,0.018949347,0.039601397,0.024737619,0.12962872216746138,0.009680755,0.6666666666666666,117.5510902232855,84.67836496674502,194.49398914007585,0.0,63.51796541626084,194.49398914007585,90.29983313968846,0.07286968899974583,16.518768702656686,0.2,9.909376915840989,10.012639187613784,29.860832439721857,-2.5376526277146434e-16,9.537576292509065,21.125864521359503,15.840612455581534,0.3164347090151655,8.414108888429185,0.5333333333333333,0.4666666666666666,0.373158164336052,0.9090909090909091,0.0,0.25540208362723554,0.5454545454545455,0.31542260171591363,0.19735540503249982,0.20909090909090908,0.6666666666666666,670.942791589921,433.5044594092213,1373.7591700704356,1.7446021289850893,315.3611589571851,926.9360331025142,453.90697212254537,-0.024722684949469324,-44.03314918290528,0.4,1188.4044300426137,950.7704554415031,2903.067294034091,3.2509543678977195,649.2171331128515,1855.2812056107957,923.6795488546695,-0.031253623373724525,-148.87273615056813,0.4,1168.863282142166,251.4069339273733,835.8071861193382,3.613048564070961,222.67703393569565,665.5690981470325,356.9198785591248,-0.015456558184999076,-43.6435025658609,0.4,-447.10208,101.49741,249.58829,0.2831726,58.863804,159.68106,66.746506,0.09478931692110219,27.331146,0.5333333333333333,124.8413,18.170704,70.92006,-0.13300106,25.861444,50.174942,42.129158,0.008116202629328183,4.022331,0.6666666666666666,27.072777,11.146651,36.782524,-0.02155808,10.943379,21.96518,16.301037,-0.21950662260427437,-5.9213924,0.8,45.654133,18.608534,56.781876,0.0390719,12.861969,32.152626,17.484297,0.07467640725463724,3.8745651,0.4666666666666667,4.1802464,13.735394,47.72058,-0.07334117,10.76381,24.628086,11.735569,0.25335232396624235,8.860111,0.6,0.008280066287878788,0.0070858550230896815,0.020263671875,3.097720492815727e-20,0.00538565641207859,0.010697798295454544,0.007268452688608351,0.1356665783870816,0.0026367187499999993,0.6666666666666666,0.8462543353496867,/Users/will/Projects/SpeechEmotionCS3540/datasets/SURREY/Audio/JE_sa08.wav,Sad
5.911972789115646,22,0.17804402,0.08027244,0.27835652,-0.00074296014,0.08363339,0.20539375,0.12187377,-0.014679835832625703,-0.0021617562,0.5909090909090909,260.05679581033337,85.12610703281834,327.7637328418244,-15.244776457678602,73.18817666465543,327.7637328418244,113.1284398237358,-0.5593370268991262,-101.878554581669,0.8636363636363636,30.144789496712136,19.75673259724702,90.55652068253113,-2.4377393643187197,27.680791284682275,83.03921035923752,49.51815753843146,-0.3046620240173824,-15.354708950759374,0.5454545454545454,0.6983471074380165,0.3267860978473974,1.0,-0.012987012987012983,0.3105589206577231,0.6363636363636364,0.411131275409491,-0.22422841221056708,-0.045454545454545414,0.18181818181818182,1436.46590916072,482.0788640999419,1892.7449755485154,-17.680155561321847,537.1233166085636,1073.8996796951972,701.6255971323392,-0.26939948979383865,-257.57347436605073,0.3181818181818182,2670.7622937919677,876.1403993063548,3582.8313654119315,-47.91370738636364,971.1968260750402,2003.0772816051137,1337.2328854944012,-0.286889073658241,-430.45432350852343,0.36363636363636365,1484.7269418142296,205.1231479073207,918.3649507051273,-11.024292443685779,255.1583497704125,517.0983362045552,414.8699656177089,-0.2071885984120127,-43.67444909406754,0.36363636363636365,-269.62186,112.853745,482.005,-7.4292045,86.412315,246.32945,87.25197,-0.2372257595921418,-60.756836,0.6363636363636364,112.99138,24.72532,111.67205,1.2584814,24.52536,58.487694,35.04683,0.3983153678488473,15.44072,0.5909090909090909,-8.071336,21.587488,81.774124,-0.59892166,21.343494,47.430687,27.859005,0.40010929551009944,26.150158,0.9090909090909091,33.038864,16.554415,58.412376,1.9199858,21.14542,44.505608,30.812813,0.04105411173385313,1.3857574,0.7727272727272727,-19.09715,20.871246,112.30226,1.6882945,22.770832,63.83484,23.921597,0.004167965134703454,2.0928535,0.9545454545454546,0.05615436144111571,0.03353953836292093,0.13176935369318182,-8.349397997835504e-05,0.03546569722034867,0.08416193181818182,0.04406990254882294,-0.21012823601819958,-0.015073305600649352,0.3181818181818182,0.5717470352162948,/Users/will/Projects/SpeechEmotionCS3540/datasets/SURREY/Audio/JK_f15.wav,Fear
4.140453514739229,15,0.20811622,0.0781228,0.30586687,0.006252967,0.0711682,0.13072807,0.065547206,0.11018599806253135,-0.0070377737,0.2,262.38014593169663,91.53328686676028,452.2364744621947,-32.30260531872819,84.14122299348755,279.70722707683944,92.73104907970709,-0.6720052284754654,-128.90329662973983,0.0,37.59784973387776,23.272556590226124,93.03262039906299,-1.2147869764692878,32.58308626613534,76.02560272849296,46.68638601398354,0.07363802633677405,10.737826074340319,0.06666666666666667,0.7939393939393941,0.24554805551373204,1.0,-0.05194805194805195,0.20462274359206145,0.6363636363636364,0.21233883147816748,-0.33990936958388906,-0.17272727272727284,0.2,1483.0102855737848,395.22470400452187,1437.0178679428104,-37.28717459806776,407.6645873130561,889.4641323940898,572.2913914569021,-0.5572793756454081,-433.80872449175695,0.3333333333333333,2701.405584161932,792.8379267704285,3367.988725142046,-127.38148082386363,772.0804070680642,1584.647993607955,1038.168901790601,-0.690867103438921,-1099.5636541193178,0.06666666666666667,1505.4249088285665,207.97598322900984,807.2309354426177,-33.0091934348275,166.73170230837192,345.1022273550327,236.62867877554064,-0.8275234524003797,-354.4529482310427,0.06666666666666667,-231.6502,69.00403,279.3604,6.4259872,69.49849,172.45813,59.493076,0.07327572523334994,-1.6175537,0.2,113.15617,25.29344,104.33348,2.0987418,22.656523,39.51993,34.158268,0.7794771004108447,45.48266,0.8666666666666667,-10.329878,13.303435,52.898796,1.941142,15.679625,33.324924,23.221973,0.576895910367085,19.09143,0.7333333333333333,37.559227,16.477314,50.5466,-2.739886,17.760141,29.686878,21.740782,-0.3285048922558743,-9.388695,0.4666666666666667,-34.04031,14.488186,53.927956,0.49274158,14.030636,25.383602,17.627491,-0.29206887825443506,-13.730764,0.4666666666666667,0.06527580492424241,0.03557478492178746,0.13432173295454544,0.001396674614448052,0.031287967924228784,0.06895862926136362,0.04540549575672219,-0.010242879569340434,0.0030717329545454503,0.3333333333333333,-0.15474080094500314,/Users/will/Projects/SpeechEmotionCS3540/datasets/SURREY/Audio/JK_f01.wav,Fear
5.0,19,0.005101486,0.002615298,0.008049217,4.3929e-06,0.0022505433,0.0037717721,0.0025128918,-0.21135566620310814,-0.0023917167,0.21052631578947367,132.29683362528456,121.96855788609571,410.56564327590723,7.894919286223335e-16,154.91549045300567,389.7292645012505,249.34592431148872,-0.15293992489478112,-80.55846126293768,0.631578947368421,10.388606810385852,11.247157336019075,49.318819264660284,-2.4671622769447924e-16,16.010081301844117,43.99535038944409,28.64245742603225,0.18180314134009393,2.910104879282116,0.631578947368421,0.5334928229665072,0.3355940067668183,0.9090909090909091,-1.2335811384723961e-17,0.3527408099037217,0.9090909090909091,0.5187027948993121,0.301951283094141,0.24242424242424238,0.2631578947368421,1028.3917375856547,338.9005327594125,1077.1087767007725,0.91386878961973,398.0818168730634,753.3339903396921,605.0222781735846,-0.16130397419585726,-102.78883235692774,0.6842105263157895,1781.7180140737144,577.647207286228,1951.2018377130685,5.845503373579542,730.3367950319698,1415.3187144886365,1136.489792845492,-0.16602805082609737,-184.90822531960225,0.6842105263157895,1468.0605087239671,310.1953055521844,1026.406785441659,0.21045217351324177,331.6223533336783,627.9617413697276,437.9752506110216,-0.18636147595677133,-96.16852224333684,0.9473684210526315,-627.35315,73.07984,224.8078,0.35505506,61.395485,136.86157,68.65901,-0.0835971059402998,-29.284912,0.15789473684210525,140.15268,31.53648,105.55107,-0.24746874,37.578167,67.56587,53.53491,0.26281363523682116,18.061523,0.5263157894736842,20.70792,13.372434,52.703243,-0.39329445,14.075238,29.304636,18.887144,0.15529417823307798,7.733119,0.8421052631578947,42.665756,15.696134,60.539375,-0.047158558,17.509819,41.47127,26.201996,0.07443749826631485,5.4083138,0.15789473684210525,9.485878,9.63129,41.22614,0.21944411,12.864369,21.769947,19.066916,0.05826489233549836,-1.8795013,0.21052631578947367,0.02968936901913876,0.023810011701636897,0.08025568181818182,1.927470528863119e-19,0.02391866908993683,0.06425337357954544,0.03358348209994002,-0.16552057836622633,-0.009502988873106057,0.15789473684210525,0.5682490728172399,/Users/will/Projects/SpeechEmotionCS3540/datasets/SURREY/Audio/KL_sa13.wav,Sad
2.219047619047619,7,0.005340685,0.0033090531,0.009286055,-4.9576396e-05,0.0035066914,0.0061740857,0.0041213045,-0.20816828135593216,-0.0008201704,0.2857142857142857,129.82054041981087,85.6189664725588,312.4850443911153,-52.080840731852554,71.6886226341002,186.86464684997185,99.8825681691079,-0.8335064588767224,-164.91626763269818,0.0,13.608085389859175,9.23453955967452,30.158619125328602,-5.0264365208881,12.314127192726053,23.61284911410685,19.513079079818674,-0.5753880541324184,-10.988162702211328,0.0,0.6818181818181818,0.30732881990127875,0.9545454545454546,-0.1590909090909091,0.36717032775917074,0.8181818181818182,0.4727272727272727,-0.49652812465300356,-0.3409090909090909,0.0,829.9927254311444,129.60855917325745,396.3096916605434,38.80968409375529,150.93970304515503,346.2731136412891,239.3214737927047,0.4151379530202248,173.50771542046482,0.8571428571428571,1362.114923650568,254.453153090555,751.2151544744319,77.56847034801137,310.4677953624974,702.7654474431819,512.9886361955647,0.4235392008775191,341.59490411931824,0.8571428571428571,1349.7512549193605,368.6158563931501,1002.8811142591661,-27.69127766657679,344.92424854339265,475.30440604755677,191.13928263149256,-0.17518935088143825,-159.74466238926766,0.0,-623.4516,74.30908,208.84973,4.861023,74.76951,127.30951,67.58775,0.12380502259387968,38.130615,0.42857142857142855,152.45874,39.446835,107.62297,0.89441425,38.548756,64.3443,34.873043,0.16190697742882854,10.774597,0.5714285714285714,13.810166,10.187886,27.093601,-1.6095759,10.703289,23.325184,14.573329,-0.41307470284323955,-13.486517,0.0,44.42989,19.667788,63.18805,5.337995,24.916462,45.42755,40.25237,0.5167737087256887,31.523243,0.7142857142857143,17.7133,9.371291,26.323418,2.2672768,14.249064,23.335949,19.570057,0.11977199778355957,5.81513,0.2857142857142857,0.020070261769480516,0.011247160035825156,0.03477894176136364,0.001812559185606061,0.011596643699386249,0.020419034090909092,0.011103925579614544,0.2604824231777778,0.009898792613636364,0.2857142857142857,-0.050486705229802774,/Users/will/Projects/SpeechEmotionCS3540/datasets/SURREY/Audio/KL_sa07.wav,Sad
2.5995918367346937,9,0.0811381,0.029564777,0.08300031,-5.1176175e-06,0.030228086,0.047551826,0.038902435,0.10505125166242708,0.015314348,0.6666666666666666,175.52781120114753,101.54117694615947,282.53857905717507,0.0,139.50467437947773,282.53857905717507,148.31547255182355,-0.028838043540488315,0.27557469962073355,0.7777777777777778,29.292178377161324,20.25581897156637,63.58380025220295,0.0,28.75721890464486,47.19552956672224,47.72817072216613,0.02858937312014348,8.050687863928705,0.6666666666666666,0.6515151515151515,0.38150540339436884,1.0,0.0,0.3491429885394822,0.7272727272727273,0.19545346679600537,0.10767107288825782,0.12121212121212127,0.4444444444444444,725.7114813321735,334.757496100488,1123.6717011262795,9.672253907128606,406.27173683780967,657.7229577244334,474.7660844485656,-0.15121121437291563,-140.61413438516036,0.2222222222222222,1411.4035866477273,835.989527314511,2808.614834872159,44.16753595525567,1036.5183621571814,1552.8375799005682,1194.1830265197802,-0.12495105297405315,-305.21684126420473,0.2222222222222222,1165.8317522244135,247.48324312944644,816.5454960140438,4.929139120909014,299.91769870844485,478.52169228419643,388.4013090608975,-0.2859821097670003,-211.60219729214396,0.2222222222222222,-405.5692,103.47945,299.89035,-4.389328,109.14,183.77374,94.12858,-0.08736041200708393,-11.19986,0.2222222222222222,129.79906,23.54821,78.44364,-3.5193768,30.847475,78.44364,51.189972,-0.048017532557874686,4.580261,0.6666666666666666,19.840809,15.386612,48.194542,0.644763,21.20385,34.612835,28.889227,0.13870169016985837,2.8158865,0.5555555555555556,45.36334,9.002852,27.527405,1.841794,14.098038,21.174637,25.095741,0.3155422582588877,2.8314972,0.4444444444444444,-15.706569,22.321005,77.705605,2.1788697,29.493078,43.36657,40.714535,0.02522077580518317,-3.4845705,0.8888888888888888,0.016384548611111112,0.011111219657809111,0.03702059659090909,0.0,0.012748171697658075,0.02057439630681818,0.01608277612958722,0.1709714271266343,0.007191051136363638,0.6666666666666666,0.666403110201886,/Users/will/Projects/SpeechEmotionCS3540/datasets/SURREY/Audio/JK_d03.wav,Disgust
3.8365079365079366,14,0.16458346,0.06122968,0.18896174,-0.00063042,0.059887912,0.115152135,0.056082774,0.09668677764661426,0.0022557378,0.21428571428571427,209.71848305763456,111.98793678943694,469.9113025685279,0.0,179.4677837123559,469.9113025685279,250.5516281475879,0.06608862041157548,22.2908015572537,0.8571428571428571,21.608552488552032,27.17649523644138,112.13565787915704,0.0,44.01128026653561,112.13565787915704,71.12455422213617,-0.33491083403199545,-20.8755999739937,0.07142857142857142,0.7305194805194806,0.3467951966453098,1.0,0.0,0.27038622278575114,0.7272727272727273,0.20366674331469795,-0.10102730879376168,-0.125,0.42857142857142855,878.5461712745537,314.84118654298857,1115.022729521651,1.3542330357082488,286.9550189714595,658.7090841177112,379.2584720046784,-0.33292126460255217,-229.06433329165486,0.2857142857142857,1608.1737171519887,713.4689534351669,2433.7413441051135,2.8610549606643625,674.6138383908481,1458.87451171875,925.8925653766121,-0.3181177957028438,-465.7778653231535,0.2857142857142857,1149.5211939018648,209.33143351381213,511.16190563509554,1.88831826735571,190.7284065866871,423.0407740263738,264.9106372493002,-0.5936907131123592,-280.02620285844694,0.14285714285714285,-313.12598,97.53328,306.55835,0.048681404,89.466034,224.33322,58.44148,0.04918152609741882,5.1329956,0.21428571428571427,133.52571,32.763912,133.23322,-0.05120263,32.592327,71.004425,43.431263,0.5447531202481373,41.76184,0.7142857142857143,-3.3828022,12.223398,49.205524,1.0730904,13.644294,28.85603,19.278286,0.1860909024612,4.64786,0.9285714285714286,25.393326,18.817884,55.32697,-1.2008928,20.614904,46.497437,29.208048,-0.542791729472652,-22.090816,0.14285714285714285,21.063078,10.408005,39.678574,-1.7981905,12.265452,24.512589,17.487421,-0.3913293661251769,-6.2886677,0.35714285714285715,0.02122755174512987,0.01058421170920731,0.034867720170454544,0.00014853310751748248,0.009416446244739661,0.020374644886363636,0.008076606609928627,0.26615160011642564,0.006747159090909095,0.7857142857142857,0.4445893011659294,/Users/will/Projects/SpeechEmotionCS3540/datasets/SURREY/Audio/DC_h01.wav,Happy
5.84907029478458,22,0.16197395,0.068398915,0.2715649,-0.0011536222,0.071766585,0.17380716,0.08640443,-0.14091447213153294,-0.01947993,0.09090909090909091,197.26169081308242,70.72254761397937,277.2252962585428,0.0,69.64759874845231,223.12251617816645,87.64542214392424,-0.1641188844822474,-19.48581231703912,0.36363636363636365,27.246090202763856,19.282037485580712,91.63362419847931,-7.61295788314393e-16,24.84157466556168,73.44870626937102,44.632461359638675,0.1386151832260229,9.646188294069319,0.45454545454545453,0.7727272727272727,0.28617007757323615,1.0,-5.28677630773884e-18,0.24856930251005355,0.5454545454545454,0.2642234841697022,0.04779657368506868,0.032467532467532534,0.3181818181818182,959.981559348834,317.91873717381344,1315.6298157166357,33.285501977396784,354.38263324148534,634.5694366467199,479.74697240295137,0.31279628876110244,281.36488481151014,0.9090909090909091,1710.9108664772727,605.897136113934,2532.598322088068,61.10395951704545,681.5035766954395,1249.4151722301135,901.9460574569937,0.2805871610385669,493.5158469460225,0.9090909090909091,1219.897197230631,170.78966170020234,716.4490705875861,24.796361210585534,180.68886486426422,402.5289628454359,257.70542094583425,0.4273690806407721,203.01108071492786,0.9090909090909091,-311.57684,98.09429,379.52374,-1.7920859,89.61509,256.60657,81.44909,-0.19936669251039302,-45.991455,0.09090909090909091,127.52105,24.335012,103.10975,-1.809493,29.856092,65.34969,46.68094,-0.27931838634226264,-20.058846,0.2727272727272727,7.51113,12.3292,52.408024,-1.2202272,13.8180275,28.562828,20.97709,0.3235045451428732,12.741177,0.9090909090909091,36.693283,18.484148,68.21171,1.1932952,21.383606,47.508183,28.489023,0.2883943875147246,17.218058,0.36363636363636365,11.508139,14.199369,50.565136,-0.26239622,13.522958,33.27796,17.889463,0.1916562168068864,7.4220934,0.6363636363636364,0.0358059465392562,0.024482295509623296,0.07965642755681818,0.00017967058982684046,0.027739046881501563,0.06167879971590909,0.03913943408601552,0.01984919772374286,0.009381975446428575,0.7272727272727273,0.6858675642274609,/Users/will/Projects/SpeechEmotionCS3540/datasets/SURREY/Audio/DC_h15.wav,Happy
5.408798185941043,20,0.17276427,0.052816976,0.2027435,-0.00417426,0.061049793,0.12263249,0.07625415,-0.2824095229953511,-0.025091961,0.85,195.81677819630653,27.64040830424588,103.29142307879383,-4.313239165681284,28.566871115680296,50.12630980962612,33.665260517765134,-0.3148745983111671,-15.333739128127547,0.45,24.153567092857518,13.794753175455174,48.856740493199325,0.006181680391676991,21.684725284202067,48.73928856575746,34.780946092134194,-0.11828002096062051,-2.2904154565728128,0.9,0.8136363636363637,0.2126670466416288,0.7272727272727273,0.009569377990430622,0.22149544495890347,0.5,0.2663393307764688,0.022239885386798892,0.015151515151515138,0.25,879.4852572831227,263.90331742803363,980.2110592747896,-5.498947665481626,300.1576997211262,641.4928269558485,328.61629619515656,0.03480118027487074,55.22681088100387,0.1,1676.2619850852273,597.2273476911813,2122.488680752841,0.07727226001793497,674.6114313355176,1376.1674360795455,761.651597730752,0.10571460909895358,208.725253018466,0.1,1186.8755236708234,189.83823641167402,775.6409096860268,-6.2031351503649805,200.1252658918172,361.7370007885663,239.36716334899302,0.014699655660758995,15.465139741681242,0.55,-292.63965,70.15361,289.8053,-6.984839,71.42746,207.35657,71.43054,-0.32247464156731753,-38.11151,0.1,129.9764,22.869291,85.62807,0.9323923,20.471344,44.841263,29.5617,-0.17221737368515075,-8.411087,0.3,4.7785535,14.02564,65.67842,1.0057796,14.621538,31.461906,18.802015,0.19705448715197638,2.5841012,0.95,38.37018,16.398163,58.1861,0.64930564,17.287601,42.911476,24.008121,0.37214825994015366,14.183693,0.15,17.974926,14.532764,52.32561,1.579495,10.251809,24.444561,14.690924,0.7864223390895785,26.6206,0.75,0.024217640269886362,0.01028696776511148,0.044500177556818184,-0.00021143279007177014,0.012156928702285422,0.02587890625,0.014929391779884341,-0.25730451041174196,-0.004816228693181813,0.1,0.8123264153200053,/Users/will/Projects/SpeechEmotionCS3540/datasets/SURREY/Audio/DC_h14.wav,Happy
3.983219954648526,14,0.11319492,0.055932485,0.17918961,0.00012379684,0.055255953,0.11844091,0.06119967,-0.4048523966121915,-0.0736673,0.14285714285714285,167.38439051573803,109.81903144795633,300.54023067061456,0.0,108.983869619631,300.54023067061456,137.2720733302929,-0.4727360097792943,-147.15955533157347,0.07142857142857142,19.566204645050032,16.019030672214853,45.34379728932811,0.0,15.432828164019856,37.473631497269665,19.131172133010335,-0.16021215364449173,-11.172908594634787,0.6428571428571429,0.4805194805194806,0.3417583731672927,1.0,0.0,0.3056992027188027,0.6363636363636364,0.3624309249915993,-0.24038292140475048,-0.3068181818181819,0.5714285714285714,951.3813119787828,373.29874898768605,1481.3004283960147,49.4582310916268,326.88813808918667,673.5979861551818,345.431031385424,-0.11005077984260597,-92.26730022069137,0.2857142857142857,1716.2941672585227,650.7954564396101,2752.8242631392045,137.36828357189688,589.9061673342903,1085.9585848721592,662.5202983124547,0.09876251499930516,227.19976251775574,0.2857142857142857,1204.4245719565024,209.0675485215748,712.3913673748212,43.10650683077708,254.0729049058286,518.0849136200987,349.6263136576604,0.1444624508364156,72.8158723712022,0.2857142857142857,-314.6788,95.50058,371.21094,6.7770104,89.87455,255.4289,78.60962,-0.12695397558876945,-44.238037,0.14285714285714285,151.83757,26.175041,92.82916,-0.52354723,33.189526,60.273193,50.08048,0.41881104104887745,29.999786,0.7857142857142857,-3.4394567,17.386328,53.83837,-1.178112,22.234772,37.54033,29.08541,-0.21107731786524353,-12.831603,0.0,25.044333,16.69165,70.2836,-0.42648184,22.833637,48.4956,34.22586,0.12116819698389444,9.648052,0.2857142857142857,-18.980274,18.258827,61.889133,-1.9951125,19.441038,47.51754,25.08853,0.1239503558050084,9.762192,0.0,0.031541700487012984,0.022451116116581002,0.09053178267045454,0.00018267864947552498,0.02023900260647039,0.038773970170454544,0.023308199313518126,-0.37231953350910874,-0.025296297940340905,0.21428571428571427,0.8046294045453161,/Users/will/Projects/SpeechEmotionCS3540/datasets/SURREY/Audio/JK_d02.wav,Disgust
3.4993197278911565,12,0.007543763,0.001535272,0.0054921005,-3.226275e-05,0.0018018784,0.0029003425,0.002308317,-0.26023881463312126,-0.0012308448,0.16666666666666666,109.89623103308821,34.679741060051796,137.70746756309634,9.058646651006127,41.215121522194075,137.6808579598574,41.54291068647754,0.2707514452783537,14.512805004405735,0.16666666666666666,10.986565085715577,5.496070546919089,22.05854930515951,1.4006916683566963,6.546049561547296,14.532604239251516,9.402624565061464,0.3718513327267422,3.3965054500528673,0.8333333333333334,0.7613636363636362,0.27154098057610276,1.0,0.06611570247933884,0.28443442792319046,0.7727272727272727,0.2831347545890443,0.3293372874704448,0.15909090909090917,0.16666666666666666,634.9312665068628,176.63798820497215,575.5044637968813,0.3707405877103673,170.58922100891965,410.60229401175786,217.63598258041824,-0.4523301886720394,-235.62555985789606,0.25,1074.4986794211648,464.1278312894102,1411.892977627841,-11.255992542613647,456.10742887959157,1025.763494318182,575.7510086977118,-0.5463874512092459,-721.117609197443,0.25,1206.1223758604601,172.85092038191155,564.7398880030628,-13.234253758163277,169.4263016184749,293.03984906170103,278.54329526886454,-0.7411655441789416,-345.15820268864536,0.25,-620.47876,41.38387,118.107544,0.77963537,49.493656,88.131165,61.93541,-0.14806765811862826,-18.990845,0.16666666666666666,153.58655,24.618305,82.548004,2.233777,31.448603,52.949875,50.786026,0.6096727086583372,42.27556,0.8333333333333334,31.18633,14.428587,54.504826,1.7852142,15.206674,27.047333,20.472553,0.22002999122605177,6.8451996,0.8333333333333334,42.34213,14.426464,56.081043,-0.6930868,19.064947,37.089977,30.258123,-0.4165111715909877,-20.65515,0.25,16.139454,20.761698,72.99191,-0.30054083,19.639116,42.23588,26.049871,0.29916353493053927,13.290532,0.5833333333333334,0.011946244673295454,0.004841358989978348,0.018132990056818184,0.0006214488636363636,0.006033659601275897,0.012828480113636364,0.009283232742518807,0.44848142627909504,0.004644220525568182,0.5833333333333334,0.5321644698410619,/Users/will/Projects/SpeechEmotionCS3540/datasets/SURREY/Audio/KL_sa06.wav,Sad
4.503537414965987,17,0.0041594715,0.0014154443,0.005082691,-1.6357226e-06,0.001315075,0.002812033,0.0016509645,-0.34623117387217794,-0.0012616606,0.11764705882352941,118.04521888398384,106.49255578710144,442.27019997628787,18.217583081573128,149.67553400322524,338.47254686681805,238.26781722149727,0.23670297556824654,22.209726762766735,0.6470588235294118,6.940306457440895,7.014628882675899,25.298260475226574,1.5811412797016606,10.15831088998185,25.298260475226574,16.04577045412957,0.09444168044396375,-1.3997456405966915,0.9411764705882353,0.4973262032085561,0.35534346919219373,1.0,0.06250000000000001,0.4323785240001276,1.0,0.5845108147519457,-0.06911732995069382,0.00909090909090915,0.9411764705882353,960.5771225131227,218.6223644532472,785.2754927909924,0.9544699760834661,266.2871007934764,571.0394624731107,415.73119645690707,0.3578058604561104,141.0848369129535,0.8235294117647058,1717.675977084726,422.8607023184498,1399.1688121448865,4.7715620561079675,527.9634945331242,1010.5923739346592,833.8764004652696,0.382388810580185,251.64484197443198,0.8235294117647058,1504.8934192400366,295.38246953313416,983.7453485486576,0.869229203204938,275.9193320187925,510.8160731299122,372.2109389548575,0.40309704382360795,256.32173281624887,0.9411764705882353,-650.02374,49.42863,164.31891,0.09638214,43.78211,78.43182,51.197132,-0.25072723578586115,-29.955627,0.7647058823529411,140.35211,26.101395,81.3857,0.03058672,30.401754,60.00235,45.00981,-0.31475025921823196,-14.22258,0.11764705882352941,22.284208,12.0521145,49.80004,-0.08055735,10.936105,23.387894,14.813903,0.37631750732090624,11.883664,0.5294117647058824,45.297466,16.536596,62.522545,-0.037644506,18.36941,41.116714,27.581,-0.2749210654559977,-16.4943,0.17647058823529413,13.554441,20.583792,73.67449,0.13121068,15.047395,23.788094,18.336388,-0.49871913297487797,-25.778128,0.29411764705882354,0.01992291945187166,0.012280842974716056,0.04161487926136364,4.336808689942018e-19,0.013121213006325842,0.026788884943181816,0.01800422245129579,-0.07935779762205236,-0.004008345170454539,0.7647058823529411,-0.005346870986048906,/Users/will/Projects/SpeechEmotionCS3540/datasets/SURREY/Audio/KL_sa12.wav,Sad
4.8113378684807255,18,0.20459172,0.10070754,0.38095275,0.0014885542,0.12276196,0.29929826,0.16056293,0.1845662852945133,0.027600959,0.8333333333333334,268.0348709566892,60.733899394890216,328.23400200634916,-19.307882470961715,50.485512280703,170.8678065077326,60.54656336111604,-0.6359545743068906,-71.39737091497582,0.0,32.83050252312516,16.499189096898334,75.80619271244298,-0.3030693429456343,26.548341915286617,75.80619271244298,42.27407266022927,0.1906846318600551,6.099491364191305,0.8888888888888888,0.7702020202020201,0.17240282008786148,0.6363636363636364,0.018716577540106947,0.16356120045109224,0.31818181818181823,0.20750308048096763,0.1905695828077833,0.09090909090909083,0.3888888888888889,1244.761313528599,426.7332757179733,1716.4795117095173,2.9089523381967877,296.02969809084715,558.6905407255508,362.16018906026596,0.025306126434186393,70.5328110545762,0.3333333333333333,2289.3981933593755,921.1807987643994,3176.1474609375,-8.780249937332902,578.1082094130066,1364.9114435369315,606.6473918832887,0.08097289117464025,402.7687766335223,0.3333333333333333,1407.436951782369,165.5196692049523,502.40350948884475,-0.8694526757471174,161.23993207710345,413.987044298319,234.99888120284365,0.1740516747211411,129.82700047618914,0.3333333333333333,-256.35358,106.177666,419.4681,5.1493855,106.92595,298.17688,102.87651,0.13517398492194252,23.638718,0.8333333333333334,118.39765,16.657215,67.913765,-2.5427802,24.76337,61.92861,38.14465,-0.1436921607793799,-10.663513,0.2222222222222222,-11.833197,21.89851,84.24042,1.4749845,24.988653,47.520817,33.192,0.06721008787787776,0.07518005,0.9444444444444444,26.861145,18.516777,70.69557,-1.324666,14.987951,38.720467,19.191097,-0.188986620059275,-2.805748,0.4444444444444444,-25.814762,14.482972,55.43716,-0.10176064,14.355337,31.72078,18.32396,-0.10323369447929108,1.7034359,0.05555555555555555,0.04790951507260102,0.03323340140398659,0.13884943181818182,0.00044911430481283434,0.03176694921528992,0.08682528409090909,0.04457346539968328,-0.08838739459440988,-0.008781664299242424,0.3333333333333333,-0.05112823134961922,/Users/will/Projects/SpeechEmotionCS3540/datasets/SURREY/Audio/JK_f14.wav,Fear
3.694965986394558,13,0.072595626,0.03501254,0.087650694,-2.5949752e-05,0.023212401,0.0486218,0.025846818,0.1343690889146432,0.016917516,0.38461538461538464,109.65424463497001,88.0496035547159,206.17438318623658,0.0,67.0729516054675,178.43477601643716,93.38281722466141,0.09973349256173267,30.823497332926713,0.38461538461538464,9.850861702003625,8.443519435826559,22.067128284196272,0.0,7.327533542233386,15.607557012129112,9.983132916406822,0.23086063073669466,6.96429206680737,0.6923076923076923,0.47202797202797203,0.42548295790702817,1.0,0.0,0.24965540989824367,0.5454545454545454,0.23658603650082047,0.26355364400682324,0.3181818181818182,0.5384615384615384,645.7383621049195,411.43313804910406,1445.4422944708128,2.3859254581631575,372.33658132610134,865.7846046798347,497.36417047228076,-0.09654511829592215,6.8445871462012065,0.3076923076923077,1103.7648874562935,827.2883260732698,2811.061789772727,4.934692382812496,719.1112254774091,1605.6918057528408,944.779452125024,-0.08078969098062676,3.303389115767118,0.3076923076923077,1133.0666014075764,234.78777802938228,906.1069658948262,4.67811428274958,254.66538977416144,569.1697652698779,378.59400584199597,-0.14168614915153607,-37.827567576937554,0.3076923076923077,-445.63123,113.39266,282.3215,0.27321878,74.00127,148.49374,84.77312,0.1732703808296617,67.67389,0.46153846153846156,130.90018,27.576805,101.54929,-0.2855657,27.732922,60.616234,37.13505,0.24633790749163256,12.778236,0.6923076923076923,28.010149,10.72617,35.34765,-0.11471343,11.1660595,25.571516,17.518187,-0.33998514925722206,-8.553228,0.38461538461538464,32.77648,12.0696745,41.310455,-0.1870799,12.785331,28.418888,16.729431,-0.2815959183040711,-6.7373238,0.3076923076923077,-0.6204776,10.495591,35.93261,-0.3503493,9.64017,17.27016,11.933606,0.10411614701833578,0.9431982,0.6923076923076923,0.008690040428321678,0.008324401262813719,0.020796342329545456,-7.228014483236696e-20,0.005370444075311349,0.012473366477272728,0.005983463598955322,0.18170652505461848,0.005060369318181818,0.46153846153846156,0.8092966756455308,/Users/will/Projects/SpeechEmotionCS3540/datasets/SURREY/Audio/JE_sa09.wav,Sad
3.6370068027210882,13,0.09532826,0.037587184,0.11455649,0.00044905892,0.02688626,0.062042736,0.031698573,-0.32095200725164286,-0.032890547,0.3076923076923077,146.5097666772964,102.24631046407762,442.07105879036044,36.8392548991967,119.07233114571854,329.69328973903936,161.1979940714796,0.4226585186352671,73.79601103198749,0.9230769230769231,8.953182036234347,5.86863971982627,20.616369067043024,0.6554768682921776,6.962217312988469,13.144470858823482,9.752996069248782,0.07092619305010836,-1.1497650102565977,0.23076923076923078,0.5874125874125874,0.32213406451135723,0.9545454545454546,0.026515151515151516,0.35474854970385444,0.7272727272727273,0.4669604326121206,0.19436054107583747,0.05681818181818188,0.5384615384615384,953.6642610552548,340.3417532410541,1253.9198733293294,23.682235273992365,332.39878634870615,640.0180265158957,372.0622647079144,0.3813286889187346,396.7268717480033,0.7692307692307693,1893.3784111396417,785.8856078901509,3022.478693181818,67.2096946022727,706.4673477449811,1322.823819247159,672.4790038932848,0.5240636650242192,1155.4521040482957,0.7692307692307693,1274.356266633509,246.2857648632302,783.9428991707638,16.677633401400527,259.4450930776747,515.2455882611116,339.97458123154775,0.5163742863719593,370.1663360864304,0.7692307692307693,-342.0308,92.15706,316.55115,6.7773414,73.19666,162.40823,51.59267,-0.018166124190065233,-14.90329,0.15384615384615385,146.68456,27.971798,106.842926,-0.22074509,28.375574,57.59355,41.76846,-0.25446552588724025,-26.874786,0.5384615384615384,4.689759,15.736394,53.546013,-0.66316557,17.519253,32.77922,23.28066,0.05298689862435187,7.595851,0.0,53.311977,30.054314,82.35197,1.9558102,20.9137,49.54217,23.442333,0.7560492708029657,56.31492,0.8461538461538461,-1.999627,19.008167,61.001423,0.505374,15.00196,32.802956,19.046305,0.4695949358538168,18.392708,0.6153846153846154,0.015483296000874126,0.008223800134853158,0.03164950284090909,0.0005086263020833334,0.006719740125170173,0.01260653409090909,0.007853812840980766,0.024634878226166054,-0.0021251331676136378,0.5384615384615384,-0.13577063557425303,/Users/will/Projects/SpeechEmotionCS3540/datasets/SURREY/Audio/JK_n09.wav,Neutral
3.874240362811791,14,0.08820207,0.035827607,0.13982563,-0.00062840804,0.03505173,0.0689327,0.046941485,-0.5909377093398903,-0.05256273,0.14285714285714285,156.06278473211833,111.38313715382826,454.78178336493585,-34.98321410499507,71.59598424857137,139.88129308434398,102.66893368920704,-0.7763344367813184,-197.43646637149834,0.0,20.357285585793143,28.68093729180988,118.5189442093659,-1.7632090329437444,40.214975149622134,102.47088164565928,68.5546329030506,-0.5645179322636109,-41.68833393096612,0.07142857142857142,0.5909090909090909,0.27648920592264636,0.9090909090909091,-0.038461538461538464,0.31179715817633497,0.6363636363636364,0.46507686203820736,-0.5068665925349867,-0.2954545454545454,0.14285714285714285,1044.2562697748879,410.11686206990254,1430.2300157696957,-8.871710371694986,372.27905138081104,675.2034453884505,388.6174496459986,-0.3819204692703287,-397.71073318156004,0.14285714285714285,2224.8063520951705,971.986923318415,3424.758078835227,-42.12526974978148,878.5577428653642,1559.1996626420455,936.6570115319547,-0.3968354674897416,-991.5061257102273,0.14285714285714285,1456.3275754949796,299.4596486879818,988.1295568925785,-13.757526109805404,290.8462893692371,553.3574173917112,375.94872666290286,-0.4117027560671396,-306.80984303079344,0.14285714285714285,-357.16412,83.15911,304.91168,-1.4175931,73.033775,183.78696,64.05591,-0.35420172346602485,-76.180084,0.14285714285714285,126.49386,26.886812,104.063034,1.6918763,27.04111,42.28254,38.19521,0.6556443322270104,43.886772,0.8571428571428571,18.239788,17.606377,69.5634,2.0992942,17.520597,45.47119,26.746761,0.7095029710099645,34.94264,0.7857142857142857,58.747314,10.23501,38.255737,0.28573197,12.773514,23.552872,18.620035,0.18737573374879074,7.4934616,0.7142857142857143,-6.88786,13.510014,46.99711,0.55801344,15.307067,30.720951,23.395506,-0.1315077096214247,-2.07907,0.9285714285714286,0.013475294237012986,0.007656594880015172,0.03213778409090909,7.512019230769231e-05,0.008636127166392149,0.01677911931818182,0.010199405184277437,-0.3386927674665487,-0.007191051136363638,0.14285714285714285,0.2030190373232828,/Users/will/Projects/SpeechEmotionCS3540/datasets/SURREY/Audio/JK_n21.wav,Neutral
4.130748299319728,15,0.05930722,0.009684092,0.03263249,0.00036198646,0.011345107,0.020489283,0.016421571,-0.13723253307375977,-0.0018098839,0.4,126.31494779341728,111.68602612388077,470.85393983326605,0.0,170.34408629352865,470.85393983326605,309.15556469305034,-0.10220304748458986,-44.80427296576161,0.6,7.453641076038585,6.672393426449614,22.48793571593052,3.172065784643304e-17,8.433626037860323,18.537988268435928,14.158088149620708,-0.551739246677542,-8.275754218818799,0.2,0.4606060606060607,0.3196359269598608,0.8636363636363636,1.982541115402065e-18,0.3440333033493404,0.7727272727272727,0.44763438935183775,-0.44105539980172037,-0.27272727272727265,0.13333333333333333,721.1920379358656,291.4113939044138,996.0309461414797,1.7914103084338902,310.6139154464735,658.9150837514441,393.21839301500836,-0.18153269408937056,-144.9321912282751,0.6,1407.521084872159,648.4680401454143,2229.1759144176135,-2.6566938920454675,681.4724202828817,1432.4473987926135,860.6942535120312,-0.23655829804049716,-405.9008789062502,0.6,1117.939622720161,209.29220183301706,745.3915641553587,-4.904033095503004,232.4331428643421,572.4960871105303,350.1367393580919,-0.2734383996216693,-149.1111892459835,0.6,-418.7392,54.070854,238.18951,4.137316,60.798912,140.94073,65.49747,-0.11603637078723819,-17.870117,0.13333333333333333,150.76018,26.536802,93.62015,0.62410843,39.988354,72.60416,67.37233,0.16661584966075177,9.399628,0.8666666666666667,6.5775747,16.192196,47.576576,-0.015211786,19.292368,36.93901,30.17656,0.27091244065642756,12.197245,0.8666666666666667,36.193913,20.55463,68.98064,-1.7567651,24.1656,42.28199,38.359055,-0.3022115410978043,-9.1155815,0.6666666666666666,22.19287,14.253946,48.21638,0.6335438,14.865603,26.69675,20.774527,0.28718867493619904,12.346672,0.7333333333333333,0.009596946022727272,0.004573910679028709,0.017489346590909092,0.0005437677556818182,0.005519599463388429,0.009676846590909092,0.00814645618094528,-0.07727068098157226,-0.0011896306818181823,0.13333333333333333,-0.07840525280174987,/Users/will/Projects/SpeechEmotionCS3540/datasets/SURREY/Audio/DC_n06.wav,Neutral
2.973061224489796,10,0.06946171,0.02259543,0.06796099,-0.0003692189,0.024094595,0.059875723,0.02686964,-0.588026929318358,-0.039774038,0.2,141.6392857795668,123.87074171140621,474.79603927148736,0.0,204.28392167707852,474.79603927148736,313.2273701265952,0.27476272569773097,93.49774766187906,0.8,8.941400601734998,8.028077901965,22.14679896844588,9.868649107779169e-17,8.345950082474555,18.418185653173232,9.694258148628482,-0.5015306770018376,-10.285866254331527,0.3,0.6363636363636364,0.37702620642414036,1.0,0.0,0.3075421686391582,0.6818181818181818,0.20192449595360068,-0.1511058601527943,-0.18181818181818182,0.4,710.9179039638003,332.74089855976524,1075.6406471742573,17.168606018540498,373.99357602727395,853.0027687488197,500.8587266822339,-0.20007534930332704,-171.08447430824026,0.2,1295.8583762428977,627.1387382423918,2142.5537109375,56.00807883522728,745.7189209614967,1722.65625,1009.9273891937196,0.043184300647095164,49.591619318181756,0.2,1059.26530966546,189.589297380476,599.5357248348422,5.024765467552736,240.00772988106894,509.0409315238837,351.56332588695915,-0.17997901263343768,-64.04348854807654,0.2,-401.88306,55.51937,181.22345,2.8502808,56.227493,127.908905,56.83293,-0.17026217209156735,-34.837128,0.2,166.03464,35.01674,114.50466,6.064827,37.88057,72.369316,55.148567,0.561289152823557,39.010834,0.5,19.191774,14.246558,49.768547,-1.4340973,14.292084,27.780102,18.892427,-0.3344759597857086,-7.8385506,0.0,42.786343,22.780298,75.229744,0.42296642,34.176258,59.838318,54.74416,0.21101661011949172,20.332016,0.3,24.3027,16.982742,61.74156,-0.58839,19.068106,31.83952,29.456001,0.21341838952669337,9.09032,0.6,0.014022549715909091,0.006335661383776717,0.019975142045454544,0.000456222380050505,0.0070661153168263355,0.017333984375,0.007915713048904757,-0.19794610227910506,-0.005467270359848484,0.2,0.05672565791828467,/Users/will/Projects/SpeechEmotionCS3540/datasets/SURREY/Audio/DC_n12.wav,Neutral
6.07968253968254,23,0.06895443,0.025312878,0.09246299,-4.5634806e-07,0.014846837,0.033491693,0.013300469,-0.5131822010990453,-0.041527923,0.21739130434782608,92.89736590136857,118.23523896658216,436.9776237092022,-3.2297397080004553e-15,172.19897656844034,436.9776237092022,313.22662688433655,-0.07986796213316587,-37.34971877797575,0.34782608695652173,5.901416046799264,11.263626407216568,49.95827895380424,-1.2111523905001707e-16,17.01661268127648,49.95827895380424,30.748131481497143,-0.18482864618608327,-5.102697855245912,0.34782608695652173,0.30039525691699603,0.3230122135846046,1.0,0.0,0.35474671126173146,0.8636363636363636,0.5729024675353968,-0.18447358874546882,-0.24025974025974037,0.17391304347826086,777.7817996001697,320.30840344335667,1415.4951433213328,0.806808415997143,319.7584634379556,839.9902839758188,404.97200128416716,-0.061977922062823994,-18.970240018747404,0.391304347826087,1597.4572705657113,780.7872439470523,3224.59716796875,0.6895963810692365,782.2186953381854,1965.8835671164775,956.2149396907848,0.015324203434241025,97.03924005681802,0.391304347826087,1161.1433389034617,218.57310727111647,912.0982795821263,1.1038935617273027,243.46525092884082,584.6295283872862,327.9113946243337,0.015961244132251882,56.0351512367904,0.391304347826087,-389.54453,78.84385,299.28134,0.33739403,57.17389,116.246765,59.23997,-0.2979104682651954,-69.99527,0.17391304347826086,157.19513,24.958256,99.57979,0.27174586,26.321217,47.821182,42.731453,0.26977768553386244,14.053268,0.7391304347826086,11.378442,17.715082,65.95626,0.15236959,17.65436,40.63322,23.1731,0.1152383244738361,6.687644,0.782608695652174,53.187355,25.459768,87.71329,-0.18790141,24.446753,46.968323,29.293148,0.4172049042571649,27.57414,0.391304347826087,2.1240296,17.367014,57.8864,-0.23691107,19.119373,34.429554,25.314592,0.36422555986784927,16.449043,0.8695652173913043,0.01344896399456522,0.006517687371752033,0.02678888494318182,1.5770213417970974e-19,0.004893448821647926,0.0087890625,0.006146143373368072,-0.10269561514711933,-0.00273627739448052,0.6521739130434783,0.30384513243674344,/Users/will/Projects/SpeechEmotionCS3540/datasets/SURREY/Audio/JK_sa14.wav,Sad
4.2910204081632655,16,0.11318382,0.06765209,0.19812045,-1.4087558e-05,0.057575487,0.11664047,0.06748741,-0.3420391698838292,-0.08538681,0.1875,102.30227687933365,76.72638469806363,232.63278968829994,0.0,90.62459559503888,232.63278968829994,141.57292943782488,-0.16578154648588528,-51.94592809123074,0.125,12.968423049489093,14.827234809617275,51.06109075421268,1.1842378929335003e-16,17.138329767228523,51.06109075421268,24.4783862524883,-0.2688714980707246,-12.885885888002687,0.125,0.5198863636363636,0.38062881245631003,1.0,0.0,0.3860515673743293,0.8181818181818182,0.5948916740853782,0.023477087121067716,-0.10909090909090918,0.4375,854.0458159838779,357.31413974011537,1361.4169724688177,1.6560833984399779,287.9173548376336,519.6789429229163,313.22154265519777,-0.0054796920109773245,28.821706682014337,0.3125,1654.5391429554331,795.9395761107152,3077.2904829545455,3.882501775568183,689.1196272317438,1204.8805930397727,771.4923161158711,0.08009156953617455,324.759854403409,0.3125,1207.7142282341906,244.16583364605026,802.7057862576382,1.982908704931295,270.22018531888887,517.7838522749803,362.3601389657485,0.14740492558994628,160.9875053479591,0.3125,-338.68683,117.61394,346.49878,0.2951111,78.75082,151.92633,82.25867,-0.18170032411726672,-74.62689,0.1875,147.52866,37.387104,147.30319,0.07128601,39.09428,67.91743,55.712517,0.24049014263673354,14.420044,0.4375,-1.7672218,22.387571,76.41945,-0.24108163,21.098238,44.55415,31.502493,-0.1698875728284554,-9.800978,0.0,37.213387,14.790122,61.662663,-0.1738973,17.526289,42.944912,27.446346,0.0019501731462259289,5.6322994,0.3125,-12.309288,21.312822,64.63373,0.032885995,21.347912,45.78853,26.588167,-0.07387208913769149,0.1132946,0.5625,0.018845991654829548,0.013276787786230572,0.04749644886363636,0.0,0.011749431983862304,0.026145241477272724,0.015996268903192397,-0.1505859756765628,-0.009228515625000003,0.25,0.7213119759691289,/Users/will/Projects/SpeechEmotionCS3540/datasets/SURREY/Audio/JK_sa02.wav,Sad
3.605895691609977,13,0.059087984,0.014688169,0.053114787,-1.3120783e-05,0.016412389,0.030446228,0.025308993,-0.31373758832502924,-0.009886023,0.3076923076923077,89.31039527178599,61.326897931673884,157.38363722874752,0.0,87.98398350450769,157.38363722874752,135.1337220326363,-0.29152643501047953,-59.98277031609826,0.07692307692307693,6.341938311478575,6.785893922481423,18.87465886251887,7.401486830834377e-17,7.978303268350331,16.844643787102147,12.215856608345792,-0.256639949649983,-5.072916648940176,0.15384615384615385,0.506993006993007,0.3958004892460315,1.0,9.25185853854297e-18,0.5179292313677942,0.9545454545454546,0.8073200045719905,-0.09680047291724549,-0.10227272727272729,0.3076923076923077,731.689455576475,309.4381885400952,1087.730390832592,27.705439859862537,340.5865603004144,831.2777006625581,496.6762613664131,0.13668343752394888,-13.087520973594224,0.46153846153846156,1527.8786399147725,774.8989879948308,2773.868075284091,87.4786376953125,887.7634241935483,1988.3955522017045,1311.024924690681,0.15000242156998572,-37.316062233664525,0.46153846153846156,1138.295568539837,276.70796521503297,985.2848297873046,30.449441250607993,364.63313333533705,892.1701933832999,563.2370605841345,0.1428362432730457,-15.246169622590514,0.46153846153846156,-428.96292,66.79326,218.89099,1.6399485,58.824844,111.54431,57.40454,-0.09099576208655019,-20.46991,0.3076923076923077,152.24034,33.90638,132.20096,-2.3071976,40.228226,66.46669,56.03042,0.1531239173838641,21.062408,0.7692307692307693,23.681967,16.729885,66.18426,-0.37117448,19.658567,37.27042,26.739847,-0.06072615780872036,-3.3411465,0.46153846153846156,39.376827,18.118032,68.59541,2.3137627,23.616512,56.988415,39.58548,0.18377615003037254,4.0256615,0.46153846153846156,19.713358,17.613897,63.33362,0.085487045,20.46616,50.457455,26.665556,-0.1726509283965619,-1.5419807,0.3076923076923077,0.010928280703671328,0.0064571508510421535,0.02301580255681818,0.0,0.007263113652439699,0.011385830965909092,0.010445156427769026,-0.06790823641694833,-0.00042724609375,0.3076923076923077,0.7055138865395613,/Users/will/Projects/SpeechEmotionCS3540/datasets/SURREY/Audio/DC_n04.wav,Neutral
4.183356009070295,15,0.06960152,0.021242674,0.07488524,1.1998096e-06,0.02088806,0.04365369,0.025928421,-0.4366459791543161,-0.02556933,0.13333333333333333,153.53356332393247,135.6809097968461,469.6329750355201,33.54521250253715,111.42032308564086,359.15460795045453,164.32099494940582,0.5869360957265621,136.66727922178916,0.9333333333333333,8.397994337910134,7.998158752620163,26.553216334147834,0.285077932130763,10.136934326093316,26.553216334147834,16.365021922909257,-0.3785908336428136,-10.932321576614525,0.26666666666666666,0.618181818181818,0.35744733184250005,1.0,0.029220779220779224,0.3832406799766998,0.8636363636363636,0.4906829116554792,0.21387849147876073,0.09090909090909105,0.7333333333333333,705.5750978888292,326.90976431319336,1063.9303647129316,45.05130688887816,315.7352454373228,535.113930838497,390.13954518619204,0.23126891244614892,17.974888596774463,0.2,1398.0921519886363,845.0483072787222,2968.645685369318,130.352783203125,801.3232462652512,1499.4939630681818,1029.6793529916506,0.3363114857914458,281.693448153409,0.8666666666666667,1105.433273206866,308.7109802800871,1076.7572574495825,43.76415055096988,274.34104939133493,529.897855900374,367.97639913810104,0.36570056741823437,139.3165507485885,0.8666666666666667,-420.9311,64.82462,218.10788,2.263454,65.812614,130.25519,77.02409,-0.18926662166508285,-46.30017,0.13333333333333333,152.53487,30.595322,100.6044,-2.4653897,31.066349,59.153168,48.41048,-0.09342717813330402,0.23904419,0.6666666666666666,20.965837,12.997406,44.07155,-0.0718347,11.738698,27.625164,17.493124,0.3840965439012459,16.81947,0.7333333333333333,44.137623,13.694667,56.456192,1.4603719,13.603199,26.60832,21.776245,0.6326887733570637,17.29739,0.8666666666666667,23.592478,21.624277,83.31729,-1.9118927,21.067564,55.96218,31.907295,-0.24273489497998504,-9.5576515,0.6,0.012294330018939394,0.0075004642063846655,0.023215553977272728,-1.9023944805194883e-05,0.007276265826369087,0.012961647727272728,0.009759108011278944,-0.3298468311222755,-0.0069602272727272724,0.13333333333333333,-0.25041255014383174,/Users/will/Projects/SpeechEmotionCS3540/datasets/SURREY/Audio/DC_n10.wav,Neutral
3.1131972789115645,11,0.084136754,0.040743124,0.13231575,1.4350936e-05,0.0378639,0.08076672,0.03884465,-0.5502255963172901,-0.06501523,0.18181818181818182,77.86592479356958,72.90026385150128,175.00212390148798,0.0,67.93399604430236,175.00212390148798,80.52683688083579,-0.5906486841346114,-114.60125976231268,0.09090909090909091,5.752988466048955,7.505586852096128,22.499724936646388,0.0,6.841813395873249,12.9135788403721,9.290462878505526,-0.36444770321848047,-4.213673739286286,0.2727272727272727,0.396694214876033,0.40101810191773873,1.0,0.0,0.3998966808713231,0.9090909090909091,0.592439527216775,-0.4138322934798329,-0.42424242424242425,0.2727272727272727,1150.3004638688033,453.3590744563947,1658.8127359004495,94.57850708937784,356.51746889239087,840.7441172275735,578.130578483182,0.7942560749660388,865.0118369852635,0.6363636363636364,2163.8644636169934,926.8887192745482,3371.9038529829545,178.52982954545456,692.5232300256724,1506.3454367897725,1018.0074811417367,0.752728820841509,1708.9533025568185,0.6363636363636364,1393.0822857539667,295.5225153827434,983.1975122119896,46.01501541060726,250.14426543951868,568.7489787032587,408.40107379760764,0.7868776633635804,547.4337527491525,0.6363636363636364,-363.84418,108.44666,334.8902,3.9074082,89.95067,194.30139,64.60398,-0.19547909626329937,-66.93469,0.18181818181818182,135.37059,34.372517,113.90534,-3.6123397,32.141594,63.187477,49.97119,-0.5598927524537591,-45.707138,0.2727272727272727,15.23799,22.454489,70.64952,0.23181286,25.346632,54.8835,39.55986,0.38938048309318335,22.26709,0.7272727272727273,50.410995,14.404887,45.490143,1.7711322,12.775407,26.228142,18.616354,0.7422128070471918,30.185684,0.8181818181818182,-17.571764,12.376799,43.34625,-1.6832803,16.940847,28.890057,26.59815,-0.38766986952718036,-7.497552,0.0,0.01473923360020661,0.01104279232419513,0.034423828125,4.336808689942018e-20,0.010386860451806756,0.022372159090909092,0.012753515837406477,-0.29646797820855614,-0.00847833806818182,0.2727272727272727,0.9030132400462706,/Users/will/Projects/SpeechEmotionCS3540/datasets/SURREY/Audio/JK_n23.wav,Neutral
3.59015873015873,13,0.2071758,0.10123397,0.34903458,-0.0037275695,0.098390825,0.23009042,0.10390722,-0.4105025408912544,-0.11873195,0.46153846153846156,196.9124491924624,91.93309831081318,304.2841792820961,-23.47998366069561,64.08563608352377,224.76827322354106,108.65762610729438,-0.8461466919560596,-177.24313624192854,0.07692307692307693,18.526535923015917,15.918494353338623,46.07494226796624,-0.12762199607893207,19.994077827236783,45.949423996472355,32.676434434284985,-0.3027267444223754,-11.44674542438787,0.15384615384615385,0.7097902097902098,0.37843088789927104,1.0,-0.011363636363636362,0.32040618590617465,0.9090909090909091,0.4516436299171929,-0.23705799416467782,-0.2272727272727273,0.3076923076923077,1313.153211421309,329.45749478596804,1072.6555957667642,29.118261171466543,391.2555366839995,872.7118015879548,589.6479079990733,-0.08038713282820778,-156.3019376761565,0.15384615384615385,2505.1924272017045,526.151873827817,1640.438565340909,-19.412508877840917,666.8773043049656,1213.2002397017043,1089.5339599372992,-0.3295517010742822,-493.795498934659,0.15384615384615385,1439.0184746687487,206.80973089351806,669.3308686127646,-6.150664365342266,224.58961121727836,462.1481500045643,374.4537176781497,-0.41318431316038684,-215.3072788958957,0.15384615384615385,-244.36911,112.07364,430.3224,-12.847167,103.57028,273.28586,81.85569,-0.2639342938275405,-75.64278,0.15384615384615385,123.68627,31.932669,113.0204,5.0726376,18.512524,37.152847,18.683014,0.658963404683549,50.05744,0.46153846153846156,-18.482298,22.024511,68.992355,-0.15424983,22.321247,59.02069,24.629908,-0.4050899246344762,-22.226622,0.0,30.562443,15.313875,52.5257,2.3970675,19.345331,43.29202,24.406717,0.014123317103800876,-0.19641113,0.3076923076923077,-18.289818,15.105364,54.378136,-2.054641,15.740811,29.577574,16.308535,-0.3004082898671642,-7.6965218,0.0,0.04768766389860139,0.027563939943580553,0.11044034090909091,0.0010653409090909088,0.030550764550791584,0.07783647017045456,0.040338099015848145,-0.23617360726680195,-0.023565118963068184,0.15384615384615385,0.5552149039968919,/Users/will/Projects/SpeechEmotionCS3540/datasets/SURREY/Audio/JK_f02.wav,Fear
4.7293424036281175,17,0.0047305725,0.0013294097,0.005063377,-3.3380638e-06,0.001667149,0.0041606794,0.0023656324,-0.3127674992185379,-0.00120633,0.23529411764705882,112.46396505182014,45.003790605501365,164.4942645881123,6.169548938512861,64.47971585575202,164.4942645881123,100.12427511672233,0.054621133017388794,-14.360338896111557,0.23529411764705882,10.74839614121042,6.077985811533793,17.52386960180421,0.846693362127683,6.115006896107617,10.17649141362671,9.456651499456568,0.593678585707912,6.745460007747818,0.8823529411764706,0.5508021390374331,0.2831701025641439,0.9545454545454546,0.031250000000000014,0.2349382007276744,0.4545454545454546,0.3203246745933752,0.7015792931075976,0.38181818181818183,0.5882352941176471,976.2191743161833,320.1009495856014,1125.102251128786,-14.985622987829814,325.08948458209744,632.458731489213,529.7379094457654,-0.7199768504316043,-586.8386487653713,0.11764705882352941,1670.7808061079545,574.3954618689106,2200.301846590909,-22.26728959517046,643.4759121165553,1236.2016157670455,1076.7965789368996,-0.6712643015093536,-1015.192649147727,0.11764705882352941,1374.0480963896619,245.39416113056552,916.9606882527269,-16.230422238791107,232.7672001842342,491.48342714240243,347.58580352822617,-0.4896601435614667,-318.9959637308407,0.0,-627.85944,34.72154,123.62305,0.39744186,36.019768,96.51929,38.594498,-0.0949421198515709,-7.888916,0.8235294117647058,151.65492,31.42437,116.62287,1.9829807,24.75205,42.976044,36.75095,0.5983593348896861,51.116524,0.35294117647058826,32.160324,11.833533,52.886036,0.2795689,15.207742,33.774223,23.536272,-0.07786433972555805,-4.3865337,0.7058823529411765,38.938507,11.508447,51.138607,-0.3086624,10.28328,21.707739,14.51703,0.14346640333456534,-0.17468262,0.6470588235294118,-1.3101407,14.170683,53.370453,0.072806954,13.735211,24.100822,20.052843,0.6150766558878763,22.498798,0.8235294117647058,0.02495064964906417,0.011929353662231704,0.045587713068181816,-0.0005174116654829546,0.013999215075388198,0.037309126420454544,0.01961493102264946,-0.5610373835459365,-0.01600674715909091,0.058823529411764705,0.6407208311006972,/Users/will/Projects/SpeechEmotionCS3540/datasets/SURREY/Audio/KL_sa04.wav,Sad
4.153650793650794,15,0.0040139863,0.0017073473,0.0064108293,4.023628e-05,0.001607492,0.0033024205,0.0017343085,-0.32055565056358687,-0.0014849645,0.2,124.40771710774526,142.8790852427727,478.56615837318014,0.0,224.30200955433273,478.56615837318014,395.74962326312374,0.060380847292433745,40.37118461829209,0.8,8.288063491623348,6.214874326769966,15.325078677900425,0.0,7.852144122878677,15.325078677900425,11.801717806392661,-0.23906192942553073,-1.4115847694474786,0.6666666666666666,0.41515151515151516,0.34849802346636527,0.9090909090909091,1.982541115402065e-18,0.37757381195082157,0.9090909090909091,0.5030592506971384,-0.3260373609899195,-0.17272727272727273,0.6666666666666666,980.549771149196,259.7978831880045,797.7647882500145,16.04123786825458,247.5641541099654,627.1350323705026,330.1646574287448,0.37028114818821006,238.62043047696295,0.6,1767.3539595170455,548.250473635027,1899.8157848011365,80.5048162286932,541.466415033649,1192.645818536932,656.7243798082783,0.3287106223660567,418.722922585227,0.9333333333333333,1471.6331346583283,294.7963616121762,1106.592121283741,-9.593962776414369,271.7755913071442,592.1508307993795,316.97141077388,0.13295585076103486,115.70576976231473,0.0,-645.066,50.30711,163.37183,2.6565073,53.328556,94.26239,62.949146,-0.12303664425199433,-14.419006,0.6666666666666666,143.86095,31.106266,113.75005,-0.071458,29.775272,56.838295,37.08905,-0.19623862100209927,-16.746155,0.2,14.489752,12.0364275,45.54218,-0.85835457,12.771947,26.410625,18.35105,0.028238247036349105,-0.42551708,0.4666666666666667,44.614624,11.838861,44.67992,2.0315783,14.452338,28.568825,21.327724,0.22036087730522746,7.1553116,0.9333333333333333,11.252003,18.068815,80.09512,0.9736976,19.293203,38.797718,28.351551,-0.07471288944906751,-0.094368935,0.3333333333333333,0.02156871448863636,0.014802401423203316,0.054731889204545456,0.00011414366883116823,0.01750515422209798,0.04563210227272727,0.02545595199039612,0.052195088634302486,0.001997514204545456,0.6666666666666666,0.12918503190990446,/Users/will/Projects/SpeechEmotionCS3540/datasets/SURREY/Audio/KL_sa10.wav,Sad
6.289297052154195,24,0.10794949,0.051482975,0.22073478,-6.473421e-06,0.057857882,0.12152617,0.079412386,-0.4737251196279583,-0.06227149,0.08333333333333333,114.9169413185773,70.89886793962397,235.32719067048052,1.2357264969740872e-15,85.6711772270501,235.32719067048052,118.62449063365102,-0.43605101634610094,-79.21510267051487,0.041666666666666664,10.999250031683573,10.1471248125066,33.09200705971202,3.8616453030440226e-17,13.426382171023649,33.09200705971202,23.3877537859774,-0.3812114371282159,-10.713845796183158,0.5416666666666666,0.4450757575757576,0.31381724216240986,1.0,-4.827056628805028e-18,0.3422568877595141,0.7272727272727273,0.5584783741493126,-0.4023626705919834,-0.36363636363636365,0.25,985.912247786904,342.02599256226836,1464.2727342452226,0.42567311900349186,340.79212344015434,716.7676597352524,481.7596375960567,-0.0401680167301112,-2.0982478950110135,0.75,1874.3266712535512,721.6255162093523,2991.1576704545455,3.447014729496044,752.1588275231798,1615.4796253551137,1120.3277624015884,0.04858989628539106,94.26893754438925,0.75,1279.2301634692637,231.1169144463916,914.3406346154342,1.42693766385446,247.57416032399846,480.56405124705,375.3036249325114,0.30600387995763606,222.3462531148141,0.75,-330.9725,98.85099,415.4231,-1.8290279,86.1868,223.15799,89.89008,-0.41222054641045686,-107.10687,0.08333333333333333,138.44432,18.485413,65.23549,-0.8144385,21.00304,54.18927,36.956993,-0.38044906699615105,-20.192657,0.20833333333333334,1.2066606,27.838184,108.04712,1.3529899,22.923166,54.162003,30.494043,0.6293606549846501,50.4523,0.9583333333333334,28.727701,10.974886,45.572178,-0.24693365,12.571368,27.01744,18.630615,0.45439147758035753,9.168648,0.875,-2.5962496,18.86852,67.823135,-1.1929164,18.55427,41.424072,22.407732,0.07535413702453955,-2.3145418,0.875,0.01695482658617424,0.009478398681611828,0.039018110795454544,-2.262682794752357e-19,0.008659261773771512,0.020618785511363636,0.01071611346657403,-0.5277221138698577,-0.013749556107954544,0.08333333333333333,0.523866235282529,/Users/will/Projects/SpeechEmotionCS3540/datasets/SURREY/Audio/JK_d14.wav,Disgust
3.396235827664399,12,0.16436613,0.06071731,0.20902522,0.001846245,0.05134299,0.11020769,0.042675767,-0.04815749856957991,-0.014300451,0.5,180.17341777214173,81.217120840881,230.8513545094932,0.0,89.56815148035031,220.31882136711604,80.54596287160652,-0.07747463549527664,-17.838815428300876,0.16666666666666666,11.65397558353196,8.230570035099209,26.536120515813746,3.2297397080004555e-16,11.254914105796539,26.536120515813746,16.158951631966957,0.32019187276565847,7.366712641276777,0.8333333333333334,0.7462121212121212,0.3605256785888444,1.0,0.0,0.3155142011375384,0.7727272727272727,0.20205555246266244,0.12022078794941984,0.10227272727272718,0.5,861.6707230903298,253.16283557358923,875.841365672447,43.47955690362955,236.18974064515888,639.333131240832,309.40318433373545,0.2720426695786469,122.02684316095099,0.25,1607.1191961115055,576.2479719772998,1979.586514559659,115.45178121771693,490.3371018217413,1240.1167436079545,603.8500272419059,0.3887617270225377,464.187344637784,0.25,1124.381030599643,126.32354817350543,335.88585471312126,24.565851609208575,133.66791937710872,315.29914428879124,201.13410999810858,0.1374440944781461,15.307803524800647,0.25,-294.44418,99.05134,341.8709,11.194228,87.8058,212.44324,58.48678,0.2147097534298687,42.499786,0.4166666666666667,146.75713,16.799082,52.709312,-0.80462646,17.32555,33.381844,26.666628,0.4410773130228224,20.5242,0.5,-12.833732,18.77794,61.336037,-2.075821,15.301934,32.649857,19.96009,-0.5430861908359046,-26.32119,0.0,12.777428,9.951774,29.037605,-0.82376724,12.847529,19.643337,21.065855,-0.5001649615938645,-10.933823,0.0,12.636025,10.939021,41.886185,0.38712874,12.075955,25.229145,19.194654,0.41940172090574923,13.63145,0.5,0.027965198863636364,0.011387730832644253,0.037553267045454544,0.001549586776859504,0.008745757958296052,0.021240234374999997,0.009401655790656438,0.388719853529097,0.009449351917613636,0.6666666666666666,0.869262960074968,/Users/will/Projects/SpeechEmotionCS3540/datasets/SURREY/Audio/DC_h02.wav,Happy
2.264172335600907,8,0.14943123,0.08109165,0.21585694,-2.0708356e-05,0.07689681,0.13923058,0.07994675,0.014378755664032166,-0.010642804,0.5,165.16663175199952,98.43286922031302,245.66681032013986,0.0,107.77442087772039,226.29137228490646,78.7745017310697,-0.10685790317917053,-31.870323944560823,0.5,16.79165477738074,15.68528241755754,48.37317061014102,0.0,22.204808837417346,39.805977443241076,29.54676318019585,0.24975881547171097,5.2645465756013206,0.625,0.6477272727272727,0.40830100507322004,1.0,0.0,0.3895021494667226,0.7272727272727273,0.18323313064314886,0.08502668890398293,0.11363636363636365,0.375,632.4109247584661,308.12154488943963,829.9094909707695,-11.311442959226301,275.88122329276314,488.6682520037618,263.9629234533339,-0.09369076837385289,-45.690708514171206,0.375,1124.6204723011365,687.3057696577513,1918.4126420454547,-19.08624822443182,642.5671886991162,1221.030495383523,637.1745894210925,-0.15025287742801235,-88.0903764204545,0.25,1057.1429565320984,163.87718519138934,487.61716177385904,-15.131236268468797,165.88652044359853,309.4191765158282,237.13483652536564,-0.32210723449055195,-87.30568139027946,0.375,-364.92767,150.70781,411.33688,-9.703722,138.97688,231.98932,58.375244,-0.08341088359824528,-45.27594,0.625,124.55833,16.85827,43.477676,-4.516338,21.075674,34.2742,33.18178,-0.21729416867157927,-10.042854,0.5,9.170479,22.24056,63.26397,2.3118606,19.27212,31.14576,15.307186,0.09891089399099642,6.815338,0.875,28.689354,13.145183,42.83191,2.088989,16.15108,28.351187,24.51602,0.24720007503017583,16.867064,0.875,12.246818,9.693647,33.206123,1.0535488,15.578314,25.804607,24.527552,0.19891797859201343,10.147649,0.75,0.01788330078125,0.014200885257780427,0.038884943181818184,-2.4781763942525814e-19,0.013472063509294769,0.026278409090909095,0.014228871736947684,0.1359950174846513,0.000454989346590909,0.5,0.8651083906469341,/Users/will/Projects/SpeechEmotionCS3540/datasets/SURREY/Audio/DC_h03.wav,Happy
7.012607709750567,27,0.09955248,0.03760775,0.1306521,-3.557509e-06,0.038293086,0.10794648,0.055826336,-0.1942800211674019,-0.016587809,0.7037037037037037,157.31155636781983,104.64158761935195,432.28227679606374,0.0,114.09684852112268,260.8936121601769,194.20180476893597,-0.46000057901068125,-106.81720207683351,0.25925925925925924,19.943175056559767,21.44823041272063,114.05368719510795,-4.099285014000578e-16,29.938661103439745,104.64855126617103,55.14259513601144,-0.22312363226239448,-7.659510996560652,0.3333333333333333,0.531986531986532,0.31681157933471,0.9545454545454546,0.0,0.27820832635709936,0.6363636363636364,0.4238742991590824,-0.08869125375393262,-0.03535353535353525,0.6296296296296297,1163.1095572277877,761.7306015859275,3349.807234812795,0.16682460184476502,678.163845268113,1925.7749281982644,834.7724344755286,-0.49317201090621327,-863.7377806844478,0.1111111111111111,2195.3173088304925,1324.835266952385,5177.756569602273,1.411704750327811,1144.8739100475675,3223.128995028409,1442.1319468570434,-0.475084803647129,-1432.0123845880678,0.1111111111111111,1323.56462594152,392.82103223548546,1441.4551259774148,0.8557725216412302,355.9496051986053,907.6759933859632,490.92975081396355,-0.543022597437727,-497.85555347987247,0.1111111111111111,-332.1677,91.0235,337.94763,-0.67868626,64.522095,211.22003,70.00217,-0.29875248544979044,-54.975098,0.7407407407407407,132.12602,38.085144,141.58194,-0.1659587,32.85974,73.83956,41.348446,0.6334512002994435,59.23459,0.7037037037037037,0.41956896,19.971361,84.959335,0.77435964,19.89352,39.55086,30.712095,0.2206086323965766,7.725177,0.9259259259259259,32.419033,15.842876,81.47903,0.028856205,19.37445,50.32341,28.934423,-0.1607732174027216,-5.0103855,0.4444444444444444,0.48223156,17.819195,77.190575,-0.5242063,17.587973,41.415504,23.504469,0.20679386137136355,6.212096,0.8518518518518519,0.029952026778198654,0.032052902291987505,0.15709339488636365,-3.5862071859135914e-19,0.029437212690282148,0.08773526278409091,0.0369839070086301,-0.390981769893899,-0.028157552083333332,0.1111111111111111,0.3046814907314796,/Users/will/Projects/SpeechEmotionCS3540/datasets/SURREY/Audio/JK_d15.wav,Disgust
5.531927437641723,21,0.0057644676,0.0027660273,0.01064897,-0.00021542769,0.0025459516,0.004526882,0.0032072817,-0.6034840660900618,-0.0037481128,0.2857142857142857,99.54967243216879,97.18265891116015,463.99837457473706,2.842170943040401e-15,140.34895942305752,463.99837457473706,238.86626872360534,-0.17615210022167668,-45.4675143939877,0.23809523809523808,6.148726673415363,5.101168927618804,17.00476237417054,-1.7763568394002506e-16,6.355568110653335,14.816286401538122,9.945310515566236,-0.18103485383764137,-1.4304665640860859,0.47619047619047616,0.4761904761904761,0.3528204923285708,0.9545454545454546,-5.551115123125783e-18,0.3622131238752097,0.7727272727272727,0.5116821666651648,0.13474732382092597,0.2337662337662338,0.47619047619047616,807.3360871486534,322.8818546130756,1170.2245610710231,36.04316040578939,253.23414197414309,728.0122130571667,373.16741590326643,0.7607231843936461,505.6640910476791,0.5714285714285714,1298.7504438920453,688.3184222371631,2299.648215553977,97.8292569247159,462.5391515649338,1108.9599609374998,728.0882967475218,0.8444348592036601,1268.0819424715905,0.5714285714285714,1330.086212506434,289.0498943111683,1137.4938132572377,35.69446916551849,278.1148777365471,598.0381757441298,366.869292533881,0.5015512442575084,248.6563151604878,0.9523809523809523,-637.6566,60.612717,202.51245,-1.5215607,62.903282,125.32422,79.03154,0.00940960340313787,14.1875,0.2857142857142857,147.23068,36.53954,119.88378,-1.5288556,37.62005,70.688644,47.66463,-0.07444835017971438,7.164444,0.3333333333333333,24.901445,10.602913,40.148956,-0.56621116,13.098544,24.937395,20.928331,-0.022610551993941564,-1.3847141,0.23809523809523808,39.879585,13.457441,46.64821,1.0240017,12.68384,35.478664,19.983267,0.669650539853047,20.103718,0.5238095238095238,5.9465346,13.483707,49.347343,-0.49721092,14.181793,34.267864,22.356606,-0.5166338405304931,-14.475327,0.47619047619047616,0.019887420522186144,0.017054923258640987,0.07206587357954546,-8.212002840909081e-05,0.016533431105839245,0.04603160511363636,0.024421926037086976,0.22801203667191466,0.0071751978490259775,0.6190476190476191,0.5124422022546828,/Users/will/Projects/SpeechEmotionCS3540/datasets/SURREY/Audio/KL_sa11.wav,Sad
5.136281179138322,19,0.0980846,0.03569587,0.13977903,-0.0002461854,0.038827598,0.08955845,0.050729446,0.0987969644516737,-0.0064318925,0.21052631578947367,158.90868797199073,110.11585984454841,280.20197005380004,-3.157967714489334e-15,138.30879210528934,280.20197005380004,205.21339254990139,0.10600672447963112,-0.46873154336472567,0.8947368421052632,16.819911240329898,16.62318785474189,49.762658598134394,5.427757009278544e-16,22.75040377387369,49.762658598134394,36.73134502642905,0.1602931902395381,4.96709411667681,0.5789473684210527,0.47129186602870815,0.362801231897003,0.9090909090909091,-6.1679056923619804e-18,0.375745356595068,0.8181818181818182,0.4558647102455936,-0.010835197883521086,-0.06818181818181829,0.5263157894736842,1174.697439765835,558.4496380422905,2012.1158193954852,-2.668958201791551,695.5922476287917,1603.5565884368757,952.6804619565697,-0.25808606928650646,-391.9506567705902,0.3157894736842105,2155.4324209404904,1030.1717274948007,3648.8991477272725,1.6584916548295798,1350.1392290427254,2652.9885031960225,1839.432745573422,-0.11855981141540065,-328.4629128196018,0.3157894736842105,1320.7814570734527,301.33427009921724,1171.6096407903933,-1.9307865111341964,411.1857704445519,787.6674679216887,602.3767304082234,-0.14764405286035256,-86.15544803697662,0.3157894736842105,-337.50986,74.61657,307.02814,3.6589634,82.942665,220.73991,86.53358,0.025875565439356093,-19.812744,0.10526315789473684,123.21731,24.29404,76.97605,1.7636253,30.611265,69.76348,44.035202,0.36698783777851285,17.861534,0.631578947368421,16.10095,21.912512,87.27827,-0.30475533,22.101015,54.812553,26.786388,0.27600466602279333,17.80853,0.7368421052631579,45.24825,20.114077,63.451206,-1.8322394,23.509138,58.402687,32.9018,-0.14614519472671206,1.0544052,0.8421052631578947,-26.79011,16.600365,59.6621,-0.6275928,17.750608,35.66008,23.120028,-0.0749310453190435,3.0574322,0.3684210526315789,0.02973025381279904,0.017464568936125493,0.06305486505681818,0.00017262468434343367,0.02115774771295775,0.051558061079545456,0.026891069555568765,-0.3898577515521505,-0.019076260653409092,0.2631578947368421,0.646104284750921,/Users/will/Projects/SpeechEmotionCS3540/datasets/SURREY/Audio/JK_d01.wav,Disgust
4.301995464852608,16,0.0059803845,0.0027429375,0.009190783,1.1825686e-05,0.0031697636,0.0052127596,0.0040565613,0.17359888206430965,0.0012047333,0.5625,133.88327748751124,125.82559960228151,448.0878139405261,3.789561257387201e-15,218.52035498995963,448.0878139405261,385.497906663922,0.16495653699502785,49.688874369687426,0.375,7.505731001848132,8.250521409489945,32.52797286909053,0.0,12.408409996659328,32.52797286909053,19.528748255643492,0.05805146997622905,-0.5142677690964081,0.875,0.53125,0.368475875136828,1.0,0.0,0.38605156737432933,0.8181818181818182,0.5098643243842533,-0.04766654457438362,-0.18181818181818188,0.125,955.6175161807867,458.4407230288309,1698.657717084383,1.856817803727002,375.98015045747724,984.3398214628412,459.3739480649324,-0.46095238742825373,-612.4023407535849,0.25,1692.0693137428975,952.8820666739047,3603.385786576704,12.72416548295455,802.8035231739168,2006.503018465909,989.1922248702308,-0.450583551789071,-1269.675958806818,0.25,1442.7609284770817,398.08945589403265,1313.9473229421517,1.8664236024769403,415.86877918645456,741.1638779363225,533.3871527648837,-0.41551567163962505,-488.97685381417796,0.25,-626.1136,64.440414,204.47223,0.06289063,66.04943,106.79004,77.290474,-0.07684815041166729,-17.465942,0.125,141.79736,39.368816,141.30208,-0.89389545,42.169827,64.204704,56.483574,0.38793124640464105,47.25435,0.75,27.897507,13.378628,54.150497,0.2716764,13.449961,28.102585,19.664791,0.5028543551045982,20.672146,0.75,41.988255,21.318876,84.01829,0.77027816,21.724306,40.29377,29.50638,-0.2514918451577999,-17.812965,0.25,9.408134,19.351183,72.98822,0.45222023,20.170752,40.713593,27.18053,0.25383590702748765,10.756468,0.625,0.027772383256392044,0.021577978994813795,0.07146661931818182,8.877840909090884e-05,0.016607770684721117,0.037309126420454544,0.01463610689404891,-0.2889458238043437,-0.01929154829545455,0.25,0.2822361776521986,/Users/will/Projects/SpeechEmotionCS3540/datasets/SURREY/Audio/KL_sa05.wav,Sad
2.3847165532879817,8,0.22755224,0.14155327,0.34712952,0.00013142185,0.13090205,0.18275662,0.09244793,-0.006335109431478605,-0.0044228956,0.625,209.99504670797316,122.21567340244121,297.80013558671027,0.0,159.87920769836393,297.80013558671027,152.4895796428675,-0.020096577606766648,0.5754562539685821,0.75,23.199587505579885,19.246686728646807,53.724129001160655,0.0,22.94946364176897,51.132051704054554,22.377118977003644,0.41741931246868724,16.44555584693687,0.625,0.6306818181818181,0.40108163417529763,1.0,0.0,0.37482778414706003,0.5909090909090909,0.17091688140421937,0.027821940563328495,0.022727272727272763,0.5,1038.4391573930702,331.8351706105268,985.6762012839389,20.065148784604194,418.8829541886353,699.621549489268,569.3345078160723,0.07630285307765569,252.52588666961026,0.25,1955.361661044034,718.6928989971603,2081.3798384232955,59.56587357954543,978.7857954470317,1363.9326615767045,1325.4492963588098,0.12983451148541184,674.6254660866475,0.25,1426.5716902707964,156.8602739044772,510.14216508916707,-8.329862800810977,245.6157666126281,462.76092113999084,403.94468457558327,-0.15472638349737206,61.063923978316325,0.25,-295.81866,158.51248,404.61008,-0.60147095,159.52103,289.64365,85.60908,0.029544237487887863,22.433075,0.25,115.84914,17.545635,54.627983,-1.5877817,27.439318,36.51291,42.516964,0.01514341501917537,-6.2552643,0.5,-4.33057,15.539449,46.75399,-1.3072199,16.549873,26.77646,19.06458,-0.2731155945546203,-12.3349,0.0,32.07807,4.117979,12.1638775,-1.7227339,3.6898794,6.4555206,6.704666,-0.8684892653235802,-8.6387825,0.0,-18.570679,13.865084,42.471382,-0.23313086,17.572166,27.028872,27.209505,-0.3523657087606236,-12.7828665,0.125,0.032731489701704544,0.025030721628053858,0.06953568892045454,0.000729251217532467,0.02786109163599714,0.0556640625,0.0384004109188858,-0.00590152414755697,0.00971013849431818,0.375,0.8185446470898319,/Users/will/Projects/SpeechEmotionCS3540/datasets/SURREY/Audio/JK_f03.wav,Fear
3.1132426303854874,11,0.09363737,0.043532487,0.13908374,1.0672957e-05,0.040551763,0.07206473,0.053843003,-0.10560600976412507,-0.006619327,0.2727272727272727,158.13934370017162,152.83620983040544,478.11191094532467,5.684341886080802e-15,234.69866493407096,478.11191094532467,388.9777848699654,0.250674451585639,139.02912520587066,0.8181818181818182,7.4815692180141955,6.252656972507012,21.635048992369224,0.0,7.020538140119186,13.491562868573823,10.062177303630802,-0.08935847633214826,-0.15881783049536402,0.2727272727272727,0.45454545454545453,0.3600025043739587,1.0,0.0,0.37647780437906647,0.5909090909090909,0.5233064180601462,0.20689689246257892,0.12121212121212124,0.5454545454545454,662.4618044861436,420.6410727916725,1353.4485453363518,8.920639520341274,503.271324757239,1189.5654503945602,614.4974245310354,-0.4868234544505573,-686.3304185194424,0.18181818181818182,996.0886048876549,703.9604982215159,2275.668057528409,27.8463467684659,888.5101936911079,2083.8267933238635,1127.4056932747285,-0.43254614419259674,-1074.0500710227275,0.18181818181818182,987.3932152593826,266.1180514224678,794.7178031813556,8.443078406176994,292.404652735232,685.9378098556143,390.57144616997056,-0.4684454592915713,-402.9724607208948,0.09090909090909091,-395.9293,92.51873,269.95673,0.9214783,72.690674,124.90588,47.54399,-0.07971159998618008,-23.98648,0.2727272727272727,152.07126,36.176453,106.37877,-1.8896431,34.920395,73.12396,45.849083,0.3322544602801965,39.443733,0.6363636363636364,36.892956,16.781557,51.573917,-2.0745864,18.088066,38.211323,27.077223,-0.17823923202686365,-13.499605,0.6363636363636364,40.259434,13.22067,46.127518,0.7006569,13.191629,24.716152,15.337835,-0.5321965454777798,-20.038813,0.18181818181818182,-14.327908,15.16908,48.03801,0.79293406,15.657655,30.165129,16.22596,0.052543802075000486,5.488935,0.9090909090909091,0.019268950154958678,0.013506836059025563,0.046453302556818184,0.0,0.015156852981235609,0.03551136363636364,0.01583401289017107,-0.4003036156526441,-0.018821022727272728,0.18181818181818182,0.31573608254124247,/Users/will/Projects/SpeechEmotionCS3540/datasets/SURREY/Audio/JK_n22.wav,Neutral
6.156598639455782,23,0.060795855,0.014609326,0.05099438,-0.0008358134,0.014294805,0.033415202,0.016699001,-0.22400776549805568,-0.009935733,0.5652173913043478,126.43642652071306,109.73616055587256,439.67255384946236,-1.2918958832001822e-15,107.23490985840381,307.94517347032695,159.2992105762591,0.08903604479224403,43.285824208069194,0.391304347826087,8.3204881229493,6.626878943894045,24.431870907338983,-1.6148698540002277e-16,8.168522372318092,20.18037391231374,13.450056475486743,-0.08228683788782909,-0.3568979392475118,0.391304347826087,0.5988142292490118,0.3635504280653571,1.0,-5.046468293750712e-18,0.3116206636545929,0.6818181818181818,0.4322722715250732,0.4261493478930241,0.35714285714285715,0.2608695652173913,754.7397222239816,298.76626688344095,1128.7782337975304,6.575105050534639,350.7624116291517,972.8787030413266,424.49659203104534,-0.1267545436505318,-21.580403672296256,0.08695652173913043,1517.6014293323865,679.5889621422212,2430.804998224432,24.38056882747933,790.1123252015899,2183.173162286932,940.0330884051713,-0.007835443042801354,138.07816938920428,0.08695652173913043,1143.2709821895617,264.68514394264963,922.0926381935551,11.062848556512165,284.01826191749797,665.85116211923,343.6663414099705,-0.13922716179301498,-26.350633953966735,0.08695652173913043,-425.34744,58.99036,189.51035,-0.9913996,65.529526,127.77869,79.59781,0.09064362205096613,18.800446,0.30434782608695654,150.54932,36.593704,130.14758,-0.32525218,35.15076,72.99804,42.600143,0.36237803474751534,30.193207,0.5652173913043478,13.520415,8.789779,43.717327,-0.41220704,13.220138,28.233929,22.775938,-0.2780128202057405,-6.087798,0.4782608695652174,47.32342,27.238564,95.26969,2.31344,26.538164,60.42798,36.957104,0.36860356605576544,20.936462,0.6521739130434783,21.966702,16.41307,69.34611,0.2617979,13.926413,31.946388,18.33981,0.49434798037693667,12.899085,0.6086956521739131,0.010361019330533596,0.0065976171871137326,0.02301580255681818,-0.00014426491477272728,0.006149775643836285,0.01123046875,0.006586211077294075,0.14425026494123952,0.001493379667207792,0.6086956521739131,-0.10179024037657157,/Users/will/Projects/SpeechEmotionCS3540/datasets/SURREY/Audio/DC_n11.wav,Neutral
2.8302040816326532,10,0.061717153,0.016322814,0.051318437,0.0004409618,0.015457671,0.027459584,0.019051988,-0.336952712743436,-0.017251495,0.2,125.18848461072264,123.2080735601595,446.8523360516502,6.315935428978668e-15,221.0419189098561,446.8523360516502,374.9958525571758,0.18451574978280189,49.01533071962987,0.8,4.405505511005685,3.925402373071886,10.944210960629762,-9.868649107779169e-17,4.938278800251491,8.8334934286761,7.4131533386005515,-0.3626987733148443,-4.263697148171801,0.2,0.4954545454545454,0.377819975496661,0.9545454545454546,0.0,0.4132782332419956,0.9090909090909091,0.6196829617961881,-0.2575968483210749,-0.393939393939394,0.2,828.433705025824,322.4115814530714,988.2762379990238,-2.565175739723625,411.894050342679,726.8839700820502,414.75073074456486,0.020513888096952808,94.13778336021892,0.7,1654.0925736860797,752.6591581763397,2447.444291548295,-14.518599076704529,958.9995560175872,1760.8287464488637,983.3905560138276,0.0647548927052055,349.588290127841,0.7,1204.8370024849605,234.1719640241751,809.3226422120862,-13.44894013204296,305.47281564770554,422.40541606797206,369.74680285747854,0.03262586237529361,82.11725586691,0.7,-421.5895,68.65356,237.95343,1.2793851,74.692406,157.6922,63.533287,-0.18763916211695575,-39.14984,0.2,142.05173,25.7445,99.02719,2.4622736,35.33396,60.291718,58.232998,-0.040061650523620616,-10.973534,0.5,16.953625,12.613677,35.481667,0.9101158,15.05586,33.1253,19.429296,0.21691560462542053,1.8018398,0.5,43.756207,22.192541,63.776207,-1.2634318,27.331064,55.449818,41.28719,0.21887454899483882,14.479382,0.6,13.886597,15.265569,46.451424,2.4828744,18.336475,39.06339,26.432184,0.4215037526784241,17.60693,0.3,0.010977450284090908,0.006029005099477706,0.021351207386363636,0.0005770596590909091,0.006555440449137892,0.011186079545454546,0.008342409968584524,-0.1590547058751212,-0.003958037405303033,0.2,0.16178142465670486,/Users/will/Projects/SpeechEmotionCS3540/datasets/SURREY/Audio/DC_n05.wav,Neutral
3.218231292517007,11,0.10556959,0.07132071,0.19511725,-0.0024783176,0.06585586,0.14909449,0.09849532,-0.31164409749209004,-0.046716925,0.2727272727272727,104.50580514580109,68.40648771155651,194.40562870959806,0.0,73.25480034208191,194.40562870959806,102.13437877506216,0.044455563183986656,15.711938169295422,0.18181818181818182,12.23037632020453,9.329084289798606,26.50184087971105,0.0,12.693995505948488,20.177252387026925,21.142037917804537,0.06747651748857444,4.064636950866531,0.2727272727272727,0.5661157024793388,0.3868439582964777,1.0,0.0,0.29527966852566756,0.5909090909090909,0.27113263699938484,0.3310357451042731,0.40909090909090906,0.45454545454545453,730.4095221261626,379.77934201557076,1236.904029504825,17.24558028956078,373.2235436538868,736.4639129164939,452.4641375767567,-0.0006330957055405952,185.2319847642192,0.2727272727272727,1240.5171544098657,795.9905844573399,2671.095969460227,24.6163662997159,785.9806560508904,1405.5308948863635,926.8661204585503,-0.036127360800072165,341.2686434659091,0.2727272727272727,1162.670639964141,244.54377210667457,790.8151845061453,36.74532339993019,234.7536686108477,449.81950804476423,258.8057160040576,0.04143619089698188,163.36674058053677,0.2727272727272727,-392.4794,145.9531,404.7113,-4.860303,127.43207,268.21973,167.79672,-0.14102368714926414,-28.23938,0.2727272727272727,138.44922,30.09072,108.54136,-1.1017106,26.873766,45.379738,34.40795,0.35486460540434894,18.013397,0.6363636363636364,20.336317,14.027902,49.094788,-0.28563586,17.43242,29.445992,23.532974,-0.09595113412806541,-12.38203,0.5454545454545454,44.01556,12.002184,39.463356,1.7854557,15.425476,24.754002,25.46538,0.5212891394278589,20.635649,0.8181818181818182,-9.730873,18.491974,61.912647,0.65494287,23.99659,48.166992,39.274326,-0.04407977036409961,-0.7809312,0.8181818181818182,0.021676055655991736,0.018491418834820254,0.05359996448863636,0.0,0.017778771386258913,0.036199396306818184,0.022794438825804134,0.040129538093652724,0.008470939867424244,0.36363636363636365,0.8193536507760302,/Users/will/Projects/SpeechEmotionCS3540/datasets/SURREY/Audio/JK_sa03.wav,Sad
6.0167800453514735,23,0.07418559,0.02234098,0.0791429,-0.00047932056,0.023755074,0.06236571,0.030629009,-0.43536263395719377,-0.020115957,0.08695652173913043,130.3619210404457,110.42699554538093,457.8373738367988,-6.459479416000911e-16,123.27296313452487,457.8373738367988,150.6293865791175,-0.4923012353986377,-129.96148935916156,0.043478260869565216,7.520784600791955,6.446092731742712,26.195135795453016,-8.074349270001139e-17,7.692269089381302,20.75350035818006,12.75969752979249,-0.45248519612362537,-7.540407147317004,0.17391304347826086,0.5098814229249012,0.2985040320625288,1.0,-5.046468293750712e-18,0.2983803008022429,0.7727272727272727,0.4453933293794793,0.20161568356453158,0.11038961038961048,0.782608695652174,858.4867879238303,456.64454935416063,1377.5037269955694,1.8785419847423503,388.2580641859611,928.2678038033665,530.3815708313765,-0.20986891940783203,-254.67964611956768,0.2608695652173913,1670.3339708652422,1035.0422587135374,2970.113858309659,2.0242990541064008,847.4008260554037,2054.4633345170455,1133.647974911195,-0.20845246002569673,-624.6726296164768,0.7391304347826086,1199.5315605864164,298.78971554124684,893.4309653021855,4.1279464072996515,284.7263977669008,803.2120449314524,416.0912349900544,-0.2048162765377616,-168.41431454184317,0.30434782608695654,-381.61838,90.755295,290.13004,-0.17913818,63.530235,166.51175,60.53696,-0.2635144495113273,-54.52356,0.7391304347826086,145.13268,32.28807,116.56326,-0.09017043,32.29693,90.57022,50.05825,0.4408208374058511,35.809464,0.34782608695652173,12.4779625,21.93685,86.80099,-0.36697343,18.621826,43.495346,25.16492,0.37443193427708144,24.466408,0.8695652173913043,50.764294,17.996305,52.766617,0.07107501,15.757216,36.816936,21.009193,0.036602747530022066,2.4674187,0.13043478260869565,-0.57497114,10.877115,44.583435,-0.14809851,12.287302,26.48861,18.907541,0.1624133379298394,1.5802234,0.5217391304347826,0.014999691205533596,0.007500381216090807,0.02838689630681818,4.9281916931159294e-21,0.006027314161324646,0.01145241477272727,0.007597070408583281,-0.07785512803721052,-0.0006341314935064939,0.34782608695652173,0.7315536779021894,/Users/will/Projects/SpeechEmotionCS3540/datasets/SURREY/Audio/JK_sa13.wav,Sad
3.102721088435374,11,0.10411856,0.06288153,0.1742614,-1.177676e-05,0.051934477,0.11548918,0.062556885,-0.507671090693809,-0.06959342,0.36363636363636365,110.11016433991887,119.54746025893817,432.1664119831561,0.0,145.90971642894016,319.00422180718965,252.2657006053551,-0.35214626075358224,-99.55194141756228,0.36363636363636365,5.4214142571930735,5.6075308504916155,15.053389951093388,-1.7763568394002506e-16,4.679968162203411,11.390931735667994,6.56296109547299,-0.38641157415899813,-5.089289542148571,0.36363636363636365,0.42561983471074377,0.3694131675806117,1.0,-5.551115123125783e-18,0.3630677372311974,0.6818181818181818,0.48316205022631914,-0.24761120998717193,-0.37878787878787873,0.5454545454545454,766.3150349410533,367.55051330731504,1005.5978841868875,1.051682607110746,398.0670825475954,789.2220921994485,527.9183560386416,-0.1624007917085338,-178.98256666055443,0.18181818181818182,1423.371420615961,798.2762774932702,2344.1827947443185,3.0342240767045494,831.4489703918514,1553.8163618607955,1035.0557396525935,-0.20861796258955714,-499.34193004261374,0.18181818181818182,1079.1204540246304,184.85703135953565,583.9410489174492,1.061023746557521,230.59980418565206,423.047584816925,328.7247030391545,-0.2936719460188776,-152.4153279495123,0.18181818181818182,-365.87427,126.10758,344.46436,-0.28552857,94.286125,216.99692,74.16139,-0.322846689783649,-104.94351,0.36363636363636365,146.44975,32.286575,110.12121,0.17567901,30.429377,52.04222,38.341175,0.33233920311565707,28.416191,0.45454545454545453,6.196149,19.869198,60.9041,0.10871315,17.309963,38.56632,23.351236,0.35921053664918345,18.308414,0.8181818181818182,41.468838,19.571253,55.21868,-0.33021984,24.322157,44.253006,33.24448,-0.14101392229084997,-9.605076,0.18181818181818182,2.3483496,8.92301,31.72435,0.39668885,8.107456,14.567947,8.920715,0.15892859954353186,5.710445,0.8181818181818182,0.018484068310950414,0.012557063334394271,0.034601384943181816,2.168404344971009e-19,0.009354486432476133,0.016645951704545456,0.0093293009688335,-0.17657182505270422,-0.006184895833333333,0.2727272727272727,0.8530602609256476,/Users/will/Projects/SpeechEmotionCS3540/datasets/SURREY/Audio/JK_sa07.wav,Sad
3.288798185941043,12,0.06714398,0.022646612,0.08116865,-3.5014343e-06,0.023048159,0.04592219,0.026644014,-0.5006464945614549,-0.032151066,0.16666666666666666,97.36294490303396,57.9439565703391,157.4458153721108,0.0,58.61824068551497,157.4458153721108,69.54344749915137,-0.3927992578748343,-56.359857433609974,0.08333333333333333,6.01150045197249,4.450660755916929,13.766202887185594,8.074349270001139e-17,4.9170589024810365,9.331951214426574,8.048926850074519,-0.36611903349794067,-4.554813972786684,0.25,0.6704545454545454,0.40576297889448015,1.0,0.0,0.3723138202730878,0.9545454545454546,0.4604390646235449,-0.13115594948089856,-0.1477272727272727,0.16666666666666666,720.3162239713101,340.43310363629826,1173.1226461587366,0.8011817039148199,265.0055173532315,426.1178533999205,308.92339605524774,-0.1942725050712364,-129.89074368190427,0.3333333333333333,1379.2261297052557,739.0163845773945,2480.722878196023,0.8008216038223229,564.9446919249206,980.7395241477271,647.8317863767152,-0.1620433736924939,-260.11130593039775,0.3333333333333333,1101.8378735439603,174.45303664293456,575.5059500669778,3.3510242215590904,195.63298032318934,417.51032465345907,302.00199690673816,-0.19490371777976412,-76.13510092088677,0.3333333333333333,-408.4176,92.17854,250.0585,-0.20323043,71.6921,154.16928,65.1131,-0.30063056831254176,-71.15915,0.16666666666666666,158.4851,35.407394,93.39656,-0.40113622,34.90242,72.80205,52.05818,0.18309674241909993,17.277664,0.6666666666666666,15.304708,15.120424,44.012676,0.03809669,13.125829,33.16903,18.529068,0.07453854956881603,2.392498,0.8333333333333334,40.055454,22.789555,78.569664,-0.07155193,29.025274,55.803867,43.58434,-0.06597426300290418,-8.288464,0.25,16.097574,11.95644,41.072205,0.06938761,16.03348,33.664383,23.537386,0.3255993861970694,4.718706,0.8333333333333334,0.013004187381628786,0.008457121381275572,0.023881392045454544,1.9712766772463718e-20,0.00739791558506858,0.012251420454545454,0.008510790470723015,-0.254330018876769,-0.006120161576704547,0.16666666666666666,0.8253449004118913,/Users/will/Projects/SpeechEmotionCS3540/datasets/SURREY/Audio/DC_n29.wav,Neutral
3.7736054421768706,14,0.06030317,0.01230613,0.048534844,-0.0011457803,0.011753728,0.026623897,0.012217858,-0.575787670334036,-0.021112517,0.14285714285714285,118.51979070397797,36.49376325169108,153.28164121296206,-11.665608352278802,27.09109187403475,98.76545136603343,30.10706109316819,-0.7567661758495854,-67.03056018508875,0.21428571428571427,10.0934126146502,7.028732669329914,20.634162313238427,-0.9257179449893383,6.8792186901551,16.5222866770643,10.08826669195175,-0.690988370358113,-13.214037223145219,0.21428571428571427,0.6623376623376622,0.28578806603461543,1.0,-0.024475524475524476,0.32759084413627165,0.5454545454545454,0.4333439286689422,-0.32409800048631093,-0.21590909090909094,0.42857142857142855,723.5437733080532,318.29154027501323,979.6772029801248,-18.093191354197355,348.14008350037443,703.058881940648,544.9301836182256,-0.44800549657422495,-366.43601951480304,0.5,1359.9476207386363,660.5949544087152,2229.665305397727,-45.814524830638135,741.9674198027502,1421.680797230114,1159.487120283157,-0.44509770640858937,-718.7930020419034,0.5,1070.6620918094866,217.856712063734,830.8562220636278,-7.262432731303018,254.70354246310205,501.24618160712987,411.6649823136542,-0.43370009155647404,-194.36101991058354,0.2857142857142857,-419.7126,62.191437,241.67474,-6.6790137,56.20753,115.30908,58.003006,-0.5255350160197119,-94.027374,0.14285714285714285,155.6122,34.693592,115.70239,2.4435396,38.644672,66.64281,49.092297,0.2855117230444864,13.2222595,0.6428571428571429,20.329916,17.564661,57.808613,0.33123323,17.074045,40.473362,19.564714,0.6023729845088824,30.097097,0.6428571428571429,48.680107,18.576643,55.71705,-2.4166822,20.469381,41.717125,32.45698,-0.4600607659102311,-12.061062,0.42857142857142855,24.021805,15.913395,55.341198,-1.5627099,20.447906,36.059803,27.666681,-0.19954310538837505,0.42111588,0.7857142857142857,0.012210201907467534,0.006361310076416165,0.02448064630681818,-0.0003380408653846153,0.006795046497134005,0.012096058238636364,0.007241520451913188,-0.24129295076368726,-0.005365545099431818,0.14285714285714285,0.6252042589464536,/Users/will/Projects/SpeechEmotionCS3540/datasets/SURREY/Audio/DC_n01.wav,Neutral
5.156825396825397,19,0.06668199,0.018211607,0.06949871,0.00028220087,0.016843963,0.038956,0.019864893,-0.3759971682458479,-0.01997235,0.10526315789473684,115.61176282873188,42.43223061454197,159.27660768728109,6.197031626520486,53.890743295424215,159.27660768728109,77.53187858321746,0.04442285331819597,-3.6805772881058516,0.05263157894736842,9.550894937878182,5.441028521811421,20.605688320598524,0.657237341697431,7.064566283145481,20.605688320598524,9.557025716293147,-0.007702540850175963,-0.2555476349418164,0.05263157894736842,0.6818181818181818,0.2711276854833912,0.9545454545454546,0.0303030303030303,0.3026512781126997,0.6363636363636364,0.4390077956738528,0.16754156331667816,0.0984848484848484,0.3157894736842105,654.9823451997623,268.9558095626346,1043.1185613558255,4.534340982951619,242.79393267225382,662.3198185413237,311.8899823943701,-0.10793435122651705,-93.1197515682793,0.21052631578947367,1200.8881929388456,572.0547526334541,2250.2197265625,9.787819602272716,502.13533773589927,1266.0544655539773,637.9194938386247,-0.09618115677269098,-171.694668856534,0.21052631578947367,1062.1169416394646,140.906891441991,546.8995691250958,-1.9270868259706364,162.4791557981061,535.5892088799538,248.2288684293379,-0.09606526671401552,-64.48918168924138,0.21052631578947367,-410.85486,72.10494,245.354,2.1525507,69.20166,164.53888,80.89692,-0.14341535932686317,-32.662903,0.15789473684210525,160.32884,20.363527,67.84348,0.5644485,25.561684,52.740967,40.09126,0.2046369905030072,13.369308,0.3684210526315789,14.817193,13.845651,50.097046,0.7467669,10.440623,30.918945,14.44663,0.5513909088261018,18.958527,0.9473684210526315,36.837006,10.7705,42.869003,0.091441475,13.731584,28.51096,21.535109,0.3650638204008385,7.9888,0.631578947368421,22.658428,15.592391,44.03236,1.0198483,19.012094,36.750145,27.043201,-0.16815893891750638,-7.6481752,0.5789473684210527,0.01221520820873206,0.005832157959788804,0.021129261363636364,0.00029716106376262625,0.00557299219447405,0.011186079545454546,0.006654922340805798,-0.10838821393026109,-0.0022305575284090884,0.10526315789473684,0.7362690653177595,/Users/will/Projects/SpeechEmotionCS3540/datasets/SURREY/Audio/DC_n15.wav,Neutral
2.908843537414966,10,0.0927563,0.04109795,0.12557688,-0.0008297422,0.03799731,0.087190285,0.044268917,-0.3395404112651786,-0.030344963,0.3,96.78827747892373,65.68052808094156,171.19841517064668,0.0,68.25941994899819,164.67667319546854,91.58765318989023,0.12195681668397167,22.065770827515742,0.3,10.53974992557087,9.438550245227518,26.35679162062605,9.868649107779169e-17,10.667968182439274,25.82833220375812,15.88918713819271,-0.14514322029771898,-3.511831909963483,0.3,0.5181818181818181,0.36147082458310986,0.9090909090909091,0.0,0.34815531191139565,0.7727272727272727,0.5029612721893347,0.205766633872088,0.18181818181818182,0.5,931.6211254997827,498.79338018264235,1601.3158029313017,6.851274170626677,485.7634886103348,1111.4327290554265,485.40159695563403,-0.45590149124295226,-711.1801173444485,0.2,1755.1518110795453,1011.3439364732272,2955.9215198863635,13.104802911931813,944.0151376165007,2102.423650568182,936.1840950833557,-0.3882626987835839,-1282.8568892045455,0.2,1241.5677007147162,313.4493258544504,897.679257276391,0.6395078017780078,270.1031173304777,456.0239065386206,309.03696875016874,-0.3855978493124099,-381.2415898290443,0.5,-354.6457,116.07223,353.9206,2.792111,100.03716,202.12558,60.76367,-0.18131278575197932,-56.688904,0.2,143.04897,34.383774,125.99502,2.0364695,32.63151,47.93953,43.17681,0.7202349245123124,72.964584,0.7,18.420286,19.454435,60.38881,0.1880048,16.966637,33.264866,16.877203,0.5693748637880689,30.60211,0.8,46.854774,20.965612,67.34724,1.7026035,25.41718,42.73085,32.5978,-0.4587852640886333,-35.859215,0.2,-12.7818985,19.470087,55.09188,0.5601097,14.791465,32.694168,15.392762,0.3098614157282504,12.915884,0.9,0.026542524857954546,0.02805872210904666,0.09312855113636363,0.00021701388888888928,0.031715667772153115,0.06403142755681818,0.03768913117657048,-0.4920304589470237,-0.042502663352272735,0.2,0.7666822901397078,/Users/will/Projects/SpeechEmotionCS3540/datasets/SURREY/Audio/JK_n26.wav,Neutral
4.213832199546485,15,0.18553571,0.075829946,0.26466495,0.00039100114,0.075275205,0.13261582,0.07840367,-0.10962070361435633,-0.04465063,0.5333333333333333,207.263751654565,107.23907978584911,324.5115715110517,0.0,145.84516457084692,292.57519334910387,228.26132011055867,-0.25327036825176397,-67.76464240349475,0.4,24.81255007068195,22.41266135624533,92.9861145411351,2.5376526277146434e-16,27.697690591472345,65.59831819702164,48.29353720367931,-0.3309066895202301,-17.615435624084185,0.4,0.590909090909091,0.36740471675703457,1.0,3.96508223080413e-18,0.27434584641918974,0.5,0.311444069113893,-0.34171258787374253,-0.38181818181818183,0.26666666666666666,1273.9585411154183,622.5001066565914,2178.7186969143877,5.063112360963763,612.8887850117119,1289.7350144126603,781.1679380249611,0.21694798833791737,497.5477012036142,0.4,2299.648215553977,1094.77923919868,4110.394841974432,22.372159090909104,1021.8025843011696,1840.5994762073865,1242.8985830097015,0.23529459195251484,858.3917791193182,0.4,1387.3579685829766,287.28630084349095,1083.3691710385838,2.3655924998957,307.73602086572646,516.1580045210853,421.91550399005075,0.2045777057689999,233.16036102518274,0.4,-270.3035,119.725975,388.12054,0.5305176,108.732796,281.75702,76.34567,-0.006806930602106131,-16.87259,0.5333333333333333,114.08456,26.059553,85.24334,-3.2997563,33.111774,57.44864,49.66772,-0.35630511506015605,-29.811745,0.26666666666666666,-11.639664,26.107164,94.80304,1.0417178,23.448702,41.513176,23.94581,0.2867898527514976,25.247627,0.9333333333333333,31.438799,12.175936,45.88221,1.5522226,9.361662,22.950415,12.632749,0.7348148225601345,20.484095,0.8666666666666667,-22.28598,19.628332,70.14018,0.97563976,18.155706,36.436275,21.156239,-0.07820923826562427,-8.336662,0.9333333333333333,0.031313624526515156,0.015688591523094996,0.056085759943181816,0.00017121550324675317,0.015842077002326788,0.03409090909090909,0.01816688458350767,0.1677577674743278,0.005211292613636367,0.8,0.527463434021269,/Users/will/Projects/SpeechEmotionCS3540/datasets/SURREY/Audio/JK_f07.wav,Fear
3.1131972789115645,11,0.21897389,0.1248103,0.39355108,-0.0013189197,0.13859598,0.22710145,0.19719885,0.02821945268994088,0.024943978,0.45454545454545453,236.86303627347834,113.32705720004755,332.58328595579025,0.0,139.73350306816835,332.58328595579025,136.25038205877766,0.025867349261256164,12.971029936734055,0.8181818181818182,24.533082982676817,15.340630902432046,49.582091001475085,-8.881784197001253e-17,13.27607810244683,23.83507135216303,16.228607654392913,-0.16898189983392176,-4.134445166840063,0.2727272727272727,0.5743801652892562,0.3279336343640743,0.9545454545454546,5.551115123125783e-18,0.2987577586391815,0.5,0.2821962635292726,-0.04383200702262708,-0.030303030303030276,0.6363636363636364,1620.3231968730734,613.657722009254,1790.263492585871,141.63352483746337,785.3658355839823,1300.3175837660485,1328.2023849780219,0.5776866294891334,722.6491371782388,0.8181818181818182,2746.284220041322,967.7542145872686,2907.471812855114,227.51786665482956,1219.196116795683,1882.1977095170455,1996.7842481781106,0.5273581052146734,1085.9585848721588,0.8181818181818182,1540.0638049273934,210.12540927630658,614.9133105955787,37.843422493752314,294.0145410706006,515.2243231649284,484.661479037285,0.27594971207917823,101.15521334065238,0.9090909090909091,-250.43155,127.206215,382.85834,-2.5999405,119.3291,266.3145,85.32126,0.004803022988655877,7.4501038,0.45454545454545453,104.43774,21.493832,67.366066,-1.8074493,28.759949,55.718376,50.040318,-0.08428940946214855,2.0426712,0.45454545454545453,-2.092476,21.471718,82.497635,-1.1591327,23.768452,47.40244,27.940624,-0.46765853383814426,-31.12202,0.0,20.428717,12.227399,44.538414,2.8622909,17.717897,36.05195,26.426619,0.14108147951144073,4.985239,0.9090909090909091,-34.126587,14.656087,44.20351,-3.8836544,16.233212,37.521408,25.8806,-0.5329825169404585,-18.720343,0.0,0.08647017045454546,0.05564825581315025,0.16428444602272727,0.007646040482954544,0.07305756895794806,0.12080522017045453,0.1144687941410198,0.3158474929150954,0.02238695549242424,0.5454545454545454,0.7227609691056647,/Users/will/Projects/SpeechEmotionCS3540/datasets/SURREY/Audio/JK_f13.wav,Fear
2.58281179138322,9,0.19333202,0.11666457,0.32546547,-0.0022301115,0.14852865,0.2534329,0.1757843,-0.17553451666448716,-0.07268855,0.2222222222222222,145.08858152458112,90.29884965347902,260.92777498759693,-25.10132982447823,131.3711972132533,260.92777498759693,234.3530429686746,-0.3392944197739471,-78.51057325957119,0.2222222222222222,27.88165078121651,33.90346447239825,106.46910971529364,-1.5151908964846217,48.834128258708986,106.46910971529364,87.67631572814753,-0.2973205864708461,-35.382712214944206,0.2222222222222222,0.4444444444444444,0.323390113001659,0.8636363636363636,-0.02840909090909091,0.3621685575109838,0.5909090909090909,0.57429916517285,-0.012097167578182666,-0.015151515151515138,0.3333333333333333,1501.0440442346883,621.4756615009377,2126.99400769955,112.29554907635037,667.5957232191499,966.848177145322,864.516382020978,0.20951833572792233,311.70478801681156,0.3333333333333333,2576.20849609375,1125.2090319421511,3813.823908025568,150.54890025745743,1218.4360493965023,1729.9971147017045,1527.97147479816,0.08379400832680889,239.96471058238626,0.3333333333333333,1449.9416938078466,273.7117762160256,874.7999345851599,4.045266884850548,307.8046426364635,604.8030742451508,413.83229287908097,-0.22682651475016571,-121.25935034569784,0.3333333333333333,-264.17297,129.07477,375.46967,-5.601883,139.7337,262.55005,97.546,-0.06811485909976263,-22.425446,0.2222222222222222,110.13286,33.052197,100.29383,0.54751873,38.534916,64.48777,49.467274,0.2829463217149933,20.920143,0.6666666666666666,-9.888877,22.02882,76.10055,-6.484441,21.528248,39.511322,27.55838,-0.7492442506942523,-34.78164,0.0,44.310184,19.704634,56.20235,4.398237,23.245438,47.14576,32.418953,0.23620821309038467,10.920391,0.3333333333333333,-23.039907,18.777836,69.94823,-2.7611756,17.785662,24.657316,19.85725,-0.5765045312423982,-28.59361,0.0,0.08332840119949494,0.054795923595314606,0.18559126420454544,0.00933005593039773,0.057969796475666586,0.09783380681818182,0.07440544243703635,0.19858220693501685,0.026426373106060608,0.3333333333333333,0.2706842215235668,/Users/will/Projects/SpeechEmotionCS3540/datasets/SURREY/Audio/JK_h08.wav,Happy
3.7891609977324263,14,0.0054729334,0.001729913,0.006859771,-0.00033107412,0.0015210811,0.002589838,0.002110896,-0.7428992461955205,-0.0029727141,0.14285714285714285,206.72875419627402,130.24200563927815,467.4947576734438,-11.28758722082474,152.59739201408607,343.7836798955753,233.81348856025147,-0.28118375551011643,-125.02557505694763,0.6428571428571429,28.189377010826444,45.108726956739474,158.04575965051285,-0.2886293716927521,67.59145511136447,154.64996418884735,119.37167357853131,-0.04512006262570842,-8.317022111525088,0.5714285714285714,0.6298701298701299,0.26552010779559576,0.9545454545454546,-0.02097902097902097,0.3246668714799055,0.5,0.5230565497821172,-0.3003034902141795,-0.17045454545454541,0.14285714285714285,892.7818117676482,288.95310398910385,1044.7222090493651,3.511102466388287,403.0087256191835,785.1506106090657,663.0644993982179,-0.25696342845561493,-233.69999732565998,0.5,1569.3720037286928,615.9485834968681,2119.552334872159,3.199864100743018,866.1175913929079,1729.507723721591,1440.105102268772,-0.34435338502534696,-632.9048850319605,0.5,1369.4593441558175,265.5237895882571,1081.4852508463941,32.85419430779311,362.3029763159425,610.1674263401462,563.7706567456347,0.0028734650547399395,-18.93120725994072,0.9285714285714286,-639.0907,47.77596,172.35675,-6.220736,42.846912,81.75513,48.91269,-0.659977374641587,-80.77985,0.14285714285714285,137.20076,29.161108,97.46547,1.2694772,37.071888,62.096268,58.509132,0.3905161776718215,23.47754,0.7857142857142857,18.357119,16.66331,55.704243,1.6658456,12.588131,22.149384,18.159996,0.7663512424673936,32.605343,0.7142857142857143,51.027763,14.969472,46.12107,-2.9880354,19.363226,29.854313,29.06718,-0.40841198035438164,-8.663883,0.07142857142857142,16.858917,19.086838,63.42552,-1.6406543,24.226133,38.8738,32.491203,-0.2595032022807705,-2.8806725,0.35714285714285715,0.016224254261363636,0.01044948314770036,0.037198153409090905,-6.316925262237781e-05,0.010400267136884687,0.01626864346590909,0.012422611621137995,0.22957662848864446,0.004749644886363636,0.5,0.3000467074920376,/Users/will/Projects/SpeechEmotionCS3540/datasets/SURREY/Audio/KL_sa01.wav,Sad
3.3569614512471655,12,0.18141116,0.07339009,0.2638994,-0.0030115775,0.070249215,0.12680851,0.08192797,-0.10942295211322794,-0.03143868,0.5,190.95693204277038,133.02446994655136,472.6494647644597,0.0,193.2162689597262,295.8991890975761,314.3397085067194,-0.09064994344065141,-57.64303430126283,0.5,23.207349277795142,19.595762350926304,60.80850554196883,0.0,27.781512500844432,49.1694733110855,50.236874195157185,-0.1298461469014713,-10.19748872975081,0.25,0.4318181818181819,0.3301327055984989,0.8636363636363636,0.0,0.4241932281589699,0.8181818181818182,0.6538032408041049,-0.4187942125318876,-0.34090909090909094,0.16666666666666666,955.9661916320237,444.1981986308523,1404.3309526459839,-104.68376048392314,421.78477832834704,1404.3309526459839,695.2609951069333,-0.5171282279229726,-440.34379434131415,0.08333333333333333,1502.838134765625,666.7556488798205,2239.453125,-114.73993979209713,704.6429976875717,2239.453125,1167.8948911862485,-0.30816275058056597,-316.39126864346576,0.08333333333333333,1159.7335769726371,213.17081675700067,694.5820576472064,-14.634127605313614,233.44399858943166,592.8066519035609,386.06853330240415,0.061425416802024076,81.4933160279545,0.0,-282.97977,66.144196,252.01326,-7.0875773,64.44812,174.48212,64.38431,-0.07275661332798623,-10.343109,0.5,138.71506,27.364197,101.14027,5.759529,22.942528,54.549644,30.953638,0.3242495084640881,13.866592,0.5833333333333334,17.455832,17.384872,57.51094,-3.3098886,13.738111,35.239227,20.952866,-0.8354923524760165,-35.023956,0.16666666666666666,20.643927,13.824345,44.067284,-1.182754,11.140354,21.165081,16.616875,-0.7097840491243735,-26.433758,0.08333333333333333,-38.819996,15.909248,47.136597,1.2723069,16.98321,27.526405,21.245348,-0.03254992258513223,-3.3738708,0.25,0.03871848366477273,0.034346157773716926,0.11947354403409091,-0.009142158445247933,0.0265555651942733,0.08682528409090909,0.04215793402621475,-0.7394005065830273,-0.05562522194602273,0.08333333333333333,0.7606005728608249,/Users/will/Projects/SpeechEmotionCS3540/datasets/SURREY/Audio/JK_d05.wav,Disgust
5.239546485260771,19,0.005298355,0.001736245,0.0057067554,-8.554198e-06,0.0015768792,0.0038868284,0.0020185362,-0.5445967829954265,-0.002222999,0.10526315789473684,94.73929050366955,42.78135277904005,145.40574448740657,6.05595792347028,60.87072209922407,145.40574448740657,94.50839585180094,-0.027049002795006234,-8.53073515580573,0.05263157894736842,5.559614723197132,4.957426134760312,17.486342169585978,0.6803056360703283,6.414622818842408,12.749041340664359,9.659227694998352,-0.005008504968004919,-0.5755696066094611,0.10526315789473684,0.47846889952153104,0.3101755599686688,1.0,0.05555555555555555,0.35744590463071707,0.5454545454545454,0.48635180330920497,0.1577151954859465,0.030303030303030276,0.9473684210526315,741.9984898000265,175.81801619576873,618.3843103410763,13.13307673992828,192.1826559075901,388.30791311141684,279.0695257547686,0.24120784149094912,54.53187739171062,0.21052631578947367,1250.6515283904007,466.0044044787235,1780.893776633523,38.44438032670454,504.33753462443445,1061.4890358664773,717.0026547903366,0.20634908495709045,90.61889648437477,0.21052631578947367,1335.8462689932928,219.6425052247098,869.0056140924814,-8.760293692044051,241.71325120962473,606.8493250783908,310.6346310271822,0.06584178623423093,-24.89475864488213,0.5263157894736842,-644.7762,48.306793,160.8324,2.6299574,44.66335,91.8714,50.547318,-0.29881792736656726,-34.26581,0.21052631578947367,148.73297,27.536898,108.78875,3.1409178,28.245474,58.55037,35.437603,0.2038267822535503,16.495346,0.6842105263157895,26.504822,14.97042,64.05946,1.8488748,10.986222,21.820877,15.826137,0.6833856189069896,22.727615,0.9473684210526315,45.57704,18.635113,70.63367,0.3953141,13.018825,29.784134,16.520401,-0.21410451051963525,-9.27335,0.42105263157894735,10.678614,13.994853,67.78862,-0.5229464,13.368062,26.585411,19.468798,-0.3384007555547589,-9.186883,0.3157894736842105,0.011398680472488038,0.006340313635282357,0.02765447443181818,0.001033282039141414,0.005992831329330915,0.01447088068181818,0.007340836192666401,0.42938138856143143,0.006861831202651511,0.6842105263157895,0.4286732489590507,/Users/will/Projects/SpeechEmotionCS3540/datasets/SURREY/Audio/KL_sa15.wav,Sad
3.930839002267574,14,0.09421662,0.03347521,0.11341268,-0.00014380108,0.03317788,0.06703006,0.046694204,-0.2078791015609776,-0.015078217,0.2857142857142857,156.32434914921257,144.9759055235804,483.58662991786696,-28.56793132325403,83.76487868761718,256.41498249566047,123.32538858799299,-0.7857613078704326,-268.6719891626444,0.0,15.150614774329712,13.106540983313298,35.94810462270897,0.010911559037971311,15.811453300657794,27.939729087951196,26.820122555631798,-0.5028111431373985,-14.502212670608428,0.2857142857142857,0.4967532467532468,0.37618929306027493,1.0,0.010489510489510493,0.3302669200008802,0.7727272727272727,0.4786985676194937,-0.3821680625312749,-0.28409090909090906,0.2857142857142857,958.990576908118,305.29896801719167,911.7884062871308,6.894952276033765,280.14982239096247,597.6816199051099,380.7661900881262,-0.3341191994973156,-262.88813601741276,0.21428571428571427,1964.9746981534095,688.8848856115985,2150.873357599432,19.876802884615383,667.253730937042,1464.2578125000002,946.1752268630904,-0.4160565180317349,-805.1705100319605,0.14285714285714285,1324.6573868478295,241.7453895046687,887.2769790869722,-9.776038229379957,203.45941122717622,396.80045500971073,306.544453707245,-0.6812966708469552,-432.25599086472744,0.14285714285714285,-338.17856,74.40173,261.75333,2.2342317,73.39251,154.15012,89.66829,-0.09764444741668203,-24.320984,0.21428571428571427,139.33257,29.058945,106.4544,0.8557939,25.189753,49.91107,35.66458,0.49645746768602034,29.636375,0.5714285714285714,-1.7687277,15.775803,59.121292,2.4670286,21.103918,39.41146,33.570076,0.4066340875029818,16.562187,0.7142857142857143,32.098965,10.179378,38.445236,0.49543074,12.99229,21.894777,21.615118,0.07496258964004646,5.539501,0.9285714285714286,-0.80614537,21.354807,78.97043,1.3326713,24.298458,46.768982,35.69872,0.42393325867575604,26.16637,0.7857142857142857,0.01627498478084416,0.009966670122100106,0.03744229403409091,0.00036535729895104894,0.009858058055444935,0.018243963068181816,0.012862161257158219,0.0335793375718567,0.0019087357954545442,0.2857142857142857,-0.13533829688279844,/Users/will/Projects/SpeechEmotionCS3540/datasets/SURREY/Audio/JK_d11.wav,Disgust
3.904625850340136,14,0.11774374,0.03944641,0.15768579,0.0012707516,0.041424382,0.0674056,0.049275395,-0.01891566641520764,0.011138484,0.35714285714285715,181.24103230196175,50.376269352039245,201.8801406400179,14.612998249821553,52.67460389357507,196.49402457142028,55.415020850887686,0.4425440403720181,48.57810724670745,0.7857142857142857,9.964131202461273,4.763212023259292,19.965482807911282,0.4716082851022849,4.68543144824691,9.914992353355846,5.326502181547543,0.23221293352619385,0.6606363491649301,0.5714285714285714,0.7597402597402597,0.3118235637283889,1.0,0.02097902097902097,0.22595097092872046,0.5,0.2011146053402771,0.3177011461736833,0.26136363636363624,0.35714285714285715,1263.5302686247082,296.8037737340107,1204.238937282757,79.02964073283358,386.1110659488751,946.930707319217,577.0064216856242,0.3438679151633001,129.8122791740334,0.8571428571428571,2401.5114524147725,580.1678498862647,2137.6598011363635,138.3470655321241,721.717892185204,1642.8855202414775,1076.0663734580955,0.29004222682163955,159.78615500710202,0.6428571428571429,1502.6521329403088,196.38618822601666,681.1615610055201,41.52153183035424,242.72207958287657,598.450832935579,352.34694338779764,0.13941174324763161,-34.16786358556624,0.5714285714285714,-322.75287,76.68118,288.36642,9.539382,68.562485,183.3219,48.406746,0.19864451593685048,36.417694,0.14285714285714285,111.931725,25.522682,102.60333,-5.183434,32.026337,51.325523,45.168743,-0.1615128266106021,-1.8931503,0.7857142857142857,17.827448,10.605351,41.432144,0.46667114,12.693387,22.244436,17.726334,0.28678188897523205,8.621191,0.9285714285714286,46.49384,14.996704,64.46804,1.1655385,17.317934,31.652822,25.684671,0.3345700643687631,4.8334503,0.6428571428571429,-5.1326666,12.279022,36.94829,0.5273323,15.403011,31.316063,23.333534,0.38776113928885075,14.657684,0.42857142857142855,0.02193619368912338,0.008016885770860904,0.03384676846590909,0.0012667996066433565,0.008746135458380856,0.018998579545454544,0.010488280219601877,0.24642987660176344,0.0036066228693181837,0.14285714285714285,0.5737327588602027,/Users/will/Projects/SpeechEmotionCS3540/datasets/SURREY/Audio/DC_f08.wav,Fear
2.767301587301587,10,0.1578663,0.06547799,0.20537777,-0.0010157517,0.062462896,0.11105634,0.06566716,-0.16490536707738093,-0.023821644,0.4,167.55532792659267,88.46472040948044,242.15671828221016,0.0,91.2171930887301,221.41748977151852,72.20357169336617,-0.15911806369743442,-39.027703191533305,0.3,22.131684295789313,19.303123435648217,65.86647305661472,0.0,22.687841711059736,59.46297955133669,35.03458714121421,0.22227693867849538,11.89416220227732,0.7,0.5909090909090909,0.34855071841237845,1.0,-6.1679056923619804e-18,0.27938013506948145,0.6363636363636364,0.16845417136788177,-0.1679910276289853,-0.16666666666666669,0.5,1069.72429624856,388.5525835871554,1465.2684663201205,85.86417410957412,364.40930497521856,692.4908993339534,513.0701941181544,0.7755871423891653,831.3490640743339,0.8,2073.6474609375,703.7213522153739,2607.964533025568,130.99365234374994,651.3047294275079,1429.0216619318185,829.122529133233,0.7803242225190137,1522.6584694602273,0.8,1335.6885746460478,234.22670900462097,778.1429548149717,25.126021408781803,233.69433059692952,470.42088312277247,330.79290841666824,0.6844827549821763,450.59346918422284,0.8,-308.46603,109.59236,341.4132,-5.4988914,95.95082,203.64993,52.52861,-0.10016997873670033,-12.436951,0.3,114.405945,36.950977,109.77838,-0.84997725,29.085815,57.21276,36.233425,-0.3913445922026833,-38.268105,0.4,-2.16744,22.610909,83.07051,-4.5755076,20.891277,37.18508,26.421202,-0.331530209631194,-23.53848,0.0,32.23753,17.715631,57.50555,-0.18423313,15.644242,26.652449,18.906094,0.4664978134178076,22.328405,0.8,14.076118,11.851633,37.84395,-1.2846005,15.896775,32.501255,23.507526,0.06470929586143506,0.5407028,0.5,0.021062677556818184,0.011551965341313962,0.037109375,0.0003378511679292925,0.010798417362547956,0.017866654829545456,0.0093145065866538,0.01571927014534285,0.0033957741477272704,0.3,0.90650580128952,/Users/will/Projects/SpeechEmotionCS3540/datasets/SURREY/Audio/DC_h13.wav,Happy
3.3166893424036283,12,0.01061745,0.004368683,0.018911973,-0.0009445255,0.0042585,0.008522193,0.005946066,-0.7611919566090039,-0.0070050205,0.08333333333333333,133.46163190172976,21.337833617214955,83.37978373181235,-7.579980339255669,13.921073826463944,23.552579160061228,19.196506720370394,-0.827879041616781,-34.50633595884477,0.0,12.326169888480967,5.652749922860177,20.959301777698293,-0.3105912612434471,8.751875798852021,20.959301777698293,13.654118186562824,0.0032513765155736947,0.03754658231676089,0.8333333333333334,0.7575757575757577,0.2206093905842581,0.6818181818181819,-5.046468293750712e-18,0.1947855165188872,0.45454545454545453,0.20750385837296959,-0.09450358492143576,-0.06818181818181801,0.25,1122.2330524491956,319.9563315698625,1114.175302005651,48.915885240819335,332.72506799816057,691.4208026449305,523.3989606078555,0.6735661975561503,618.0731211382829,0.4166666666666667,1997.5308504971592,600.9820977383861,2040.2709960937498,90.09243043001034,608.775500593871,1063.9359907670455,985.0103509040596,0.7322545193003634,1241.5849165482955,0.4166666666666667,1381.0945492552244,280.14283976718735,1038.0519342696116,30.599480965819463,289.25601738498335,563.508506071385,333.47406747371747,0.5836061879007605,447.2826748670261,0.9166666666666666,-550.00616,53.18842,195.27695,-7.932057,70.060646,135.41364,88.945114,-0.3894734451251576,-32.835205,0.08333333333333333,144.49657,32.916107,114.13082,-0.12046537,35.061737,68.801735,37.66871,-0.36995931453371256,-38.659164,0.16666666666666666,9.366715,15.288296,51.25283,-0.6504028,21.386011,36.68776,30.943546,0.09242440374649545,2.0742288,0.5833333333333334,37.54716,17.38442,54.51281,3.0500753,11.881202,19.38252,18.317589,0.8858173925571245,40.083794,0.8333333333333334,11.42306,10.336088,39.69615,-0.9271963,13.524178,21.085234,20.324133,-0.32653099791104784,-11.485758,0.25,0.03950084339488636,0.021809535315503725,0.08165394176136363,0.0006456611570247937,0.02697643031312824,0.06152343749999999,0.04109337557466341,0.18573460668464484,0.018171830610795452,0.4166666666666667,0.8497622242169973,/Users/will/Projects/SpeechEmotionCS3540/datasets/SURREY/Audio/KL_a09.wav,Anger
3.605895691609977,13,0.20642376,0.10851055,0.35785797,0.00085115555,0.11675736,0.21371509,0.11214172,0.021168171501909437,0.009893686,0.7692307692307693,206.53215370812956,89.86676673551707,423.9524882479206,9.687943223168489,104.36237614471041,207.77776707715967,129.46042932649152,0.4526040315679249,102.82077105806081,0.7692307692307693,27.690394345074445,43.045053424302296,165.5982787415975,0.2846233829511178,56.827909428353024,162.1827981461841,79.57650673286936,0.49931874652235825,55.53658563303708,0.8461538461538461,0.7412587412587412,0.3017140140532115,1.0,0.022727272727272724,0.25068775920870146,0.5,0.21850089365954192,0.06813921830810521,0.022727272727272596,0.15384615384615385,903.325176435538,345.5990968721751,1133.7527746569033,0.12874518822562683,318.27672380596283,664.8910188609775,396.18230871783237,0.2102318621861582,198.0989564648561,0.6923076923076923,1711.6261302174387,762.2613284413056,2401.9309303977275,-1.26426003196021,639.3455490922826,1192.156427556818,698.2839148856158,0.1902783938059991,340.24907892400574,0.6923076923076923,1249.2595049500617,214.1668462080802,656.2026600502346,-0.7298287650012298,217.1319423846036,517.1100714968229,299.08464916677286,0.20483157430521626,101.87692574440098,0.46153846153846156,-290.12906,114.384514,368.38593,1.8643112,115.83804,257.11755,75.59659,0.019309091355549767,4.774475,0.23076923076923078,125.478134,24.068398,79.018456,-3.3184707,23.976208,49.94584,38.043186,-0.5553022051984171,-32.318092,0.3076923076923077,3.2848425,16.817703,60.07474,1.1330322,17.14868,31.578003,18.715813,0.23928588012915175,9.43903,0.9230769230769231,34.862778,18.852825,74.54553,-0.17645057,15.980887,32.410034,18.792734,0.4175065396575676,14.868086,0.5384615384615384,10.102724,10.062472,27.947662,1.8671733,11.110335,24.576742,18.0953,0.6522909927988843,12.492282,0.8461538461538461,0.023169457495629372,0.011755584369416849,0.038884943181818184,0.00022749467329545464,0.010932683972811864,0.01939808238636364,0.009686518765297695,0.13457042240773573,0.005598588423295456,0.7692307692307693,0.7848287075782353,/Users/will/Projects/SpeechEmotionCS3540/datasets/SURREY/Audio/DC_h07.wav,Happy
3.459138321995465,12,0.22226964,0.076181605,0.26676184,0.0057834345,0.07461077,0.14476925,0.08395848,0.180355875712958,0.01117453,0.5,177.95873410805027,61.66463685540318,273.10554402051406,11.996680663085781,85.6920509484617,273.10554402051406,106.5139008720395,0.11653477227829162,6.6500003773907395,0.08333333333333333,21.052812812239388,29.681162465160988,114.04582592565339,0.8218720497924878,47.754478940550875,114.04582592565339,77.66429851883267,-0.25974993234129945,-19.681798722197573,0.08333333333333333,0.7878787878787877,0.2941892096810242,1.0,0.03305785123966942,0.2721004567463525,0.8181818181818182,0.21051883958017112,0.11562550210899407,0.05681818181818188,0.4166666666666667,831.5734951165226,297.5521822106227,1095.4815570210494,11.648384131535606,286.05906002785514,601.7295768005683,256.99150433030104,0.46075776163152005,353.9361044036784,0.75,1536.4837646484375,671.9770758700397,2412.697531960227,31.587963261880137,665.9451932557051,1432.447398792614,678.8529980637534,0.5110524599564117,889.4681063565345,0.75,1138.7210219528126,185.2153993882847,624.5377736944578,0.9674696061898967,193.9230165831496,383.70625604872737,239.47424694025867,0.5181050114244315,239.9612152278628,0.75,-276.8799,90.73314,319.38577,11.22702,84.633156,194.05399,67.938675,0.23912495867804276,34.151978,0.5833333333333334,138.54024,28.380856,88.92626,-4.127632,20.749226,39.516205,33.170937,-0.6193108755330506,-42.336624,0.3333333333333333,1.6776546,10.78402,40.355064,2.3681853,12.030171,23.05835,16.446413,0.3377908480550836,7.200122,0.9166666666666666,26.917252,18.0856,50.116337,2.0522184,15.115027,43.365063,23.350073,0.7420259278639447,36.134453,0.75,10.400984,10.956739,37.878807,1.4356134,9.642872,15.461349,12.583149,0.5259004382795139,16.85862,0.9166666666666666,0.024510239109848484,0.011360299217655273,0.04239169034090909,0.0008111118285123967,0.009664363857367072,0.016224254261363636,0.009662280856422182,0.20652560351793936,0.0036676580255681802,0.5833333333333334,0.6199290841673751,/Users/will/Projects/SpeechEmotionCS3540/datasets/SURREY/Audio/DC_h06.wav,Happy
5.6604081632653065,21,0.15946178,0.059395306,0.22892022,0.0039584422,0.060988296,0.13673481,0.07735217,0.494196603470438,0.07401559,0.7619047619047619,188.340226615218,52.5430144818666,234.2466710204135,5.956968877970973,44.82886196767474,182.06263735747103,39.82308313672949,-0.04574640523308478,-10.63127772838348,0.47619047619047616,17.77460367076807,8.83859030957642,34.01063229401597,0.5739851195348586,10.640380939358618,28.56093514585418,16.314050558687466,-0.10672543787324189,-5.113207031021016,0.2857142857142857,0.7835497835497837,0.2642643520373599,1.0,0.04318181818181817,0.26366575071323456,0.6363636363636364,0.332027769176902,0.4531359652661646,0.18181818181818166,0.5238095238095238,947.7411149539134,366.9914160743022,1432.2009115715232,9.694908027510937,376.7973983913063,741.96862104605,508.23902181456197,-0.1616197877290244,-199.5960503881879,0.2857142857142857,1799.1643732244318,818.3935662331829,3185.445889559659,31.516779119318198,850.4730933806075,1665.3975053267045,1165.6296567351503,-0.12128965600134264,-417.4505060369313,0.14285714285714285,1237.77133494788,267.6340410170891,954.2774398115174,-3.4381232029006923,289.04546579851035,544.540705204126,412.5690845649597,-0.42751418955880177,-280.0055186689506,0.14285714285714285,-297.2617,79.925514,324.38104,8.124235,82.39882,191.32993,94.7341,0.3666913659176922,56.28839,0.8571428571428571,132.00667,30.437757,149.36275,0.63240206,34.94876,70.01517,50.8293,0.39139030050891266,20.124329,0.9047619047619048,1.1352066,19.529932,75.15445,-0.78577614,22.728262,55.78077,30.47443,-0.35658013110224646,-12.200668,0.0,35.469475,12.525978,54.138206,0.15297775,15.767517,34.211075,24.501825,-0.006514110551664703,-2.381277,0.47619047619047616,17.1819,14.004042,54.640026,1.3326117,10.040543,21.670486,13.227139,0.6762384610207001,20.297009,0.6190476190476191,0.022274925595238092,0.009950590178059745,0.03968394886363636,0.0007290926846590908,0.010473496829112848,0.019664417613636367,0.013633608277506398,0.44737204717480095,0.009356610186688315,0.8571428571428571,0.4420758823892445,/Users/will/Projects/SpeechEmotionCS3540/datasets/SURREY/Audio/DC_h12.wav,Happy
3.128934240362812,11,0.013810158,0.009081301,0.030576032,-0.00035390715,0.008039602,0.014037181,0.0075384616,-0.5242544542216941,-0.011020413,0.18181818181818182,130.20554115086645,43.14462044615697,166.19832590266185,-13.924455630495828,39.90188061699094,128.20253416168447,39.7250493111371,-0.6162525072271176,-57.39026337540972,0.2727272727272727,11.56335690563857,5.358826300644899,19.48789744987107,-1.7584407175197598,8.156704951150619,19.48789744987107,13.384056982087206,-0.3029024011852139,-4.3067498193577,0.8181818181818182,0.6239669421487604,0.23346193209628982,0.9090909090909091,-0.0590909090909091,0.26741029236514047,0.6818181818181818,0.3997244229779672,-0.5821057616915386,-0.3484848484848487,0.2727272727272727,1224.9515069242143,375.6701628653787,1248.5403626988268,79.53489464245517,371.6861643122102,515.2195600071859,487.3119983533857,0.6135802585053228,475.1428583533535,0.9090909090909091,2119.0184538029444,707.7865534555979,2568.3238636363635,97.24198774857955,758.9913590841742,1164.2611416903408,997.0430817623657,0.4855666819767169,674.3807705965908,0.5454545454545454,1329.6213016341615,295.52106675454604,1088.374376187422,20.709585961122276,353.0016720948214,728.4334862440212,383.63270905903164,0.21055218667683528,100.01748785866812,0.9090909090909091,-542.99274,66.56467,237.58594,-7.52572,54.229324,110.460266,44.93874,-0.41413415087440203,-68.973145,0.45454545454545453,132.72194,32.01101,114.28727,-3.18404,38.501698,67.05575,47.51331,-0.13496748513491166,0.34751892,0.7272727272727273,23.07178,25.693687,80.12145,0.1787447,24.757025,40.673462,26.681122,0.06701996315301614,9.7847595,0.8181818181818182,46.104122,20.101038,68.84462,3.2765884,26.802526,53.1392,39.81625,0.36205446790287277,6.572731,0.5454545454545454,-9.397169,14.56033,44.62793,-2.1842132,16.705532,25.256893,21.836823,-0.1425782348432771,-10.201915,0.5454545454545454,0.04803113700929753,0.022657858748233804,0.07748135653409091,0.0024458451704545445,0.023265859154653543,0.04549893465909091,0.03234072969355061,0.42414901224319235,0.014389500473484852,0.5454545454545454,0.6200152116884012,/Users/will/Projects/SpeechEmotionCS3540/datasets/SURREY/Audio/KL_a08.wav,Anger
3.8784126984126983,14,0.13656767,0.05377119,0.18359016,0.0021904765,0.06223271,0.12745678,0.08270429,0.20341939994898464,0.025335059,0.2857142857142857,182.4130891813859,50.70665459274122,203.07556641948412,14.708056984114032,53.458376048973896,199.4372607763104,56.47442984811283,0.44108020750808896,49.62116306989904,0.7142857142857143,8.194795746055688,3.6755309971651204,12.839654239999327,0.3443634370778605,3.5474759252070136,10.487286083111195,4.985907087268712,0.12893736827986613,0.4845500862414571,0.14285714285714285,0.6948051948051949,0.2851233558454565,1.0,0.020979020979020976,0.22169045432373927,0.5,0.23506221945606365,0.3050798768322899,0.22727272727272718,0.2857142857142857,939.5043953235585,319.18891412132086,1185.1930827940275,56.22163882801248,372.18224827086897,671.9424879569278,507.6214012460376,0.3440872787609018,268.387940192491,0.7142857142857143,1800.8888938210227,806.0207649066101,2965.709339488636,122.00893588833047,949.376651643348,1571.923828125,1273.607736187713,0.22612386484634228,417.6952015269885,0.7142857142857143,1323.6413945304416,284.4066679201153,1082.1641762232064,33.07996532947255,363.13473340662955,587.2985527685778,516.5164916815686,0.08232755787650523,79.1453677208633,0.7142857142857143,-326.41458,75.224846,281.90863,8.622854,70.95467,148.78445,70.28781,0.2832237092880719,54.864838,0.2857142857142857,124.74562,25.123938,94.25731,-5.2362237,31.271742,71.725815,44.35779,-0.19793997280917294,-10.200989,0.2857142857142857,13.96904,11.263556,37.44435,-0.720589,12.624115,28.127583,17.728634,-0.1661944058768677,-5.183324,0.07142857142857142,31.855574,17.239523,71.05518,0.6502627,24.276405,55.06698,35.666042,-0.11711139650721164,-0.5881882,0.7142857142857143,-0.49644464,9.284509,29.536465,0.5301883,11.708913,26.148235,14.575091,-0.26571269212008675,-7.6720695,0.9285714285714286,0.017232523336038964,0.007784995285357281,0.027432528409090908,0.00040291739510489507,0.008641339476213561,0.022194602272727272,0.011167188120076601,0.3536163480263983,0.007146661931818184,0.8571428571428571,0.49134594670543824,/Users/will/Projects/SpeechEmotionCS3540/datasets/SURREY/Audio/DC_f09.wav,Fear
4.221360544217687,15,0.12053065,0.03202012,0.12019165,-0.0021318102,0.03557639,0.08752318,0.04917083,-0.20685605965691775,-0.018007837,0.3333333333333333,156.60171921142475,84.93716411794264,383.8218945412951,-27.415849610092504,86.97851963917309,172.3762215215868,138.34610522742878,-0.5641988173239388,-105.68701480322291,0.0,27.43162264933884,28.96626924146895,127.5516340249399,-9.110831001781422,29.77610333321845,99.60501650385454,41.18512427278041,-0.5464242265862413,-31.79251669806351,0.0,0.6212121212121211,0.2819973363425901,1.0,-0.045454545454545456,0.310196647077823,0.6818181818181818,0.5063294427754057,-0.17658996340819993,-0.1090909090909089,0.6666666666666666,940.6297786268799,261.0023580652109,945.3493138615273,27.221077288316085,269.7336391294798,742.0999853994375,382.7497634807403,0.14286391507582064,119.8254541421096,0.4,1861.5127840909092,500.75925262540767,1784.3195134943182,84.80446555397728,563.5708600259278,1245.9894353693182,804.6209811421439,0.30900498536372517,445.443670099432,0.4,1239.5995903068444,162.8498285423223,556.9945164119343,13.12418118468169,218.85152702508557,439.2278511581695,365.89694001289735,0.06562393349974535,37.291793327066216,0.4,-301.50974,45.285637,182.30153,2.9653015,36.649086,67.18677,44.808918,0.05483277140042781,6.150696,0.3333333333333333,150.13788,24.620338,93.44959,5.0673704,19.83511,40.10578,30.216106,0.6212742071088528,33.895615,0.2,-1.3670186,20.622793,69.908226,-2.1712978,23.639137,58.520195,31.237732,-0.09627585069991458,-10.0195675,0.8,39.78078,14.863652,43.769367,-1.8934782,15.607861,36.21746,22.57935,-0.2960152164860705,-8.478703,0.7333333333333333,-11.246226,20.46988,62.65015,-2.7775319,17.796385,33.32469,22.24202,-0.3592932465365904,-12.163781,0.06666666666666667,0.02062026515151515,0.007535200797829044,0.02938565340909091,0.00011255834009740258,0.006846848332517909,0.014559659090909092,0.009338017598178384,0.09108054255727999,0.0026988636363636347,0.3333333333333333,-0.15041984660686655,/Users/will/Projects/SpeechEmotionCS3540/datasets/SURREY/Audio/JK_d10.wav,Disgust
5.106394557823129,19,0.006286649,0.0029237599,0.0104593905,0.000117170945,0.0023475718,0.0055248677,0.0023184964,-0.3759894816293533,-0.0035049543,0.10526315789473684,120.99934376927145,47.91575193903378,282.1222005826776,6.1508121041420445,66.74830926582409,186.28594628586092,110.93968952885695,0.09747265527917644,1.1003424374043362,0.5263157894736842,8.248761571145058,4.4737592397938055,19.9436871451519,0.6865019567597447,5.833946483009605,16.798670916401033,9.889876726630979,0.46204051813702574,4.254781765840955,0.5263157894736842,0.6435406698564593,0.2388274049134611,1.0,0.0303030303030303,0.24524869782179765,0.4545454545454546,0.3271224009021845,0.22494898746085268,0.060606060606060774,0.15789473684210525,857.1753297400613,238.80286778909382,939.9520622458396,-2.552051503314374,281.7130061417233,675.5862375740686,398.4329099363216,0.056340086832016786,105.67439689246942,0.3684210526315789,1413.1035763681218,523.738789618475,1925.7535067471592,5.60080788352271,587.7444457877111,1375.678045099432,795.032528708537,0.048836670865751136,188.74178799715924,0.3684210526315789,1305.3752493958036,309.73398124742613,1219.8651017542268,-21.984782096715648,271.40458837205534,591.3212284241702,341.1974846094518,0.01332697376797564,63.042836454810185,0.0,-616.58014,55.25623,227.57825,3.0265808,53.693737,131.55249,55.172474,-0.1951222125836022,-31.075867,0.10526315789473684,151.70396,27.666418,98.465225,1.1633165,28.78226,62.302124,42.47951,-0.03303207429248923,-5.7833557,0.15789473684210525,22.151226,14.783721,60.96576,-0.44715255,15.963855,31.269815,20.067225,-0.09268565329015789,-10.525429,0.2631578947368421,42.89096,20.454655,72.13207,1.116888,21.19425,40.70338,28.188206,0.39145072851423207,25.60428,0.42105263157894735,19.64517,14.552877,47.040863,1.3996458,14.360988,28.58341,19.609278,0.5876523150484912,23.98761,0.42105263157894735,0.023819480786483258,0.011278406828350067,0.04203657670454545,0.0006214488636363634,0.013393747276027795,0.024058948863636364,0.015902510866929825,0.08811935286330463,0.0032737038352272686,0.3684210526315789,0.19498825517567134,/Users/will/Projects/SpeechEmotionCS3540/datasets/SURREY/Audio/KL_sa14.wav,Sad
4.444444444444445,16,0.08759415,0.0525995,0.20724168,-0.0013511982,0.044961806,0.13586706,0.063473046,-0.29022307567016387,-0.024216246,0.375,201.0400701159104,119.59207713398617,478.5505035878511,1.8947806286936005e-15,121.78835992733715,282.4517352493397,177.95113150513453,-0.41037965384243247,-88.8210303449867,0.3125,25.76279089619586,22.761465480599952,91.5633492621108,-4.736951571734001e-16,32.07216186189151,81.17893386362935,58.79640441761169,-0.008627989126020596,3.186301218352611,0.375,0.5085227272727273,0.33255628912093105,1.0,0.0,0.3598285480920581,0.6818181818181818,0.4861572568565987,-0.03984292040855591,-0.018181818181818188,0.4375,1248.5375588658603,509.3195960285005,2093.0197362130007,14.872680867700781,564.6842015802282,1193.3526766251978,657.4447672795643,-0.1818694218885765,-220.89095279997127,0.125,2468.549277565696,1101.8458710861005,4476.459295099432,21.33744673295455,1168.247879294559,2445.486727627841,1343.652017498791,-0.2429246334663552,-653.043323863636,0.125,1500.8986212976215,311.0792366786928,1226.157975438468,10.751712651349164,311.1019164993165,678.7981728416557,393.08154323167867,-0.39981205673565157,-315.67309028108684,0.125,-354.68515,84.21692,297.56015,2.5271323,72.57722,180.15793,56.130356,-0.11721767261176112,-18.28186,0.375,117.49466,37.540543,116.28906,2.9510522,23.428646,45.085197,29.163736,0.7776748221635629,63.760628,0.875,17.06191,18.573849,73.17809,-0.78003156,22.098139,48.940014,28.578497,0.4406691148179509,17.064487,0.875,46.393883,14.578638,49.814606,2.0230587,14.862431,29.037373,19.692965,0.3696244821798421,13.858524,0.75,-21.713823,17.035295,56.048668,-0.6604869,19.813505,29.40081,23.480915,-0.30055125359541973,-9.5519905,0.0,0.030093106356534092,0.021390930776478134,0.07672674005681818,0.00037582859848484874,0.02064488005543147,0.046630859375,0.024972762851895893,0.4006295417860133,0.02674449573863637,0.75,0.7352291753104476,/Users/will/Projects/SpeechEmotionCS3540/datasets/SURREY/Audio/JK_d04.wav,Disgust
3.2746485260770974,12,0.2355823,0.15960626,0.4667247,-0.0014533756,0.13261712,0.22518848,0.16240898,-0.3082435433876541,-0.1498053,0.5,178.86912843159578,114.04041327743556,344.22440319107665,0.0,162.08989202188363,344.22440319107665,227.83691620350504,0.22886364149263763,49.13807590460743,0.8333333333333334,26.963229632994697,24.747608365594232,69.9113735916157,-3.6334571715005125e-16,39.19109789503514,69.9113735916157,73.75502363201217,0.011857949311472962,-0.6556296049049273,0.4166666666666667,0.4318181818181819,0.32856437033638547,0.9545454545454546,0.0,0.4116084153698826,0.9090909090909091,0.6308200094302024,-0.146943671674129,-0.20454545454545447,0.16666666666666666,1286.4238554453414,460.12094760260595,1602.1413743812182,42.60685402181994,424.7376264480585,756.7848007102698,425.9482540503785,0.5447633542666378,662.1964891342898,0.75,2302.7476917613635,881.4610707005577,3057.71484375,76.21152263042354,810.1123689909896,1445.1715642755685,756.6571751463637,0.4889728271179849,1117.034912109375,0.75,1388.4931181466845,189.458978523292,588.952916271383,12.15713493095979,205.04904823155493,349.13167692028514,284.41841696516605,0.5116200444150685,258.64911700126595,0.75,-250.64813,155.63942,482.6266,-7.711763,108.29619,210.5039,54.17018,-0.23455651969295432,-93.33743,0.5,129.1751,28.135307,95.314835,2.414682,27.386772,54.086792,35.148216,-0.08635803244026637,-7.8666916,0.4166666666666667,-10.404237,27.458662,85.801636,-2.4231207,24.590513,50.477207,32.380608,0.04400082802409964,5.2353272,0.0,36.003124,13.380582,43.67814,1.8328469,11.846008,27.204292,14.670177,0.677694293462474,21.166365,0.75,-16.264433,15.46741,47.40896,-0.9926212,11.080328,19.691494,12.988461,0.0640717334662935,2.1598368,0.8333333333333334,0.05479662346117425,0.03594150411058743,0.11439098011363637,0.0008212002840909085,0.03643218964631479,0.06594016335227272,0.04207569670235963,0.3384129948743701,0.038368918678977265,0.75,0.1670179600905478,/Users/will/Projects/SpeechEmotionCS3540/datasets/SURREY/Audio/JK_h09.wav,Happy
5.503174603174603,21,0.19421075,0.07174256,0.3219498,-0.0044773435,0.07765948,0.17836098,0.112986766,-0.2827971548770431,-0.041576907,0.7142857142857143,244.44767245415204,85.77274775090203,367.17005053420684,-18.358502526710343,58.66135294742493,241.61298043782153,87.34468347667968,-0.6621837423291314,-105.0550892423673,0.0,32.05129484636903,17.42184039320206,73.37069058862117,-0.16671671830428708,23.843983635476693,73.37069058862117,38.05737702722705,-0.00837665734460478,3.3993076282251344,0.8571428571428571,0.7316017316017316,0.2942130967540467,1.0,-0.013636363636363636,0.2619459915313438,0.8181818181818182,0.3798181238343673,-0.464112933256845,-0.30519480519480524,0.19047619047619047,1561.1330991025143,655.8960492115119,2380.7012835452665,-14.673526992392775,622.7781056081009,1342.0948780080623,797.8724132793735,-0.18492168657937344,-273.19979046753474,0.6190476190476191,2755.877130681818,1149.6104387222533,4241.551624644886,-51.23923561789773,1075.459000141647,2692.1397816051135,1289.369853364388,-0.30670885788894825,-754.920543323864,0.6190476190476191,1512.9587121815348,297.6895749663044,1129.529146770114,-4.20246655113242,301.0454486893097,658.1146518129556,379.8950446691748,-0.5067213048814925,-376.7230911681595,0.047619047619047616,-253.04555,103.49682,486.03387,-13.35683,83.74261,290.4769,73.05935,-0.3328814503951106,-65.86458,0.7142857142857143,106.92598,29.39866,112.52031,2.4011295,25.883875,57.874115,33.381367,0.5049089159132759,36.303696,0.8571428571428571,-4.455415,20.421227,90.90834,1.9725615,19.592497,40.4908,26.004087,0.05046077461598212,-4.977395,0.9523809523809523,29.168573,9.968566,40.741474,0.17220736,13.177906,27.59272,19.865515,0.04259465447910609,-0.31017113,0.5714285714285714,-20.865461,13.301071,45.22931,-1.4438026,15.835775,36.287327,21.61936,-0.17925278669699704,-3.297947,0.0,0.08058120265151512,0.05406351269965796,0.1985751065340909,-0.000391734730113636,0.052726597102894256,0.1263760653409091,0.06741589065956005,-0.07237762598147253,-0.006163758116883113,0.6190476190476191,0.4353326775606554,/Users/will/Projects/SpeechEmotionCS3540/datasets/SURREY/Audio/JK_f12.wav,Fear
3.5606802721088435,13,0.11808787,0.05139955,0.16997495,-0.000911233,0.05772551,0.12792483,0.08007716,-0.03404322005755283,-0.011109076,0.23076923076923078,195.80292876762576,99.57378134970733,299.6713943490477,0.0,99.40037857208344,299.6713943490477,101.58069171650635,-0.36847942997316124,-108.47593789773788,0.07692307692307693,23.447964574499032,18.231954724351446,52.988382904728056,0.0,22.309506888841007,37.19195920798597,35.92773217199211,0.06947743268927303,0.44904661257105616,0.6923076923076923,0.46153846153846156,0.2823737777562233,0.9090909090909091,0.0,0.3246103831155841,0.5454545454545454,0.4492554685926243,0.2680591300453752,0.21590909090909088,0.6923076923076923,1288.917306927324,541.338989263209,1582.9113615259862,2.7139067170130695,573.4965738195981,1104.5511403767248,758.9921278972807,-0.07638163285142036,-30.97534804157999,0.38461538461538464,2205.986311052229,1000.6552138386224,2944.176136363636,8.034168590198874,1100.7781659709349,2164.576305042614,1415.1432018682913,-0.04093221346449068,89.19150612571002,0.38461538461538464,1387.7165967166288,261.43609045598134,744.5244057397683,3.1667080607526543,325.4420954150038,631.6089137242923,457.78161284934595,-0.11480632409911144,-10.700448250343015,0.38461538461538464,-313.35632,127.126686,397.32526,-2.2697754,105.503555,232.93393,82.51138,0.06371188355144326,17.354889,0.23076923076923078,119.270836,23.589993,94.87723,-0.11796061,31.445103,66.801765,44.02259,0.26307656905044907,14.029106,0.23076923076923078,-9.892259,27.695654,90.40657,0.57880783,25.204256,46.520008,32.11944,0.06425428276527764,9.8030205,0.9230769230769231,27.811312,21.965612,79.953156,-1.3251851,22.225435,44.612564,31.268057,0.25344768577678695,19.453156,0.6923076923076923,-25.212067,15.993972,57.0509,-1.967762,13.318512,33.341354,14.880022,0.05526668458839623,6.1608677,0.0,0.0362130545236014,0.021977705999679138,0.06662819602272728,-2.8912057932946783e-19,0.01906118608153572,0.040482954545454544,0.022927942770966707,0.1346795123502314,0.005787242542613633,0.6153846153846154,0.5907610755781315,/Users/will/Projects/SpeechEmotionCS3540/datasets/SURREY/Audio/JK_f06.wav,Fear
4.612154195011338,17,0.07315695,0.027576437,0.11981203,-0.0014446717,0.02704153,0.060592093,0.03519163,-0.5494691601974644,-0.04195359,0.11764705882352941,112.6255114955857,67.20368891016142,191.87889563285694,0.0,89.75508628632925,190.80494589067652,143.1615565886223,-0.265603117624034,-39.55011631027155,0.4117647058823529,11.91569302317022,15.394857276286293,65.37166724782243,1.1102230246251565e-16,20.63430738863849,55.27345583380192,37.53083335939997,-0.09483791043954604,0.6632265549238667,0.4117647058823529,0.5454545454545455,0.37058862112317964,1.0,6.938893903907228e-18,0.28066111443701064,0.5,0.41620084153671255,0.16053036555366287,0.21818181818181817,0.7058823529411765,899.5259018793759,343.8742378540046,1285.2898517739998,11.435620171857295,297.8948006714081,932.9453527090085,373.18779188256116,-0.33180658813950836,-314.1086203024546,0.17647058823529413,1741.1955318348932,733.3750861061208,2787.081631747159,21.930833296342342,574.1552002949429,1771.595348011364,663.3209235965085,-0.275522407777836,-577.970747514205,0.17647058823529413,1214.4741066768665,206.4007776294159,645.3237267612973,10.038411737037343,175.73354700769048,432.01990131785305,264.1436186976986,-0.4242417202948255,-263.29709614117223,0.23529411764705882,-352.92416,80.11677,294.99268,0.61767864,69.79119,186.62064,61.306126,-0.2612083291985169,-61.07309,0.11764705882352941,156.68776,25.059221,77.08593,2.146429,19.457006,31.592285,30.607548,0.8297090328602045,56.36058,0.7058823529411765,11.918486,19.364847,63.032635,-0.07740474,16.216467,38.97377,21.464773,0.36497719894311315,15.780582,0.7058823529411765,40.01996,13.898759,58.153557,-0.28312004,16.317186,37.7976,25.448227,-0.10431889165640615,-3.7986298,0.47058823529411764,-10.43955,12.009869,46.000065,-1.5352503,14.50451,32.313995,21.603949,0.033273816463790254,4.1800814,0.47058823529411764,0.016734730113636364,0.007727986009141826,0.033402876420454544,0.000391179865056818,0.009444640662125017,0.02503551136363636,0.013422731280951842,0.05948611370382475,0.00040394176136363327,0.11764705882352941,0.6751085092759086,/Users/will/Projects/SpeechEmotionCS3540/datasets/SURREY/Audio/JK_n27.wav,Neutral
5.0252607709750565,19,0.058454186,0.011699481,0.040130243,-0.00017044175,0.013824367,0.037128102,0.021519918,-0.33295472910172647,-0.013654005,0.21052631578947367,99.26163961977484,61.153788750532534,164.10143351889604,-7.894919286223335e-16,89.49986059439112,164.10143351889604,146.26132266039474,-0.014960159733645999,-11.327883200317586,0.3684210526315789,6.377839124481305,5.116816297421852,14.323631620656435,9.868649107779169e-17,8.082486460156682,14.323631620656435,13.603789683618926,-0.04295179205584117,-0.7864952751948007,0.6842105263157895,0.5430622009569378,0.36882473379142133,1.0,-6.1679056923619804e-18,0.49816006735677565,0.9090909090909091,0.7911637746955902,0.12197765446195441,0.0378787878787879,0.47368421052631576,881.1603591250874,290.11121084072244,1171.3442235996972,-11.653359653279926,283.65200653754437,568.3846603581629,409.3246505776112,-0.31075299780020693,-249.77386082721534,0.15789473684210525,1763.7908497495519,651.9969697086001,2573.7071644176135,-34.55644087357953,656.9379000665689,1290.524014559659,981.9359684187585,-0.29939799557574437,-523.3220880681818,0.15789473684210525,1274.8714085865145,198.4670729104777,775.9725978605936,-6.990542411643775,233.7011509180436,521.5233976617902,395.44138584575546,-0.34109615709492097,-177.84343367049155,0.15789473684210525,-422.20142,65.732666,244.57895,-3.268426,68.49592,164.9386,94.80524,-0.058224263493447406,-15.731354,0.42105263157894735,134.70918,26.594978,97.3319,0.51594627,31.001667,63.80848,48.734596,0.5328191266472275,31.472862,0.7894736842105263,17.940025,12.181193,42.455276,0.32186085,15.110537,32.949364,22.750063,-0.15519778301126458,-5.470088,0.5263157894736842,53.068756,18.87282,66.71029,-0.59809756,20.31212,48.09259,28.145844,-0.23046503401895235,-7.7441254,0.10526315789473684,13.956548,9.725917,30.928785,-0.47504064,14.235571,26.97325,21.707945,0.0449559428719488,-0.89265156,0.631578947368421,0.008929238935406697,0.005200680879985594,0.018088600852272728,-4.0690104166666766e-05,0.006785639454457652,0.016712535511363636,0.010535534213279402,-0.08857816598405932,-0.002319335937499999,0.42105263157894735,0.6134248487017999,/Users/will/Projects/SpeechEmotionCS3540/datasets/SURREY/Audio/DC_n14.wav,Neutral
5.498866213151928,20,0.07171703,0.021934396,0.082576156,0.0008170934,0.025376711,0.048086822,0.03372736,0.15777595570820632,0.0021906942,0.6,108.47372792901544,47.79309502707397,158.9846597270239,5.4829655337641805,53.95385064539363,158.9846597270239,87.57793550099309,0.28704181675881496,28.049342509698462,0.1,7.910595474496985,4.995974099398591,19.152267011149853,0.329798075560116,6.186083940878479,14.87790255660407,10.514470788703342,0.22795100783517872,2.7035235983158996,0.2,0.6477272727272727,0.3145490672414708,1.0,0.031100478468899524,0.3065376642785445,0.5909090909090909,0.42050572989023993,0.45297204305248473,0.34848484848484856,0.4,712.110556587568,402.2496113635047,1356.4629015066314,13.733506329295546,269.9820889592008,641.8833970767785,313.67815344290864,-0.30671703662174543,-347.9460800735468,0.2,1347.5870028409092,895.1207912462082,2715.6305486505685,35.88008606833133,576.3118124362419,1484.812233664773,628.7078557860015,-0.2830616406848822,-655.9470436789773,0.2,1078.6450019279732,276.46742274339306,872.8176861999747,4.710500041755591,186.17242852003466,500.0565230948155,216.44804256338173,-0.4238935487067206,-264.64014062139904,0.3,-407.05933,78.93585,287.81656,5.7655463,83.820404,174.27304,106.6426,0.06841722145170513,-2.0498352,0.6,150.87509,34.13107,117.29557,0.84705395,39.201317,72.814896,57.478424,0.5155130439823034,37.19632,0.6,17.694077,17.18384,65.55278,-0.6713988,21.294704,37.02714,31.436378,0.016604338503580916,4.554432,0.05,33.855312,22.9121,103.4579,0.5122256,18.909605,42.9705,24.568598,-0.2772727941326235,-6.8626785,0.3,20.156876,15.097812,53.99584,1.5952281,16.813347,33.04549,22.690254,0.40262079183415206,16.320715,0.9,0.012952769886363635,0.0074834965967522605,0.0283203125,0.000588741028708134,0.008798029478446098,0.015491832386363636,0.011993306943386035,0.3231573486359032,0.003998727509469696,0.6,0.7022696705066434,/Users/will/Projects/SpeechEmotionCS3540/datasets/SURREY/Audio/DC_n28.wav,Neutral
3.941315192743764,14,0.0949542,0.04190005,0.1605002,-0.0005396289,0.041616295,0.07946432,0.052947775,-0.25840580577897815,-0.03666702,0.21428571428571427,118.66185734527411,59.41479646676889,240.15371621690514,7.278597377558606,68.6818136623242,175.32659619017159,115.27105631299992,0.29001786799604434,28.45430111245099,0.5714285714285714,16.937344487929806,33.08973061835262,134.52462846237418,0.02081433346736607,50.865047294202164,133.15726425183874,91.66947724184833,0.1351357238772218,3.5423812097880223,0.5714285714285714,0.5844155844155844,0.32363469595784705,0.9545454545454546,0.02447552447552448,0.3993062103890195,0.8181818181818182,0.6154574548966637,0.3185499164968281,0.27272727272727276,0.5,963.014764588284,437.55133959232916,1560.4838290852558,6.6980390089496975,377.8729804410964,857.2072642474919,434.61822165449786,-0.26901307492015186,-202.55864639748677,0.35714285714285715,2076.5208851207385,1036.08851451695,3467.824485085227,12.611229102928304,923.9094363188597,1709.4426935369318,1000.5225090200668,-0.25816430673718255,-430.419367009943,0.35714285714285715,1372.256273122693,334.83672618905143,989.6486946034158,-1.8282468347628344,344.65745666062224,627.896476097008,429.7225444737984,-0.38288782712352376,-250.24231312312736,0.35714285714285715,-355.93735,91.64017,317.07617,3.6417449,72.828415,143.61786,69.233604,-0.0545314111168915,-17.826813,0.2857142857142857,142.97232,24.276371,79.53365,2.4622405,27.254248,47.21695,43.257267,0.6457982271233067,33.09829,0.5,20.50643,18.55213,65.332924,-0.69163835,20.698849,39.29116,34.74531,0.1434826711292461,8.6573105,0.7857142857142857,47.82433,12.620191,38.8898,-0.23967025,14.692214,29.536129,21.47156,-0.09166095349103696,-0.20950699,0.35714285714285715,-12.059805,14.550843,50.37935,-1.2979707,12.361845,26.490372,14.169078,0.2918215016316741,9.135858,0.5714285714285714,0.015309519581980522,0.008244251000966419,0.025102095170454544,0.00030048076923076925,0.008117006889131853,0.013338955965909092,0.011583400751071133,0.19016614878358912,0.0030628551136363657,0.2857142857142857,0.5871552595387793,/Users/will/Projects/SpeechEmotionCS3540/datasets/SURREY/Audio/JK_sa06.wav,Sad
5.408798185941043,20,0.06456183,0.021275189,0.08836844,-4.850524e-06,0.018526863,0.0469001,0.023672005,-0.38105289171025974,-0.024155289,0.15,105.7149222566263,89.91315075780409,445.2219832895009,0.0,136.5701208579435,445.2219832895009,214.24849180347033,0.3100053481717587,60.130818175059446,0.9,5.921915931395096,6.218420035262681,26.89297686719024,0.0,9.207592515102416,26.89297686719024,14.614303987756193,0.08472861113666387,-0.044667656849942006,0.9,0.5204545454545454,0.3189843774510771,1.0,0.0,0.3349965753916612,0.8181818181818182,0.500286878215123,0.11800093721211946,0.05303030303030298,0.2,664.2028997701052,272.8522617564915,1174.1045722221743,-0.5720290791315811,314.7353392928617,803.8298692081912,437.06904382215873,0.47218808153812974,345.15681934092953,0.85,1251.5684925426135,567.6111023176179,2168.002041903409,-1.5712026203648293,631.9621721089219,1614.0114524147727,892.1343262025426,0.4321227159877521,675.6042480468752,0.85,1082.6584545624235,202.44400147130756,749.6996764515145,-4.203776404038105,286.63706285080667,749.6996764515145,464.0313908119914,0.39151634807260466,228.08342642442392,0.85,-422.30118,73.555504,273.2404,0.3654207,59.36972,151.51978,71.86374,-0.09987582087291341,-19.216187,0.15,151.93912,21.115135,90.09154,0.9383505,28.946135,90.09154,47.140278,-0.04667637187540713,-1.9051666,0.8,30.98173,15.012183,66.17806,-0.22739892,19.070217,38.066063,30.624784,0.32422215061802595,13.564306,0.6,48.15246,15.326554,55.569572,-0.15337081,17.753115,33.418987,25.83928,0.16983047748493554,5.183174,0.25,3.7651906,13.205126,46.194443,0.35493073,11.085604,22.733887,14.709181,-0.5598693278879109,-17.22002,0.2,0.010865367542613635,0.006087091615271912,0.01946466619318182,-1.597771622610217e-19,0.0049342738553043285,0.010542436079545456,0.006332666343782327,-0.05841120359369573,-0.0006769353693181837,0.15,0.06812278079279677,/Users/will/Projects/SpeechEmotionCS3540/datasets/SURREY/Audio/JK_sa12.wav,Sad
5.647709750566894,21,0.09792818,0.04933394,0.17416544,-1.1006324e-05,0.047154114,0.10764068,0.065509975,-0.16934352590132581,-0.02206944,0.14285714285714285,101.84958171490483,61.23404288175956,186.81619654238835,7.105427357601002e-16,85.45109300470324,186.81619654238835,141.78859463005614,0.03759184632768788,-2.739199023052109,0.14285714285714285,8.539310256644539,6.196928761669925,18.063350351661835,8.881784197001253e-17,7.274792983190394,15.341794210011852,11.64347492705555,0.2023306513629249,3.3169301291900357,0.7142857142857143,0.5670995670995671,0.37629980627014253,1.0,1.1102230246251566e-17,0.33893367058740453,0.6363636363636364,0.49252092755819216,0.4730615574260864,0.4220779220779221,0.47619047619047616,1045.3377289954678,477.2133447152916,1473.308509131461,2.5527154773495284,388.0785981739237,1045.7956692500425,544.4640774710718,-0.3643344586249613,-466.3285588442162,0.38095238095238093,1912.6797762784086,908.6696264242046,2807.146661931818,5.799283114346582,598.3210397237818,1742.2318892045455,795.7528359879751,-0.3479639286658219,-872.793856534091,0.19047619047619047,1256.7882449121787,199.57621175371426,670.0781331893611,3.3271755953297317,143.207908369596,344.4658619223494,225.1633686535973,-0.6505063741464644,-364.4853985112702,0.2857142857142857,-340.8149,114.67857,378.2149,0.44648743,83.15245,209.99847,101.76155,-0.16702069455379273,-55.02014,0.14285714285714285,149.75467,25.998426,77.80108,-0.09290771,21.053083,45.961082,32.41195,0.7244097281767916,50.18081,0.5238095238095238,13.847475,26.899683,109.44637,-0.0030142784,24.302776,61.010006,33.212708,0.3350165135146432,20.530197,0.6666666666666666,39.57017,13.250511,51.340004,0.2861952,17.88636,42.36342,28.743242,0.09901982689385305,1.4070358,0.47619047619047616,-9.378439,13.011593,54.33779,0.13232002,14.613639,29.094776,20.320389,0.25461224939964544,11.087273,0.7619047619047619,0.037292216247294376,0.02730035227792407,0.09250710227272728,8.673617379884036e-20,0.02795201639039649,0.07140003551136365,0.04001741844288823,-0.23907052183001798,-0.020067091112012984,0.14285714285714285,0.6142948860760242,/Users/will/Projects/SpeechEmotionCS3540/datasets/SURREY/Audio/JK_sa04.wav,Sad
4.620544217687075,17,0.1063381,0.05357639,0.16225898,0.00034368387,0.056550253,0.115211636,0.08842891,-0.29159926715571516,-0.03796506,0.17647058823529413,151.3652109196363,123.67396763012219,464.4805394180575,29.03003371362859,121.20637774365376,446.0704631869034,198.35932142728342,0.5205229459915118,132.8099126591914,0.9411764705882353,11.211008552021916,6.1329267979232105,17.468498381339074,1.0249849635329924,8.071906638547176,16.510866663042165,14.195280879490518,0.27987727871898843,4.271546688544913,0.47058823529411764,0.5989304812834225,0.31846255533976986,0.9545454545454546,0.048295454545454544,0.2965315814922823,0.6363636363636364,0.4378132487389456,0.231365270994991,0.1909090909090908,0.47058823529411764,1030.2377847704934,401.4309911851694,1482.6914357111336,78.95084795019855,397.97423759489277,884.2245692180734,532.7934976619125,0.43483407759671344,220.2678046627192,0.6470588235294118,2092.722194080047,870.5653955683234,3253.4712357954545,189.42489624023438,829.2134728180131,1921.83837890625,1060.370706441203,0.46792620460851164,588.6394708806822,0.17647058823529413,1376.2583812617158,268.71429315206757,885.5344321885871,55.34590201178669,292.17523471092585,583.9362846586591,385.7688262226816,0.45815483013566594,187.90791644870956,0.9411764705882353,-344.24966,97.61498,351.36493,8.720762,90.61004,256.3886,130.0175,0.15897316042975915,21.791962,0.17647058823529413,128.23834,29.634459,111.11435,-3.7641068,33.876987,70.37692,49.140224,-0.12043881619043185,-1.2170868,0.29411764705882354,7.879906,12.785361,40.24379,-1.3229842,17.343962,34.29755,30.054464,-0.14340520465820727,-3.4622717,0.058823529411764705,53.551987,18.870687,59.025425,3.3862593,21.60393,55.923923,30.635637,0.48707254091353863,24.27042,0.7647058823529411,0.059104133,15.981778,56.12453,-1.5508437,18.242687,32.993767,25.567402,0.053065662333317436,9.934079,0.4117647058823529,0.01744104069184492,0.009819288296732998,0.035111860795454544,0.0005992542613636364,0.011423263385549422,0.028187144886363636,0.017593144155014222,-0.05965412796878855,-0.00284534801136364,0.17647058823529413,0.049793193914366075,/Users/will/Projects/SpeechEmotionCS3540/datasets/SURREY/Audio/JK_sa10.wav,Sad
3.8155102040816327,14,0.06474998,0.012519165,0.05067012,-0.00057895225,0.015148299,0.02839274,0.016366132,-0.25518538727526613,-0.010466926,0.14285714285714285,121.00002961460747,35.960507579484094,150.75200360038394,-11.37874162173281,29.828697729972525,107.65688140774759,31.911088680659255,-0.6769741133202384,-57.07396650414498,0.21428571428571427,10.339521671777792,5.474264089125614,17.429888584467434,-1.1128386197459386,6.733945212069674,15.164700426764963,11.564488939781032,-0.6144554384220438,-10.236671367411544,0.21428571428571427,0.7402597402597403,0.2788429942023882,0.9545454545454546,-0.020979020979020976,0.3187384664357573,0.8181818181818182,0.36761944205678937,-0.04621498814581188,-0.07954545454545459,0.14285714285714285,746.6087740724021,304.5538675036177,969.498538774065,-20.087352810263766,341.67355482010004,659.7308653678356,529.4363263552552,-0.46070342386467633,-368.911049054356,0.21428571428571427,1437.6209605823863,648.3403795992591,2143.5324928977275,-50.52020733173078,745.5894692835194,1319.3980823863637,1133.7227589633223,-0.4504344184795518,-742.0390735973011,0.5,1085.038808615353,215.58663664617586,697.6651716271252,-15.735082451256762,255.28649660415022,557.3205739965282,422.8409636649267,-0.5224201778606096,-273.9289733774956,0.2857142857142857,-411.75998,55.620533,224.36185,-4.156412,60.161266,123.94177,55.43785,-0.38225732490615305,-65.2431,0.14285714285714285,152.32242,30.881271,107.61663,2.6839757,35.63796,69.28017,46.818954,0.3083727054889186,16.506424,0.14285714285714285,23.20042,19.75315,60.756763,1.092636,17.441784,38.754463,19.927422,0.6397603116921423,34.3478,0.6428571428571429,49.582207,18.218462,56.42605,-2.2799945,20.231277,45.42134,31.308887,-0.3698181473275454,-9.679588,0.42857142857142855,25.275042,18.454437,55.114765,-1.1330804,25.152887,54.88659,32.8356,-0.03868569604164867,4.942919,0.8571428571428571,0.012996524959415584,0.0065573136634018755,0.022571910511363636,-5.463286713286735e-05,0.007867644514920466,0.013893821022727272,0.008362698792729387,0.07124971490513247,0.0001276189630681837,0.14285714285714285,0.515620708709325,/Users/will/Projects/SpeechEmotionCS3540/datasets/SURREY/Audio/DC_n16.wav,Neutral
3.7736054421768706,14,0.055350862,0.011268379,0.03449226,-8.926082e-06,0.010649883,0.018393125,0.012721879,-0.35646726256577527,-0.014969036,0.14285714285714285,83.80091252624088,63.94888571894138,172.81315002322808,0.0,58.88482945378383,172.81315002322808,73.76745253629774,-0.5709084096690339,-109.93980598950125,0.07142857142857142,5.955811652314222,8.202118129138588,32.28675493580299,1.3664283380001927e-16,9.787148238182326,27.031425440749786,16.313109385323028,-0.4996614455695935,-12.298649924486783,0.14285714285714285,0.49025974025974023,0.3989280839000127,1.0,0.0,0.2807672713270592,0.6818181818181818,0.3269007425816881,-0.3301001691064958,-0.4545454545454546,0.5,609.7383951923932,206.16469966018337,730.8915638934056,4.726845276864861,183.60811591045672,509.7585119181295,230.6085465875816,-0.331469651431669,-218.67431680189827,0.21428571428571427,1134.6529873934658,493.4521112257057,1678.6110617897727,24.5448399256993,434.07033304492705,1135.87646484375,564.7246712481018,-0.2535053364889962,-376.0969682173296,0.21428571428571427,1021.6860418759334,124.62008953755964,386.77911988724463,5.991426527597223,120.19187483669249,229.0002081349545,178.76576080423283,-0.3114273617882916,-87.18966585051157,0.2857142857142857,-431.8986,72.119576,234.43314,-0.8908832,64.181175,129.91528,78.361435,-0.26009001663297104,-63.365234,0.14285714285714285,169.40813,35.97906,108.56103,-0.9104831,37.020714,58.532074,57.245434,0.10544533820541778,2.6709137,0.42857142857142855,7.3291564,15.810614,50.522804,0.66886204,17.990044,33.269974,29.965385,-0.012402482767925509,2.0223494,0.9285714285714286,30.89826,15.854493,62.02262,0.74829715,24.003607,40.338882,40.911034,-0.0545379684957422,4.6362305,0.2857142857142857,26.361692,17.453089,56.236015,0.16910942,12.2858925,22.775272,17.503138,0.2644329665150879,13.656113,0.42857142857142855,0.011747285917207792,0.00810868542861057,0.02727716619318182,0.0,0.007360092360501326,0.012051669034090912,0.010299197602227913,-0.07803658218363574,-0.004871715198863637,0.5714285714285714,0.7915079101680874,/Users/will/Projects/SpeechEmotionCS3540/datasets/SURREY/Audio/DC_n02.wav,Neutral
3.434285714285714,12,0.08868482,0.04589249,0.14684455,2.9893423e-05,0.03695993,0.08554892,0.042941887,-0.45453383323252766,-0.06301093,0.25,97.55664931403878,71.34848257474391,182.36173611421205,0.0,91.1668376123598,182.36173611421205,135.286422955753,-0.3965799079097938,-59.00675404446994,0.08333333333333333,6.062035678234921,8.134208013078295,30.72874952944267,2.4223047810003414e-16,11.504646970473178,27.297192058801134,20.786812879305934,-0.22977717251718102,-6.203713964959264,0.25,0.4356060606060606,0.3557179201996265,0.8636363636363636,0.0,0.3895710330377744,0.8636363636363636,0.6609534810652196,-0.2945888496776888,-0.2272727272727273,0.25,895.9775255615394,446.22929508874313,1524.9471814269527,16.443823674750444,388.1808071787157,799.23708005447,510.9047263344533,0.4073691214500283,517.2812601106602,0.6666666666666666,1721.8405983664773,909.6500200803755,2978.433504971591,60.595501355888445,766.2958068536838,1658.5460316051135,1094.6120039364414,0.4978338981621164,1212.5885009765625,0.6666666666666666,1223.8644799123679,261.03839145770405,818.8980858179942,9.484147726852825,261.396249325861,583.1958356525338,412.64709304431386,0.4543954012845227,337.5754133845205,0.6666666666666666,-369.80112,102.904915,315.8673,0.6936257,78.27363,136.73373,56.168182,-0.07136394973862227,-26.874695,0.25,149.96756,25.294716,80.05918,0.1744135,32.04812,65.73115,48.724678,0.05317393060188775,-0.5002899,0.5,15.361371,20.08568,58.70387,0.72847056,16.187956,35.89186,18.243631,-0.4789605034440452,-26.132113,0.16666666666666666,46.965942,12.918299,35.42816,1.7957435,10.100924,20.532112,16.412752,0.7274827154893305,23.36426,0.6666666666666666,-6.8478007,12.990353,46.897926,-1.3679335,15.212474,33.31077,20.72142,-0.1093321858060238,-0.006668091,0.08333333333333333,0.014474579782196968,0.009063512317319968,0.029208096590909092,1.8159220041322277e-05,0.00636997963296644,0.011763139204545452,0.005326015081000874,-0.2093235649818843,-0.00552090731534091,0.25,0.6382640284374965,/Users/will/Projects/SpeechEmotionCS3540/datasets/SURREY/Audio/JK_n19.wav,Neutral
3.482176870748299,12,0.07547903,0.015934793,0.06176422,0.0012132816,0.018833334,0.043462712,0.019917807,-0.07644037149326513,-0.00444524,0.16666666666666666,112.72738176731984,54.67260716688116,178.69683256947133,0.0,65.8253266423821,178.69683256947133,63.454358282616404,-0.21595489672420287,-35.60666496768761,0.08333333333333333,6.574053206676713,6.713314552276697,25.51930137261431,-1.6148698540002277e-16,7.986773722156602,16.918846592343048,13.022962077984634,-0.21339721607627402,-5.27110319918568,0.25,0.5492424242424242,0.30404659126561306,0.9545454545454546,0.0,0.3429005195987561,0.7727272727272727,0.38732500714132156,0.19668672131994497,0.15909090909090917,0.75,805.2768613120282,303.92333240466814,1113.1709496003748,19.358712844506773,242.72698522737102,431.7283423001227,260.02629155776236,-0.08714195729008527,-32.3730394638219,0.4166666666666667,1564.3382679332387,710.3611505263498,2629.987127130682,42.57701526988637,536.5842874388652,1010.1029829545455,489.59183634014374,-0.1117103635692837,-144.0032958984375,0.3333333333333333,1118.9707855092145,202.1714486731393,632.1374037931158,1.302881469546967,160.3057680556631,293.97557457249354,188.16369811449783,-0.4104546180504605,-189.59275778824497,0.3333333333333333,-356.72827,59.715942,224.69608,8.9488945,54.743984,156.05197,41.73388,0.2300760110904715,29.96576,0.6666666666666666,164.6461,28.74387,85.57394,5.3104076,19.159998,40.93315,26.793003,0.8253929959480204,53.766495,0.6666666666666666,7.9474664,20.025177,66.19291,-0.59601766,17.455482,43.32966,24.435534,0.13517516798554238,5.6623554,0.8333333333333334,49.80687,21.516777,73.91872,-0.9497209,15.622534,25.310917,16.047174,-0.24908631151119837,-11.439453,0.3333333333333333,-3.8156998,12.788284,47.589905,-1.586358,19.597996,30.767769,33.96776,-0.271796308989001,-8.452141,0.5,0.01656457149621212,0.007138261261975419,0.030073686079545456,0.0010209517045454545,0.006841660630350757,0.011851917613636364,0.009152517125549983,0.4837480279914029,0.008805708451704544,0.6666666666666666,0.8245074616838554,/Users/will/Projects/SpeechEmotionCS3540/datasets/SURREY/Audio/JK_n25.wav,Neutral
4.869024943310658,18,0.17294818,0.097846285,0.3035919,-4.035366e-06,0.07425009,0.20303424,0.0834854,-0.19404837705795397,-0.04344693,0.2777777777777778,151.7027583384589,101.24350020716884,437.0245655626651,-25.707327386039122,70.45140464235509,154.8890251864753,106.88761049792866,-0.731575534893234,-150.4286688018724,0.0,18.91817650157824,28.386634055211147,132.96953363744768,-0.9718217393392253,40.0252015697663,116.44856406868087,64.64261834758851,-0.46629421296754253,-27.70113147353218,0.05555555555555555,0.6843434343434343,0.3466593233429115,1.0,-0.04010695187165772,0.28700689696671056,0.6818181818181818,0.3554543819750845,-0.39524800830246437,-0.3181818181818181,0.16666666666666666,1189.5935852327839,530.7646080080091,2069.0068117060564,-4.379889852503044,550.5501132396944,1112.0202550847675,727.4669858269466,0.541246617274887,737.3355949983359,0.8333333333333334,2210.9053178267045,967.1162948351515,3686.582253196023,-25.79378342245988,990.3200870712667,1981.544078480114,1381.489256888633,0.5132472557124577,1363.8510964133523,0.8333333333333334,1409.9217307070471,286.09179188096306,1013.2928282848278,-1.2139393664582954,282.0540259843638,531.6908607588787,431.8992800617036,0.5954627162522246,483.2447901003227,0.8333333333333334,-288.00873,136.09026,411.35376,-0.074195415,86.564255,182.58105,68.76548,-0.18162964576394913,-63.76953,0.2222222222222222,124.9044,37.18293,172.78372,-0.08740414,37.853092,75.35043,53.99826,-0.5281738985270119,-59.20597,0.2222222222222222,-0.31441545,17.754984,65.911095,-0.7836799,19.925121,38.440598,27.921871,0.23995055464932966,18.268017,0.6666666666666666,48.04912,24.316229,99.28737,0.38461462,20.009912,46.642197,29.746527,0.6957905067785742,48.058067,0.8333333333333334,2.0981066,10.517399,36.120693,-0.083514385,12.476281,22.242477,17.261442,-0.06119654077930239,2.3853686,0.7777777777777778,0.04175791114267677,0.030050352422561225,0.10134055397727272,4.0817022964160166e-19,0.029952497941484933,0.05996981534090908,0.03949306641261027,0.43819116126974683,0.03361742424242425,0.5,0.0049865223617207854,/Users/will/Projects/SpeechEmotionCS3540/datasets/SURREY/Audio/JE_a09.wav,Anger
1.8962358276643991,6,0.24717395,0.11138147,0.29130435,0.056961227,0.071246564,0.17379764,0.09918313,0.8538741847245127,0.22438051,0.5,212.52992318518218,96.40316626755569,281.45342410462894,49.190832529234555,109.76831136608233,265.3875776187175,112.19559849416808,0.5531926191850722,104.8810178989495,0.3333333333333333,20.99099817506756,12.163345724270089,36.8125970214332,2.662427667317215,18.618609023540493,32.4961973121523,28.87046532208099,0.2214831168967658,1.9892746130804433,0.5,0.7803030303030303,0.3677950331496472,1.0,0.2,0.27059774665704034,0.6818181818181818,0.1712104451513564,0.7899836620553125,0.6590909090909092,0.3333333333333333,915.0049508060283,360.2102656191792,1092.9659410977042,218.59318821954085,122.67663773854602,370.2195003608877,139.7511798836787,0.9600352036343028,795.8844817542807,0.8333333333333334,1636.278742009943,828.5406035122817,2506.660600142045,501.332120028409,229.6433161649339,742.8955078125001,358.795082956722,0.9803078000474406,1873.1439763849432,0.8333333333333334,1171.065164377559,164.30073702239966,546.3348846470645,109.2669769294129,98.88885541777967,247.49924188687498,152.00930411722837,0.9239726233550773,324.9307350864426,0.8333333333333334,-249.34578,125.66369,352.04993,67.99901,78.09574,172.36938,66.31422,0.8365773206667346,239.29599,0.5,126.830894,11.541186,33.152138,2.1559815,12.567661,21.100777,2.2189674,0.2888842899360002,7.3838196,0.5,-8.013672,34.980705,101.20187,-20.240376,9.426761,34.3821,13.863018,-0.977174902012226,-79.83188,0.0,22.268105,7.953637,19.57102,1.9285415,8.266536,16.242872,11.030413,0.579014744308301,12.591103,0.8333333333333334,-19.707941,11.133943,34.735527,-4.6764245,13.748038,29.671661,13.930105,-0.3364533885687072,-6.2555847,0.0,0.03306255918560606,0.01631299576328883,0.04958274147727273,0.009916548295454545,0.006830075034706587,0.019353693181818184,0.00839930633795849,0.9481521343735334,0.03632146661931818,0.8333333333333334,0.7411336255023588,/Users/will/Projects/SpeechEmotionCS3540/datasets/SURREY/Audio/JK_f10.wav,Fear
3.144671201814059,11,0.2295424,0.13372852,0.4526087,0.003243424,0.13244659,0.26889384,0.15103346,-0.2477960251136521,-0.092905745,0.18181818181818182,239.52015251110342,117.8409088806707,330.91659462268194,-33.0916594622682,75.6751166839343,219.43388519808914,106.00842299136653,-0.7772494779768583,-247.26919116394532,0.0,25.02493364560477,17.50166737293967,60.343951969833576,-2.4831250717992654,18.44594284917386,33.10685503654031,29.683694588309244,-0.10173312742333762,-8.555289990644631,0.6363636363636364,0.6487603305785125,0.3688117807716476,1.0,-0.09545454545454547,0.43095607722350054,0.8636363636363636,0.7035627265226785,-0.4499700104381941,-0.42424242424242414,0.2727272727272727,1525.7387495252412,623.7576826436141,2134.892926338779,213.4892926338779,407.836492393306,742.9611379933178,650.5178204531776,0.8661970988241449,1479.2835385173457,0.9090909090909091,2548.748224431818,1019.1877919134026,3294.580078125,326.57060102982956,731.3471005559352,1290.524014559659,1152.524577202804,0.8466901605524955,2403.235973011364,0.7272727272727273,1550.1029004545344,223.30956801538696,757.885844215806,50.464393614869735,221.92367651846646,402.72408904983627,369.09472820032903,0.6923498726032757,441.299664491306,0.7272727272727273,-254.51048,133.35309,474.46082,16.392391,121.28498,284.8242,75.84209,0.10141342188098722,28.850067,0.18181818181818182,112.07415,23.757515,85.625885,-7.64308,26.133142,50.573547,39.099525,-0.41142143022150984,-25.387009,0.5454545454545454,2.1439893,24.210266,82.50401,2.6429775,21.533224,39.82273,25.47326,0.4785164729841492,33.57716,0.9090909090909091,26.986713,11.508208,41.051117,-1.8969936,14.759188,35.729584,17.241589,0.08125308717465184,7.6518097,0.0,-24.19276,9.394496,32.924004,-1.3512493,10.203656,23.322403,16.828352,-0.18889064088733032,-5.8273964,0.0,0.06814348205061983,0.03676502700907146,0.12045010653409091,0.01017178622159091,0.0347925802693492,0.06449751420454546,0.05861469049386381,0.7620148728481477,0.07811760179924242,0.7272727272727273,0.4821415954665665,/Users/will/Projects/SpeechEmotionCS3540/datasets/SURREY/Audio/JK_f04.wav,Fear
4.638367346938775,17,0.088452205,0.037397508,0.13317175,3.5200268e-05,0.029241607,0.06683462,0.029515274,-0.28238727566277216,-0.029773936,0.17647058823529413,128.7615168812743,61.59968799424808,194.38240088922583,0.0,65.80521031761613,194.38240088922583,87.43313617377436,0.14501433140547343,13.471260327983828,0.11764705882352941,15.228495274557577,8.393694434111003,25.892566476209467,3.3306690738754696e-16,8.426789725949408,21.708152666730005,11.047043832990118,0.16538323344231,4.731063875772648,0.29411764705882354,0.713903743315508,0.34958295379695536,1.0,0.0,0.27742171853940234,0.7272727272727273,0.26528568034229444,0.20608503698969147,0.19999999999999996,0.17647058823529413,846.0018552446356,420.7777954212811,1283.0550629606892,-3.2699103018922138,446.9508749984878,940.2465504950726,624.3829927631838,-0.18620185794772015,-342.0465206113247,0.5294117647058824,1594.4358132102273,925.720856694384,2871.746271306818,-7.616147128018497,961.058646552481,1851.366077769886,1341.1372766989923,-0.1785057171810741,-740.4485529119318,0.5882352941176471,1116.934617673673,317.3708373006706,951.8105460451317,-3.7183294038996593,354.66050033699014,838.6858776409662,516.9067941973436,-0.2107452733617875,-312.9891294141761,0.5882352941176471,-378.7853,94.352264,335.005,-2.0691147,76.635254,154.54639,76.95439,-0.17599970190091635,-43.690308,0.23529411764705882,156.09094,37.263527,136.21617,-1.1802301,36.582474,84.92031,46.671436,0.20165849910492445,35.99141,0.7647058823529411,8.377217,20.742971,75.8067,0.49660254,22.780104,56.964966,31.682325,-0.06331744928638558,-11.4477215,0.8823529411764706,38.219635,16.459932,68.90989,0.66367567,22.541887,36.869698,33.59766,-0.021381409826053212,-5.66444,0.8823529411764706,20.942284,19.04648,67.69455,0.1463635,17.587688,35.98944,21.584364,0.12210233255810109,16.57719,0.35294117647058826,0.018302713485962567,0.010631038525321915,0.033136541193181816,1.6645951704545494e-05,0.010042847535846892,0.02033025568181818,0.01154887868132752,0.07405043663176249,0.00349343039772727,0.7647058823529411,0.643002454385363,/Users/will/Projects/SpeechEmotionCS3540/datasets/SURREY/Audio/DC_d09.wav,Disgust
3.0188662131519273,11,0.09131915,0.068791375,0.20734859,-0.00023123287,0.06313148,0.14744902,0.07827957,-0.5095861505375471,-0.087430656,0.18181818181818182,96.5211183023157,129.4733161806064,432.64650379071645,0.0,204.42398345274972,432.64650379071645,361.01791005105247,-0.06247064314327841,36.89021852241433,0.7272727272727273,13.49086888781568,16.160002359993438,39.47497924532339,0.0,20.366665508886875,35.89103776124667,32.474199008379884,-0.25565362523762,-2.6754677063703305,0.2727272727272727,0.2644628099173554,0.3069555442855064,0.7727272727272727,0.0,0.33893367058740453,0.7727272727272727,0.5028740985007728,-0.4469906625538095,-0.22727272727272724,0.36363636363636365,1178.2309302853737,593.0827676913871,1673.635281498035,30.84155474045408,595.7892628674834,1365.2197340934943,798.2898534416516,0.5605020321209235,978.2225777339686,0.8181818181818182,2106.383268498192,1102.8112037202463,3279.898348721591,90.3415749289773,949.1293433588962,2100.466086647727,1207.6312107664864,0.5771574446269022,1837.5,0.5454545454545454,1330.736958354579,360.18428421985277,1079.6122006758133,21.094518438653505,339.72839688344067,757.7679371201289,491.62235236388045,0.6555732080335006,610.4016137279158,0.5454545454545454,-363.4429,119.53688,368.93262,-2.225366,86.313255,172.69476,56.126156,-0.37612225783974096,-111.83548,0.2727272727272727,132.82887,32.117207,112.13447,-0.22633973,36.45707,59.250305,57.254128,-0.5476836361182504,-47.386818,0.18181818181818182,-2.661313,31.364136,90.10472,0.39561406,22.783934,38.17817,26.120564,0.15261404722505037,5.8945847,0.9090909090909091,28.737236,13.495861,43.246155,0.145722,12.407865,28.898745,16.751062,0.5044969457540903,13.913919,0.6363636363636364,-3.0260973,13.493421,47.0258,-1.5968469,18.700453,31.057325,29.20454,-0.5466560442316546,-18.126038,0.0,0.017660850335743803,0.011643410316596846,0.037175958806818184,-6.21448863636364e-05,0.00992191467853138,0.016091086647727272,0.01287247814300293,-0.10187177401557043,-0.001265092329545454,0.45454545454545453,0.2940766913814361,/Users/will/Projects/SpeechEmotionCS3540/datasets/SURREY/Audio/JK_d12.wav,Disgust
2.7065759637188207,9,0.004686564,0.002231981,0.006786288,4.9181865e-05,0.0021238646,0.0034038913,0.0022683726,-0.04590564041270004,-0.0006738645,0.5555555555555556,89.94466696253377,49.59824755606274,134.70216377839233,10.781912602179663,68.86767553956393,134.70216377839233,103.12641414228621,-0.07271185269841547,-19.650356974772393,0.1111111111111111,6.349354477058451,4.665478005574975,13.24397111482224,0.3703084558760943,5.022739166174061,9.347376681247537,7.794464668921751,-0.1382307792642507,-2.021913974483055,0.2222222222222222,0.601010101010101,0.365385802983554,1.0,0.056818181818181816,0.3941396635460142,0.6818181818181818,0.5232009630774983,-0.04818049746798895,-0.1363636363636364,0.2222222222222222,774.8930538364106,133.0051645658149,393.6718772503084,-14.253587442496226,135.3568341620304,306.8290889176744,200.09959267007324,-0.6392683367192479,-192.56843340832495,0.3333333333333333,1254.580965909091,327.9987540277559,850.5615234374999,-34.19619473544034,286.1457633104169,555.4587624289773,363.47872784894554,-0.7019824181302581,-556.4375443892043,0.3333333333333333,1292.8390730323654,343.0378491353552,1134.9577057832244,-42.63035465282708,301.6126889258304,481.5969033659328,268.19358480280124,-0.34456190403701686,-231.95435899750782,0.0,-632.5801,59.316273,166.57971,3.4055176,49.784527,101.00403,21.117432,-0.01596118724474322,-9.32251,0.4444444444444444,170.56291,32.585,111.20942,4.1075354,30.730173,48.815865,31.46299,0.3831328334824198,24.245209,0.5555555555555556,25.097267,13.4858055,41.734196,1.2400126,11.605448,26.563644,16.153437,0.6455125562263103,21.728235,0.7777777777777778,22.51916,12.716795,36.897392,-1.3448079,11.880201,27.874525,15.814267,-0.4956496214436489,-14.681562,0.2222222222222222,0.8077554,6.526156,21.252539,-1.1104538,8.289033,14.317221,14.361862,-0.5257135797794238,-6.1784177,0.3333333333333333,0.019321634311868688,0.010334786583718579,0.03089488636363636,0.000765713778409091,0.009574559518052818,0.01551402698863636,0.0095974193679644,0.016727365598352157,-0.0018939393939393905,0.2222222222222222,0.7410535706228857,/Users/will/Projects/SpeechEmotionCS3540/datasets/SURREY/Audio/KL_sa02.wav,Sad
3.731655328798186,13,0.111030385,0.050548512,0.18713768,-0.0006676217,0.05754811,0.14584719,0.065589406,-0.5087180174227828,-0.069094725,0.15384615384615385,152.35654646411666,107.91085764926765,470.2052725772192,39.18377271476827,100.32753863893439,307.91992829129003,133.70456140208424,0.6630240687080549,146.33020567930765,0.9230769230769231,13.41234384106938,9.155007705588533,27.9864583520708,1.4906114789758957,10.618122756227478,21.173704532235167,16.01525131256683,0.08040499653082932,0.8203632916175287,0.23076923076923078,0.5559440559440559,0.3000073352323446,0.9545454545454546,0.056818181818181816,0.2644742432531997,0.6363636363636364,0.3641994138269538,0.2616479652160733,0.1363636363636364,0.3076923076923077,1180.1699592516338,549.8167202212393,1922.6448762689984,41.90057146767317,634.4005686188937,1410.7805597982078,895.0792314076417,0.2884870010340055,398.43567831235157,0.6923076923076923,2143.7207201977712,958.2477754650394,3381.691672585227,101.01845481178977,1014.3127862642971,2136.681019176136,1392.3208505698522,0.3411199465188438,740.9379438920455,0.6923076923076923,1319.9020098578565,256.10465852409675,804.6763015870354,34.94137715843605,292.2283112600839,594.550842524567,439.1859294377982,0.3915730943981256,213.2202479068942,0.5384615384615384,-332.20895,99.967445,346.27023,3.0246277,97.59173,273.06097,83.76045,-0.17671519351890186,-55.28238,0.15384615384615385,129.36658,29.845327,93.32577,-1.2382221,32.042732,59.424644,47.85908,-0.1575598283129822,-15.023315,0.38461538461538464,10.571166,27.371626,97.51248,-0.21354055,25.241022,52.40003,32.661983,0.10825946124062691,10.407076,0.8461538461538461,44.100544,12.441885,41.132477,0.8127098,9.839159,18.019432,14.286801,0.5040775898917382,16.502003,0.6923076923076923,-13.491709,15.720754,55.041912,-2.6126752,17.00046,33.549816,23.0954,-0.313654256521479,-10.604879,0.38461538461538464,0.02677864128059441,0.019031174569165775,0.07614968039772728,0.000336618134469697,0.023825191093279092,0.05304509943181819,0.02937085129378691,-0.3448929126685297,-0.018538041548295452,0.15384615384615385,-0.2764627181814938,/Users/will/Projects/SpeechEmotionCS3540/datasets/SURREY/Audio/JK_d06.wav,Disgust
3.2285260770975057,11,0.18777457,0.066363394,0.2642585,0.007981835,0.07959359,0.16463415,0.07563214,0.15238662583728607,0.016233385,0.18181818181818182,189.2638374262926,64.86700819916196,235.06311617261065,14.179199169540288,76.4248624995544,230.99749429912515,77.12290189038168,0.2464940301153329,33.03013673024304,0.18181818181818182,21.76232094790458,13.02047337500989,43.517079354394305,3.6739852362077507,11.088963552452357,23.659992960019224,18.414248617521107,0.8065590967811113,30.25929219883629,0.8181818181818182,0.756198347107438,0.28961017302372283,1.0,0.06818181818181818,0.2549104525965446,0.5,0.26657865091710403,0.5820503185205743,0.36363636363636365,0.18181818181818182,995.7653640414632,340.0058635280707,1268.2229130862086,48.04066122646744,281.7631613653053,465.6980092884004,269.74032886593835,0.3113744670158845,372.11966344753955,0.36363636363636365,1862.26614959969,721.7055600671673,2615.305397727273,123.13077059659092,629.7982467572266,1140.280983664773,710.0410457722514,0.31650623297335695,772.7483575994315,0.36363636363636365,1268.1012212627668,162.17003962465074,564.860508169743,19.517174401418686,176.84354663203663,295.12800292844804,227.74114404765717,0.1858577120510896,138.77791512897534,0.36363636363636365,-271.22183,104.851265,362.13388,21.241016,97.035,262.48596,65.91246,0.3759865961550864,98.48816,0.18181818181818182,135.15828,20.311262,72.63916,-1.0119317,19.75631,36.125275,28.259197,0.443211242016962,23.216393,0.45454545454545453,-1.3333957,14.789427,52.51579,-1.3006366,11.129179,19.57668,7.830365,-0.2086425583359529,-9.213099,0.0,28.767084,20.265604,63.732994,3.2111125,22.667988,38.97277,31.638474,-0.01996623859411974,-0.16249084,0.9090909090909091,-0.4923994,17.4367,66.79348,3.4363868,17.07778,32.097687,21.665567,0.0989299397154828,2.969421,0.9090909090909091,0.032811692923553716,0.015235594833358656,0.053022904829545456,0.0016068892045454544,0.011887633683006866,0.021617542613636364,0.009310429818969132,0.26894629645919244,0.014071377840909092,0.2727272727272727,0.8488723372617462,/Users/will/Projects/SpeechEmotionCS3540/datasets/SURREY/Audio/DC_h04.wav,Happy
3.3123809523809524,12,0.25232086,0.11491174,0.36828792,0.0009626597,0.11692417,0.22891,0.10891146,-0.051921211303675184,-0.010453835,0.75,190.86563305727134,61.23117742789605,244.2021980098457,17.142929216721196,74.8444078660958,244.2021980098457,87.17531872655854,0.22116469297468722,20.72528544327875,0.08333333333333333,20.967916334640808,18.20956452360294,71.53162741404657,6.502875219458779,11.60199495269069,29.69990026706538,12.289631751978412,0.7105697258575804,25.698933320421357,0.9166666666666666,0.7575757575757575,0.2858782161229274,1.0,0.08264462809917356,0.26632864536069456,0.5,0.30427396311235566,0.5181689465055316,0.23863636363636365,0.16666666666666666,1119.3612695772576,321.35109364526903,1198.3006170559872,-65.19984204699708,217.9077149065444,481.1023545390194,314.2177344957512,-0.8033904574217182,-597.1407521180575,0.08333333333333333,1822.1657492897727,644.3407747733975,2341.73583984375,-114.3840190792872,455.99428328532304,1083.5116299715908,589.9866940588163,-0.7488027615074311,-1169.399746981534,0.08333333333333333,1280.4913444333577,189.75271908739293,678.5443942809928,-30.89460459573905,124.85909416539424,283.31864164448825,205.11184907124291,-0.8913399301788264,-421.519712267562,0.08333333333333333,-245.7925,144.74048,409.8484,0.5858709,125.18295,271.12823,70.331085,0.014900788928611191,3.39563,0.5,136.69814,30.017626,111.13977,-0.07520606,30.020716,68.06,46.818085,0.4744963421421127,38.13427,0.75,-11.798119,27.248386,97.97469,2.4317975,20.183165,31.137259,18.693024,0.09110601349276364,7.689428,0.9166666666666666,10.855418,18.07255,58.958843,-2.5855577,8.402306,13.156107,4.7612624,-0.7283949518449687,-32.705322,0.0,-16.77318,13.0596,36.588654,1.622778,13.391147,25.965736,17.297007,-0.1330334087284837,-10.30988,0.9166666666666666,0.04887066465435606,0.022122982104349393,0.08256392045454546,-0.0013599238119834706,0.02127872241602457,0.049183238636363646,0.027079616042142544,-0.4473739914334718,-0.021833939985795456,0.3333333333333333,0.7191118768466619,/Users/will/Projects/SpeechEmotionCS3540/datasets/SURREY/Audio/DC_h10.wav,Happy
5.974829931972789,22,0.16557406,0.060072232,0.25646707,0.00023418275,0.074599706,0.19600272,0.089631565,-0.05426311305994942,0.003476873,0.09090909090909091,178.2239918022735,45.27994499777196,226.53269740820227,-4.34271795266878,63.436677655691675,205.36429995162078,108.46601947695679,-0.07749619593450571,2.3175891302568346,0.8181818181818182,17.727748262566365,11.810512119282581,44.660931300136134,-0.5611775917972485,13.12073344807395,32.15598169113889,20.761844807114404,0.4829700054144186,15.525291784708008,0.8181818181818182,0.7789256198347108,0.2579667705791543,1.0,0.019480519480519473,0.26966952116197446,0.6818181818181818,0.3634871853096028,0.44500721305437724,0.31818181818181823,0.36363636363636365,833.818367575961,202.62491101822172,870.0503794657102,39.585458499773004,174.65533366453323,360.3244247983477,199.93356068842863,0.5066929632281627,215.70592402169586,0.5454545454545454,1624.488868398115,502.0524969346196,2215.472966974432,105.49871271306817,426.86013879829096,859.3705610795453,502.10468690191914,0.4875810723285773,466.5993430397723,0.9545454545454546,1177.1557999485472,183.60633369408876,810.8602383047413,38.61239230022578,177.17294265064902,465.2837426261194,203.62466060427255,0.34698735211197307,100.6730000563673,0.9545454545454546,-296.48215,71.956955,308.08597,1.8163126,79.79382,175.0831,96.62353,0.25926734990465133,60.789673,0.09090909090909091,140.52562,28.361217,112.29217,1.3389293,26.675316,61.973022,31.711027,0.5635474091487452,45.991882,0.6818181818181818,7.1361613,17.57613,64.11117,0.14156768,19.448132,41.765224,27.167084,-0.014847327498754798,-2.8641367,0.18181818181818182,23.831781,12.581792,47.421844,1.0152797,13.970764,33.960106,21.57116,0.14814721976909348,0.7987175,0.3181818181818182,8.373307,8.116695,29.31409,-0.016791616,10.675828,29.31409,16.88417,0.10830208409326891,1.019753,0.4090909090909091,0.021821329416322314,0.008651171777273342,0.03455699573863636,0.0003138950892857142,0.009791576184089336,0.021373401988636364,0.011985735583400877,0.24661655571782576,0.0069152039366883085,0.6818181818181818,0.52535845739171,/Users/will/Projects/SpeechEmotionCS3540/datasets/SURREY/Audio/DC_h11.wav,Happy
4.3605895691609975,16,0.18221831,0.056985885,0.17683895,-0.0025799295,0.052964862,0.0984045,0.06580873,-0.19117008990316994,-0.034241214,0.1875,208.10217019156178,21.36518084593912,82.3116581136909,-2.6771360412771457,22.45428014094336,44.60086048507489,26.5067200465747,-0.16732788960738124,-11.180759671115169,0.8125,19.412531348065723,9.601453513199372,38.40832126147859,0.678185704174047,13.440882096595868,28.235535698867885,21.914623044176572,0.2579642583926665,5.370314473469293,0.875,0.7301136363636365,0.220037533190128,0.7727272727272727,0.00909090909090909,0.22769657447477817,0.5,0.27142934816268655,0.3262924517492264,0.17272727272727273,0.4375,1052.500340891886,342.3070707154448,1239.09004245294,17.997005467865748,449.9511973548209,970.5461783403523,659.9227729165295,-0.14019777847354314,-100.49148271544232,0.25,2059.357244318182,681.9073054341263,2603.0706232244315,64.6648615056818,940.4785577181253,2070.6132368607955,1407.19839216404,-0.02886039789401128,-18.49897904829504,0.3125,1323.4677396847105,210.86040436485,810.1814703278595,17.757152867756023,296.8123369696532,587.7194882570609,461.3236621766385,-0.2343202061579816,-108.43619192676124,0.3125,-276.3985,71.19646,267.05798,-3.7732136,58.720627,114.76279,49.858414,0.0012119486682963644,0.42874146,0.6875,122.5423,32.204323,104.97405,2.4874923,35.512127,66.02784,53.471813,0.5303743054241754,34.84932,0.1875,1.2535441,18.109314,73.15651,0.92972744,14.334442,29.122269,12.61703,-0.21784100954782365,-13.484177,0.9375,27.98835,15.894406,46.985035,0.39663377,17.628622,40.584953,25.29071,-0.4411545133454481,-15.51623,0.0625,12.514456,8.599816,33.491714,0.27702305,10.848058,25.609169,17.53729,0.13647233122382638,6.522805,0.875,0.026863791725852272,0.012453456094861795,0.04068270596590909,8.87784090909093e-06,0.013842175886742959,0.036865234375,0.016176916334529157,-0.1523502299146777,-0.0037020596590909075,0.125,0.8013003004369194,/Users/will/Projects/SpeechEmotionCS3540/datasets/SURREY/Audio/DC_h05.wav,Happy
3.0398639455782313,11,0.12554164,0.06897941,0.17405853,-1.6729906e-05,0.061508954,0.1352495,0.081411354,-0.29327166464715293,-0.07943347,0.5454545454545454,89.77294609073702,84.20120017955878,207.21753916294787,0.0,77.60407246261663,189.82575224320252,91.43340086335064,-0.5826175859798769,-132.34776380205014,0.18181818181818182,15.793111230465621,15.79250474011707,44.83953863287467,0.0,18.690793669167586,32.56441192441362,31.414155390460078,-0.4967247863914431,-18.154114923599654,0.2727272727272727,0.42561983471074377,0.3996959434493801,0.9090909090909091,0.0,0.29806538746827277,0.6818181818181818,0.3112520997602141,-0.4871258334324549,-0.4696969696969697,0.2727272727272727,1100.2725277623906,603.1244745931908,2146.1717361307565,-11.577206114543538,744.9756728405998,1670.0795165019551,889.3673868447307,0.3631689835518146,865.4436902609303,0.7272727272727273,1935.5413263494318,1048.827991263269,3537.8073952414775,-16.737171519886395,1294.9721598356564,2687.735262784091,1616.7553615234717,0.2639745340100091,1305.695134943182,0.7272727272727273,1266.650072683413,298.98604467721117,967.1573074789742,-13.63851437023735,403.76989315948083,775.1845338025119,554.6516742654998,0.22217421425172723,376.8824404888594,0.7272727272727273,-358.24582,134.97585,354.56635,-3.4682403,98.96897,203.58447,88.17416,-0.3776650485808535,-155.93753,0.36363636363636365,124.565216,38.774002,116.961365,0.89192355,47.086975,97.42679,62.346436,-0.38865229922164973,-59.14041,0.5454545454545454,12.519101,18.418058,59.884705,0.6929172,13.8993225,26.288809,18.027449,0.6470850151954034,32.128258,0.7272727272727273,37.99724,19.205805,63.310593,-0.26312274,27.125177,52.85545,41.699093,0.18747735570814733,25.636972,0.2727272727272727,-7.975323,16.863066,66.7802,2.0929942,21.084253,46.970367,25.169067,-0.15451041951282005,-8.929422,0.9090909090909091,0.02269902505165289,0.011907335355563646,0.03688742897727273,-8.877840909090468e-06,0.013040843458030745,0.028053977272727272,0.013018676747360285,0.025720614124771026,0.0041429924242424275,0.36363636363636365,0.7264103239997614,/Users/will/Projects/SpeechEmotionCS3540/datasets/SURREY/Audio/JK_d07.wav,Disgust
1.7663945578231293,6,0.0042345272,0.0025261485,0.0069511435,4.2741838e-05,0.0028864827,0.0040802187,0.0026473466,0.25409770611405236,0.0016503546,0.5,116.0753298854684,53.90337119325656,155.26472800027636,23.263920311961208,64.84891917531888,151.62839548594346,63.86183766453845,0.44608848408696633,44.37118054920013,0.3333333333333333,10.195615962603902,7.730862297533763,21.538068584200904,1.315965802913612,9.231245914825402,14.958239569632843,11.018818169236164,0.5709884496334986,10.752900936830626,0.6666666666666666,0.5530303030303031,0.3098660808517812,0.9545454545454546,0.08181818181818182,0.33451580896316546,0.5,0.3204061859061747,0.42230930085615764,0.34090909090909094,0.3333333333333333,854.0976517639327,159.1286047174608,472.90503547075775,-11.939135637348112,208.72847934717967,342.1841642803787,306.633855070774,-0.556260371959296,-225.41364450781214,0.16666666666666666,1531.222811612216,355.993666684851,1098.6827503551135,38.36825284090905,548.1098227166193,910.7566139914774,863.8109169952091,-0.27227520586588916,-243.22731711647725,0.16666666666666666,1515.4824839615012,391.9633021447612,1104.7881406004506,-28.748933104606387,433.58228346693966,585.4649112963743,401.40510617776954,-0.34698939501951037,-344.9887806334398,0.0,-659.9815,70.80013,189.16742,-2.480957,79.73347,128.09912,37.472755,0.07655753621785498,17.570496,0.5,138.66771,40.31923,113.51636,-2.1569488,48.374264,72.775314,49.168934,0.2020731923847119,22.78997,0.5,18.771875,7.8434806,25.024033,-1.6549412,9.241946,16.289513,12.118006,-0.2852585008542089,-6.135227,0.0,40.194897,15.599774,46.71354,2.4921765,23.200882,35.59086,33.43759,-0.24733968353732536,-11.400909,0.16666666666666666,11.810153,9.150168,28.377321,4.947962,11.458883,19.758991,16.298264,0.5345620433524095,11.034119,0.8333333333333334,0.017696496212121212,0.011988822562660798,0.030628551136363636,0.0005681818181818184,0.013489948642140002,0.019775390625,0.0019250139340351584,0.11923949287025987,0.003739790482954546,0.5,0.5741348484090311,/Users/will/Projects/SpeechEmotionCS3540/datasets/SURREY/Audio/KL_sa03.wav,Sad
5.503174603174603,21,0.113177426,0.04377678,0.14703006,-9.484216e-06,0.030129654,0.063245595,0.04339901,-0.29123401341765176,-0.034107395,0.5238095238095238,135.9149042369581,91.49402028149709,429.19725080280597,0.0,147.6729981400548,429.19725080280597,262.5024986377535,-0.14362118460582354,-31.062182561674888,0.8571428571428571,18.54336696057185,12.177557879990445,36.7437717896167,0.0,17.597984571298184,36.7437717896167,30.3603202104492,-0.2873082023505966,-6.343726030523566,0.8571428571428571,0.6103896103896104,0.34916311611500633,1.0,0.0,0.37839373433213475,0.9545454545454546,0.634174382925601,-0.3030300235463807,-0.2012987012987012,0.7142857142857143,973.3707729546752,538.2119298825075,2151.2678287359417,-4.031110727796834,607.3675805345869,1254.1975614346854,804.6731850513572,-0.19728151004835828,-205.26497522234877,0.09523809523809523,1706.8559126420453,991.3072153918096,4002.239435369318,-9.592063210227263,1100.144788475049,2178.279252485795,1403.445299990867,-0.1698481473032749,-288.8105912642045,0.09523809523809523,1136.03361841365,293.2657485316843,1040.9471680346323,-1.928812535082011,328.7268959606253,782.6809913323262,452.45611658180616,-0.17010745000204686,-95.31952766953532,0.09523809523809523,-317.5272,96.34413,327.62207,-1.0577606,65.73133,212.32153,59.921867,-0.31429159642779886,-72.21323,0.09523809523809523,156.34496,37.427513,130.56003,0.07220421,31.086493,80.361435,43.20648,0.09800682206635257,7.3917694,0.19047619047619047,-5.066557,21.89016,100.89963,0.4305435,23.963448,58.119728,36.8891,0.2560793762673919,16.787485,0.7142857142857143,25.206478,15.453302,67.37095,0.2788474,14.019352,25.753365,17.185604,-0.25927785186459,-8.42598,0.09523809523809523,-2.2179067,11.791222,54.797714,0.33271646,14.771097,26.527454,23.148695,0.27252549401281967,4.65427,0.9047619047619048,0.025116891571969696,0.01782154018030305,0.07939009232954546,-7.768110795454506e-05,0.017487875573330577,0.05661843039772728,0.022396052944745826,-0.4708618622885952,-0.019236378855519484,0.09523809523809523,0.2694691940504332,/Users/will/Projects/SpeechEmotionCS3540/datasets/SURREY/Audio/JK_d13.wav,Disgust
4.4025396825396825,16,0.087094925,0.023594953,0.07286868,0.00025879394,0.029606484,0.058725096,0.038050428,0.14117384141112008,0.0056318864,0.8125,130.34847977995537,51.900734550212576,182.49569969085752,0.0,56.93731400964159,182.49569969085752,55.22570703469969,-0.14734256999305467,-20.88673427971281,0.0625,13.4934672463396,8.457606193194144,32.02602069787948,0.0,9.6326537789252,17.625332223323934,13.456455407658598,0.3296608618688764,7.7090239183758165,0.8125,0.6704545454545454,0.32040618590617465,1.0,0.0,0.3340213285613425,0.8181818181818182,0.3611930905239839,0.03846865240564101,-0.054545454545454564,0.5625,560.4260287030181,152.4715302900516,543.1975759213774,5.980604468034293,184.29075730126678,348.96801202487194,239.57460303893143,0.3511461182606605,114.04678834635479,0.8125,957.5852134011009,383.1811336751836,1302.2693980823865,15.758389559659099,445.2374386735426,762.4711470170455,601.0834080007078,0.3986620305618987,332.78586647727275,0.8125,968.2336731262608,92.25944030245908,348.43491290822783,1.0448500284774203,124.34688008831712,258.4446932895215,202.04171659602986,0.3007611933818595,59.54430809319524,0.5625,-392.3195,73.2924,259.75555,1.7857381,87.01676,203.9891,98.139656,0.173544417787481,22.789398,0.8125,158.48271,22.527822,76.46085,-0.41794178,28.533054,76.46085,35.02626,0.09639958550426314,5.525879,0.875,15.595745,15.621793,55.77478,0.33027065,20.40027,55.056274,25.243187,-0.1305797096317557,-4.940755,0.6875,28.914501,22.368067,78.65314,0.5320409,24.016216,44.580124,27.843876,0.12868034286036603,0.25102997,0.5625,20.244558,12.181839,36.494934,0.5462553,11.086231,29.537193,14.900227,0.124947601962774,-1.3790808,0.5625,0.015709616921164772,0.007616610701229699,0.027587890625,0.00016424005681818187,0.009819710094516992,0.022261186079545452,0.011602001616622809,0.23457935136040095,0.0035067471590909064,0.8125,0.7954958579841976,/Users/will/Projects/SpeechEmotionCS3540/datasets/SURREY/Audio/DC_d08.wav,Disgust
3.7997732426303856,14,0.22840463,0.14276648,0.502175,-3.7826885e-05,0.14685486,0.25313306,0.1675896,-0.31875561374465505,-0.14467299,0.14285714285714285,286.1581256199508,89.84344384190649,353.4591347178866,-0.5627777155109295,114.28699855685883,346.14302441624454,122.66826423204682,-0.3024166227918059,-72.68877462110174,0.0,24.628704709188867,13.269723652937518,47.5194532187949,0.4532592229907401,13.685651905694286,40.691775385482295,20.061727818842417,0.3422090010521991,13.118314885638316,0.7857142857142857,0.7337662337662338,0.2894531050392554,0.8181818181818181,0.0034965034965034956,0.2647201850454224,0.5454545454545454,0.27739585774060094,-0.0055651180827108165,-0.011363636363636465,0.14285714285714285,1277.05444103508,452.0509210918535,1486.0908514211687,-21.75233095356805,355.17216822240226,842.2344162105517,528.5358985229263,-0.40395032431428296,-462.54322580608516,0.35714285714285715,2441.0472523082385,970.4277524537546,2830.637428977273,-19.50034828452798,690.2284652062273,1302.7587890624998,946.1196574623084,-0.36449960591222735,-995.665949041193,0.35714285714285715,1469.4215448211005,289.74081266665104,1035.659378308574,-3.5132825423881267,275.60610913631797,588.331880795602,374.767306397809,-0.5012232656565768,-437.4597068680473,0.35714285714285715,-259.39456,144.54129,465.67676,-2.8790448,122.29102,286.13736,90.58882,-0.2076614164002991,-84.709656,0.21428571428571427,124.01479,28.58663,117.422356,-0.51662445,30.646708,48.055405,44.737637,0.5893965141766295,49.240326,0.7857142857142857,-9.369435,23.563156,85.27368,1.0640883,27.222769,49.698326,39.767944,0.17372812277216487,11.059916,0.8571428571428571,31.196032,17.112705,73.93912,1.8306046,17.772167,39.399628,18.383333,-0.07480342833583967,-7.817114,0.9285714285714286,-27.803074,13.366048,47.74578,0.923344,13.108876,29.191643,17.079445,0.09150426150551749,0.20038033,0.9285714285714286,0.04866642146915585,0.028596325983811236,0.10435901988636363,-0.0008485167176573431,0.024200329050050713,0.06392045454545454,0.03356680741035516,-0.3111233489128797,-0.0164462002840909,0.42857142857142855,-0.3225664294125717,/Users/will/Projects/SpeechEmotionCS3540/datasets/SURREY/Audio/JK_f05.wav,Fear
4.528299319727891,17,0.18467255,0.09818195,0.403012,-0.0013359832,0.11163513,0.18535812,0.14755264,0.04780286151467256,0.0019126832,0.6470588235294118,272.06022741424897,105.47501936916866,493.1750677404452,6.734968465027778,122.00444214989386,369.26100539990256,169.94188486359494,-0.09297245935049367,-34.95109242493936,0.5294117647058824,36.99059435967602,27.080124703888668,93.30699522345759,0.3117317253953633,42.48525060553483,93.30699522345759,67.1481125875314,-0.18635813569535944,-12.58588783988224,0.058823529411764705,0.6283422459893047,0.2701461163703762,0.9545454545454546,0.022727272727272714,0.339770826993774,0.6818181818181818,0.434676874594936,0.12324062254359189,0.09090909090909105,0.4117647058823529,1435.797170803311,605.5404950752734,1994.1536028127966,-6.831140501150287,470.70547714141725,1068.605618394419,604.2755826543364,-0.2317730418537793,-402.0552172359852,0.29411764705882354,2526.2362393465905,1022.1413992882855,3729.6486594460225,-49.42848899147728,815.955319538991,1682.036798650568,1057.5351661909233,-0.31859671100811654,-852.029696377841,0.29411764705882354,1437.561705321247,226.17941418227426,658.2339256610428,-8.94818102250423,219.52942269581234,547.6628855780202,341.9763798732706,-0.48599866586426343,-261.3780740992263,0.29411764705882354,-265.48978,105.88507,419.3167,-1.5638046,103.040886,255.40497,105.94012,0.06624367922267144,14.546326,0.6470588235294118,111.98454,31.865788,109.99179,0.6909094,29.833965,61.44133,44.00694,0.7206051508117177,62.014977,0.8235294117647058,-12.937075,23.892368,114.43619,3.1414535,25.078903,53.35434,33.719467,-0.06880147221593695,-1.8411853,0.9411764705882353,25.749483,13.960681,50.937443,-0.9856162,14.975347,29.159184,17.742788,-0.38801286491356324,-15.695153,0.0,-29.129593,20.54441,83.509865,1.4095972,19.720814,44.510536,22.635174,-0.18666771136056698,-11.46191,0.9411764705882353,0.06176627256016043,0.04206771982656215,0.13651899857954544,0.00025523792613636395,0.032097129263956685,0.08121004971590909,0.03991446967853046,-0.22531550924062757,-0.027938565340909084,0.29411764705882354,0.3055879605958592,/Users/will/Projects/SpeechEmotionCS3540/datasets/SURREY/Audio/JK_f11.wav,Fear
4.114240362811791,15,0.04489012,0.022290502,0.0711289,-0.00043206936,0.01737928,0.033649184,0.018512808,-0.47655218540631306,-0.03393581,0.2,80.05833983649516,67.82552745864365,195.8267255210939,0.0,64.00700459771053,195.8267255210939,102.97779891371911,-0.3377211504916783,-67.09809571615929,0.13333333333333333,11.55508394497236,21.477572834892904,88.49081706430117,0.0,32.351173058319716,88.49081706430117,57.618918157069686,-0.3118991974010958,-18.510884220152366,0.13333333333333333,0.403030303030303,0.349287612931365,0.9545454545454546,0.0,0.3029761856438495,0.7272727272727273,0.4211509069905887,-0.24297123441313356,-0.3,0.6,1209.680597489659,484.57890917799637,1408.6403258299233,4.790023403087218,489.3769616591777,911.0597233604382,659.1038036933347,-0.41986107592046285,-408.7283651917619,0.13333333333333333,2269.175470525568,952.8674627742943,2789.039195667614,22.40711558948865,951.2332648537564,1894.4324840198863,1254.4222477500819,-0.39647941152290833,-771.280184659091,0.13333333333333333,1416.4427283880227,214.64132185911208,761.5323116179271,5.527044648878018,255.53415746666525,490.10593282512184,389.2359040329826,-0.4258489845224408,-175.25366235278534,0.4,-397.04227,89.91401,268.7834,-2.670384,57.620335,130.81528,41.130978,-0.36877602579676066,-85.70557,0.6,139.67268,27.380856,89.142265,2.178906,22.45559,45.29178,35.90346,0.7634883607760298,48.063995,0.8,8.6654415,13.7974825,60.001266,-1.8657981,13.0627575,31.863155,15.3778,-0.3019979352803926,-6.8405685,0.0,55.181908,17.774443,66.29255,1.0281413,22.876625,61.66043,30.49882,-0.43958781324071183,-18.132198,0.13333333333333333,-4.151624,10.2581,38.014343,-1.4308141,11.885245,27.414843,18.55119,-0.3317422128226853,-9.13245,0.0,0.032017933238636366,0.022043625345466188,0.07579456676136363,-6.499847808441517e-05,0.02447608459680448,0.05324485085227272,0.03471981125113138,-0.4892913337808674,-0.024076704545454547,0.13333333333333333,0.8076803109861275,/Users/will/Projects/SpeechEmotionCS3540/datasets/SURREY/Audio/JK_n30.wav,Neutral
3.5303854875283447,13,0.0963607,0.035784084,0.13147077,-0.004173504,0.034775242,0.08138873,0.04241843,-0.6887640354841561,-0.065913975,0.07692307692307693,122.45126132169928,37.73515252438096,162.63873659279713,-12.493305969592393,30.547504870541054,110.94952794799234,31.073570514047077,-0.7207641345686541,-60.23041232717105,0.07692307692307693,11.50049660545899,7.408729428109934,30.7563687080591,-0.4288871687751346,7.637536193820146,18.830726120205696,10.497351049592059,-0.5116175906696141,-10.884676802732905,0.15384615384615385,0.5944055944055945,0.22229624231122144,0.8636363636363636,-0.02651515151515152,0.20366674331469795,0.4090909090909091,0.21959223562952765,-0.27324434597816233,-0.10227272727272718,0.3076923076923077,1081.424683480835,399.68689192055547,1334.917765916296,-18.440299072059286,384.31654049985514,601.1763592963438,529.8514540108455,-0.31079910616800055,-271.38538851834414,0.38461538461538464,2159.8706225415203,864.309459625522,2721.503240411932,-44.7384920987216,787.5211888121034,1494.1106622869318,951.151803367294,-0.3473819512756558,-644.160877574574,0.38461538461538464,1352.4043337046132,295.8677930425848,1016.6491946645116,-10.319222570497638,310.10063800524586,521.4767491829602,448.50092506083024,-0.35256782625435373,-216.93779026097832,0.6923076923076923,-327.83875,78.25993,303.70892,-10.280258,68.94806,180.34581,61.370068,-0.5596394987491791,-112.486145,0.07692307692307693,145.90884,30.61437,125.537155,2.5005348,37.154785,68.63072,52.456696,0.4639747877848661,29.675293,0.8461538461538461,9.635879,19.297901,59.798126,0.74513656,22.81303,50.856487,28.941734,0.34478083595555276,20.778238,0.9230769230769231,53.371273,17.806522,55.98291,1.3402023,18.367214,36.71408,22.489525,-0.4027674515635324,-20.651062,0.38461538461538464,-12.197508,17.184278,54.044586,1.2612008,19.427202,32.213722,24.31816,0.019925494436333294,-4.464302,0.5384615384615384,0.017952018684440556,0.0077517761798432325,0.0283203125,-0.000421697443181818,0.008242045567117346,0.017378373579545456,0.00903442235549838,-0.32180133834057073,-0.006802645596590908,0.46153846153846156,0.6707815512764854,/Users/will/Projects/SpeechEmotionCS3540/datasets/SURREY/Audio/JK_n24.wav,Neutral
4.223809523809524,15,0.23235469,0.17918794,0.5990491,0.00016193783,0.13041392,0.25205347,0.1678422,-0.1713327868056154,-0.0883283,0.26666666666666666,178.40508165610754,97.26951580881375,417.18122818280597,0.0,125.25430085096089,417.18122818280597,154.1402447335073,-0.4592274164364156,-104.80643704737878,0.06666666666666667,20.143353582562476,27.509357317095784,118.42694982067235,-3.806478941571965e-16,40.44719910611581,108.3236493101572,70.84695879650687,-0.3431394856055607,-24.15379773926593,0.13333333333333333,0.7363636363636363,0.33203604304999407,1.0,0.0,0.24235659229248732,0.5909090909090909,0.15392559932206393,-0.0359100794280145,-0.027272727272727226,0.4666666666666667,1319.6099492610522,580.4206737582431,2384.2054187395606,107.36404243892095,556.6897210220674,1513.568903747486,842.5357684911878,0.7288088263024879,809.5001826176285,0.8666666666666667,2357.4942294034095,925.6856145552732,3575.490500710228,164.61015181107956,941.9666157309151,2393.611283735796,1407.1254395975764,0.6781823422116973,1170.4274680397727,0.8666666666666667,1450.4022246132156,196.9769352549144,701.8334004132428,16.71842002427445,263.33659747571966,651.7009536684511,404.55165675572937,0.3109954914791445,99.03200754980685,0.8666666666666667,-284.90515,146.08884,444.36127,6.269544,89.46372,194.19453,89.354546,0.21455886951825207,57.83008,0.26666666666666666,113.95194,27.786081,114.53182,-3.6213777,34.777805,93.16718,53.077568,-0.23593081800940097,-4.226166,0.7333333333333333,0.38960603,21.022264,71.47687,-1.4344547,24.56189,42.681507,36.038013,0.14754486954811133,14.131693,0.8,43.53247,15.398433,47.642094,0.54466057,12.876438,31.531246,17.325361,0.5751324586317027,20.22345,0.6,-7.685425,12.3471155,50.336487,-1.7705792,9.764374,20.836287,14.284401,-0.7343568686428957,-20.870415,0.13333333333333333,0.05183771306818182,0.03535960169484998,0.13239080255681818,0.005838765726461039,0.03316065051198092,0.07905717329545453,0.051838620773316864,0.7789249710568559,0.056480823863636356,0.8666666666666667,0.2242754418752957,/Users/will/Projects/SpeechEmotionCS3540/datasets/SURREY/Audio/JE_a08.wav,Anger
2.254421768707483,8,0.07797753,0.03666488,0.09685266,-1.954447e-05,0.032348305,0.05457267,0.028375871,-0.3199702938153322,-0.020124972,0.25,86.0327074529063,67.41869105673307,153.23143847638647,0.0,75.28867039607687,152.64316252884225,93.44650015452177,-0.34601162454706047,-76.32158126442113,0.25,7.234063629690477,6.41105625853244,15.024347442098119,-2.5376526277146434e-16,9.020524217917856,14.615076581940835,15.492360165193624,-0.35136137542966245,-7.307538290970418,0.375,0.5056818181818181,0.40556402669870284,1.0,0.0,0.4319036142419712,0.8636363636363636,0.5799785468310062,-0.22928704742999437,-0.29545454545454547,0.25,614.8323056121037,321.5449032823608,878.5156408802284,1.2470359924246444,330.07570925815895,562.2740941045228,409.5420169106313,-0.26376000317180537,-94.92851438744941,0.25,1137.1611161665483,738.7980081808475,2028.5256125710225,8.809037642045439,728.5061984656438,1174.5383522727273,789.3173465102706,-0.2872767108716027,-292.41111061789775,0.25,1059.4533881931911,212.48490657661083,652.5831899451712,5.15270243143464,286.6187747615609,652.5831899451712,459.9934381111279,-0.2779473492854624,-19.966784779290833,0.375,-418.88593,121.05601,335.71756,-4.139596,106.14708,164.39197,82.79046,-0.3102696928021965,-82.771545,0.25,152.30411,32.43841,96.33507,-3.1170132,35.261627,65.654236,48.3712,0.08137718046969697,-6.5588455,0.5,21.996626,15.299215,46.36751,0.16798183,20.236837,33.9605,30.102959,0.2527254817173445,-2.0712757,0.5,48.342094,11.148227,33.02852,0.24961308,14.362746,22.487206,18.015997,-0.21808941843883353,-0.08652115,0.25,-1.9791312,14.722316,37.469116,1.7507442,14.9041605,26.729628,21.131401,0.15638267460914326,5.8735676,0.875,0.012967196377840908,0.010194094321102675,0.025834517045454544,-1.2682629870130293e-05,0.009156456935868144,0.0166015625,0.009216992081685933,-0.12222061236621198,-0.003961736505681819,0.5,0.8478263223377941,/Users/will/Projects/SpeechEmotionCS3540/datasets/SURREY/Audio/JK_n18.wav,Neutral
2.054512471655329,7,0.06424184,0.020236338,0.05406577,5.174242e-05,0.01971456,0.027641065,0.014814764,-0.15224105711164307,-0.0064150915,0.2857142857142857,100.33055351803897,64.80677378780395,157.95686981210108,0.0,83.78381975841017,157.64454375630078,75.5015298490226,-0.10794732149377893,-14.747858388765621,0.2857142857142857,12.007966615188021,9.008917950101154,24.22179118922523,0.0,12.394536821353734,22.765574063530234,18.11889606850976,0.2297415293160117,6.245906037409625,0.42857142857142855,0.5714285714285714,0.40934850681751916,1.0,0.0,0.40655781409087083,0.6818181818181818,0.18938787869090593,0.11104119032443019,0.13636363636363633,0.42857142857142855,493.2795785949044,193.1696475971168,485.80786983728325,0.6205273838348452,207.13132250154447,407.7484914572373,261.4321382010887,0.07851144411956669,72.35846030567853,0.2857142857142857,838.2568359375,460.0138678821147,1090.8524946732955,11.74538352272728,478.18532657261323,949.9078924005682,589.5437508682817,0.13229875939867256,215.0873357599432,0.2857142857142857,939.0695586317514,83.9108389156842,281.91973881089484,6.061732606812806,151.57093796913568,281.91973881089484,281.59596750232146,0.031156427535347548,59.04140778453575,0.2857142857142857,-451.4012,102.48429,273.78177,-9.405782,100.03275,145.72906,62.902714,-0.13096936258044886,-31.894836,0.2857142857142857,157.22403,40.108673,129.44824,-6.913222,42.46394,76.455574,34.022602,-0.010569019107125826,-4.9044495,0.5714285714285714,20.277996,15.486529,44.157013,3.7647352,18.533787,36.058346,22.099693,0.05038850944805515,-0.98339653,0.8571428571428571,31.018368,10.645267,34.391914,3.1035297,15.873976,26.84459,24.831106,0.2680900186470089,11.782778,0.8571428571428571,23.009172,11.148251,33.784836,0.26387024,12.80699,19.267643,11.187146,0.1636256615348246,2.2855177,0.5714285714285714,0.011506315949675324,0.008707729177299407,0.022172407670454544,0.0,0.008469124044496979,0.011230468749999998,0.005779355104767654,0.07883195810801186,0.001520330255681818,0.5714285714285714,0.8194885988051308,/Users/will/Projects/SpeechEmotionCS3540/datasets/SURREY/Audio/DC_n03.wav,Neutral
3.459138321995465,12,0.066292934,0.013907042,0.04568241,0.00036659025,0.016039426,0.039035577,0.017682683,-0.24963355450806438,-0.011025503,0.16666666666666666,107.33465462206142,50.21972937251357,163.17581119917799,0.0,59.69164169329401,163.17581119917799,57.43833351695795,-0.19340233350026942,-25.612291175250135,0.08333333333333333,8.094278145225578,5.770694594375636,18.560914658598087,0.0,7.118937631279881,18.560914658598087,7.624390544356841,-0.308853625583138,-4.489507623175921,0.08333333333333333,0.7196969696969697,0.3375252940900828,1.0,0.0,0.3418032351224829,0.9090909090909091,0.304952238503991,0.1657992375951113,0.15909090909090906,0.6666666666666666,666.8259894919153,158.15981582711547,621.1269877251303,29.902502758752533,156.66374655325558,350.2365185945388,190.7779177688535,0.05035746179391343,-24.97564489861884,0.16666666666666666,1296.3151411576705,405.3719771773781,1553.8163618607955,93.6516375581095,386.8995258784326,849.5827414772727,533.1310333280321,0.2961575347446078,209.45933948863603,0.4166666666666667,1016.6820032771849,149.8539639859779,486.7625937819289,20.331705303065664,156.03044111985005,309.3806497019856,215.57935772053935,-0.3146035812902754,-155.70158488054517,0.25,-390.04404,52.714394,193.1984,6.9199605,55.529053,148.80667,54.8501,0.15943777469881967,15.2005005,0.16666666666666666,184.2583,31.153595,96.8087,3.1545508,25.312017,59.375183,31.807102,0.6494622404996013,49.692215,0.5833333333333334,1.8176295,18.191359,60.446865,-2.539421,17.608065,38.174686,25.776089,-0.6431455910009258,-33.25638,0.0,27.20842,14.217863,47.797173,0.4066367,15.945335,33.7136,23.78978,-0.30425347918378415,-11.042519,0.25,30.44333,19.658709,61.460693,0.9219589,15.565272,33.079475,20.408731,0.5951976838940377,33.331802,0.6666666666666666,0.01576556581439394,0.006275516978764559,0.022128018465909092,0.0006032896435950413,0.006242362630143542,0.013383345170454546,0.007063293651815373,0.226845814518667,0.003040660511363636,0.5833333333333334,0.8270674368056571,/Users/will/Projects/SpeechEmotionCS3540/datasets/SURREY/Audio/DC_n17.wav,Neutral
6.242131519274376,23,0.0655269,0.02489548,0.10602464,-0.0004801608,0.021828676,0.07264498,0.029367575,-0.5556908610193343,-0.037054684,0.13043478260869565,101.23495725694451,95.68271926756141,481.2713313527947,21.875969606945212,112.14344988703198,481.2713313527947,130.87379806108612,0.3100268265782635,56.027817580015196,0.9565217391304348,5.754120949589577,4.753255620862269,14.771204440215023,0.34789399364248935,5.503623302523283,14.771204440215023,8.791485527202608,-0.19681622375878077,-3.2345714932330427,0.13043478260869565,0.46837944664031633,0.3486112231039071,1.0,0.012396694214876032,0.36702497017829194,0.7727272727272727,0.5901831800200034,-0.1863109043726402,-0.2077922077922078,0.30434782608695654,780.5520289134531,308.4539272186302,1208.3625418749232,12.798178441094338,308.85492192873346,698.0604138124288,468.96792194364383,0.5013304378533336,326.11575353914316,0.782608695652174,1533.3470521708252,662.1280858334067,2730.312278053977,36.748813597623965,640.4212922760602,1475.0244140624998,964.5417093817299,0.5406693543305963,759.814453125,0.782608695652174,1143.2104556885704,250.2895549486276,746.6977906920758,12.073080150274807,272.8745098738676,511.0344767477602,450.5650900122858,0.6134199190367633,318.7335421956376,0.8260869565217391,-404.34872,78.68879,303.90567,0.5008545,66.60405,215.90979,88.97737,-0.24184068855973728,-59.778046,0.13043478260869565,159.33788,30.514753,99.69282,-0.41579646,30.32947,64.48915,47.453033,-0.41298898678051826,-25.236176,0.30434782608695654,23.065197,19.03627,69.20661,-0.39039662,21.873455,41.464043,34.56155,0.43137054656244284,19.89032,0.391304347826087,46.410576,13.617698,58.41756,0.3652193,14.845541,33.601276,23.021471,0.5218303958460759,16.628708,0.9130434782608695,-5.6610026,15.287857,66.06787,-0.43583363,15.961333,45.236397,23.113424,-0.3679522422269715,-8.953343,0.34782608695652173,0.01145820466897233,0.007101836111621712,0.02643377130681818,-1.3798936740724602e-19,0.00636792426347872,0.019020774147727272,0.00925443940062289,-0.40358299733978975,-0.007279829545454547,0.13043478260869565,-0.07681617843500561,/Users/will/Projects/SpeechEmotionCS3540/datasets/SURREY/Audio/JK_sa11.wav,Sad
5.868571428571428,22,0.11315007,0.08145895,0.3318634,1.8170103e-06,0.077182226,0.1933966,0.09556805,-0.174673104391918,-0.05177924,0.18181818181818182,106.21721793620014,52.468012209555006,167.0642698824593,0.0,44.821899770095,167.0642698824593,59.46797112930898,0.1976394469909774,20.263127106558173,0.13636363636363635,9.511500751093859,5.851542266665663,19.513794863651167,2.114710523095536e-17,6.295743200664484,13.465428099980642,10.67005381650049,0.1648498273655981,2.1159867775233163,0.22727272727272727,0.621900826446281,0.34437258895251294,1.0,2.64338815386942e-18,0.29391038371592276,0.6363636363636365,0.3968561889535602,0.26620825559648,0.2012987012987013,0.18181818181818182,1042.4146938336592,631.5967333358182,2241.0509221742295,1.158183983507927,399.4906400840837,854.2969067040776,459.9118208765323,-0.2860907571461083,-431.5995316690495,0.2727272727272727,1899.9270100238898,1171.5188394195634,4156.886985085228,0.18643465909090515,753.9846309825609,1420.212624289773,924.6792078352826,-0.2968882647697236,-868.2495117187505,0.2727272727272727,1256.4627875514495,311.56901413782947,1335.0113440530313,2.4168337917318303,251.13210657452524,449.0314798056038,343.59429037562603,-0.46164186145704467,-346.5767102469533,0.2727272727272727,-341.92007,126.96277,438.1992,-0.16200474,89.426704,191.01178,103.40476,-0.0887655752767755,-43.33261,0.18181818181818182,141.07875,33.94912,136.8172,-0.43774632,32.09231,55.60717,47.284054,0.4986225191601705,41.611443,0.8181818181818182,9.531841,21.693768,76.28937,0.25499034,24.799038,56.55194,37.461063,0.3221252209531722,21.491488,0.7727272727272727,46.482613,18.844646,70.75345,0.69736916,23.673492,55.813354,36.962826,-0.03369437300820722,-4.361206,0.9090909090909091,-3.855304,14.627236,49.70191,0.38117528,15.146837,34.657333,20.655296,0.2354487170578699,5.0822697,0.45454545454545453,0.038415829997417356,0.036927509902602816,0.14162375710227273,-3.304235192336775e-19,0.023375948656068807,0.06964666193181818,0.026104132635463632,-0.21795061102057908,-0.02194412033279221,0.2727272727272727,0.7141357606974147,/Users/will/Projects/SpeechEmotionCS3540/datasets/SURREY/Audio/JK_sa05.wav,Sad
2.6087074829931973,9,0.006233041,0.0027302008,0.0077665052,-0.0005979148,0.0029018305,0.004783867,0.004304633,-0.4797663016449738,-0.0030596422,0.5555555555555556,141.69329152144576,112.2760759435366,438.39945548350465,-6.697603853278787,194.9269915406113,438.39945548350465,369.85273058088376,0.002670736211862065,41.24780463237502,0.6666666666666666,10.787854000644767,10.536796603336793,36.4709285051429,-0.173077173976125,17.20839482069462,36.4709285051429,30.78906889127834,-0.04538928814026121,0.9760942053844772,0.6666666666666666,0.6212121212121212,0.3178208630818641,1.0,-0.005681818181818177,0.37236505404115783,0.5909090909090908,0.5243280321606845,-0.44312936752559773,-0.42424242424242414,0.4444444444444444,846.6694175215611,220.9742490231253,624.6986739131804,8.092741456233739,237.26118065339696,467.42720380919695,268.574757232158,-0.5098801737177134,-346.432561800248,0.2222222222222222,1405.965909090909,465.00919520783765,1448.10791015625,25.081287730823874,464.3223622135841,881.8825461647727,475.3469355240986,-0.51231484037744,-731.1501242897727,0.2222222222222222,1234.1733874462855,262.57968413076685,813.3317572302284,24.96267920882454,248.90326385960034,355.55089233013314,274.37503249641185,-0.09515001532089924,-92.55981425155596,0.8888888888888888,-593.8538,54.642826,171.35748,-10.566292,52.512928,83.38464,69.469154,-0.5208000143868075,-68.30731,0.4444444444444444,173.52931,34.637604,93.17377,0.11207008,32.025528,48.118774,37.034893,0.33705661575761275,31.317825,0.5555555555555556,12.038281,14.688169,47.09429,0.06004858,13.907366,24.847347,16.834845,0.27721203770144437,11.482025,0.7777777777777778,19.650816,16.897026,58.21975,0.21860266,17.6238,29.688555,23.197523,-0.454268832093188,-21.69159,0.2222222222222222,6.349699,11.401023,40.14948,-1.2458063,13.133413,19.232655,20.741184,-0.3477667263148764,-7.09978,0.3333333333333333,0.026497889046717172,0.011986425251688124,0.03957297585227273,-0.000543767755681818,0.015674877949214266,0.035222833806818184,0.020484570881695693,-0.4884513115189249,-0.017718690814393947,0.1111111111111111,0.18945856555040202,/Users/will/Projects/SpeechEmotionCS3540/datasets/SURREY/Audio/KL_n17.wav,Neutral
1.6526530612244898,5,0.005454327,0.0017406275,0.004492391,0.0003087658,0.0022383027,0.0030419491,0.00059645134,0.30736365934825743,0.0012350632,0.4,156.24638308595462,50.953127021149264,159.70589086284826,-39.926472715712066,41.39073059902657,94.10997329866788,67.85262232327868,-0.8897325657963769,-159.70589086284826,0.0,26.179970422860816,28.43898393308634,78.57570713364447,-17.368458209311342,29.373625456598244,65.98626825585184,27.775276133938085,-0.6951096853996215,-69.47383283724537,0.0,0.6545454545454545,0.2004127971368055,0.5454545454545454,-0.13636363636363635,0.14010031824929495,0.2727272727272728,0.2471137337924257,-0.8981004187394177,-0.5454545454545454,0.0,851.6375818614324,153.8999259385806,424.6097492111662,-8.961461969289246,227.64106861975523,329.25705242472986,354.8815698668534,-0.45606015091628804,-35.845847877156984,0.2,1511.337224786932,403.145591974611,1069.8086825284092,-53.710660067471565,561.5537454688474,874.0522904829545,869.1977233480376,-0.526014606505025,-214.84264026988626,0.2,1389.6015861168476,270.36851136909,761.1627340915692,-48.75652883349835,356.4259880503641,566.1366187575758,365.9355357874076,-0.47451226297955307,-195.0261153339934,0.0,-634.66754,50.03571,128.2597,5.2021484,65.95944,90.02222,5.765927,0.16699168648945875,20.808594,0.4,151.88861,29.80998,81.86385,2.5216885,43.43507,71.7771,54.894314,0.4057212592137336,10.086754,0.6,24.722736,6.4497814,14.759283,0.4319458,8.868176,12.759668,10.987049,0.3363298012320009,1.7277832,0.8,36.094296,12.092513,35.301926,-1.3455224,17.283386,22.968363,27.027283,-0.5387408194884173,-5.3820896,0.2,13.489102,3.3335292,10.137188,-0.50107884,4.675175,6.400984,7.642467,-0.6001209921361389,-2.0043154,0.2,0.019469105113636365,0.008786488445956175,0.023592862215909092,0.002391468394886364,0.010890002463254304,0.016890092329545456,0.001587806251999281,0.397238935729038,0.009565873579545456,0.4,-0.3115096172688071,/Users/will/Projects/SpeechEmotionCS3540/datasets/SURREY/Audio/KL_n03.wav,Neutral
5.61718820861678,21,0.1039841,0.047686707,0.20462276,8.401331e-05,0.041349616,0.075298324,0.0480743,0.12085434899339159,0.01923798,0.7619047619047619,196.63087862906684,92.93197436914389,469.4070581674412,-17.79012282992346,88.43723145801202,283.7883152282965,147.09420440740485,-0.6607063353661855,-136.3000061048655,0.0,27.722539880433878,30.871662337526075,133.95479166810662,-0.010716430855921865,48.409223857818475,127.42706434109358,81.69039594363632,-0.23831558257280858,-11.568440166056789,0.047619047619047616,0.7619047619047619,0.24813541655275315,1.0,-0.031818181818181815,0.29496462878013857,0.8636363636363636,0.4305156700173012,-0.18007091292335456,-0.10389610389610382,0.47619047619047616,1256.2445271425688,350.04057922848256,1499.1982478257776,-51.04506404618045,284.19182507457765,754.0563370133591,397.0371980408345,-0.6195776340569142,-452.1222851838519,0.14285714285714285,2497.362171519886,808.1843770286339,3242.215243252841,-147.86948464133522,526.5167457171032,1418.744451349432,686.4922434613502,-0.7061873549572723,-1175.3073952414773,0.14285714285714285,1491.4960219720099,239.5554605179902,994.4160630642228,-30.23654126380194,184.5871164292064,516.2683552274988,273.25635548921485,-0.7927859988548551,-402.38532033896786,0.14285714285714285,-325.6523,91.33706,396.4511,-6.678563,72.13546,161.1781,59.84862,-0.1740847655990441,-36.501038,0.7619047619047619,119.833336,30.348698,142.06158,-0.26236764,33.99057,70.67839,48.89325,0.3701408783347635,19.859695,0.8571428571428571,4.1251483,18.009726,85.41081,4.2705407,19.791365,53.858047,26.222849,0.36501316407422635,15.074991,0.9523809523809523,60.748127,16.693203,66.19478,-1.0476294,16.122917,29.238018,20.754862,-0.19888838351080654,-6.3592644,0.5238095238095238,6.181685,16.65013,70.008194,1.8811604,13.386717,29.84647,19.309834,0.648184706353027,24.300217,0.6190476190476191,0.03950427827380952,0.021686791085356562,0.080078125,4.327947443181742e-05,0.02095543247790127,0.04953835227272727,0.027602037866232325,0.03719058670024605,0.0030470018262986967,0.8095238095238095,-0.1215001591654162,/Users/will/Projects/SpeechEmotionCS3540/datasets/SURREY/Audio/JE_h12.wav,Happy
4.517052154195011,17,0.1427085,0.08263124,0.27998945,-0.0015796726,0.06913314,0.13461165,0.0957074,-0.03900377563627156,-0.00011598319,0.5294117647058824,218.98204831370856,118.5979721569697,469.12727657242556,-29.320454785776597,98.06777857148454,315.565355550225,155.86574285077774,-0.6354318910893714,-162.41173790137,0.0,27.636946321942006,16.346176493959444,60.52643145061988,-0.9875987454739573,20.04675512493433,50.01503848941952,32.02163368649995,-0.25678792305518705,-4.605295644701204,0.7647058823529411,0.7085561497326203,0.32181229923375615,1.0,-0.028409090909090908,0.23114597280463628,0.5454545454545454,0.3586271138595421,-0.4646978910696319,-0.35454545454545455,0.17647058823529413,943.8457809810023,375.18962788002585,1374.7837342837042,-4.753081253706171,379.94407413951416,887.5294688410755,532.2092446842778,0.09763153734336738,106.2565552012378,0.7058823529411765,1648.3263964321525,672.5966204378401,2360.8220880681815,-26.304765181107967,718.6357549737122,1369.8053533380682,1053.9652706002687,-0.05223664684043454,-49.722123579545496,0.7058823529411765,1313.3247344247573,195.6417748161525,817.2608399573538,10.469790193370855,264.70870789749694,628.8247504498228,442.1903732476328,0.2443056553529611,96.05589427948007,0.6470588235294118,-336.55405,130.59184,399.0694,-3.0303307,90.774,220.09625,109.8053,-0.09998913575979174,-27.358887,0.5294117647058824,128.4194,32.117756,120.65814,0.70083,33.363525,71.82855,52.287594,-0.21446358566672052,-18.168404,0.35294117647058826,5.798795,11.863942,47.098503,-0.69907403,16.519604,32.833202,26.749939,0.17725921294928096,2.9425614,0.47058823529411764,43.620396,17.034555,74.456894,-1.1346633,21.800728,44.08029,34.063133,0.27901447946702224,8.478432,0.6470588235294118,-0.44921538,11.850571,38.203293,-0.98006,16.056618,32.261284,24.580822,-0.2958324323718072,-7.1404867,0.058823529411764705,0.029035762032085563,0.021491292205919128,0.07783647017045454,-2.2194602272727036e-05,0.017265640671906488,0.04066051136363636,0.021454314829679588,0.1662748965620646,0.009321732954545449,0.7058823529411765,-0.04622246782734204,/Users/will/Projects/SpeechEmotionCS3540/datasets/SURREY/Audio/JE_h06.wav,Happy
4.194285714285714,15,0.12608567,0.058782563,0.2034091,0.0014676973,0.058256175,0.10602881,0.0705258,0.1841743789566258,0.014727287,0.26666666666666666,235.64946785424067,109.0234834902497,432.06517166383856,0.0,131.35774897514045,432.06517166383856,135.84570226912916,-0.3347465087139921,-87.7637424932808,0.06666666666666667,23.396344443101672,16.34807646901745,67.40565436837933,0.0,23.647809209159924,50.87847825036418,36.97050826041779,-0.1902119766672028,-8.161022573943026,0.13333333333333333,0.6575757575757576,0.32349105806260653,1.0,0.0,0.34101729884417875,0.7272727272727273,0.4086872672470942,0.14743456280119283,0.09999999999999998,0.3333333333333333,1014.78034312019,348.7623659998193,1263.2339282955531,39.26432485922374,367.3492349580975,696.949476761917,509.28680822303545,0.36860599791771914,304.3694185481212,0.7333333333333333,1950.9082031249998,800.6174743811861,3162.4445134943185,91.02672230113637,863.4560553155118,1878.2825816761363,1220.094705432911,0.3666616436744705,761.7859996448865,0.7333333333333333,1366.9293930496933,277.6885660255678,1047.990349314005,18.467920006985114,342.578097397239,797.721965475693,488.41707294514634,0.1012975402396463,117.78311988015321,0.7333333333333333,-332.0819,98.24554,322.03473,6.3717628,78.175316,200.5622,75.78492,0.3842767019923285,79.945526,0.8,123.04342,26.098795,86.16884,-2.7266579,33.768433,70.155174,46.99994,0.2507298785992835,15.599319,0.6,10.396194,14.561903,47.408936,-0.03715733,18.90528,35.143753,26.571274,-0.10129958769817514,-2.2301488,0.6,33.531433,13.409891,53.99015,0.9109169,16.879118,39.533886,23.878803,0.21900609124634818,12.280529,0.6666666666666666,-8.217057,12.9277525,38.761585,-0.46224663,13.7568,21.673216,20.21486,-0.6332686669702469,-19.815523,0.3333333333333333,0.01715938683712121,0.009136997303103597,0.028076171875,0.0004216974431818183,0.009985837579550126,0.02099609375,0.013126677950557204,0.32669045557082793,0.004296875000000004,0.5333333333333333,0.16605162955018934,/Users/will/Projects/SpeechEmotionCS3540/datasets/SURREY/Audio/JE_f09.wav,Fear
5.458412698412698,20,0.054216515,0.011464913,0.039018705,-2.7416177e-06,0.01179363,0.033170238,0.017554354,-0.21277058353392475,-0.00940612,0.25,100.99204216570834,59.8747562511206,167.6706231491173,-7.47939721852737e-16,75.80898150911158,167.6706231491173,121.55811914647617,0.09856399055467839,3.191517899663822,0.1,5.448068925059944,4.853272372451132,14.723248452084425,0.0,6.257445551180672,14.723248452084425,9.693696442388815,-0.09681885806599975,-2.5831400437396037,0.45,0.4363636363636364,0.30674241488732706,0.9090909090909091,0.0,0.4036048955361412,0.9090909090909091,0.6055974661363067,0.15804573401467986,0.022727272727272818,0.45,858.8960649338027,324.2219843714687,1099.333894585851,-0.03363151347619913,304.0324310257783,689.1567255474346,456.0229123968677,0.03769347640948258,-5.530004864432954,0.2,1723.8307883522727,795.7601384222,2539.449795809659,4.816637541118415,694.8190426310115,1549.4118430397727,1007.9188563069197,0.06440847032895333,54.89335493607928,0.2,1314.3558829126152,208.09110841416057,818.0921531037833,-0.7378905828393152,243.64260398381845,550.7599524736448,412.5304206636173,-0.06297235776434226,-39.563532222245385,0.2,-445.08795,66.65216,212.77744,-0.36318168,66.8619,150.85742,94.89306,0.083536627949634,-3.9521484,0.15,126.87738,19.154018,75.68998,-0.2746044,25.266317,51.62953,41.78699,0.4840623758597113,19.694084,0.9,27.45987,8.502833,33.12949,-0.18409598,10.329742,22.478245,16.138674,0.08931115767095583,4.7319355,0.75,57.189034,19.810713,64.04138,-0.49085134,20.026165,37.500694,30.255455,0.03336933123285774,-0.90864563,0.15,2.2015057,10.023317,43.51566,0.09043453,12.766332,23.795935,19.85952,-0.15230712625419723,-7.9112573,0.9,0.005939275568181818,0.003967004376835002,0.01382723721590909,4.565061778886334e-20,0.004539759275768255,0.012029474431818182,0.00676156290691766,0.03740358629493879,-0.0004956794507575751,0.25,0.633268825146306,/Users/will/Projects/SpeechEmotionCS3540/datasets/SURREY/Audio/JE_n14.wav,Neutral
4.276734693877551,16,0.30148476,0.11845181,0.49347392,-0.0044064415,0.1167113,0.19364946,0.11550288,0.02694776220880948,0.0479711,0.75,196.29272287664708,88.30057789912316,349.56503814771924,-19.9344773000954,142.9854334222442,349.56503814771924,254.97719629605683,-0.43627073107790937,-73.75994158297343,0.875,24.38503888518666,17.12123037168496,54.667772104640854,-0.7537197936922373,21.580507176916353,36.93626092752477,35.992352016100824,-0.3593718405328959,-10.619024134717868,0.125,0.6676136363636364,0.35235290509857436,0.9545454545454546,-0.012121212121212118,0.25414831934862736,0.7727272727272727,0.35102493113302347,-0.3926597250323743,-0.3727272727272728,0.25,1453.9915397286695,407.3417705801788,1654.1150215269918,110.27433476846612,389.94935486084785,832.6739933757187,424.4686168709135,0.4338834779056676,231.50137132079158,0.9375,2598.4519958496094,616.0201057259575,2655.4354580965905,177.0290305397727,585.138975957269,1222.4986683238635,677.8993251185952,0.3383268564582273,218.95352450284054,0.9375,1447.6007113723535,138.95648898957575,595.7569326478254,31.47804261006225,146.90980112660725,412.87711410647967,175.05664020814658,0.053230431023266515,-26.179167213353594,0.9375,-187.68794,86.14032,328.4433,-4.921884,81.88832,221.34068,56.13168,-0.09789031099095977,-6.2295074,0.8125,118.6942,30.153824,119.41568,-0.25195923,30.810263,72.60863,28.791157,0.1592999159444451,13.373268,0.8125,-8.3607025,15.418348,58.949272,1.3044676,16.97179,41.02363,16.137953,0.22283731487455058,3.097217,0.9375,44.863834,10.659507,43.425194,2.461161,10.359761,21.55343,14.249921,0.1927395939417007,-0.7156143,0.9375,-16.541252,18.190752,54.983543,0.16066259,18.235668,37.064278,25.31484,-0.0860881703510191,-1.0577116,0.875,0.06438931551846591,0.030200634645437603,0.11192737926136362,0.004617956912878788,0.029210973052617998,0.05799449573863637,0.033886354624988686,0.3206002825926546,0.006232244318181812,0.625,0.10336137187985209,/Users/will/Projects/SpeechEmotionCS3540/datasets/SURREY/Audio/JK_a10.wav,Anger
4.939863945578232,18,0.060522087,0.014488753,0.048101876,8.041477e-05,0.018386288,0.029526308,0.026762633,0.2082715165716123,0.007093113,0.16666666666666666,151.93677809720748,121.14834381478815,479.23943322516874,-28.190554895598158,92.67882933789629,338.02319385921845,144.53609225447477,-0.6079621290406695,-145.53430723120317,0.0,8.172811517196585,4.520748574716218,16.71569128553386,-0.18827322986192818,4.943234322021743,11.817465106215337,7.801502852145952,-0.3888907785919866,-5.285012826413511,0.2777777777777778,0.6489898989898991,0.30746958742136166,1.0,-0.018716577540106936,0.37903839885923746,0.8636363636363636,0.5828711950868591,0.005540641558441738,-0.00757575757575768,0.16666666666666666,685.1855031587197,318.477570557156,1302.646464240076,-17.31844655126152,292.10891013069204,550.0865906554058,372.7854968444556,-0.3414317416834918,-291.2934526661945,0.2777777777777778,1343.459805575284,840.5534973251945,3231.9380326704545,-32.933134191176485,779.1397476387885,1476.0031960227275,983.2761784931179,-0.30098387873507654,-660.5962579900568,0.2777777777777778,1158.9270406777855,322.0686876064531,1449.0557599438853,-13.918698436067174,329.4769112311198,668.3160210976287,430.18934873216557,-0.3196733048316687,-260.05705912022154,0.2777777777777778,-430.7005,69.85528,236.52005,-2.2617438,84.24821,156.71338,123.69063,-0.013854883209693993,-4.194092,0.16666666666666666,145.8758,36.400806,141.87402,0.082187876,45.075684,72.46799,63.366657,0.25127724316955746,22.352585,0.8333333333333334,20.68449,14.49006,59.72538,0.67307395,17.490715,32.711533,27.52624,0.19108599959231382,5.972046,0.2777777777777778,48.038437,22.689665,97.229294,-0.11634288,21.213486,41.832027,28.235601,-0.21670841172686472,-12.110344,0.2777777777777778,12.401351,14.555164,67.78248,0.0952144,17.889444,28.334875,26.169094,0.3969740837310334,17.309772,0.8333333333333334,0.009666982323232322,0.006423565175148754,0.021439985795454544,1.3055648395721991e-05,0.008071303409209274,0.013405539772727274,0.011547580032151662,0.21718318107343315,0.003140536221590908,0.16666666666666666,-0.3187058628575783,/Users/will/Projects/SpeechEmotionCS3540/datasets/SURREY/Audio/JE_n28.wav,Neutral
3.5220408163265304,13,0.16426064,0.12512998,0.39085215,2.1347698e-05,0.096949264,0.21452011,0.0931064,-0.5476572508274522,-0.19128047,0.15384615384615385,143.14630595049536,87.4102260862251,283.169154224266,0.0,93.6777163005199,283.169154224266,106.67768254093058,-0.4505857262042986,-108.5647290271232,0.07692307692307693,14.63028439981166,11.838065365479883,39.19907905382416,0.0,12.358422274063026,24.807380344618178,16.239202406908746,-0.3361128988628857,-11.519117114857025,0.23076923076923078,0.5979020979020979,0.3823199142052208,1.0,0.0,0.34666852086810757,0.5909090909090909,0.4287974139197635,-0.25908895195675147,-0.19318181818181823,0.38461538461538464,1259.3127196169519,527.7492098435685,2031.332591510717,48.02702335988311,478.62732537913826,1059.5399889297487,658.4462621749275,0.3983560899582814,363.7973525778191,0.6153846153846154,2405.356667258523,996.8723592946576,3713.009366122159,105.46375621448864,732.6930614816457,1300.8012251420455,965.5085956130448,0.427811014593053,893.9949729225852,0.6153846153846154,1444.0172681165861,163.44372754529513,622.9523741269466,20.5646779630639,205.41288814754,345.2460283211085,319.6515544584496,0.35372801126905135,97.55821052210672,0.6153846153846154,-303.6951,145.6856,465.3547,1.8837332,110.43916,241.31961,79.44353,-0.2348812117608806,-94.29825,0.23076923076923078,134.30305,24.838392,84.92108,-1.532559,34.63762,57.442245,52.20249,0.033820566656376436,11.810318,0.7692307692307693,-2.1054444,19.400135,63.08554,0.05169757,17.93063,41.905617,25.910315,0.06040087208675183,1.0696816,0.8461538461538461,44.106426,14.143963,44.492023,0.43492827,11.665152,30.144012,12.781299,0.5103533155344265,21.956856,0.46153846153846156,-10.360855,12.706569,45.553276,-0.42423072,13.298864,24.700409,17.36378,0.21249014801865732,11.012943,0.46153846153846156,0.044877485795454544,0.036484281893955056,0.12484463778409091,0.00010357481060606051,0.028678100606280416,0.058283025568181816,0.0310501874154781,0.14573770981757944,0.004694158380681816,0.6153846153846154,0.7275616179989846,/Users/will/Projects/SpeechEmotionCS3540/datasets/SURREY/Audio/JK_a04.wav,Anger
3.2900680272108844,12,0.007936897,0.0037630363,0.015454145,-0.0007574318,0.0032266462,0.0071223956,0.004448463,-0.7983904117290268,-0.0066894228,0.08333333333333333,104.1722168590402,47.706482643544554,150.12754582954508,-13.647958711776825,32.74267013506479,114.06604786398199,50.76443245595932,-0.7570120413959529,-76.04879108952056,0.0,11.009271912599033,7.372849942240827,23.448058553275644,-0.1416442032510232,10.202281902606167,23.448058553275644,15.885634447775715,-0.26673939383349204,-3.578871602900673,0.75,0.5681818181818182,0.34741271175145766,1.0,-0.024793388429752063,0.34582604880839135,0.6363636363636364,0.5533705885430331,-0.23688318607587058,-0.10227272727272729,0.4166666666666667,758.7976764276806,108.21932102585788,371.133129508543,-2.5439240120650353,106.03544232924972,145.72415889584636,102.68792522783295,-0.16029151290224128,-39.637001295108576,0.4166666666666667,1227.3110129616477,309.07651488496015,1074.2132013494318,-7.56331514721075,283.34791558724953,551.0542436079545,316.239895936329,-0.28904667999255873,-193.92117587002838,0.4166666666666667,1316.2060086700824,284.5726698885886,1065.544822326287,25.0889506275726,333.33400176306935,630.7901822520387,332.14902453904546,0.26703362783012763,141.50275539126733,0.9166666666666666,-615.23016,62.891666,213.74158,-12.01254,57.601536,109.58807,70.22196,-0.6954085963395122,-98.64581,0.08333333333333333,154.27507,31.90441,111.86983,-0.24088565,39.402557,75.176216,43.39294,-0.05121444055314181,-1.5565033,0.75,30.131546,16.60117,66.93132,-0.55342984,17.834782,37.083237,26.034456,0.15414658087052782,10.286121,0.6666666666666666,32.968655,12.564102,44.052845,2.0737214,13.905443,25.35571,19.910252,0.17431475988828043,5.1207237,0.4166666666666667,8.582714,15.214337,49.790813,1.787176,16.757668,26.842438,21.955551,0.06510373715137543,-2.9239967,0.25,0.018550988399621212,0.00798450538279123,0.027632279829545452,-0.0007384749483471073,0.009729814526129019,0.02017489346590909,0.011310288309335535,-0.2215063758224008,-0.0030184659090909116,0.75,0.6621889947957923,/Users/will/Projects/SpeechEmotionCS3540/datasets/SURREY/Audio/KL_d08.wav,Disgust
6.226439909297052,23,0.07881934,0.02280061,0.09165999,-0.00047850862,0.024003979,0.061109252,0.03292728,-0.19720851164902709,-0.014635995,0.13043478260869565,176.5993918123666,99.7036315027488,463.1546716450774,21.052485074776246,69.99320525945032,293.7116090159589,107.11721453966894,0.6646667364469909,137.94549381523746,0.9565217391304348,9.476991539664272,5.069419231586393,18.559729249516653,0.148198409683842,5.654511489732209,12.200221848943583,8.378869568235995,0.3002749753824132,2.2651674884229838,0.4782608695652174,0.6996047430830039,0.30995552473687066,1.0,0.01652892561983471,0.2991804026429413,0.6818181818181818,0.4311001527388938,0.310474749605239,0.2142857142857143,0.13043478260869565,740.8869043326905,350.99024711848006,1282.0715264378796,43.64638736053971,295.7971801957016,801.6244082833674,443.1435540571834,0.7466874826453952,583.9942088903614,0.9130434782608695,1321.164145488513,695.1418970785379,2558.536044034091,87.11159446022727,598.2765837052978,1608.138760653409,922.9595523419797,0.7586348276122851,1254.7285600142045,0.9130434782608695,1104.6383252697517,242.66817874151414,911.8687891577521,29.088327175982855,222.23330481056848,587.9697396411156,362.67858422243296,0.7194364533888022,396.95048127775567,0.9130434782608695,-404.33408,73.313545,264.02496,1.3211476,69.56464,145.89325,84.94462,0.15149646698471517,17.143127,0.6086956521739131,140.62411,26.099337,115.840385,-2.0693128,29.370928,66.3719,42.036182,-0.3286210275918956,-17.99691,0.13043478260869565,23.279568,13.405331,51.17815,-0.5418924,15.794504,26.493958,23.26336,0.09475275541104834,4.6336975,0.4782608695652174,34.909863,20.20098,72.43132,1.1707896,15.879459,27.414711,19.645554,0.6844599032760403,36.36386,0.5652173913043478,11.2623625,11.737578,45.223118,-0.72815996,9.219942,16.293922,13.216462,-0.4046605303701573,-10.900507,0.2608695652173913,0.014259549468873515,0.007945246755647891,0.028697620738636364,-3.154042683594195e-19,0.008265423324822314,0.018044211647727272,0.010603772800554615,0.00899015739275347,2.536525974025823e-05,0.13043478260869565,-0.11072334258725092,/Users/will/Projects/SpeechEmotionCS3540/datasets/SURREY/Audio/DC_sa11.wav,Sad
4.742993197278912,17,0.09857971,0.025111282,0.1013533,0.0021679373,0.02938988,0.05230406,0.037888143,0.4582968401791765,0.028033294,0.8823529411764706,177.02829219903577,11.622447672395813,42.12931641145758,-2.144799831692211,8.612477994019809,26.43311699465977,12.869494410336555,-0.6647574145944859,-18.684746236586392,0.058823529411764705,8.267060074614577,3.78887435278421,14.110055758918083,-0.7639358399740768,4.422675579744331,8.478289161896551,7.93007347363513,-0.6160370817390658,-5.687856440918637,0.0,0.8502673796791446,0.2019380490748578,0.5909090909090908,0.022727272727272728,0.23618874648666507,0.5909090909090908,0.3216121008829478,0.2756797031660617,0.12727272727272732,0.4117647058823529,806.1465542875053,368.88306957285687,1274.7984674671516,29.46187949657091,251.94717817845768,489.3378091012985,238.74613402685247,-0.3496598762835313,-372.4574325485944,0.23529411764705882,1516.0468932779077,844.8516055474416,2908.450594815341,83.07411887428978,597.0549273561674,1266.0544655539773,572.1987151011699,-0.30532735736011,-733.3034446022727,0.23529411764705882,1159.66033672013,298.6681932936084,1083.4123284128077,19.755035713387365,227.3420091577566,433.9545792755579,262.0151695228208,-0.45251968416025595,-384.74275789472347,0.23529411764705882,-366.3674,60.790005,235.17233,6.2590523,72.55761,158.8465,97.33321,0.09377118634239652,8.722076,0.35294117647058826,138.29926,28.330456,95.33803,-0.5868821,27.32508,58.94993,38.297127,0.5303456435530636,40.7881,0.5882352941176471,19.467068,14.253203,55.751717,-1.9011459,18.012526,29.658772,24.757563,-0.04128051077148829,0.24824333,0.0,35.810417,22.359934,89.65378,0.8968017,22.855534,42.80142,33.408287,-0.47600090592218613,-28.900368,0.23529411764705882,15.911314,12.025054,41.050316,1.1119139,13.820506,23.947542,18.743607,0.21156668565539996,7.0745106,0.8823529411764706,0.01955866686163102,0.007205162894633343,0.029296875,0.0008794611150568182,0.007955015291699317,0.012895063920454544,0.010527103229819996,0.4416986660550575,0.00793235085227273,0.8823529411764706,0.061260935444832416,/Users/will/Projects/SpeechEmotionCS3540/datasets/SURREY/Audio/DC_sa05.wav,Sad
3.376235827664399,12,0.009602982,0.0041642366,0.015806671,-2.6382506e-05,0.004303076,0.0073418855,0.0058483314,0.10613942481651024,0.0004494656,0.5833333333333334,163.6195506245687,100.9214847085423,353.2345849894917,-27.77754745613328,112.2854570576462,210.98618277806295,172.54978314105475,-0.4701421894321567,-112.38846693735539,0.5,21.474571523050127,25.7381182128,88.70433860425868,-5.298336131772026,25.997995729382307,67.45173858464861,41.8953527825894,-0.5633589706521455,-32.26055951887217,0.08333333333333333,0.5757575757575758,0.30567031820957596,0.9090909090909091,-0.08264462809917356,0.33166144935241515,0.7272727272727273,0.48820805753082,-0.344616955522466,-0.26136363636363635,0.0,1159.2366413852235,315.1602314084799,872.3106050593216,-14.794823874776956,417.70024659202926,808.2389461802081,539.5011499718333,-0.23210441812793783,-121.85606356147537,0.75,1993.8604181463068,473.7711583009005,1451.0442560369318,-46.225202576188025,627.6820202063457,1164.2611416903408,835.7412516680838,-0.2596846466390294,-139.4764293323865,0.75,1333.1410237727844,201.78326763568285,696.9191086958455,-10.97814913073828,230.79722225480555,369.00744272571956,294.28127972315826,-0.1812638386866679,-32.99336719896678,0.0,-568.397,50.29231,163.59293,0.2830977,62.260765,127.017334,73.54036,0.11182578238398069,19.110535,0.75,132.56117,19.895353,67.44613,1.0550433,24.630508,49.60517,35.35494,0.2726587560419431,11.673248,0.6666666666666666,15.090734,15.567735,55.17208,1.4971577,17.913506,26.99491,23.163,-0.21033227412064925,-14.447142,0.25,40.1041,12.817066,44.70201,-1.3934174,13.771795,27.823727,19.69629,-0.38538274696935887,-7.1197968,0.08333333333333333,7.263321,18.010935,61.751022,1.3534943,18.14714,29.28255,22.493021,0.39527136600116386,18.692778,0.5,0.047516793915719696,0.027087226917916873,0.07477361505681818,-9.079610020660974e-05,0.036518600133708924,0.07357510653409091,0.04393609875647122,-0.0315390569052073,-0.0007546164772727279,0.75,0.23935476127689168,/Users/will/Projects/SpeechEmotionCS3540/datasets/SURREY/Audio/KL_h05.wav,Happy
5.5278458049886625,21,0.011146734,0.00524381,0.019844871,-0.00031825015,0.0047310353,0.012571714,0.006316327,-0.6925944611647763,-0.008278282,0.09523809523809523,139.76775595974595,101.99504341440482,478.1107742910124,0.0,139.694388341877,478.1107742910124,236.35745381202122,-0.16479111962880613,-35.57604913717704,0.8095238095238095,22.412883822596193,21.757067488835588,83.38620065156849,7.105427357601002e-16,21.597925806131784,60.72719244217164,34.21292094590044,-0.4435944439644554,-26.047053097407602,0.14285714285714285,0.5086580086580087,0.2981046805313735,0.9090909090909091,0.0,0.24180792869582518,0.6363636363636364,0.3501823626270685,-0.45685511319863115,-0.33116883116883117,0.19047619047619047,900.0099409859782,333.03634822498924,1320.1850012061616,46.33508462889082,266.26722614543667,647.7429038879104,409.1898471731764,0.7559859569362113,491.09277409154686,0.9047619047619048,1610.1196289062505,760.6068618322429,2967.1775124289775,117.50277432528408,632.6275047432483,1513.6863014914775,962.3984763284001,0.7063802916452455,979.7607421874999,0.9047619047619048,1281.5333837266178,308.2947496929244,1210.904406407771,40.43128603745978,224.97587592090085,578.7408950971678,291.936913877602,0.5893570900001178,364.84750499630354,0.9523809523809523,-563.6069,60.703766,248.15652,-2.1009185,65.95711,157.4024,85.331085,-0.35896839689613924,-48.77234,0.09523809523809523,150.61536,33.583164,119.20977,-0.12710533,30.913345,60.555145,40.35222,-0.24568312840327808,-11.425354,0.3333333333333333,18.36055,14.998784,56.874123,-0.73644483,20.347456,37.90152,31.288458,-0.058422386754718725,-2.51618,0.8571428571428571,36.538116,18.893496,71.46394,1.3708557,19.97993,46.55754,30.885118,0.5856522160598543,21.655018,0.9047619047619048,3.7408037,13.854968,49.60048,-0.4088202,12.950085,31.908348,17.250025,0.007327685435071775,-1.4056438,0.23809523809523808,0.02352733529491342,0.012104932777872598,0.04307972301136363,4.9937855113636224e-05,0.013355161614444439,0.02956321022727273,0.01745117875346478,0.4053709431503705,0.009813184862012988,0.6190476190476191,0.3241929569822435,/Users/will/Projects/SpeechEmotionCS3540/datasets/SURREY/Audio/KL_h11.wav,Happy
2.7714285714285714,10,0.013237086,0.005779428,0.0201743,0.00024350226,0.006309846,0.012364387,0.0056303344,-0.02752947286448823,-0.0013606492,0.2,232.158879572326,147.01764628158918,455.01838015575896,47.06576821005458,118.06109360827969,323.2417474206054,179.02449544996847,0.7927118977832974,311.66100303992357,0.7,13.574876123423124,10.113843093793085,35.550214826335704,2.9543440492182915,8.806426447254404,19.142018852520668,13.284060536200569,0.7809473294828938,20.697091214312167,0.8,0.5181818181818182,0.2659770697877781,1.0,0.03535353535353535,0.3506374738931269,0.5,0.5278589511546145,0.0059498517910377986,-0.12121212121212116,0.2,997.6356407177664,321.06022945256325,938.397452967975,-85.31809041717787,268.6662322316832,750.1865850579828,447.2832116877621,-0.8091732886744744,-605.0135265523937,0.1,1640.7811390269885,596.0964169966469,1781.87255859375,-106.36097301136363,583.2242047316164,1333.590420809659,905.3350353303566,-0.7298032878704325,-1035.714444247159,0.1,1287.7007233411623,363.1641279707466,1092.0926266157044,-34.831875804492064,344.2672777611258,745.8170435149933,346.34800356750094,-0.45696290617173924,-399.19566159495116,0.0,-543.31775,87.097145,251.28119,2.5030856,82.4771,169.6596,54.35805,0.027833072891717547,-0.9331665,0.5,154.14024,42.75086,120.32008,3.6028833,34.063454,71.16298,36.596836,0.5243670202002861,55.65731,0.6,20.852476,17.634428,60.46971,1.9859319,16.738348,29.129177,21.139202,0.2479048414545501,16.55474,0.9,20.378925,13.690971,44.004116,-1.2992929,14.772324,20.836985,16.841928,-0.35837900576028475,-8.099495,0.0,-17.602453,12.199135,43.090836,1.5548292,11.238134,18.997898,12.496649,0.14738159399537226,0.00997448,0.9,0.03995694247159091,0.015246280061156501,0.06236683238636363,-0.003001203440656566,0.0190243140135834,0.03568892045454545,0.031021976855662835,-0.6720729242181342,-0.02338571259469697,0.1,0.050952900118519315,/Users/will/Projects/SpeechEmotionCS3540/datasets/SURREY/Audio/KL_h10.wav,Happy
2.6895691609977326,9,0.011359927,0.0031465453,0.008633753,-0.00054244336,0.0043330695,0.007861963,0.0059687453,0.018044404988449052,0.00077586155,0.6666666666666666,179.1726958164938,67.75707876590215,244.01660132339765,-30.502075165424706,40.95007517962456,95.3499491610753,43.90554137106139,-0.8042952158239435,-113.30326484296754,0.0,34.597287623581565,20.80778796803886,76.36563525305593,-4.66037016283161,25.519563932279546,59.6966398933981,44.0737530685308,-0.7049280620013402,-32.79087799807387,0.1111111111111111,0.8434343434343434,0.20113442173474624,0.5909090909090908,-0.07386363636363635,0.14362755295186977,0.40909090909090917,0.19350213539936814,-0.719657337543677,-0.31818181818181823,0.0,1263.5537198236636,379.37578107966266,1201.6814325947198,44.69564062905306,413.444013025236,773.2355463076635,520.4903972822374,-0.12095697007701488,-149.30069857989065,0.3333333333333333,2215.3642134232955,782.7300690528214,2285.455877130682,74.26508123224434,819.8351679038633,1528.3680308948865,969.1573076562936,-0.23432323447605052,-556.1112837357953,0.3333333333333333,1402.6126014912195,236.62585470455943,649.3101219831406,-39.16505191859929,246.62315060956735,548.0145228645902,393.2051951775869,-0.6598546081232558,-381.32217373583444,0.2222222222222222,-522.02563,50.45004,152.99551,4.547249,51.944958,93.90173,47.94817,0.1302135533991464,11.211121,0.4444444444444444,136.77397,35.31177,93.2937,9.181324,26.739084,72.477844,40.83055,0.8101568391445313,64.71346,0.5555555555555556,10.4340105,14.687729,46.248466,-2.4466977,13.745188,28.995766,14.457847,0.014112029478554776,3.9894896,0.0,42.21365,23.400806,71.185074,3.1546705,28.409386,54.11783,39.743565,-0.18518298129990807,-15.569202,0.2222222222222222,-8.36947,13.411842,42.816956,-0.42067528,14.320033,23.556156,19.347927,-0.1430370739894124,-6.446888,0.0,0.05827562736742423,0.03174543203851201,0.10708895596590909,0.005096435546875,0.03212242571375369,0.059881036931818184,0.03401124347476353,-0.02063922381838899,-0.005363695549242431,0.3333333333333333,0.14975009626864047,/Users/will/Projects/SpeechEmotionCS3540/datasets/SURREY/Audio/KL_h04.wav,Happy
5.983673469387755,22,0.08308187,0.0274318,0.10269561,0.0010803241,0.028770594,0.05611157,0.0361419,0.4268632403611798,0.023842715,0.5,160.94742949878298,64.53912942104857,203.09272611006088,7.531894438978021,72.77997229187919,203.09272611006088,121.54445803780933,0.3560821530348309,39.89141931967944,0.09090909090909091,6.875010190307643,4.397014691043448,15.576893506839367,0.5734894310226706,4.131273067996121,7.481975812771877,6.362744081903629,0.46479069403342527,3.6114224528285064,0.9090909090909091,0.6652892561983472,0.32592279399522306,1.0,0.030303030303030304,0.2677516299246355,0.5909090909090909,0.32727272727272727,0.5675515277060166,0.34415584415584427,0.5,708.7224528330366,219.05309692338236,903.2188771103683,6.738656030443862,205.25354401002005,551.4949625573609,288.08861599079466,-0.1066629765254318,-82.91967470938403,0.45454545454545453,1257.7348188920457,488.54366695007843,2040.2709960937498,16.66259765625,457.32307395767737,1225.9244051846588,665.0244781567181,-0.09619421773615523,-158.35293856534088,0.45454545454545453,1152.1751816383564,171.6436963058849,586.1608358364979,2.323253194964937,191.94872932200428,517.8471456660199,287.71926123546524,-0.2049900804070137,-98.32967384094195,0.45454545454545453,-385.13367,68.9913,245.746,5.0019155,63.290215,131.72351,76.04643,0.3447468829308291,37.05832,0.5,136.35748,21.849707,103.457306,-0.65176284,24.74856,56.0194,33.49229,0.1728802406184571,5.143219,0.9090909090909091,14.583474,9.352214,41.01791,0.25346392,12.626863,32.937935,20.324404,0.09480954816865149,1.0700855,0.045454545454545456,35.607346,13.566524,52.679413,-0.6251973,15.38651,34.579746,22.62819,-0.04158352081100349,-1.7059364,0.36363636363636365,13.396442,10.0523615,44.947495,-0.28522205,11.588937,25.248856,16.86455,0.16858254719615107,5.617958,0.5,0.013863555655991738,0.007503418628887535,0.025124289772727272,0.0004555177895021645,0.007500507883020985,0.014537464488636364,0.00990951113291038,0.5246207901234724,0.008180296266233768,0.6818181818181818,0.5936063477975213,/Users/will/Projects/SpeechEmotionCS3540/datasets/SURREY/Audio/DC_sa04.wav,Sad
4.161451247165533,15,0.09549954,0.026522651,0.095544785,-0.0023721063,0.028277405,0.052802533,0.045200232,-0.5697976510131706,-0.0404907,0.2,192.06953511116714,16.743457699465598,70.06381483710439,-5.004558202650314,5.941074408276985,18.958440641140953,6.25997499909992,-0.9084801042219879,-31.690553484736284,0.0,9.402422645927874,2.942610085660613,10.967827507125302,-0.20819835901143824,4.105059167801533,9.755960527143813,6.709837471967952,0.03293290687200808,0.5666288955471526,0.8666666666666667,0.7515151515151516,0.2256711243867984,0.7272727272727273,-0.003246753246753244,0.19698456249503263,0.5,0.24148666643121688,-0.024863752165718737,-0.045454545454545636,0.2,1009.9043953483236,390.30799319342674,1273.331839940359,85.35106111259084,327.41538668431104,787.750828017648,463.08908539785807,0.5786738174895358,485.3064336562137,0.9333333333333333,1919.4240500710225,721.1708051401315,2429.336825284091,154.85728870738635,703.4576083148423,1560.6678355823863,950.2689079565384,0.44488651822079317,696.5012428977273,0.9333333333333333,1315.695889820721,264.63027486200434,923.5884256156894,48.24917804003329,296.8478620924842,591.1626869099812,410.639315305617,0.31089853507240856,220.47272619381238,0.9333333333333333,-352.46597,29.587626,92.73599,0.9072462,41.29612,77.70279,62.80314,-0.23393449394124496,-23.938934,0.2,118.19138,35.268715,129.47552,-2.6635983,27.8858,53.218575,30.322874,-0.17819343307957572,-21.756363,0.2,7.5118704,6.786696,21.9887,-0.84408295,8.932011,21.9887,14.324535,-0.5350264984740848,-9.068486,0.0,47.673416,24.229395,83.104195,1.8132523,24.64041,49.101616,33.03509,0.43291162132213845,35.285046,0.3333333333333333,16.894081,12.90008,42.050877,-1.0665203,12.554898,20.991045,13.052571,0.08676758538018386,8.790382,0.7333333333333333,0.018093039772727273,0.0070647163388825734,0.02650035511363636,0.0011208274147727275,0.009004941426412763,0.023703835227272728,0.014621799057417761,0.40666630268431553,0.0035111860795454496,0.8666666666666667,0.3614574411084708,/Users/will/Projects/SpeechEmotionCS3540/datasets/SURREY/Audio/DC_sa10.wav,Sad
3.8672562358276643,14,0.0070311166,0.003421655,0.011928795,0.00015729695,0.0036712203,0.007070317,0.004141048,-0.1388471469571555,-0.0018023904,0.21428571428571427,128.01215783006043,39.08026360269988,177.88342168812935,13.683340129856104,40.07180243232569,142.25119508689363,39.568577452862066,0.41082912650418185,27.93234656147176,0.9285714285714286,14.785529532882896,7.966201407646386,33.748917428948,1.1901919987605287,11.627540268970543,24.839084100389233,17.571532842712056,0.18864472311801092,2.862682542359357,0.8571428571428571,0.7175324675324675,0.2776496115558223,1.0,0.04895104895104895,0.29103009855503237,0.5,0.3581498985931155,0.2509236741651742,0.15909090909090906,0.21428571428571427,1114.6816343958565,456.66099239709365,1516.4733540770908,-3.0570410185340333,413.9796908648705,1075.2618095107664,532.1016839531949,0.20125357672124003,77.67159428433445,0.6428571428571429,1951.3766202059658,753.73462035437,2570.281427556818,16.14990234375,741.080008316535,1939.456454190341,1020.9658472039051,0.22024401792902387,169.32927911931802,0.6428571428571429,1437.311874263118,350.3833262921039,1194.8570405005262,-26.29852024806733,398.663690882492,812.5174201223464,523.7805567505651,-0.25002767081916816,-261.2788841173526,0.0,-594.4469,76.295784,240.0484,4.070073,88.36028,159.50037,100.9748,0.10410717707108229,13.665466,0.14285714285714285,150.09851,41.320126,128.64664,1.1985586,49.198368,104.3598,64.68254,0.21114500110900983,29.97493,0.7857142857142857,8.688561,21.019144,71.574814,-1.0657531,27.253124,50.56734,39.35774,-0.3265423017323126,-18.622814,0.42857142857142855,36.580387,17.002836,57.927166,0.037761394,17.408371,46.18553,23.724977,-0.019951897582116507,-4.9165115,0.6428571428571429,5.579661,14.431402,60.11757,0.91920704,15.73655,39.45928,23.043707,-0.09940321530404118,4.1046343,0.35714285714285715,0.03453321580762987,0.019844298139921192,0.07195490056818182,0.0007836401879370628,0.020271811847403735,0.04749644886363637,0.024613049169325784,0.1670547082680103,0.0012096058238636395,0.5714285714285714,0.5058068603850981,/Users/will/Projects/SpeechEmotionCS3540/datasets/SURREY/Audio/KL_d09.wav,Disgust
3.3479365079365078,12,0.06075251,0.014944015,0.050280925,3.441491e-05,0.015708655,0.029670585,0.016993396,-0.31180509879241175,-0.014517505,0.16666666666666666,134.75937952407412,110.47830863171387,464.83987573514605,-42.25817052137691,97.290512064005,330.5400959437992,115.01112674977188,-0.7210140670360338,-161.62680725113302,0.0,5.481151863781282,3.519944570833844,12.03082796852518,-0.4064356880497355,3.8997522816274386,7.338509722828463,6.822885772886636,-0.6345202863297597,-5.6522189795512325,0.16666666666666666,0.625,0.3492046255756301,1.0,-0.04132231404958678,0.3618003990057443,0.9090909090909091,0.5287010434909598,-0.28123005059290934,-0.20454545454545459,0.6666666666666666,732.5892680035346,318.41114196681445,1086.6568422159219,-12.044151454674141,306.5077214221302,519.785163035845,327.94319438256343,-0.10024911948596502,-73.08376506998991,0.25,1415.8896706321023,805.2813412520474,2748.9091352982955,-29.141008361311957,797.4243767971283,1464.7472034801137,897.3341214330106,-0.07916288688404316,-152.07824707031227,0.25,1194.3755033984128,261.06975931712805,874.670602429595,-18.98505100721468,287.0741032636744,545.5593316723491,357.55731007641106,-0.17410281206641662,-110.34038931650502,0.25,-432.551,72.42865,222.945,-2.3897483,68.88484,103.526825,69.8658,-0.09113319758119094,-16.943085,0.5833333333333334,143.93236,30.04245,98.11746,-0.07676766,26.529463,47.559937,35.892807,0.3582946258846251,29.89711,0.6666666666666666,31.59651,10.217098,26.691793,-0.022439783,11.134918,22.46741,14.119404,-0.3214200936098972,-7.6769276,0.4166666666666667,50.898777,25.370756,94.20777,0.031910464,26.407093,44.869946,31.80561,-0.17557793922510864,-13.956764,0.25,-2.6308537,16.483583,50.564304,0.79571015,14.351015,24.102451,18.572031,-0.42046462774701243,-19.389069,0.08333333333333333,0.008635549834280302,0.005368918623233815,0.016557173295454544,2.421229338842973e-05,0.005262912027456882,0.008101029829545454,0.005503599065497356,-0.03048688961432782,-0.0007990056818181828,0.5833333333333334,-0.08286553958346907,/Users/will/Projects/SpeechEmotionCS3540/datasets/SURREY/Audio/JE_n29.wav,Neutral
3.5219954648526075,13,0.19512382,0.11999896,0.3820755,0.0002228287,0.118921034,0.24905199,0.16551137,-0.18626922727776996,-0.06635663,0.23076923076923078,187.07600678266266,135.97946399150712,448.046542962761,0.0,171.3303801081156,448.046542962761,216.44843769722974,0.36815613325769364,129.0764617554392,0.8461538461538461,22.771594066713945,22.06169213717035,88.62176770048042,0.0,32.774192622238886,88.62176770048042,56.79170503407259,-0.16470634758397423,-12.66573697607054,0.15384615384615385,0.583916083916084,0.35872830849456244,1.0,0.0,0.27461468121805843,0.6363636363636364,0.37042867489280945,0.1068041568859731,0.10227272727272724,0.6153846153846154,1460.5174766011758,618.1632398408849,2219.8361776431225,114.91929982739411,750.2264518553372,1496.9877491175198,1035.2134378927035,0.27835466217299054,249.4470109557226,0.8461538461538461,2562.2252991149476,940.7196636312606,3339.604048295454,149.14190118963066,1312.1849764780854,2685.2883078835225,1834.1887017041097,0.12117646482205283,-61.54091574928998,0.8461538461538461,1409.729645612663,249.76425319088813,903.9540983267115,7.778892094987214,333.8276786985892,539.6170951081721,504.7927767818184,-0.22680969628494083,-230.4051345092205,0.07692307692307693,-273.4442,129.17287,409.50873,2.1251488,103.47948,218.67548,70.11402,-0.1301033360196526,-47.341125,0.23076923076923078,123.810165,43.228302,138.4611,-2.984156,46.74966,83.97238,66.16876,0.0678608886857659,16.529,0.6923076923076923,-5.39911,18.050447,52.8746,-0.88702774,17.789412,36.059784,25.922482,0.2213597623534258,10.132345,0.8461538461538461,45.462303,15.221742,42.88239,0.8506816,18.847555,32.32977,26.716976,0.08719796773397312,-3.4476166,0.07692307692307693,-17.196362,10.329209,37.412876,-2.0693405,13.773167,22.745693,22.244743,-0.2287163959708512,-5.8277683,0.0,0.06334168760926573,0.042139003438974254,0.1524991122159091,0.007947517163825758,0.051136610449838596,0.10340465198863635,0.07015968513743437,0.2834711001689845,0.017927689985795456,0.8461538461538461,0.35108735351117,/Users/will/Projects/SpeechEmotionCS3540/datasets/SURREY/Audio/JK_a05.wav,Anger
2.8905668934240363,10,0.28085715,0.15833001,0.44080994,0.0013736784,0.11844558,0.18100993,0.09871695,0.08735511173344783,0.058967784,0.4,192.74456702770004,118.36261729259601,420.29987604366687,-46.6999862270741,173.30689514565438,420.29987604366687,276.44982339054764,-0.459414573870305,-107.81321352424165,0.0,32.04516235832287,18.663311108896483,59.39235832904272,-4.295356896909821,26.912345377892173,40.554763984487565,43.79711385279019,-0.11579511056455626,-1.800646904917663,0.3,0.5727272727272728,0.3253732757849687,1.0,-0.050505050505050504,0.3444725839389885,0.6818181818181818,0.45734224801365314,0.08754693987147767,0.12121212121212122,0.5,1287.6676805266598,240.02871283933922,779.6635011993791,-46.07880044916276,249.23041426005784,409.1326689935528,338.69591118051557,-0.6809087241380699,-326.290558171258,0.1,2793.296897194602,597.4547160751175,1837.6631303267045,-109.13418856534089,624.481427886985,978.7819602272725,875.0680223242919,-0.6699381989843576,-804.069380326704,0.1,1580.8340330244066,213.4715456633234,648.9674917029145,-45.51308603202412,202.3080761837434,388.26872012598074,291.88176588951075,-0.7495169190344259,-334.3455694709396,0.1,-202.4306,110.06134,340.78156,5.4242706,90.213844,175.54213,44.129963,0.16419541225319023,55.24356,0.4,118.34139,18.93826,53.046654,4.404394,9.944269,21.584953,15.870559,0.9229704860190607,40.376945,0.8,-17.29035,9.085607,28.568403,3.1742668,6.041182,13.819421,10.090517,0.8733875328083543,17.4846,0.9,42.390755,9.111463,30.92241,-2.0548923,12.670402,17.57819,21.48792,-0.34585801340656314,-5.7930984,0.3,-20.883213,9.48744,33.24049,3.1570523,10.630117,17.394276,16.902552,0.6951365492839604,12.783314,0.9,0.030462091619318184,0.01684552547951944,0.05018199573863636,0.002224392361111111,0.015085070229140782,0.03016246448863636,0.01832298654919631,0.6023058671386955,0.029348662405303032,0.8,0.22831826979663883,/Users/will/Projects/SpeechEmotionCS3540/datasets/SURREY/Audio/JK_a11.wav,Anger
5.458412698412698,20,0.060393445,0.0137824975,0.05298667,0.0003391118,0.01319279,0.033567104,0.016546816,-0.20417296752800476,-0.010996666,0.15,157.24905912777788,109.83746858985788,482.5114391123266,-18.88180625080922,83.59318161406637,331.02889316481344,132.70994388509877,-0.564032286174059,-135.52241286608444,0.05,10.580870047300236,9.420179344126023,43.092913439115726,-2.1959193768355636,10.750743593342579,35.21960672359165,16.126757243629317,-0.5427685335390844,-10.808497619613558,0.0,0.6386363636363637,0.248746859276655,0.9090909090909091,0.004784688995215315,0.2762510539549942,0.5909090909090909,0.390884294361401,0.15765834869330972,0.11363636363636354,0.25,714.8031269134133,317.47175811360154,1126.0306165110692,-5.550266748621186,277.0852358927894,606.3310229197322,339.38704567590105,-0.06482195375871437,-120.94564029517778,0.2,1417.1049915660512,761.9410081192487,2486.5955699573865,-22.305925725179417,676.523220605265,1249.9045632102275,849.9149668558622,0.005065373749849826,-121.124267578125,0.65,1188.6451709850012,206.72083190973666,733.2417898569721,-12.078076638335862,217.64211893244422,398.8809771618818,329.50303453932645,-0.1157501156277139,-116.1133245794797,0.65,-424.82928,70.212006,245.15237,0.32025468,63.73492,136.53616,76.30131,-0.11904815579994439,-31.202759,0.15,145.59618,22.918804,80.78236,0.7787002,30.97417,68.49358,49.792713,0.25811371543351264,19.494797,0.9,18.325264,18.121931,63.29153,1.2465752,13.329043,25.009874,17.166363,0.5685963351406069,26.48972,0.8,47.79339,14.623443,59.04236,-1.1362147,15.149349,37.829315,20.700897,0.008461751512456891,0.7311897,0.65,8.26089,14.882324,61.064117,0.12214967,17.789072,43.870293,25.31584,-0.33538975616281774,-10.276724,0.1,0.008685857599431818,0.004690309607295958,0.016335227272727272,0.0002172734748803828,0.004761707117593645,0.008345170454545454,0.006427319938362763,0.01840273966213234,-0.0004069010416666687,0.6,-0.2774565307317959,/Users/will/Projects/SpeechEmotionCS3540/datasets/SURREY/Audio/JE_n15.wav,Neutral
3.6979591836734693,13,0.071430914,0.0131782405,0.03992676,0.00026600933,0.017290039,0.029146388,0.021636896,0.016028069648996068,-0.006362766,0.5384615384615384,157.9311294683537,92.39398461905058,359.9527832390218,-29.914535329528913,94.08526427059044,336.58613992732836,105.41609428564502,-0.5647600405283512,-117.5444055787535,0.0,9.71210759612639,4.201008598638626,14.565107456718348,0.48660343145502544,5.95000717220002,12.810080646368398,10.732096540291522,-0.2059037808393682,-3.19609121846468,0.15384615384615385,0.7027972027972027,0.17524425295303034,0.5,-0.015151515151515152,0.25601129164720915,0.4545454545454546,0.3955303173605905,-0.058656865271629444,-0.09090909090909094,0.15384615384615385,875.7801979268219,372.3630854135458,1335.6015580236503,-26.0001102842556,426.5995189950437,1024.3192495261737,705.0685028204833,-0.49480318081756286,-421.331917081626,0.3076923076923077,1733.0840424224214,787.9485739868952,2946.133700284091,-63.74317515980116,893.1447985324041,2041.739169034091,1503.1788799930796,-0.5378609451892691,-905.4956609552557,0.3076923076923077,1218.640920186836,292.9806114591261,1032.6678349682193,-27.928350799250115,329.95047616297734,704.6794052122693,570.0874503583258,-0.62567183274173,-398.27101749479107,0.3076923076923077,-393.60046,43.68181,151.34134,-1.4638494,51.446724,100.9303,57.937737,-0.37171231960082024,-56.0166,0.15384615384615385,140.26791,35.635742,121.0291,3.570851,40.747364,74.04467,58.536232,0.4958620179912139,35.574127,0.15384615384615385,28.854753,21.24323,67.321335,1.5774087,12.754055,31.417135,16.907484,0.6949603700172442,39.484253,0.7692307692307693,60.004,15.856987,56.221375,-3.1514015,19.161037,32.850895,32.97856,-0.6861971437064909,-22.9334,0.3076923076923077,13.273294,12.879698,53.00236,0.30882168,14.722254,25.734165,20.5692,0.40036684380845644,15.879357,0.8461538461538461,0.011577046000874124,0.004762897990063463,0.017067649147727272,0.00034401633522727253,0.005951958262798309,0.009299538352272728,0.007181018522820007,0.08037679364103846,-0.0014981356534090919,0.15384615384615385,-0.3560506559798794,/Users/will/Projects/SpeechEmotionCS3540/datasets/SURREY/Audio/JE_n01.wav,Neutral
4.813151927437642,18,0.08780726,0.033759296,0.0986816,-2.5722034e-06,0.022164661,0.046638336,0.028911363,0.09176318690597697,0.009756587,0.3888888888888889,206.01384359586066,120.15550912611462,442.56071179938056,-3.343730521224001e-15,174.38063015081246,442.56071179938056,301.5839662765678,-0.1834755326809368,-41.07351162425408,0.05555555555555555,20.739024177063364,18.93531135711646,70.3107712549299,0.0,13.876784258446204,36.3960432841116,16.834615942569563,0.3098633338613071,19.277199391101092,0.6666666666666666,0.5303030303030303,0.34484262656791037,0.9545454545454546,0.0,0.24052284646041733,0.5,0.35682541972971776,0.05504753022988548,0.06818181818181812,0.3888888888888889,1211.5042727515577,516.3843461100207,1780.678952365327,6.693957171099843,474.8370155080255,1070.9194064971348,665.836401454711,-0.07872721291487089,-171.383097005781,0.16666666666666666,2276.211825284091,1060.0572752702865,3348.9024769176135,4.865122096423811,875.5139136824658,2042.2285600142047,1198.7854558766335,-0.10792377207727721,-407.4179909446025,0.16666666666666666,1499.5323778899747,266.84782907355896,939.811981407917,13.770669571889805,265.75247092089506,623.4306016585517,389.1373583162225,-0.021322802223559163,-77.12142838938394,0.16666666666666666,-363.42047,114.440506,313.1985,2.132572,62.72433,154.34958,61.571274,0.035411489440349976,7.2909546,0.2222222222222222,109.09482,23.972712,86.33762,-0.65411085,32.28653,67.86922,50.39481,-0.034537561718162545,2.6482239,0.7222222222222222,8.387744,13.611915,57.78481,-0.75444806,16.604889,35.95862,26.145998,0.2730831995339579,10.578087,0.8333333333333334,51.268127,15.509673,54.19359,0.5014936,16.793394,29.012268,25.177837,0.2366440106720147,8.364498,0.6111111111111112,-14.330546,16.551052,52.900925,-0.43051744,14.134539,29.120321,19.528366,0.15388441684649923,10.516261,0.05555555555555555,0.013097281407828284,0.01083758358138293,0.040771484375,0.0,0.01005580466299039,0.029341264204545452,0.013943819597123996,-0.18901168095890306,-0.006195993134469698,0.2222222222222222,0.5680935057249679,/Users/will/Projects/SpeechEmotionCS3540/datasets/SURREY/Audio/JE_f08.wav,Fear
4.048299319727891,15,0.11541079,0.088054925,0.31530234,-2.3749259e-05,0.070546985,0.15271702,0.07083476,0.4207940076304909,0.11007724,0.7333333333333333,244.71153355225871,113.5454195197034,458.05016811570744,-32.71786915112195,48.44036757889998,125.134512284321,41.10593961374689,-0.7996973060320404,-193.31114099749652,0.0,28.472880693433485,24.80170019651933,92.26269676541497,-0.973511409135732,39.0708863149217,84.25076864205889,71.61988951977904,-0.1418698803551506,-9.59929861738473,0.13333333333333333,0.7151515151515151,0.2589801287178363,1.0,-0.0422077922077922,0.31513583104019954,0.7272727272727273,0.43127637933226154,-0.3141551769420636,-0.11818181818181805,0.26666666666666666,1228.983532120496,557.3189017974308,2054.3382350619495,-21.89748231554074,547.7465914778168,1215.369577601951,827.7186293668187,-0.05653513033136817,-115.30269167666665,0.6,2283.139426491477,1052.1329025452435,4027.198375355114,-58.1326571377841,1039.8273358767467,2129.829545454546,1596.547614330935,-0.1911456836485172,-602.636052911932,0.6,1494.5317657020971,254.5234293879199,1037.6664499800522,-6.2564937083383745,307.50423415951235,655.8683893241209,478.52565883513284,-0.10225137537189251,-121.1154311321609,0.6,-340.8621,131.91013,442.25528,-4.903907,96.053566,214.46524,64.19711,0.17445505229657723,63.851257,0.6666666666666666,111.60619,27.603481,113.09856,-0.9468302,35.044895,62.031036,54.311066,-0.23857492669929128,-6.6882324,0.3333333333333333,0.4947522,17.29529,71.27585,1.2514131,18.205399,37.46666,28.009623,0.6367130137029614,23.838486,0.8666666666666667,45.060017,14.886956,53.98349,-1.8890222,21.362095,36.66809,36.0253,-0.08693905768036315,-4.839386,0.4666666666666667,-2.3207974,14.597225,47.321632,-1.1382512,18.076881,35.2394,23.79048,-0.17652914304111086,-6.4911017,0.8666666666666667,0.04453420928030303,0.04155192631596672,0.14277787642045456,-2.536525974026046e-05,0.03810520864870022,0.08971058238636363,0.05080646424778288,0.14715231200199083,0.01026278409090909,0.6,-0.18855195972806998,/Users/will/Projects/SpeechEmotionCS3540/datasets/SURREY/Audio/JE_h07.wav,Happy
2.868888888888889,10,0.14033271,0.104055256,0.26232478,-2.1813437e-05,0.08299462,0.1613887,0.09672898,-0.30086416623732276,-0.09293474,0.5,199.143108986277,135.68512555474078,461.5632582348201,-51.28480647053557,59.58740564496614,161.6308489089126,80.11466607572582,-0.924266997441132,-306.15761127614263,0.0,25.586758331257595,36.6923552093258,125.38179970524335,-0.4131772225565445,58.06292723926362,121.66320470223444,94.78161366466288,-0.37358695266231107,-43.46047712285606,0.1,0.5409090909090909,0.3373756275275183,1.0,-0.04545454545454544,0.3579094488187187,0.6818181818181819,0.5192572572179938,-0.4620328665409827,-0.48484848484848486,0.5,1205.175087975042,532.5471143705385,1709.0427328086112,-29.380856547096,635.8448933986672,1541.7935099088013,703.230775646608,0.4373654417980132,767.8320640605215,0.7,2197.46337890625,810.2814638545698,2672.0747514204545,-68.24285333806819,959.3234212277379,2284.4770951704545,1056.1874577224332,0.3691634147588947,969.646661931818,0.7,1404.542919614101,240.18469481215564,722.0675180158096,-21.536836863396907,258.38859444981995,579.9747034002153,294.2126330273115,0.37611893291759024,281.680766449801,0.8,-342.46503,141.13965,401.81226,-8.462233,100.92024,176.354,50.80998,-0.28439019680289307,-103.66144,0.3,115.265564,34.533134,118.261795,0.011806064,46.009,92.68713,63.11836,-0.30624503620731675,-28.449646,0.3,2.3174617,20.02748,74.82711,3.4533997,25.292025,39.884804,36.91592,0.4832344315499588,26.548307,0.8,45.11773,15.244722,50.034203,-2.6919966,16.464209,30.99258,17.73337,0.20846511709609292,11.41507,0.7,3.754577,16.290716,52.706554,-1.0288284,19.113073,29.861233,26.470316,-0.5270143204018999,-28.587307,0.1,0.03046875,0.020030285607781,0.05821644176136364,0.0,0.01774483397515701,0.03451260653409091,0.01617475229779673,0.2955416632281226,0.0199603456439394,0.7,0.1465702784270736,/Users/will/Projects/SpeechEmotionCS3540/datasets/SURREY/Audio/JE_h13.wav,Happy
2.520997732426304,9,0.0064240135,0.0024334942,0.008050423,-0.00019885448,0.002411441,0.003274613,0.0032174974,-0.13917666195620632,-0.00060909847,0.4444444444444444,130.68845569416965,122.2038200406249,445.1431545466215,-17.39835740563819,225.66466268540296,445.1431545466215,394.84629183510697,0.0466916087038535,16.19287038803091,0.7777777777777778,6.877212376230799,5.481164423118287,19.579013830705804,-0.8939502223807234,6.4828134829961925,11.436764034795795,11.341566847663833,-0.6483128788652355,-10.377228262775198,0.2222222222222222,0.5757575757575757,0.4008714107673622,1.0,-0.051136363636363646,0.357503323107713,0.8636363636363636,0.5205346447748332,-0.6001785448633479,-0.6666666666666665,0.4444444444444444,821.9044091902007,185.03797935024963,519.58815783946,11.303633116385527,196.28203566937825,366.36392495237317,221.26671084553178,-0.47362358829578327,-273.60127616583475,0.2222222222222222,1387.0427911931818,420.06466334345305,1237.180397727273,35.786715420809685,431.86538768173324,764.4287109375002,474.83738322064033,-0.46169524774653603,-620.2215021306818,0.2222222222222222,1241.267959106485,312.834734069017,1002.7399190084028,24.61719202781569,286.7418384929977,571.6033508004095,267.13138118567144,-0.1266027833551484,-135.8693123536757,0.8888888888888888,-601.99194,55.281197,182.27228,-4.6908646,51.668056,96.630005,55.20811,-0.28520495386612804,-35.21466,0.4444444444444444,173.08244,38.812088,117.142136,-2.9007072,35.93948,72.92476,33.680668,0.17866592346225404,22.055908,0.4444444444444444,15.132821,11.862652,34.474945,0.240695,11.625648,24.595367,15.660097,0.3823107764442058,11.501821,0.8888888888888888,19.166159,20.083685,66.31011,0.16977239,20.43951,33.834976,27.028465,-0.47894612391932684,-28.038074,0.2222222222222222,4.6573563,10.026672,31.639776,-0.9444133,13.549162,18.835028,19.308,-0.37977192439308566,-6.7204456,0.3333333333333333,0.024843158143939392,0.009210875817886498,0.02796519886363636,0.00016091086647727253,0.0121142011913682,0.02796519886363636,0.014836354327432232,-0.253633148287858,-0.007901278409090912,0.1111111111111111,-0.12341066018979137,/Users/will/Projects/SpeechEmotionCS3540/datasets/SURREY/Audio/KL_n02.wav,Neutral
3.826122448979592,14,0.007392798,0.001540397,0.005238656,-4.030517e-05,0.0015684186,0.0028772824,0.0016060057,-0.33120907018425044,-0.0015659397,0.14285714285714285,175.42798629742597,121.25058211074024,430.0122893127097,32.3073059069929,138.94663621528352,308.2772046612854,190.6293047692628,0.5713702848651392,142.07468584471994,0.6428571428571429,18.421995950283655,35.2708719994054,142.93655399322355,1.1616956876854903,49.8079030454908,136.62300823366309,87.17565264605891,0.3192545527681002,36.35481977086087,0.7142857142857143,0.5584415584415584,0.24803154876343217,0.9545454545454546,0.03146853146853147,0.29639957276255585,0.5909090909090909,0.35263910566324774,0.17859872954467007,0.03409090909090917,0.14285714285714285,823.0087335111683,241.14073883788586,910.3126312067884,-21.849193418136288,259.98997819862575,611.5405137471782,418.0888285669362,-0.45709296722948284,-219.5890769248681,0.2857142857142857,1460.9719016335227,535.741504469194,1985.9485973011365,-55.82821719296329,621.3366125051673,1157.4096679687502,953.9924618052426,-0.41271672266004233,-486.8216774680395,0.2857142857142857,1282.926455191812,152.0842852417934,566.8279064553095,-16.356791465254656,163.1597015428109,326.04814464017,230.695181577175,-0.5104726965453656,-164.3427492454141,0.0,-611.87,42.683456,156.92065,-1.0968252,46.49632,101.66797,52.412994,-0.358763405183572,-43.470947,0.14285714285714285,138.07695,21.982676,83.66116,3.1609855,21.302313,39.782692,23.196075,0.4982813344029537,20.784683,0.7142857142857143,22.71059,17.843834,72.11721,1.329745,17.127407,29.059975,25.04623,0.6665717740400204,31.311752,0.7142857142857143,53.742165,14.517005,46.06031,-1.0981481,17.639256,28.608631,23.902704,-0.1480283568550841,-0.8087311,0.35714285714285715,16.79167,12.668494,46.249573,0.2580047,16.60279,30.100735,22.67298,0.07516989162012021,1.5302353,0.8571428571428571,0.01383674918831169,0.005316699084678153,0.018865411931818184,0.0003226753715034966,0.005862630955255553,0.014337713068181816,0.006582404390872175,0.472071049710958,0.005986993963068182,0.7857142857142857,-0.11535879823626105,/Users/will/Projects/SpeechEmotionCS3540/datasets/SURREY/Audio/KL_n16.wav,Neutral
5.031473922902494,19,0.0051205596,0.0023409028,0.009747565,-0.00012450588,0.0023085026,0.004337129,0.0033093628,-0.5506876536244121,-0.0033037534,0.2631578947368421,134.5629645818848,95.97130936033588,401.3392524164274,-17.34431270491701,115.69048913964555,279.47783023891935,204.1314412178651,-0.5075826538563957,-92.72049789780111,0.42105263157894735,17.349444556481963,26.523889579449538,91.79536413967743,-1.14483920039186,29.075043749570607,82.7188868849173,40.49393554614849,-0.5495416328668108,-31.12621264220487,0.05263157894736842,0.5023923444976077,0.2838534641051593,0.9545454545454546,-0.017676767676767673,0.33165517266546535,0.7727272727272727,0.5013208553582805,-0.21234790400222545,-0.06818181818181818,0.7894736842105263,1120.2899732532055,281.1360864147955,964.914147035162,-2.2299943148502925,238.88835597237522,607.7241862762211,317.2531361316854,-0.5246709283303361,-401.5178546371617,0.5789473684210527,2056.5239281175245,582.5220560162022,1986.9273792613635,-7.177734374999994,461.074182651943,985.6334339488635,565.5407785633819,-0.5403915865940799,-877.5595925071032,0.5789473684210527,1513.3078973231393,240.65544257910062,856.3484411292848,15.989375262711999,260.3778401898857,510.36178468562343,323.29321772189195,0.014486881346713464,-34.14413560164189,0.9473684210526315,-632.9045,50.977837,204.38977,-3.123498,51.593224,110.186035,66.2047,-0.463822663745756,-53.551514,0.2631578947368421,129.21936,30.669725,97.27643,-0.46873814,26.48325,50.75383,30.271257,0.3714059181191585,35.106964,0.7894736842105263,22.172438,11.683439,38.441822,0.31729794,10.911403,22.603786,13.685006,0.6241925718227093,17.25971,0.8421052631578947,55.617966,21.096748,68.25949,-0.83552235,20.773846,46.30755,28.068552,-0.4384236973328615,-25.154747,0.10526315789473684,10.839668,14.42026,52.20237,-0.67779714,15.642564,28.452114,23.386696,-0.42146671305607686,-14.426269,0.10526315789473684,0.025112608403110047,0.0170351166966509,0.06434215198863637,-0.00034155026830808076,0.020128885263960044,0.05597478693181818,0.026073429298716966,-0.5193852220502525,-0.020548502604166664,0.10526315789473684,0.31223197724574087,/Users/will/Projects/SpeechEmotionCS3540/datasets/SURREY/Audio/KL_n14.wav,Neutral
3.8574603174603173,14,0.007618458,0.0021895857,0.009438703,-0.00011110213,0.0025818453,0.004464865,0.0038270785,-0.011499803011537132,1.5095808e-05,0.07142857142857142,122.20449554267763,15.741727781068626,58.50031293518738,-2.7905443492385436,13.9185598884395,35.67203394406384,18.812156913541997,-0.6053225965358521,-27.22309696884173,0.14285714285714285,9.27251679559192,6.801146257478167,25.132372489164997,0.7587398988907732,11.386020338256614,25.132372489164997,20.400149831216083,-0.01830587575257681,-1.9214357202228172,0.42857142857142855,0.7077922077922079,0.21575646397189804,0.6818181818181819,-4.270088556250602e-18,0.28968272975116055,0.5,0.4528218584005887,0.0335970615055249,-0.09090909090909083,0.6428571428571429,967.9197343541409,328.8917096171038,975.1157697100697,-4.172357727396415,199.75776384922978,442.6950965808453,188.0127451998534,-0.6433006081624313,-530.567709638317,0.21428571428571427,1717.8672096946023,694.2698672099059,2424.932306463068,-0.07529092001748093,460.76513524720235,919.5656516335227,486.63350552027913,-0.6053112422477221,-1109.571699662642,0.21428571428571427,1332.1695295555771,264.26438784053954,797.8097694354824,-16.647344282510492,304.66717993214405,615.7171080272424,469.9110776425714,-0.5489171260416141,-371.17976155500855,0.42857142857142855,-586.0499,48.98116,167.55853,-0.9369319,59.58062,113.506165,81.05551,-0.2797055607451819,-41.04828,0.14285714285714285,157.91243,26.66155,94.18577,1.3343494,31.84199,58.630264,48.196365,0.5119860274775001,33.67581,0.8571428571428571,17.143486,17.315025,61.27703,0.3711099,21.177063,38.7845,32.1105,0.46709052371025284,24.68421,0.7857142857142857,42.02406,15.583123,50.730106,0.7359078,18.581696,43.03978,29.377087,-0.22415872257125613,-11.601734,0.21428571428571427,11.520839,18.72494,67.032,0.5787717,19.574123,35.093594,25.548126,0.23896627561543532,8.664181,0.5714285714285714,0.030990006087662333,0.016659735036388366,0.05344460227272728,0.0005770596590909092,0.014262033718380007,0.032159978693181816,0.013785437312147205,-0.4596111014968743,-0.020923961292613636,0.14285714285714285,0.33643028479519355,/Users/will/Projects/SpeechEmotionCS3540/datasets/SURREY/Audio/KL_n28.wav,Neutral
4.288662131519274,16,0.0758254,0.033199053,0.11281665,-2.2379309e-05,0.029939039,0.07635315,0.040782504,-0.21996999654903296,-0.019251414,0.25,82.50318214084677,55.98955320135898,137.3091940276085,0.0,46.03333392507327,137.3091940276085,69.87444318704955,-0.21625769091941244,-32.23410078091188,0.125,5.310790064533794,4.529785328096513,13.668819369654521,0.0,3.51045932677487,9.726063509725082,5.501582536560155,-0.41456580721654723,-5.323033300167103,0.25,0.48011363636363635,0.34764881393523916,0.9545454545454546,0.0,0.19778386511612994,0.5,0.25424379156431026,-0.1728389952399553,-0.17272727272727267,0.5,621.8500104747795,218.7693054632915,664.4139032196522,3.0584847240079513,205.90401214673818,420.0195899915646,268.71009566717646,0.23168067938494155,138.74044921862816,0.5,1100.885009765625,592.0957908539328,1939.9458451704545,3.3278586647727137,511.6263549292699,1254.30908203125,664.1956166641695,0.26768630109717173,411.2841796875,0.5,1068.5602410567049,108.38701413335802,369.15906559331154,5.342349226689157,124.33524225582788,336.15159908112435,191.26158731796292,0.19318757032181033,60.60203301879528,0.5625,-390.11884,98.21654,278.78088,0.41232502,76.71043,165.40549,95.18794,0.0387128629486662,12.658905,0.3125,154.24539,18.732687,67.056,-0.57130736,21.156792,46.088882,29.930313,0.2383373186358819,14.887512,0.8125,6.3669314,19.713854,70.16259,-0.43764725,19.5226,40.65103,23.993805,-0.41503500191778997,-23.358263,0.0625,35.809555,20.102282,77.43384,0.6835638,15.828955,34.78403,20.715956,0.148606899917598,4.2609615,0.5625,2.1037486,19.733864,70.47773,1.1001407,17.479326,32.266533,20.250835,0.26125127640818396,10.466349,0.5625,0.014659534801136362,0.009133291205167525,0.027143998579545456,0.0,0.009486451787846862,0.019509055397727272,0.012638213222583563,0.021152204676200412,0.0002929687500000007,0.1875,0.6781730022985398,/Users/will/Projects/SpeechEmotionCS3540/datasets/SURREY/Audio/JE_d08.wav,Disgust
4.305351473922903,16,0.09669615,0.07520289,0.27194127,-9.674765e-06,0.07094702,0.19666988,0.09795711,0.06438878304478948,-0.0055648796,0.5625,161.01565430404838,106.9138814742067,426.652460858565,28.443497390571,90.44284350174132,205.0260883518112,123.44951493116274,0.5278178156931811,98.64263842378031,0.9375,19.999450393851077,35.66200472261511,154.5102743644807,0.8404501290555761,54.68139281385834,151.13958162071373,89.59136033474984,0.34539890804178364,25.913047437060104,0.875,0.5880681818181819,0.30085482121849605,0.9090909090909091,0.03333333333333333,0.30399845342992615,0.6818181818181818,0.46662972008368003,0.23659353765200855,0.07272727272727264,0.5625,1235.7401949008045,422.126172299082,1426.4734763530103,8.396702871883553,420.2317990016415,855.6787442911968,573.3224606524307,0.054086692016255135,129.92559180186004,0.6875,2307.8149275346236,818.9108614094563,2823.296564275568,30.048606178977266,838.7313116626165,1831.301047585227,1128.0574342909754,0.0360035283721566,196.93093039772748,0.6875,1470.751232949778,187.65911234275316,599.2079328501948,7.868119112288908,233.97304162698114,434.6980798724792,374.53139473931697,-0.2187790495153773,-71.00651381917896,0.125,-352.29376,108.70762,341.9215,-0.0594279,66.97832,133.88638,46.49672,0.005390614950197631,-9.586273,0.5625,120.00501,22.003366,88.606415,-1.0236028,28.443533,69.08088,47.11459,0.260579994905901,12.736588,0.8125,7.599266,16.070652,59.756935,-0.23113683,18.634754,30.09554,28.08773,-0.2782866576568347,-9.286528,0.875,57.68068,18.292883,55.10498,0.55536807,20.01357,48.51538,29.790691,-0.2562442396860311,-8.270725,0.125,9.044242,10.6947,36.208786,0.37769508,15.299029,30.453888,21.987465,0.17588143333921735,5.3196507,0.8125,0.03498285466974432,0.02177105975258489,0.06700550426136363,-5.782411586589357e-20,0.01863195815530939,0.03579989346590909,0.02401089270465549,-0.09671887902643198,-0.005841619318181827,0.4375,0.03629948513467017,/Users/will/Projects/SpeechEmotionCS3540/datasets/SURREY/Audio/JE_h05.wav,Happy
5.412879818594105,20,0.13847274,0.061944637,0.23018958,-0.00047213328,0.056924406,0.113204405,0.07413748,-0.04777372671452783,-0.00064658374,0.65,187.0260139481223,97.5446621145518,456.694344289527,-24.036544436290896,57.79635570110925,197.87803241152892,80.25950694802593,-0.7317087284423281,-156.83138565950566,0.0,24.33934137385369,22.235598363113873,107.8573381467654,-0.5680389294846968,31.389140209816407,97.06459848655616,50.1217824814043,-0.4689046299329848,-24.642385181110747,0.05,0.725,0.3101169467493788,1.0,-0.02392344497607656,0.25216264292921264,0.7272727272727273,0.3121931204146584,-0.32599682374117184,-0.14393939393939392,0.3,1071.0655612770527,325.18649985982165,1204.7699719068899,28.824125434468012,308.4294503346523,567.1690483239244,463.34135732582575,0.5891673608451291,370.1866115808846,0.55,2089.5281982421875,769.7898173000749,3041.075550426136,57.902680173444985,702.9606108733391,1290.524014559659,1023.4941290918515,0.5692247697710223,880.6590687144883,0.55,1422.751534893307,250.5361635022157,917.9302601396171,15.863188084229956,257.51410189191984,578.8298931090194,391.23110830729365,0.5514056440872855,288.7200667473992,0.55,-300.94626,92.09411,317.48926,-0.6034377,63.311,131.15273,61.492622,0.02261140609337253,8.220795,0.15,125.67887,24.390968,80.752,-0.64505124,27.450148,53.24061,40.909546,-0.244173422880495,-10.246796,0.4,9.026159,21.590885,83.05583,2.0418313,22.69856,55.015667,31.495447,0.549014927754536,29.771364,0.9,49.775475,16.549553,59.024055,0.27551952,14.523295,28.967594,21.674448,0.7206793047983461,31.130375,0.9,0.7774576,9.116641,30.39663,-1.1049905,8.453381,16.646208,12.1891365,-0.4826092980029317,-6.2869043,0.05,0.018965287642045456,0.010114249745628605,0.03415749289772727,7.008821770334927e-05,0.008576227528711962,0.017511541193181816,0.010425039478368066,0.07007927367668161,0.002271247632575756,0.15,0.0022054416663301966,/Users/will/Projects/SpeechEmotionCS3540/datasets/SURREY/Audio/JE_h11.wav,Happy
3.0028117913832197,11,0.06415359,0.017530628,0.05155086,3.1246618e-05,0.016543299,0.033704787,0.021574823,-0.04138287754011818,-0.006211009,0.5454545454545454,168.4053449094321,151.71293319863494,459.34495323111605,-45.53384018116189,94.67775450358619,296.4334540083911,157.96206961668753,-0.8800401614861727,-359.1982847551533,0.09090909090909091,7.3076326768869455,4.955611609988978,15.321320227760495,-1.0602425250063336,4.40771350872439,9.037054623904995,7.929952231163181,-0.7735511277553411,-11.010006644773853,0.18181818181818182,0.5578512396694214,0.36419941382695376,1.0,-0.0590909090909091,0.24482241835445873,0.6363636363636364,0.32101512287011524,-0.6171259921736175,-0.6212121212121212,0.5454545454545454,687.0818851733492,230.73844389302795,722.3822178480921,30.031292316682503,250.78880523354064,469.9722242148986,337.3838553786924,0.18646355580909796,237.99664773947148,0.36363636363636365,1375.5890649212292,621.3548599881511,2019.7165749289775,68.02534623579542,691.9096145302487,1338.9737215909092,952.245839130528,0.1062157717312199,511.0873135653411,0.36363636363636365,1099.4024452564117,273.30218163434694,893.8815160054904,18.187053860439665,281.68311509233797,521.054927094372,378.29260502256824,-0.061233051394945864,92.56636673683488,0.36363636363636365,-413.31067,68.83941,208.05447,-2.3708007,61.471947,122.063995,54.759655,0.046497866742592125,16.510986,0.2727272727272727,162.3451,43.246414,135.37207,-2.3610091,37.597263,60.51529,46.013798,0.2719939064689233,23.229736,0.5454545454545454,11.65729,11.322088,39.383038,2.7926815,16.2237,28.248991,26.22809,0.3315326377540137,6.3579073,0.5454545454545454,38.84118,9.00757,27.39044,-0.0070919036,10.243944,26.790928,14.289815,-0.3013044160826659,-3.0216866,0.36363636363636365,8.356472,11.046016,33.897415,-1.8543274,10.885384,19.216967,14.887422,-0.4137210957407929,-16.636042,0.5454545454545454,0.010822895144628098,0.007388843820396112,0.02203924005681818,3.10724431818182e-05,0.006089854287541277,0.012606534090909092,0.007324643034073032,0.08626679891610085,0.00021454782196969613,0.5454545454545454,-0.20115277770233425,/Users/will/Projects/SpeechEmotionCS3540/datasets/SURREY/Audio/JE_n17.wav,Neutral
2.0963265306122447,7,0.06734804,0.019589115,0.055095103,0.0007892512,0.019190617,0.027977195,0.0126700215,0.21258032017409378,0.009679571,0.5714285714285714,218.62756170174234,131.7998053367376,368.4258793447244,-61.404313224120735,77.90756151861946,213.38392535221993,106.49001802443824,-0.8562478054193081,-302.0502942509849,0.0,29.657854236966028,52.907133099624104,156.62757053980275,-0.6928682088919125,87.11500942962147,152.4703612864513,145.74820050791266,-0.40806932712192556,-74.36254700084227,0.14285714285714285,0.6883116883116883,0.2458973536202791,0.6818181818181819,-0.015151515151515157,0.2976800409755833,0.5454545454545454,0.31831166181839265,0.14524062658045772,0.045454545454545525,0.5714285714285714,567.9899076725704,177.9912783956172,552.4362859044792,-14.330675184171838,200.17413228755137,318.5452913605927,276.41658292339946,-0.11750219101381665,-11.128354827195778,0.42857142857142855,1008.914462002841,385.5663445568993,1297.8648792613635,-57.0956143465909,413.0928233233306,684.6579811789773,554.4060356017145,-0.257482161935061,-197.46926047585225,0.42857142857142855,1038.5340866619886,166.5210757851644,464.3204511668291,-38.9175161871521,200.37967125456885,464.3204511668291,346.1318020800506,-0.6805343448089568,-240.93825507778865,0.42857142857142855,-433.54437,70.67426,184.31601,0.8405762,70.60164,126.23346,33.883068,0.20494137766827572,33.937836,0.42857142857142855,148.42287,40.17596,110.28597,3.2710953,41.242966,70.4516,47.131474,0.6282666878455269,61.661697,0.5714285714285714,20.575579,9.288443,27.925463,4.351052,11.227254,18.48338,17.483763,0.5835344148547489,16.690573,0.2857142857142857,43.224087,16.589968,47.36176,-1.2981653,23.53957,46.096085,37.701748,-0.34652809186355044,-9.109245,0.42857142857142855,11.328364,8.807457,22.387815,1.0925871,10.843016,18.213497,12.757526,-0.36708544216094247,-7.916147,0.14285714285714285,0.010494876217532468,0.00829318539428806,0.02423650568181818,0.000606652462121212,0.007992077367537109,0.012784090909090908,0.006633297925885991,0.45534410052283,0.008600408380681816,0.5714285714285714,-0.5785314524161848,/Users/will/Projects/SpeechEmotionCS3540/datasets/SURREY/Audio/JE_n03.wav,Neutral
2.788253968253968,10,0.34596547,0.21404299,0.5736786,-0.00031044416,0.17954466,0.3466883,0.17236805,-0.13887018625375527,-0.09960443,0.2,122.45009787494116,106.12551528731576,289.2183054977627,0.0,149.1456146836283,289.2183054977627,233.10017684667534,-0.2773084122097107,-121.32655052724746,0.2,29.81960279602783,28.11401553781195,83.45399716090655,0.0,42.11763398943964,83.45399716090655,75.6484554873019,-0.1906505663760918,-27.30356163052373,0.2,0.46818181818181814,0.3915692100778504,0.9090909090909091,0.0,0.5097758739775976,0.9090909090909091,0.8250774757009738,-0.022228210425570598,-0.1363636363636364,0.6,1064.1593044354445,179.07355779309927,708.9274974105502,-22.044237702499004,208.05392484614345,437.9395237736204,281.0429163351628,-0.15789186362543894,-32.769951150111865,0.3,2031.8534712357955,342.919636665494,1267.5226384943182,-89.61292613636364,489.4552734065774,1074.2132013494318,783.6039614227263,-0.5017322276453198,-361.65993430397725,0.3,1387.7416843220801,115.52262457181561,458.17455283121717,-28.694659241060965,135.49349861799556,283.21559147205903,239.03259961694403,-0.4677259378268566,-119.33654737020879,0.0,-210.54211,189.93199,563.93317,-8.198373,161.61967,318.0534,73.74615,-0.08735378130603834,-34.89731,0.3,133.34067,19.589119,66.017105,0.3541616,23.39832,47.457718,41.01276,0.22486502299312233,13.902687,0.4,-16.67368,20.718027,70.34004,2.2451224,19.494263,34.981956,22.199512,0.08039230146044103,0.52683115,0.9,34.86872,17.33573,54.687447,0.6494378,12.83097,20.610191,6.194869,0.11287529484817627,3.0870552,0.9,-19.968763,15.653714,50.53898,1.4716293,15.248635,24.420052,17.33161,0.027869398505645675,-3.934144,0.9,0.032914595170454544,0.017223431797491074,0.053267045454545456,0.00020468355429292934,0.014479051109304255,0.02545720880681818,0.010858704554594525,0.07294931937228503,0.006547407670454544,0.3,0.5968782594745009,/Users/will/Projects/SpeechEmotionCS3540/datasets/SURREY/Audio/JK_a07.wav,Anger
4.976780045351474,18,0.27533984,0.1011317,0.3439663,0.007827582,0.099271245,0.16723806,0.11733333,0.09398240391422129,-0.03057903,0.8888888888888888,177.00819841291553,70.86600536653354,266.239740625671,0.0,79.66904780233733,266.239740625671,78.8037358157118,-0.29658940436764725,-48.68491707378425,0.05555555555555555,27.75432341865357,13.50716574139347,46.652943588196365,0.0,14.964163641482344,33.22249128580375,18.735055306542016,-0.10692143209494813,-5.763042093082031,0.4444444444444444,0.6691919191919191,0.3163023696755062,1.0,0.0,0.3369196156630996,0.7272727272727273,0.36487714450005276,-0.07617227546331301,-0.16666666666666663,0.2222222222222222,1530.1153325088037,660.9287974716709,2482.6934813698545,5.1281517328503625,706.5482339425165,1398.5339930265122,995.9136485777312,0.0004119462417119899,313.32773840777554,0.3888888888888889,2684.962047230113,1126.6709004624392,4210.230601917614,6.5635966744652094,1083.1678140656663,2095.572176846591,1417.2388334076645,-0.00407920313988585,459.53813032670473,0.3888888888888889,1462.293880558302,225.7374943576759,747.8065199449904,-8.51853894558592,223.07798094161998,396.6863235659391,301.20916337852657,-0.22893814829281647,-36.10908512252263,0.3888888888888889,-181.10114,49.302128,212.6358,5.8902535,49.6676,145.96028,49.03723,0.39931936331909146,34.48488,0.8888888888888888,114.8524,29.491295,106.12085,2.4330516,33.46002,76.24025,48.658146,0.43280782071851115,16.661293,0.8333333333333334,-5.233007,12.950298,54.963013,0.6209451,12.071014,25.984015,13.91332,-0.05534822124494297,-5.2066445,0.9444444444444444,40.588306,15.65191,56.707924,0.49444008,13.111782,27.944218,17.62371,-0.07980579366580062,-1.3970718,0.3888888888888889,-20.789427,14.557864,70.66586,-1.2870456,17.61808,35.928204,26.044973,-0.2858711679708635,-13.944892,0.0,0.07566016611426768,0.052887563178641524,0.19307084517045456,0.001065340909090909,0.060528171617751994,0.13782848011363635,0.08775621702431784,0.011182742161625655,0.028327710700757583,0.3888888888888889,0.11873306100048409,/Users/will/Projects/SpeechEmotionCS3540/datasets/SURREY/Audio/JK_a13.wav,Anger
4.129977324263039,15,0.08948722,0.03327161,0.11933027,-0.00061133475,0.031445883,0.050899833,0.03943158,-0.1552301289727145,-0.017746314,0.2,151.50300519398485,76.19239750221872,198.0649919686099,0.0,70.0621216470535,198.0649919686099,89.00592440520545,0.19261224251201545,30.76214079697553,0.13333333333333333,10.13501577537869,6.910476904846688,28.22745183846795,0.0,8.226496286420229,16.399276379501906,13.541317992202094,0.2386086814302331,4.428937448652951,0.4666666666666667,0.6515151515151515,0.3665288997383895,1.0,0.0,0.2622444221598529,0.5,0.2536351200464634,0.2104927470551792,0.19090909090909086,0.6,607.2273949080186,247.82366194483143,881.5080475017783,2.614380752410869,233.16500232949144,587.9375230998486,280.7261027897961,-0.22765360113576208,-145.47710032995633,0.3333333333333333,1131.4066938920453,634.8250281083491,2250.2197265625,3.915127840909122,636.1389220524851,1585.6267755681815,823.3211582744378,-0.2751394771683383,-415.29718572443164,0.3333333333333333,1123.2350621979099,220.5524718919136,785.6265698849816,7.144299514514119,239.04682407726324,656.4877957152049,343.9599632686849,-0.38349532841542017,-249.03597962616925,0.26666666666666666,-405.647,85.02752,275.09567,-1.3615156,77.07036,131.7948,80.35039,-0.11091569898855294,-22.64914,0.2,128.78218,24.5452,95.9478,-1.3137648,33.424313,77.91084,54.09798,0.28093059901573825,23.934845,0.8,23.00192,8.382642,29.370415,-0.1895972,11.935709,25.747486,19.935923,-0.3671465475868214,-9.405678,0.4666666666666667,30.86639,15.525943,66.9973,0.73353606,18.565798,32.599304,25.765474,-0.3298462904473186,-17.479523,0.26666666666666666,17.251997,11.059199,42.05052,-0.15728283,9.543135,15.206045,12.932299,0.2146619912132478,3.8675241,0.6,0.013913056344696972,0.00880635603074025,0.025679154829545456,-6.195440985631454e-20,0.008683808573033242,0.017755681818181816,0.01237647384326672,0.14661143089331413,0.0036976207386363643,0.6,0.6814695360925859,/Users/will/Projects/SpeechEmotionCS3540/datasets/SURREY/Audio/DC_sa06.wav,Sad
5.377369614512472,20,0.08203815,0.027917875,0.097013265,9.3308716e-07,0.030815734,0.07185651,0.04384365,-0.15267643702833414,-0.010817766,0.15,156.42886079559077,52.92532343721965,191.9795655617073,0.0,52.21311654741318,167.37580658557468,43.866313282298556,-0.07662357204144263,-12.675522745212533,0.15,7.275976428438051,4.846780531854035,15.857038600848567,4.674623261579606e-17,6.033971026091058,14.237478192530453,9.617316902804175,-0.12105995259404548,-2.981933546663649,0.85,0.6454545454545454,0.3260710260811082,1.0,1.460819769243627e-18,0.2350349108289978,0.5,0.2672595376086922,-0.2671354731959023,-0.2121212121212121,0.15,752.2101655172753,326.0007674417958,1164.751619384102,-1.2364409902204203,350.87156601166976,807.5124028017989,450.89617698451593,0.32700412723151523,178.27712390351076,0.85,1403.0594704367898,734.6000772093153,2592.7934126420455,2.421197480562222,803.6268983834616,1630.1613547585227,1060.7814733352527,0.31613232745028513,352.7693314985793,0.85,1194.8236593835204,244.22349398791005,826.6360944959501,-2.077433718864744,274.94361628386343,545.7404024688763,390.4078838637806,0.4680555870013861,211.39640622329193,0.85,-400.03793,76.00842,289.3707,-1.4945197,68.973755,155.34195,77.10999,-0.08309045262354516,-16.85141,0.8,129.65614,25.066616,87.588585,-0.24687275,23.98019,42.125954,32.46725,-0.529728903688503,-25.381187,0.5,17.919315,8.682486,33.590023,0.5909517,10.525972,29.101112,15.578574,-0.02213661726713678,-1.2057772,0.05,40.46194,20.087471,78.02545,-0.65449333,21.489824,54.376232,26.447174,0.1519779021826384,-1.0357628,0.2,17.751495,12.547159,45.200043,-0.25111976,9.229999,22.102161,12.429678,-0.5689336959342334,-16.890152,0.3,0.012923916903409091,0.007703596181436296,0.025723544034090908,2.282530889443167e-20,0.007906202081684556,0.017711292613636364,0.011119057646262125,-0.2132967251875917,-0.0036695075757575742,0.15,0.6182530112498288,/Users/will/Projects/SpeechEmotionCS3540/datasets/SURREY/Audio/DC_sa12.wav,Sad
4.850204081632653,18,0.00840445,0.0027187625,0.01079992,3.755383e-05,0.003458503,0.009778896,0.0040645245,-0.20243150692347936,-0.0006735828,0.1111111111111111,171.00247273002003,89.03810964686483,422.0285493261903,-24.825208783893544,95.38451024168222,238.15883785778638,142.22069185573233,-0.5436906188473974,-87.82072843908367,0.0,32.23051375518761,32.57886744489783,121.78535347011983,-0.4688874955615971,41.59935918836831,92.92557600164412,67.02430364891535,0.3355895910956483,30.154236708418402,0.7777777777777778,0.6489898989898991,0.3052214552103813,1.0,-0.010695187165775402,0.29685165839040906,0.5909090909090909,0.37855580011624823,-0.3149533392661926,-0.20454545454545459,0.4444444444444444,1099.035431987862,278.5152192434973,893.5270675965885,-3.963659756078193,352.58458756316776,738.2497884469936,510.98127016747816,-0.18373950540559425,-53.310740782023004,0.7777777777777778,2028.7431196732953,536.0922771196657,1934.073153409091,-2.9651335853943825,644.8647597721941,1233.2652698863635,911.2658238423169,-0.32768022457323803,-303.42240767045405,0.1111111111111111,1415.9449200815984,215.8079838826889,933.975231731739,-14.954158982146442,237.97514838691356,679.7545290352494,303.8431691594592,-0.5015644879293711,-216.82275983602472,0.0,-564.04785,52.737732,227.34665,0.3954324,60.488564,144.09521,67.40303,-0.14163564388977934,-14.704834,0.1111111111111111,135.73717,22.92843,108.24507,1.9664526,29.18545,74.81538,39.100273,0.3902576662675031,15.890953,0.8888888888888888,6.973838,10.88892,44.969215,-0.96617675,13.484078,32.31114,17.69567,-0.11430308786844909,-3.3470035,0.0,41.64954,18.800373,65.73753,0.5964681,19.34824,37.443424,29.513258,0.07323211542819755,3.2385502,0.5555555555555556,10.044739,13.861622,50.958588,0.3832945,11.663405,23.283009,15.285696,0.3953930211104123,13.745333,0.6111111111111112,0.03624625157828283,0.023562762902324574,0.08922230113636365,0.00053658714906417,0.02747811056110418,0.07131125710227273,0.03864435276519872,0.1003903606588882,0.01053503787878788,0.7222222222222222,0.014865471958258419,/Users/will/Projects/SpeechEmotionCS3540/datasets/SURREY/Audio/KL_h12.wav,Happy
3.47297052154195,12,0.19090237,0.12729158,0.37573022,0.0003501353,0.093135335,0.18323731,0.09522695,-0.12800071497265755,-0.040872693,0.25,149.80614484336908,87.18687530958897,215.64033432813034,0.0,82.66605847783335,209.25631300895216,106.13129565587933,-0.2300965343382624,-45.26659304337423,0.25,11.721896386946776,10.939881508692405,36.25660307179278,0.0,14.444493110005073,36.25660307179278,22.61220472674029,0.10487989186937093,5.011812803738058,0.75,0.6098484848484848,0.3973302491699038,1.0,0.0,0.2636221141774641,0.5909090909090909,0.2514832035204192,-0.13670117475781848,-0.13636363636363635,0.4166666666666667,1313.140543628682,702.1902596070794,2794.6771277190305,143.7422998782405,606.9024281690167,1408.8501330999893,923.8349148454233,0.792790628969405,1219.2116388931322,0.8333333333333334,2178.8909912109375,1024.7708088894776,4312.513316761364,232.0603047520661,950.5971199655676,2188.5564630681824,1500.7039828046447,0.8035035014604576,1745.7799738103697,0.8333333333333334,1331.0212398003239,200.60382316485052,686.0448270393254,26.789646209134265,263.0888621361019,661.3926301184883,442.73519895365234,0.37715321219783127,115.21832990452799,0.8333333333333334,-304.05978,134.54169,400.84998,5.9448743,99.36606,203.19403,68.03943,0.1897483674965565,60.305603,0.4166666666666667,117.02224,37.40947,125.30623,-6.5973735,40.864964,105.500946,63.257782,-0.357109536100271,-18.760513,0.4166666666666667,5.712483,13.058568,49.955017,-1.9312066,15.103584,29.561165,25.469294,-0.624006569635861,-16.767437,0.08333333333333333,34.619812,20.481256,60.635963,2.8118374,20.33341,45.24613,32.619556,0.5224177187637302,20.88491,0.9166666666666666,-10.46378,12.739615,35.877167,-0.7633606,13.544037,22.769365,15.849542,-0.3948896201238814,-15.275105,0.5833333333333334,0.06271639737215909,0.0540891914713325,0.20765269886363635,0.007782234633264462,0.0483346790674466,0.12204811789772727,0.0659742050519123,0.7789569497522193,0.09848854758522727,0.8333333333333334,0.8013675624860175,/Users/will/Projects/SpeechEmotionCS3540/datasets/SURREY/Audio/DC_a08.wav,Anger
3.085714285714286,11,0.011223411,0.003257101,0.0097605735,-9.488179e-05,0.0037809862,0.00675969,0.004868191,-0.3189505665751595,-0.0037432192,0.5454545454545454,145.14196644427503,108.23556685383113,436.12372344608116,43.61237234460812,149.53764202100766,436.12372344608116,207.68799780533607,0.39200849543798244,81.41650033007586,0.9090909090909091,10.904175027975855,6.433354147337008,23.25010467430385,1.7110008022232186,9.897486131211888,17.110008022232186,16.58894228414877,0.10503933109681221,1.90142089738044,0.2727272727272727,0.5826446280991736,0.3394974529990699,0.9545454545454546,0.02727272727272727,0.32154071243322535,0.6363636363636364,0.38892168299350416,-0.08852704127574262,-0.19696969696969702,0.5454545454545454,785.0956483570458,242.57871799120213,756.6109304409117,25.945939448113734,283.84300113343437,627.703434720311,382.91708561796963,0.5043159212911331,399.7629822924687,0.7272727272727273,1321.0442156831093,471.43145702944463,1674.20654296875,57.797074751420425,538.0306410575572,1005.209073153409,664.9663738679791,0.4952471375956828,757.2509765625,0.7272727272727273,1191.6855127796757,221.70807250625657,817.7161467906179,42.29997100258247,230.975199464298,383.5434675542831,363.1697067551727,0.4426922324623522,312.3209247773707,0.9090909090909091,-569.42224,50.255867,152.22552,0.02300415,61.18243,126.53784,73.84321,-0.22204437877647606,-39.73065,0.5454545454545454,152.0803,33.104607,111.870705,-3.5816674,34.457752,79.321465,54.04293,-0.4586487461204429,-51.065598,0.5454545454545454,19.258034,14.287073,51.485775,0.59099233,18.629152,30.319508,27.87366,-0.23641055722464904,-1.0877819,0.36363636363636365,41.192974,23.651958,85.81898,1.6512115,25.176395,46.78287,34.07047,0.5904616679555098,43.350956,0.7272727272727273,12.021964,14.636789,46.087906,3.7041802,8.341783,17.579334,13.496674,0.9113828485014148,30.439247,0.6363636363636364,0.01823387461260331,0.0055971886216578835,0.019731001420454544,6.880326704545442e-05,0.008149242925679501,0.01904296875,0.01054232849502448,0.2131701278424742,0.0031220407196969682,0.8181818181818182,-0.15995256230384022,/Users/will/Projects/SpeechEmotionCS3540/datasets/SURREY/Audio/KL_h06.wav,Happy
3.357233560090703,12,0.009297128,0.0040561194,0.012157509,0.0003056311,0.004421195,0.008795567,0.0056462325,0.25125225252342964,0.0016438938,0.8333333333333334,202.887705985243,109.78088130174025,437.2099032705253,9.314301989337908,141.31617093894516,334.7525813878083,159.13142787940146,0.42908778703942624,113.76138573302535,0.8333333333333334,31.548697065804237,29.677514090596055,107.67500387722663,0.05265309379327476,36.41425890504306,60.822393435764134,50.96995578908201,0.3736811612429121,28.490858342619333,0.75,0.6515151515151515,0.3156464644848433,0.9090909090909091,0.02066115702479339,0.2992374709129202,0.6818181818181819,0.3664944499145681,0.31634366404749004,0.18181818181818177,0.25,1020.6003087767021,315.52509757401907,1038.9758921195971,-10.856951436162387,369.6847639641073,557.8319057037058,486.72958032526293,-0.1602089842659121,-89.58955806360791,0.6666666666666666,1906.1370849609375,786.5255440671996,2747.4409623579545,-25.759761589617764,915.3469319888924,1451.5336470170453,1208.0085962298228,-0.12104272641729218,-149.875987659801,0.6666666666666666,1442.686354133575,342.88666055427433,1091.992764855404,-40.17349698556873,364.1838296678723,615.3392977224993,513.1344370122728,-0.40799850749425676,-279.6642485961506,0.0,-572.37213,72.07826,238.67593,5.723816,64.4368,132.28107,54.509293,0.15849018216643437,16.968018,0.4166666666666667,137.83781,36.391357,118.19663,1.7102952,40.729496,65.86087,56.59805,0.2635232649957957,17.790771,0.5,8.056161,14.274716,41.093254,0.33182698,14.351105,26.923346,19.762402,-0.10034506347822394,-3.7127638,0.9166666666666666,37.18408,16.98514,68.0513,-0.68980235,20.81291,34.679783,29.581131,-0.1461437261800888,-3.0930862,0.6666666666666666,8.715322,10.220129,39.626945,1.339545,13.133785,28.729856,18.747366,-0.055597905063757974,-4.232525,0.25,0.027428829308712127,0.011805824173598597,0.04367897727272727,0.001107712422520661,0.01389700337115343,0.032026811079545456,0.015561961226630061,0.15176047702228773,0.003834117542613636,0.16666666666666666,0.49891749412070013,/Users/will/Projects/SpeechEmotionCS3540/datasets/SURREY/Audio/KL_f09.wav,Fear
3.931156462585034,14,0.007716856,0.0033995889,0.012166312,0.0001568345,0.0034852962,0.006957137,0.0036316202,-0.10591621827787111,-0.0009810384,0.21428571428571427,161.14448875281633,67.30574904154102,301.9806209636125,8.39463167784716,74.08470350972821,217.55361871468253,61.14694629292056,-0.13471918763337415,-47.1582367172019,0.14285714285714285,30.192380234734795,24.9531219403617,86.82678240982155,1.420545271730881,28.690634199658625,78.10145900466657,40.66278549264986,-0.07576920140246897,-10.924885185097864,0.14285714285714285,0.6525974025974025,0.26704422097374264,0.9545454545454546,0.04195804195804195,0.2059675031471768,0.36363636363636365,0.2391768770437408,0.6620243162825411,0.4772727272727273,0.7857142857142857,1490.6586418995407,437.98282441234,1442.9265976540387,-17.44523235486199,453.3143036517521,733.9278311123924,572.6946913047979,-0.42006599892937596,-610.0237066380791,0.6428571428571429,2718.4270685369315,780.1192314299591,2829.658647017045,-2.108145760489501,840.9684249899667,1689.3776633522725,1048.2579502355925,-0.3792373416304254,-968.137706409801,0.6428571428571429,1631.1478069117861,269.2978650307775,988.0290978299095,-23.42508604245607,293.2947625904276,625.2693053347382,364.41893297864306,-0.5051760098255076,-407.21637457409656,0.0,-570.8688,67.11286,243.16037,3.9458241,68.30153,146.67291,61.31684,-0.012091020067751491,-13.300293,0.14285714285714285,110.993484,31.899387,121.74378,2.3847082,33.58118,75.76486,43.25702,0.49845978013353,45.288948,0.8571428571428571,16.109669,9.473735,35.5776,0.5076802,10.6871805,20.051891,14.532045,0.33476421836068493,9.417831,0.9285714285714286,55.806515,20.659689,74.58262,0.30801612,23.262413,49.174583,31.165174,-0.0030840633855696163,-3.0194855,0.6428571428571429,-4.4349303,16.239397,52.430283,0.38200092,18.303778,35.686314,25.246126,0.34530476330171367,22.167341,0.42857142857142855,0.05317668171672079,0.02872629493432281,0.09237393465909091,-0.0007443728146853147,0.03074619735494138,0.05721768465909091,0.038850964448751885,-0.31834744117275177,-0.031477494673295456,0.5714285714285714,0.8030021828732373,/Users/will/Projects/SpeechEmotionCS3540/datasets/SURREY/Audio/KL_f08.wav,Fear
2.9429024943310655,10,0.011460626,0.0030813217,0.00943646,0.00026902542,0.003814281,0.006685157,0.004046904,-0.051374507073261876,-0.000833001,0.2,193.61742051567188,78.85352406474644,261.07766042762614,-9.487789492586765,119.13508684128654,253.54232728119896,186.11780709064428,0.05311930399252328,12.926845521835759,0.8,37.6127100104353,29.658062218242236,91.52539792965295,4.309567722368701,42.32624096284882,68.39232099977653,70.48520145822732,0.17081082273843642,12.042163787932104,0.2,0.7318181818181818,0.21460130243841596,0.7272727272727273,0.0303030303030303,0.19284730395996752,0.5,0.172244390809365,0.12904941500228714,0.06060606060606055,0.3,1174.133348098255,375.43695206623323,1168.3931370397577,-15.330066525250256,448.12660103354386,867.8881298947199,621.6466894894523,0.42921780410626026,514.7707751043671,0.7,2009.6840598366475,644.7357298371492,2078.932883522727,-42.25075461647728,786.4062830321495,1426.0853160511363,1106.4867596045945,0.3044253941255363,647.7905273437502,0.7,1370.7344718174588,182.65620892641184,698.3620689601664,-55.71708439485266,199.30426881029527,339.0670239054475,264.51433577998483,-0.3491074067319555,-139.9500067362942,0.0,-544.8641,47.226444,157.75308,4.8616605,55.18028,102.32428,47.669033,0.22210930934617856,28.280457,0.2,130.55467,23.035677,78.55239,6.504938,24.59178,39.38349,29.792614,0.07474863990348879,-0.29571533,0.3,16.072525,13.171223,50.508873,-0.6474457,14.400391,25.725037,18.660152,-0.3658989630666539,-13.358604,0.0,43.984047,16.501455,50.589035,1.8161616,17.134815,36.152344,25.854528,0.5629338113944934,22.498404,0.5,1.0012133,13.165946,53.613136,-0.34350416,17.599546,31.151077,25.018309,-0.04203317619481128,-5.951409,0.6,0.0482421875,0.0295577697163419,0.09117542613636365,0.0014253866792929297,0.03500198284106464,0.06842595880681818,0.04811209759182709,0.5238453626098007,0.047866358901515145,0.7,0.4468352869058385,/Users/will/Projects/SpeechEmotionCS3540/datasets/SURREY/Audio/KL_h07.wav,Happy
2.318140589569161,8,0.0101811085,0.0060717626,0.016688675,-0.00028305867,0.0051600365,0.009351842,0.0030439424,-0.3680118013412134,-0.004907432,0.375,150.90724579028733,91.93886094540451,255.74299741390456,-29.31991248180794,99.94690618330509,255.74299741390456,172.0775513130534,-0.6534264579032423,-203.2515650556315,0.625,17.428337432174345,17.197609528783474,55.90865105214181,-2.250869567954278,26.575749342855012,52.79334894574617,49.058188592929895,-0.3027401967945803,-20.04403250082838,0.5,0.4204545454545455,0.30975029932815934,0.8181818181818182,-0.03246753246753247,0.35435749739330524,0.5,0.542553311205875,-0.5203664670346273,-0.4772727272727273,0.5,1154.5868539507169,352.43399227477164,940.4735600353112,93.18815192180902,269.4354355438879,717.682516583872,416.3018418995213,0.7583954910191143,774.6503814687201,0.75,2155.522571910511,604.4987517590386,1836.6843483664773,73.19890802556814,506.60816972409555,927.395907315341,642.0913738794343,0.6127630987477721,931.5557306463065,0.75,1459.7285138845518,368.63448776619515,1064.4678385838197,37.786092274344455,321.582440061046,567.3470240095933,173.61105183015698,0.37661878636129437,360.77975964720963,0.875,-570.4399,92.31258,273.3598,-6.91619,79.04541,123.48169,20.253159,-0.266650230444006,-53.71942,0.375,131.72644,41.138916,120.227684,-3.1201444,36.00543,48.753967,28.725483,-0.29454003254001565,-27.370842,0.375,-5.626247,10.427467,30.121027,1.2278918,9.716046,17.520836,8.981267,0.18218510072321395,8.097792,0.875,37.256027,22.270716,69.28559,-0.16793823,22.399895,33.076653,26.570728,0.44215274114947084,20.135342,0.75,9.984373,17.543486,48.653217,-6.2903724,19.429186,33.810978,29.219305,-0.6037677125271473,-40.146263,0.125,0.028220436789772728,0.011933582761668938,0.040616122159090905,0.002580915178571429,0.01353629910608854,0.022549715909090908,0.01602665794284194,0.5020379757030698,0.020818536931818177,0.75,0.4901260840032896,/Users/will/Projects/SpeechEmotionCS3540/datasets/SURREY/Audio/KL_h13.wav,Happy
4.025487528344671,15,0.11262786,0.05775662,0.17759773,2.741175e-05,0.041436788,0.092289135,0.042623483,-0.4361573410782968,-0.06419769,0.4,126.6381609066919,53.89408606187973,182.04270196666195,0.0,56.32051949520774,182.04270196666195,55.486274061149714,-0.2989853653625003,-38.76235378124281,0.06666666666666667,9.435186044704556,5.136128260161838,15.237749757285023,1.586032892321652e-17,4.5855634142995285,9.904651062253578,4.910901307166903,-0.2249611756527346,-1.6944630115397077,0.3333333333333333,0.6696969696969698,0.32964906069024036,1.0,0.0,0.2594153812394569,0.5454545454545455,0.2450048677112567,-0.019148878379811468,-0.027272727272727226,0.26666666666666666,1022.9643544613724,451.31770617275646,1465.6713693949177,22.704376183614816,506.47823130335917,1163.2071837561243,760.202344949857,0.5233836239973295,551.4066525695708,0.4666666666666667,1829.24560546875,823.9911301062026,2608.9433149857955,51.73561789772729,842.7982027032791,1952.670010653409,1248.6335453958404,0.6228194245707108,1222.2050337357955,0.4666666666666667,1238.4493092248733,252.03015740171637,809.451047694589,5.225989052473243,273.73954439487323,630.6147908079851,456.574798433756,0.5660539761624731,379.43215320189506,0.8666666666666667,-338.10126,107.27634,348.17828,0.55633545,74.99902,181.46869,42.119003,-0.12058970869637048,-34.907898,0.4666666666666667,146.40479,28.667347,107.018845,-0.38211823,32.568375,54.16842,50.551132,-0.32047827369323073,-25.085617,0.26666666666666666,6.9094644,11.369681,40.82461,-0.26794216,14.0693035,25.835823,22.269098,0.17156864827596152,7.545803,0.6666666666666666,35.900467,19.215176,64.1234,-0.0386625,12.353059,24.29625,15.414343,0.717154688273155,39.641132,0.8,8.093858,15.486091,51.1294,-0.018682888,17.286745,37.19628,25.23626,0.3353407853700727,15.596534,0.8,0.03244702888257576,0.02226760671319635,0.07737038352272728,3.80478896103892e-05,0.023403831761888223,0.054398970170454544,0.0347023739187301,0.23740176819760916,0.013662997159090903,0.4666666666666667,0.8331222600666399,/Users/will/Projects/SpeechEmotionCS3540/datasets/SURREY/Audio/DC_a09.wav,Anger
5.943401360544217,22,0.08742371,0.032779854,0.10441662,2.741991e-06,0.024739973,0.052305773,0.030843874,0.009797096015392474,-0.00067798793,0.22727272727272727,150.37524710494688,62.21587603266956,214.59619471627812,0.0,50.68959229030113,167.37214480202314,64.73140869669523,0.08518463728657229,5.648789784067503,0.18181818181818182,11.842764563498617,11.475640014242684,55.32605591486722,1.9032394707859825e-16,14.4881585766771,49.216463425769604,23.814307776842867,-0.21867423914795128,-6.770563645627092,0.18181818181818182,0.6714876033057849,0.3320280719005826,1.0,1.32169407693471e-18,0.26504326794751365,0.6363636363636364,0.3428354664045034,0.14565431201652876,0.11038961038961037,0.36363636363636365,813.9839388074729,469.05826715252084,1318.4002168754625,0.7658443132873485,405.538197850037,830.5646343114242,562.9048752641924,-0.19304888046574345,-265.65380555152035,0.2727272727272727,1384.7985133651857,894.8288734263232,2560.493607954545,2.1206942471591015,702.6120105047926,1452.5124289772725,917.8439161289728,-0.1689267572411847,-470.86403586647725,0.2727272727272727,1100.7642513951296,236.31722106722023,832.4416825115967,1.6617197081567383,237.76521785513492,448.84854274683084,347.1677802873371,-0.1906458500762484,-145.1366364040241,0.7272727272727273,-398.2535,95.63387,278.3943,-0.119957335,64.75125,142.31021,72.21497,-0.04291726590182896,-13.345581,0.2727272727272727,137.79295,27.512207,116.62044,-0.248707,32.76417,68.83916,50.47749,0.319155865132854,27.575073,0.36363636363636365,20.626167,13.663408,69.92559,0.0058340346,13.143308,30.180773,18.503685,0.3084615437963486,9.804245,0.8636363636363636,34.869793,23.907063,101.61401,-0.04699071,20.379162,43.275406,27.72292,-0.14124702914971002,-12.2307625,0.13636363636363635,13.141604,11.031053,48.917446,-0.11254226,11.873782,27.629473,17.87733,0.2227524406321914,8.00808,0.7727272727272727,0.017829327543904958,0.012186020718284136,0.039484197443181816,3.097720492815727e-20,0.009258079831091498,0.024636008522727272,0.011500894843663593,-0.21145378661003356,-0.006724964488636366,0.13636363636363635,0.6916337475677938,/Users/will/Projects/SpeechEmotionCS3540/datasets/SURREY/Audio/DC_sa13.wav,Sad
2.9140589569161,10,0.09822885,0.046829764,0.12798166,0.00020222117,0.038689848,0.066488214,0.046977974,-0.03293195167196998,0.0019104481,0.3,150.48775559236861,75.38830710082381,196.11523222706256,0.0,89.22677978361314,196.11523222706256,81.8688998745612,-0.041179395522915725,-7.714711759379199,0.1,6.902186774033583,3.7878160992721437,11.878724211709613,0.0,4.274250953949733,9.087454532858958,4.000140698405534,-0.21461063831658966,-2.229847249564818,0.2,0.6454545454545455,0.3839765833080523,1.0,-1.2335811384723961e-17,0.30151134457776363,0.5454545454545454,0.17741471586359087,0.07830675114857619,0.09090909090909088,0.3,709.269301135757,309.0386358307654,1014.9652875022039,-0.8334636698274127,341.85633352882115,729.1451724295605,404.10736621573017,0.3925961202848419,383.1466300589467,0.7,1217.4579412286932,607.654416670409,1897.858220880682,-1.1419122869318319,667.5852659310524,1375.1886541193182,846.124698870232,0.3306854136980131,612.8806374289771,0.7,1079.0538055914299,126.96948178532423,456.96489982374,-3.643381770717143,166.2700694834433,293.5980863387106,264.8260357812356,0.3432634532138858,134.41247586863926,0.7,-394.55383,102.961494,268.5512,0.14590794,76.59036,132.11823,46.923016,0.08532628665807632,25.730469,0.6,128.4285,23.188198,79.05474,-0.8374608,25.654703,57.086693,33.145382,-0.17651580345382625,-14.353401,0.5,15.380621,15.136499,54.162956,1.0298809,14.418165,19.429579,19.827175,-0.1777387579301155,-7.9702435,0.1,37.943333,20.06477,65.88789,-1.1230804,25.509447,46.7563,30.386549,0.06820119048957503,9.351028,0.7,16.656359,4.9519997,16.3635,0.46502602,6.1497874,13.099756,6.913364,-0.13006841635660238,-1.8930788,0.2,0.018816583806818183,0.01226133485688324,0.032781427556818184,8.631234217171712e-05,0.008790018014394291,0.014581853693181818,0.005334406399848808,0.2169169580369142,0.007464784564393939,0.5,0.6300366786239203,/Users/will/Projects/SpeechEmotionCS3540/datasets/SURREY/Audio/DC_sa07.wav,Sad
3.2424489795918365,11,0.25200805,0.08200412,0.29766992,-0.011840401,0.10727463,0.27037108,0.12051042,-0.06158302155403817,-0.01247865,0.7272727272727273,253.84037573291832,120.0809311844804,454.84753405434316,-30.290197468342512,153.5711056015341,454.84753405434316,162.23166446796242,0.017392738346422024,39.44434349983737,0.8181818181818182,31.229318107232462,26.982190480648494,104.607202027898,-0.8170703004996576,39.457599684542615,81.14011571928454,66.55278648746923,-0.041519901689617986,-18.99513321365837,0.6363636363636364,0.5247933884297521,0.258850574601088,0.8181818181818182,-0.022727272727272724,0.2833171280408622,0.5,0.407184734762553,-0.2776503275403837,-0.2121212121212121,0.2727272727272727,1566.9246959689472,637.9267045513393,1874.897130352535,187.4897130352535,690.8008815114869,1365.3899942992302,856.8148651018898,0.09032158274530705,274.76908711886495,0.9090909090909091,2822.2288021371387,1000.8003189144084,2839.9358575994315,264.12431196732956,1099.7812066180188,1960.010875355114,1441.578718969486,-0.0036971884610611586,168.350497159091,0.9090909090909091,1483.4018976624077,224.6279703674243,689.3483313320546,53.71482823481763,246.2455002507422,505.2397790754096,349.36393845414455,0.014534763211487774,34.42961826784858,0.9090909090909091,-193.91278,63.74614,203.24551,-4.278412,80.005066,188.30936,84.13798,-0.1967520752915411,-24.84999,0.09090909090909091,119.363106,27.14043,92.37006,-2.7661185,29.475098,67.58277,33.102394,0.14363459622050356,3.9089355,0.5454545454545454,-7.7710266,14.6585455,54.502003,2.6751585,15.146637,28.163855,19.84831,0.6525427275111789,21.336351,0.9090909090909091,42.62169,10.741003,35.45917,2.7326355,12.866758,22.245243,17.773094,0.12336814097438278,5.185547,0.9090909090909091,-22.274155,13.657765,46.804077,-3.8955765,15.103171,27.097385,18.903687,-0.049153737104967704,-2.3432999,0.0,0.08223705449380166,0.05488574167304976,0.165283203125,0.014315518465909094,0.05785623259205506,0.11226029829545454,0.07100290769017954,0.028597643742619375,0.01906516335227272,0.36363636363636365,0.7421168292801837,/Users/will/Projects/SpeechEmotionCS3540/datasets/SURREY/Audio/JK_a12.wav,Anger
3.7945578231292516,14,0.2226362,0.109163165,0.44752258,-0.012147212,0.10812878,0.28960884,0.1369929,-0.7095079228865754,-0.18366474,0.07142857142857142,118.8927564649703,105.12858671061915,252.38932638413812,0.0,98.09160329730257,252.38932638413812,131.84504006210528,-0.5910363460039011,-168.65709932833187,0.07142857142857142,19.74230080146171,20.373097449691763,52.215031205441456,2.7328566760003855e-16,19.91151815141209,41.472581445026115,26.27516567245357,-0.4489252437139462,-22.246904901043322,0.42857142857142855,0.37987012987012986,0.3734895368511564,0.8636363636363636,0.0,0.3587964624437847,0.8181818181818182,0.4607530666525748,-0.5251013401023679,-0.4772727272727273,0.14285714285714285,1544.862496280584,398.85395125544164,1461.4090176006334,51.90064343294652,464.1701198351354,674.3417875851594,700.721854781487,0.28532249751776884,203.8484141950321,0.21428571428571427,2672.808837890625,589.6371835352054,2236.027388139205,15.133474923514,725.4927940966937,1061.4890358664773,1105.8907990260914,-0.043333405883914454,-179.484141956676,0.21428571428571427,1445.81266666949,160.46504249746715,659.0534157372215,-5.376493143868297,232.50915280985961,471.87110402818985,400.01237524121973,-0.2524851963556419,-144.8005395107757,0.21428571428571427,-231.57036,117.779,487.51456,-23.557262,98.68216,283.91373,68.522156,-0.5585584125683402,-146.27367,0.14285714285714285,111.42987,27.234812,86.51238,-0.6552705,33.79275,86.51238,50.71689,0.0009342023957470667,9.365349,0.7857142857142857,-11.828994,22.28909,77.78271,3.3596537,23.173136,57.08101,32.302094,0.5106023432836037,20.106178,0.9285714285714286,46.472168,17.235903,61.910824,4.762371,15.692083,27.63519,17.652763,0.4766229615722961,12.359367,0.9285714285714286,-16.863514,13.070747,46.86932,-1.1573533,13.060777,37.044655,19.301998,-0.4161268898917921,-14.1224785,0.5,0.0725478135146104,0.03524758343968879,0.13871626420454547,0.004298923732517483,0.038561600109300376,0.061523437500000014,0.05450780892780651,0.20893361583702064,0.011297052556818177,0.21428571428571427,0.6483869917604049,/Users/will/Projects/SpeechEmotionCS3540/datasets/SURREY/Audio/JK_a06.wav,Anger
3.386621315192744,12,0.06616033,0.018199358,0.053831276,-1.6791239e-05,0.01644395,0.025743987,0.018004797,-0.1923203112054444,-0.01379345,0.5833333333333334,155.4044990222392,130.54695111169167,465.73841798958415,-42.339856180871294,62.3114888117932,173.06004333872227,77.97645752754039,-0.8889108632473226,-254.3109979972852,0.0,19.40460469811078,40.42798860458229,152.25669366536158,-0.8444124478903984,61.08240498385919,142.9681567385672,101.41012636340604,-0.46856145580351827,-43.74961035527993,0.08333333333333333,0.5795454545454545,0.35361425887135123,1.0,-0.05371900826446281,0.2620629751356682,0.7272727272727273,0.350442459407207,-0.6097495146284672,-0.5568181818181819,0.5833333333333334,738.2392385238207,280.50114350326805,1005.2477467931935,-8.948789024258087,289.28670389348787,532.9716049545173,316.55158436617245,-0.09897443530846484,-42.50220460042851,0.3333333333333333,1420.8243630149145,671.216072538692,2311.882990056818,-0.13347026730372652,682.2661448756204,1220.0517134232955,719.4934981646411,-0.06118954239464475,-31.076327237215764,0.3333333333333333,1158.559208472209,219.9075036103937,787.0098206871434,-17.357944318063677,240.0797001687151,540.5708694735793,303.89289417843963,-0.29606685786416115,-125.39871587916127,0.3333333333333333,-395.493,82.82973,254.16919,-4.190485,66.8529,125.46686,44.011585,-0.14087880910355258,-28.056915,0.16666666666666666,156.93417,30.761887,79.345825,-0.19434704,31.004438,59.144302,47.17226,0.25075839821397805,18.029465,0.5,6.487498,13.91724,47.342422,1.9806267,18.850014,39.563446,30.403301,0.06917819637831608,-4.392034,0.9166666666666666,39.012615,8.232225,27.519876,0.031749725,8.739942,22.087122,13.485732,-0.4692654305637319,-11.695515,0.25,9.495632,13.015909,40.967808,-0.14290237,13.863958,23.394865,17.8486,-0.04955011308464952,-0.9543152,0.5833333333333334,0.011433919270833336,0.006846341309597815,0.020285866477272728,0.0,0.005977802813749224,0.011518998579545454,0.006569438810447203,-0.10658774801526505,-0.003312544389204546,0.5833333333333334,-0.019703327090257815,/Users/will/Projects/SpeechEmotionCS3540/datasets/SURREY/Audio/JE_n02.wav,Neutral
3.446077097505669,12,0.0707669,0.014060228,0.053345576,0.0035042763,0.014207881,0.02558402,0.019112779,0.43451114264405466,0.008083738,0.25,190.69299073643586,127.87219954286746,366.18008249827176,-32.30811161450948,97.16481561744543,335.8125236646698,154.76696587989844,-0.6996812346520874,-188.37838628563134,0.0,10.212749175350114,6.601221668699952,23.22094234369841,0.5981329191456933,8.407838157268731,19.982745265122524,13.798461004422451,0.0020835052008726872,0.3677117687463767,0.3333333333333333,0.7386363636363636,0.20507087399453278,0.5454545454545454,0.045454545454545456,0.25712973861329,0.4090909090909091,0.3674796896619588,0.3344219018849119,0.05681818181818177,0.25,905.4077740769461,322.1246290777603,1157.756634279408,9.868773083770778,312.1760626101796,554.6101821140984,425.7737333243776,-0.19075138375501893,-132.7123624074526,0.4166666666666667,1794.8006369850852,689.9603616328781,2444.9973366477275,-9.120468265754146,673.7405026413616,1059.5314719460225,880.7715153968801,-0.2791091691192233,-427.72771661931824,0.4166666666666667,1278.664716325584,239.76120903726667,824.4033020164281,-16.734207993696817,253.15938325661344,398.0129451279113,368.7924056686052,-0.5213719619836885,-279.40348496681304,0.4166666666666667,-389.6522,55.197056,236.58252,13.424372,47.72377,105.22687,43.067226,0.2522125130334959,11.659729,0.25,136.71954,32.552116,103.27227,4.7579784,36.311306,59.198845,54.060596,0.6100088698185718,39.231064,0.25,21.876226,18.523535,53.046806,1.5400552,11.831249,23.172619,14.414533,0.7634685456224478,37.206577,0.5833333333333334,66.828606,15.437512,52.742195,1.7016387,19.943567,33.61645,29.330296,-0.09483045260117627,-5.4067,0.4166666666666667,11.927078,12.2294655,51.81459,3.2998102,12.605749,24.023314,17.518845,0.5794440566705847,12.570537,0.9166666666666666,0.010387073863636364,0.004764254606019128,0.01740056818181818,0.0013316761363636363,0.00451582441189915,0.008766867897727274,0.005951201901240612,0.5491367219530449,0.0042724609375,0.25,-0.7620712519808981,/Users/will/Projects/SpeechEmotionCS3540/datasets/SURREY/Audio/JE_n16.wav,Neutral
3.664761904761905,13,0.12518999,0.0733799,0.2153811,0.0012155002,0.053392377,0.13589314,0.043630682,0.5623458038090479,0.1042336,0.7692307692307693,247.4387479069224,112.834857197565,357.23019351246796,-29.769182792705664,40.60600430303718,108.50540318443984,42.97463198203277,-0.8998652608226139,-254.80273751742666,0.0,29.768639202488597,27.085123520125066,109.68515846955822,0.10100964965156282,37.848349908442366,87.4211284967789,66.16066271590906,-0.3552624173146053,-27.443489965952793,0.15384615384615385,0.7902097902097902,0.1865967001975711,0.5909090909090908,0.007575757575757569,0.22638716359824146,0.5,0.2692617282255357,0.3856174823534707,0.19318181818181823,0.6153846153846154,1131.8037290961017,518.7162347510591,1708.4013355372497,-10.255478871673503,483.51952440848623,1079.7818098268933,618.6190164142421,-0.46119632143956196,-769.465635299227,0.15384615384615385,1929.1792436079545,930.7122244415673,3322.964754971591,-53.42518199573866,840.3725200549228,1390.359774502841,1004.690919725739,-0.5432983353110677,-1504.877263849432,0.15384615384615385,1367.0191350477699,287.1834413911655,900.4931122940822,-13.138500219364195,275.9569122930274,541.451310898436,388.56138954106837,-0.6499868177791885,-582.178885786059,0.15384615384615385,-334.85535,126.17082,363.44455,1.2698988,99.51975,239.10092,80.682274,0.3302402278694694,104.589905,0.6153846153846154,130.97357,32.654213,126.235245,-1.8403963,33.386524,64.6689,44.008568,0.5259464959048455,58.08834,0.6923076923076923,2.8380952,22.468945,87.04178,4.6734357,21.59155,36.085682,26.119743,0.33225781455453435,14.864221,0.9230769230769231,27.299828,18.854647,68.57338,-1.0940627,12.922066,29.825008,16.385649,-0.5774444406197018,-25.528538,0.07692307692307693,-14.199213,21.763006,73.88046,0.12710929,16.997293,34.537308,20.213036,0.11303576971233675,12.065746,0.7692307692307693,0.035116982626748255,0.02603401325197899,0.08777965198863637,0.000429095643939394,0.026704712844051834,0.07650479403409091,0.036902706385938726,-0.2056927459675187,-0.020341352982954544,0.23076923076923078,-0.6001329596211454,/Users/will/Projects/SpeechEmotionCS3540/datasets/SURREY/Audio/JE_h10.wav,Happy
3.6187755102040815,13,0.10244033,0.055460665,0.16471985,-6.977158e-06,0.046096977,0.08580744,0.05562202,0.03801038955107893,-0.0028559715,0.6923076923076923,182.26018863344223,87.30059475707263,412.0414269132271,34.33678557610226,98.009839254865,295.76954707591995,107.44922200536674,0.3209215456290289,41.59401774290012,0.9230769230769231,13.897091133122437,6.338250926869438,22.819873321047478,0.36494608075138685,8.071428992915193,15.534141455097682,12.638343182332626,-0.04828281704729158,0.042815424957165504,0.3076923076923077,0.7552447552447551,0.29915034456234174,1.0,0.06060606060606061,0.1984212250561939,0.4545454545454546,0.20495201268821897,0.43108164160982443,0.2727272727272727,0.23076923076923078,1071.6305078965688,390.67540610069466,1398.6903113932447,11.626441810488842,368.2279536910102,714.126252565616,480.7011186677356,0.037871816717821145,126.13618730249937,0.3076923076923077,1997.0163625437062,851.2097084258752,3193.2761452414775,52.364834872159086,804.2935415805993,1456.9169477982955,1039.4708462023018,-0.044088046293717306,10.644253817471736,0.3076923076923077,1417.6690458186893,231.354707220961,929.0294624210103,5.491023236341732,252.94758818096284,490.23729920574806,377.9906754563005,-0.2692616473088474,-130.55196807129732,0.3076923076923077,-351.06647,109.132,324.20493,0.8543701,79.71496,151.67221,44.45464,0.010210027823089081,5.8728027,0.6923076923076923,127.271576,28.65267,90.1617,-1.1175333,29.181305,53.665237,41.833706,0.4402044215515232,32.793587,0.46153846153846156,13.329472,11.330564,45.728542,-2.0000012,13.849183,30.41161,19.111305,-0.5032219897361596,-15.708699,0.23076923076923078,50.058002,23.309175,82.603775,-0.28770718,26.137005,48.613625,35.5807,-0.14997130909815043,-9.250927,0.23076923076923078,-10.741658,15.133929,47.17226,0.9047007,14.926616,26.881731,21.412413,0.03895202019275305,-3.0769122,0.8461538461538461,0.03208998033216783,0.022155027897956658,0.07308682528409091,1.4456028966473392e-19,0.016552888528264195,0.028298117897727272,0.017489817953328414,-0.04868724133395982,0.0022305575284090953,0.3076923076923077,-0.03611684281208044,/Users/will/Projects/SpeechEmotionCS3540/datasets/SURREY/Audio/JE_h04.wav,Happy
4.098820861678004,15,0.070829496,0.02898041,0.08874073,1.8261906e-05,0.019614156,0.03944253,0.016227946,-0.21867423872722874,-0.014905058,0.3333333333333333,173.85841175749314,146.3764013683944,479.36230394092325,31.670518933691003,226.35631670752446,443.38726507167405,356.6173579831658,0.044541448434329244,-18.116872782087967,0.5333333333333333,7.328681241252668,5.319984001741453,20.092006026482096,0.6973126443734948,8.44859926206845,20.092006026482096,14.412084058908313,-0.24637220291273437,-3.2757243675781407,0.06666666666666667,0.6121212121212121,0.3481025571096819,1.0,0.045454545454545456,0.3720614896305659,0.7272727272727273,0.5332597712810174,0.09469854762492833,0.11818181818181817,0.26666666666666666,999.0668554957025,448.1710371042001,1600.8543876056729,5.010315913951018,472.62155802937633,858.2907391256379,604.0279106879875,-0.22978670258320072,-353.76770797492156,0.13333333333333333,1905.296963778409,956.3697215466168,3445.8018909801135,10.032515092329545,995.9727698251164,1752.0197088068182,1298.7665447682732,-0.21434400550969077,-719.3068625710227,0.5333333333333333,1303.7018473651817,303.63872796600083,947.7161019807462,5.9259341329041275,348.15004592844724,614.8399598994131,458.85178808376224,-0.1878887794619731,-242.07628695286235,0.13333333333333333,-374.04736,98.31604,306.9853,0.50154334,74.830986,160.58237,69.45252,0.0037967938633301484,8.1935425,0.3333333333333333,143.69809,41.031136,128.57819,-0.6355302,42.745922,87.18218,52.380295,0.23547210338615224,38.297104,0.7333333333333333,2.5564432,22.814192,76.72545,-0.78114235,22.815466,46.846313,28.46952,-0.11514554976278521,-12.664635,0.5333333333333333,50.621643,17.092089,64.930016,0.30649117,19.41748,40.67763,25.703506,-0.10252370220964013,-11.209312,0.6,-0.97613835,15.515694,47.702984,0.45086145,15.987503,36.404617,21.695887,0.10249784764946744,5.391792,0.3333333333333333,0.013725142045454546,0.009704542743026533,0.027743252840909092,-2.4781763942525814e-19,0.008017238603626936,0.014692826704545454,0.007312292325226083,0.15456877142283884,0.005939275568181818,0.3333333333333333,-0.30930493855108954,/Users/will/Projects/SpeechEmotionCS3540/datasets/SURREY/Audio/JE_d09.wav,Disgust
2.7746031746031745,10,0.007055075,0.001984462,0.007409892,-0.00068944984,0.001773656,0.0038813818,0.0027321663,-0.7377973911201318,-0.0034896722,0.1,141.3446884239532,102.53196707480316,425.0150818703544,30.699006652651153,143.27423120141967,425.0150818703544,185.68279727143226,0.2198745748389889,35.08975765939127,0.9,12.29810122216812,9.13823403569368,31.436390468977983,3.4090168486898307,12.812410562564722,31.436390468977983,19.64315458792893,0.35404984766565684,5.445669592090098,0.9,0.6454545454545455,0.2986194128301244,1.0,0.005050505050505046,0.341124137187238,0.7272727272727273,0.4905814879110215,-0.3709627887341786,-0.3484848484848487,0.2,851.864092234178,168.04935582536933,628.8477544005042,20.774331353913325,185.9089241391153,349.7902274596097,198.3187276919316,0.14358275680697538,89.84141782992492,0.3,1657.4204323508525,510.5290511439674,1844.0252130681815,46.98153409090909,527.2161680427281,1199.9866832386365,465.14023719768534,-0.05538418674047695,-34.58362926136374,0.3,1361.6896032673283,142.46701632420763,412.29084321014784,39.82230083274001,155.8472332173748,359.9672829002591,229.47678591848933,0.20021545938120855,80.09143299196967,0.9,-603.4274,49.863827,165.71619,-6.681451,46.83166,95.64258,46.654816,-0.41806911593708607,-52.226746,0.5,145.23047,25.624321,74.18328,0.25295937,23.722662,53.8543,31.828411,0.25455362177565194,15.167557,0.5,17.370214,10.619746,31.384298,-0.9274661,11.54993,24.501535,16.430061,0.22481131762692266,7.8464184,0.0,50.81054,20.949484,66.92522,0.530003,24.360249,41.353874,30.35231,-0.3373908066666125,-21.021648,0.2,5.3131704,12.024409,43.360554,0.4751835,13.231377,29.315426,19.049494,-0.22645832457558757,-11.642342,0.2,0.010893110795454543,0.004386417124454003,0.013006036931818182,-0.00044389204545454533,0.004709673916086316,0.008034446022727272,0.006270083167940083,-0.2702314078716334,-0.003462357954545454,0.4,-0.40427495148815146,/Users/will/Projects/SpeechEmotionCS3540/datasets/SURREY/Audio/KL_n29.wav,Neutral
4.234829931972789,15,0.008901273,0.005618062,0.021352356,-0.0009665634,0.003798499,0.009497722,0.0053998427,-0.743517278208236,-0.00928693,0.06666666666666667,108.26655211234113,46.52225571656521,162.07197616751404,-4.388143943225871,44.20352571436836,119.29251574920129,63.179296378095785,-0.3133921396075054,-36.773584468003605,0.0,9.483556694700077,5.869484986380213,21.79447011886026,-0.785253978633283,6.974643945373494,12.16198141695239,10.509995551893343,-0.20678197444793245,-2.153843861619089,0.6666666666666666,0.6,0.2956060217759321,0.9545454545454546,-0.022727272727272724,0.3723588613228737,0.8181818181818182,0.5168915544531473,-0.16371500583199558,-0.1272727272727272,0.06666666666666667,947.6158005819636,208.89585492825003,640.2651340890901,-21.52717727696969,283.55333756346084,605.8879386412491,449.0719998225519,-0.020833209116725315,-2.6237934094269804,0.8,1694.5325816761363,380.69044015623643,1313.0359996448863,-62.88674094460229,499.77410177061546,899.990012428977,811.1317720914342,0.003431669443032674,56.27996271306802,0.8,1318.6212246603784,201.28183826089486,845.8261427372921,2.0614722920443973,240.5999379841256,368.1031640879828,361.0329274313575,0.30137540452150685,147.61278585204536,0.4666666666666667,-589.6742,56.970688,202.10934,-8.435206,44.10807,93.88599,55.481174,-0.6630537014237375,-87.30615,0.06666666666666667,152.27095,18.138218,60.758537,3.5385509,24.36759,51.275536,39.21873,0.2706449972569151,9.8862,0.26666666666666666,15.602657,16.371914,59.647232,4.2605166,12.204197,25.898811,18.016851,0.6290714750144304,21.6575,0.9333333333333333,39.144535,11.669173,51.344475,0.8157444,12.45982,27.618889,18.97555,0.47187538406631513,9.939594,0.6,14.979486,19.19842,62.525448,-3.4364555,20.85606,37.582016,29.217611,-0.49266140240637984,-20.900902,0.0,0.025208629261363635,0.019900626810228545,0.06795987215909091,-2.3779931006493562e-05,0.01998737257237992,0.05231267755681819,0.02727573943557166,-0.42251569049527166,-0.023073508522727278,0.13333333333333333,0.7096218026315133,/Users/will/Projects/SpeechEmotionCS3540/datasets/SURREY/Audio/KL_n15.wav,Neutral
3.5854421768707483,13,0.007891553,0.0021042144,0.008010508,-0.00019823194,0.0023011116,0.0044996673,0.0025218765,-0.4389660353221823,-0.0027480912,0.15384615384615385,159.25101698750052,105.28950933109725,445.00555247682433,9.04731754231329,135.16926816582003,329.4777716165852,216.1031988507219,0.3268085959379467,128.18685597318094,0.6923076923076923,26.326300434624734,49.68965444647508,174.58120746267065,0.17232599350561997,77.26367548215174,171.81524079433183,138.42520201179715,0.2079521426599531,43.657480305239936,0.7692307692307693,0.5804195804195804,0.2553644704407023,0.9545454545454546,0.01893939393939394,0.31297599194429754,0.6363636363636364,0.3576230830317158,0.06952853479994743,-0.03409090909090906,0.15384615384615385,891.0865754605497,188.23914824710678,778.5097322784696,-9.237835475590032,254.67305764994248,438.98419033175674,449.6448748480919,-0.49376306746256676,-201.03876347792107,0.3076923076923077,1626.3591632976402,395.1748494502209,1552.8375799005685,-7.259299538352271,576.4186779832697,922.5019975142047,1040.875605711965,-0.42805986185789907,-416.5940718217332,0.07692307692307693,1308.4357058267792,198.824121556794,695.4201595711614,-11.179051146680044,231.74086139066858,489.31619150200277,327.9785219329623,-0.5044046467903424,-221.53790863311906,0.0,-601.5699,40.17102,138.41748,-0.45995077,47.09637,107.54718,54.755154,-0.3608324783385406,-44.75775,0.15384615384615385,139.25987,28.392365,108.52798,5.335072,26.728674,50.780495,34.979576,0.6807821652105752,40.446198,0.8461538461538461,22.733318,14.456507,54.840553,-0.54362315,14.610789,27.250828,22.773542,0.613720529564835,23.489397,0.7692307692307693,54.442814,14.260567,41.74042,0.5738487,17.26956,26.314121,24.73559,-0.12098473131279587,-3.1313477,0.46153846153846156,20.107534,13.818953,42.1323,2.42566,16.77273,32.956448,24.538424,0.12783302867419485,3.0386162,0.38461538461538464,0.014755995957167832,0.006448779069618883,0.027299360795454544,0.001161517518939394,0.006909258073602617,0.013361150568181816,0.009332623435143463,0.6689967859871505,0.008839000355113638,0.8461538461538461,0.1167298898516552,/Users/will/Projects/SpeechEmotionCS3540/datasets/SURREY/Audio/KL_n01.wav,Neutral
2.605034013605442,9,0.004798568,0.0022439216,0.007748387,-0.0004103574,0.002235364,0.0047616106,0.003814262,-0.7709141705896659,-0.0041066133,0.1111111111111111,82.09410819335123,61.1633373905843,157.66504587458093,-19.708130734322616,37.22347152217876,105.28835945344841,62.96854845574466,-0.9138841320082536,-137.43367459715662,0.0,4.949274768458088,3.8750015883822337,9.350849926979219,-1.1018372575266668,3.5145208282223663,8.457780909581164,5.0336619439821915,-0.6484917470177527,-5.982317790024928,0.4444444444444444,0.40404040404040403,0.335012605086404,0.9090909090909091,-0.03977272727272728,0.3457515917868499,0.9090909090909091,0.5410302946478752,-0.4320669140096452,-0.4090909090909091,0.5555555555555556,1156.2242479433241,333.33800408945604,1069.5675651096733,-11.02573402943463,436.78572754362557,682.5444019316128,517.2844274653747,0.20751999902761403,211.2994674463921,0.6666666666666666,2142.2274502840905,734.6478226255541,2394.590065696023,-4.2209972034800955,886.6028408050469,1225.9244051846595,1051.55826437663,0.30415521618972224,620.5477627840908,0.6666666666666666,1566.211123635545,208.49661856251583,727.5327611961527,-13.145753704109808,263.93850640121866,529.2923403599675,405.68728911189214,0.2643043090908366,164.625033313745,0.6666666666666666,-636.92755,41.86706,144.18835,-7.500839,42.856777,84.18164,49.237263,-0.70036308999256,-73.32965,0.1111111111111111,127.42691,25.118662,86.46459,3.1349497,31.492044,62.269035,48.08889,-0.15044684810654707,-15.820915,0.3333333333333333,32.685623,15.395124,58.882145,1.3187928,20.431992,30.491474,28.957697,0.014370312773233196,-1.3355827,0.4444444444444444,47.48013,22.111303,66.803444,0.938365,24.260803,45.262875,32.896183,0.2528796957069424,11.710014,0.5555555555555556,0.39320168,9.156859,27.615295,1.0391908,15.319378,21.058395,25.667948,0.15548149322976548,1.8682123,0.5555555555555556,0.022566978377525252,0.010565328917188107,0.03138316761363637,0.0004633123224431824,0.015321721966792984,0.03138316761363637,0.019428531108916097,-0.23531067689151827,-0.008752071496212117,0.1111111111111111,0.7227161340125123,/Users/will/Projects/SpeechEmotionCS3540/datasets/SURREY/Audio/KL_n05.wav,Neutral
5.450748299319728,20,0.0058667534,0.0021906726,0.007454101,-0.00014003729,0.002004231,0.004829819,0.0025348975,-0.5488813940500165,-0.0024520676,0.35,79.5884144135943,52.619385746593544,129.4705140534119,5.461105714315222,46.02124619368718,121.27809115714204,75.29175313898862,0.6428207320911179,87.34334391423693,0.35,6.331849121472981,6.74275517964068,27.035822700026014,0.10944704518891984,8.220944188020685,27.035822700026014,13.726744907874165,0.2474981764996252,4.359105483176071,0.4,0.4909090909090909,0.34991144098032234,1.0,0.03349282296650718,0.2967278800710747,0.6363636363636364,0.3946590810123178,0.5564425150037842,0.5151515151515151,0.3,937.7304966755482,329.10940136777265,1089.77804603788,23.14838656127527,404.9852739304513,892.0283475768866,525.3868234454442,0.05715279489912785,73.4514990408752,0.1,1658.1300492720165,720.2529724201635,2650.5415482954545,66.37687135541269,869.2588695719726,1873.8780628551135,1122.4267451634523,0.14918821229152582,343.5524680397725,0.1,1393.3418516805893,240.494533782764,806.2906309937133,-2.0982361359574857,279.2229605450372,493.1616671395434,393.82544378249133,-0.11938168345470332,-66.84373502342055,0.7,-619.8708,45.839123,155.1557,3.1889713,53.622284,136.51154,71.23855,0.06909011618572694,15.925415,0.55,142.1536,31.81276,115.38778,2.8169117,29.01905,55.04386,38.162197,0.41479201908217744,31.066017,0.55,21.662846,12.448534,51.861336,-0.46569788,14.97956,34.82159,22.471853,-0.25902490610577866,-8.174252,0.4,48.123474,21.014988,76.083336,1.4274184,21.0952,50.51979,26.446531,0.18295375863443467,10.624794,0.75,6.9451623,17.057928,71.7596,0.49957827,17.821886,37.139626,23.452564,0.41784843034155533,17.573694,0.75,0.01766690340909091,0.008134816781665515,0.028764204545454548,0.0008106870514354069,0.006052751236413887,0.01138583096590909,0.008551833319458683,0.5194772720650837,0.010764382102272726,0.65,0.0013570191435690277,/Users/will/Projects/SpeechEmotionCS3540/datasets/SURREY/Audio/KL_n11.wav,Neutral
5.32,20,0.12569062,0.07122735,0.25389495,-5.7575344e-06,0.060326748,0.12490531,0.08070951,-0.3193784576542803,-0.06147834,0.45,152.7990334369375,87.24282328555856,456.1703038875789,-24.00896336250415,116.07979804059539,456.1703038875789,165.87011834814788,-0.5045910224676571,-97.15072672567355,0.0,15.680546827035446,12.188657883143504,39.3610659556687,-0.47869964116939595,12.36691952056459,31.501956784923284,20.712898229012847,-0.541303411797882,-15.809547376796967,0.15,0.7522727272727273,0.314746060570467,1.0,-0.016746411483253593,0.2671725092500233,0.8636363636363636,0.40029832768554263,-0.07325665118618584,-0.05303030303030298,0.25,1159.0037963818272,390.1264839845499,1495.3484029843264,-21.346958612363014,387.6220300874278,649.7466442481518,568.132712395065,0.02365294152205062,84.76944146667756,0.55,2198.1974653764205,860.6125675606447,3490.336470170455,-57.38753177332536,842.1265268521046,1484.322842684659,1230.366298158483,-0.01621759049011256,82.78864080255698,0.55,1428.0603658944156,204.9183834089511,905.1660328579424,-7.210339388106652,257.626200378018,438.5365475396816,395.3120576838158,0.07705042161706147,63.423459599117905,0.55,-321.0972,114.967186,365.41205,-2.6102006,66.64905,159.53763,63.233505,-0.3186320288679477,-86.553925,0.15,129.65536,19.535976,67.44625,0.81840634,22.31666,46.632057,34.78506,-0.18395689007731336,-13.157326,0.25,4.926699,16.946177,74.087036,2.5213401,18.49644,30.261917,28.132877,0.5940915716075676,21.694567,0.9,56.55956,22.059423,72.311905,-1.0751251,19.510338,40.529213,25.91505,0.4303649631454846,27.003052,0.75,6.294423,11.423269,40.77388,-0.37555432,14.433983,23.952587,20.741518,0.3325165553165443,8.369369,0.85,0.033341841264204544,0.021368990125616306,0.06829279119318182,-3.4237963341647507e-20,0.020094981260220704,0.03759765625,0.02611487414542249,-0.013090389954862601,0.0008581912878787915,0.75,0.15876294796412618,/Users/will/Projects/SpeechEmotionCS3540/datasets/SURREY/Audio/JE_h14.wav,Happy
3.6478004535147392,13,0.16980147,0.10725981,0.3334734,-0.001981901,0.09748008,0.18341123,0.1071891,-0.43552079947038436,-0.14732692,0.15384615384615385,153.7248791342797,117.66752294992996,451.9279795740175,37.66066496450146,150.96962237437975,451.9279795740175,168.57994067934135,0.03969419539099475,-25.504060119742746,0.9230769230769231,9.768612033918371,8.18026199116924,29.2092494448593,1.4540320695905322,8.701245375092956,17.448384835086383,10.769614857913382,-0.2437747289654672,-7.6554517457049425,0.23076923076923078,0.6258741258741257,0.4011085426489507,1.0,0.03409090909090908,0.3707286585793052,1.0,0.5156521484233553,-0.09085998160387236,-0.1477272727272727,0.46153846153846156,1184.642159053914,423.7518182444466,1528.765739592903,65.99711185681115,396.6922480169241,736.8003973111693,457.2918705733989,0.34288406089201723,364.8264321660381,0.8461538461538461,2193.2245001092656,840.8775974699544,3157.550603693182,136.90712668678978,762.6628933119833,1514.6650834517045,837.9592243420526,0.3801188029699647,839.794921875,0.8461538461538461,1321.2070582184347,205.21470769034946,666.5465411678199,26.060970107616356,205.4287174629242,375.48832394404053,272.36897067348053,0.15197261180773483,103.2049873865451,0.8461538461538461,-279.38766,127.452835,390.67145,-0.086439766,103.155655,239.2876,70.941055,-0.14552391302308762,-62.349182,0.46153846153846156,141.23352,32.194336,119.886314,0.8008035,30.425297,64.8487,46.59491,0.5021703712115373,35.870895,0.6153846153846154,-18.67908,21.438478,68.12704,0.08384323,20.891197,45.27285,25.647802,-0.36827433877815413,-19.73846,0.9230769230769231,37.892067,11.725271,41.690735,-0.2505288,14.220109,23.889458,18.10131,-0.14251757433736914,0.22358322,0.3076923076923077,-10.497446,15.911258,51.01142,-0.7100215,19.187796,43.743927,28.764307,-0.0182436212204951,5.0909824,0.46153846153846156,0.04059222027972028,0.02355899103186974,0.09414950284090909,0.0018495501893939393,0.021760814979860897,0.04385653409090909,0.025232236227249318,-0.010187533597963825,-0.0042724609375,0.23076923076923078,0.18301145495587318,/Users/will/Projects/SpeechEmotionCS3540/datasets/SURREY/Audio/JK_a02.wav,Anger
3.281360544217687,12,0.059807777,0.020183826,0.06655587,7.808547e-06,0.017978318,0.033804182,0.023322804,-0.2908344787570903,-0.0197835,0.25,118.13252199569824,119.27424430330696,451.39618374254087,0.0,200.95198631138388,451.39618374254087,343.8385785705213,0.2867863442340573,70.07336228542279,0.8333333333333334,7.379698944712626,8.051520398892409,22.984463294918754,0.0,11.984798439369815,22.984463294918754,19.9301658521747,0.11359203078320156,2.206901598749017,0.8333333333333334,0.47348484848484845,0.3796013991310125,0.9545454545454546,-1.0092936587501423e-17,0.32141217326661253,0.5909090909090909,0.4762977053610813,0.030351500896432838,0.0,0.5,697.1352934606231,311.68550314040135,1048.7486766637694,0.13058971835003128,314.1247251881856,553.8116679943794,373.0268977790991,0.18252613683929345,193.26088637691686,0.3333333333333333,1344.0715443004262,757.1992311252942,2399.9733664772725,4.2265584646177725,750.0135341196658,1427.5534889914773,853.9937892257831,0.25524496312405676,612.8398548473011,0.3333333333333333,1187.493256770507,194.2776066513121,585.7203586127612,-3.34163642547316,251.4663831135625,472.759426512717,353.0928149811176,0.22647271350356526,160.58159840617782,0.3333333333333333,-447.61484,78.49616,210.07663,-0.6650335,52.634087,111.34784,51.94009,-0.038550364357029056,-10.842163,0.3333333333333333,139.73082,24.349764,93.35699,0.606007,29.137249,48.864624,48.810364,0.22906315318313006,11.31308,0.5,25.666952,11.029444,45.338238,0.19016232,16.432653,29.459122,25.590338,0.0016693736769436845,2.1343746,0.3333333333333333,44.33125,12.395298,43.01309,-0.59504473,16.336756,33.13084,29.148928,-0.11810064640719747,-3.497776,0.5833333333333334,7.3359036,9.186171,32.73781,0.21169029,12.20795,20.382523,18.430773,-0.3245152985520051,-11.358658,0.16666666666666666,0.006822990648674243,0.005688565455195026,0.01593572443181818,-9.856383386231859e-21,0.004497172339077484,0.009898792613636362,0.00588685247641572,-0.11956902026200149,-0.0026245117187499996,0.25,0.1924219901940612,/Users/will/Projects/SpeechEmotionCS3540/datasets/SURREY/Audio/JE_n12.wav,Neutral
3.975873015873016,14,0.062195588,0.0072654453,0.023996722,0.00073836686,0.008469783,0.017620008,0.012931362,0.02219776731892117,0.0013235211,0.21428571428571427,144.4635410763655,144.2148988367028,486.2071690034441,8.93196681805492,235.98377927618276,486.2071690034441,437.32451897686394,-0.1240672929327221,-98.26975310317655,0.5,8.230342487009105,7.519362055510015,26.892838654641576,0.790481751318896,10.173562457176532,26.892838654641576,16.57133022496773,-0.21564193436395868,-7.841585579642771,0.21428571428571427,0.40909090909090906,0.2915577184499175,0.8636363636363636,0.04195804195804195,0.45818873429038226,0.7727272727272727,0.7588909039120209,0.1077364509214168,0.03409090909090906,0.14285714285714285,738.2357496167097,275.6048886866425,977.7581615258398,-1.103471042457128,304.0451916372473,726.9521992764878,358.58173834211345,-0.39364450431979414,-350.1890707705642,0.14285714285714285,1497.9209206321023,702.9039739543668,2555.5996981534095,-12.987683703015726,730.163737891498,1867.5159801136363,807.9282634233963,-0.4842286005989411,-1037.8759210759945,0.14285714285714285,1174.9974500735682,250.82859567903546,884.9737156480363,-10.951395936918647,255.86439609993883,604.363689810135,326.17960168696027,-0.5847443448003569,-433.5309836695026,0.14285714285714285,-408.4272,50.973404,195.61038,3.674408,50.623016,135.67789,49.83188,-0.15233813336382626,-21.719604,0.14285714285714285,148.8955,23.665642,83.14118,0.7456418,29.475681,53.31578,46.961346,0.5406700703373869,37.393127,0.8571428571428571,12.533549,25.203352,83.271454,2.8628552,18.240597,55.114216,28.708483,0.577844623980564,35.35401,0.8571428571428571,42.273266,15.884289,46.391582,-0.49850464,16.969616,32.86831,21.9101,-0.3991084476940513,-14.8237915,0.14285714285714285,7.884071,9.636356,36.552757,-1.0851736,11.406075,22.709705,14.550602,-0.0193985420942072,4.866785,0.2857142857142857,0.008197734882305194,0.0032674086721855805,0.013294566761363636,0.0006914472246503497,0.0035051999615529537,0.0068359375,0.005453009724365586,0.5178572612051489,0.004649769176136362,0.35714285714285715,0.024614407695137605,/Users/will/Projects/SpeechEmotionCS3540/datasets/SURREY/Audio/JE_n06.wav,Neutral
2.4229478458049885,8,0.08147134,0.03102202,0.08535369,1.4016671e-05,0.029385779,0.049783275,0.02540188,0.12759176952263526,0.0018536486,0.625,147.63726403121652,85.3758247742851,204.75017686728637,0.0,105.59507810032578,203.09843327604258,92.56951761874987,-0.033145040490565165,-5.7475761101015905,0.25,4.906814891864589,3.5534856577768554,10.87211018907161,0.0,5.267336710109233,10.87211018907161,7.3123037153978965,0.2446934900537373,3.367126135646629,0.75,0.5738636363636364,0.3863218560297631,1.0,0.0,0.34446200545129463,0.6363636363636364,0.11338355717496791,0.1700999850782535,0.13636363636363635,0.5,569.4671184706767,252.26082212075661,690.6820969262307,-3.042460312979171,288.28370269297795,551.8706245556589,401.0985224813831,0.018804418253846822,108.29052721594792,0.375,922.1349542791194,602.4994672848078,1637.991610440341,-3.4956498579545205,720.7585154130156,1381.5507368607955,1080.046153846936,-0.05410598635694177,184.74509499289775,0.375,1029.792921832713,167.2675167983351,497.65406695237505,-1.0028390291185556,260.63990554817497,487.43814927584583,434.7318681651678,-0.06449174159627301,109.65109305191822,0.25,-426.5011,101.95278,289.13608,-7.2621636,97.082146,190.73627,43.82154,-0.01924903368048023,-10.205627,0.625,130.23073,29.336893,83.936195,-5.0772433,32.16974,64.55503,41.590797,-0.01716841040656496,-15.181969,0.5,18.802471,12.774036,39.123066,1.4233932,15.9184065,23.066044,23.29742,-0.14544407429395365,-7.5203457,0.125,36.00071,15.550011,42.535263,2.2772217,21.677156,42.535263,33.381256,0.054881052184627875,15.606686,0.375,13.528198,6.154617,19.867428,0.73316956,8.223467,12.386276,11.910411,-0.18814444864957142,1.270525,0.25,0.013916015625,0.011044045018712279,0.032892400568181816,0.0,0.0105192246772171,0.016823508522727272,0.008730977933834917,0.30478553787954643,0.005049272017045454,0.625,0.7874128861039108,/Users/will/Projects/SpeechEmotionCS3540/datasets/SURREY/Audio/DC_sa03.wav,Sad
1.6309297052154195,5,0.009049693,0.0030409088,0.007059709,0.000120281475,0.004152596,0.006147098,0.0014477299,0.10734986890847645,0.0004811259,0.4,191.75464682113645,19.520541750913246,55.01305281540789,-9.865623555123847,18.079689136346627,31.803650264815246,9.214881903402903,-0.7096103660362468,-39.46249422049539,0.4,18.388418027859295,7.096224360213538,19.6408230362169,-1.2507248391986119,13.441204588369102,19.6408230362169,24.16220304981406,0.1242502064361924,-5.002899356794449,0.6,0.6181818181818182,0.17860802458535002,0.4545454545454546,0.03409090909090909,0.2558711420272205,0.4545454545454546,0.2433693697607426,0.03599078753743469,0.13636363636363635,0.2,962.330970657082,241.72866090481864,633.103786008325,3.112999079136131,373.5033000718976,556.3507431601388,591.148900970717,-0.3558222650157521,12.451996316544523,0.2,1767.386585582386,387.0699164007794,1133.4295099431818,24.95893998579544,634.5594309829708,884.8188920454547,1053.579788201107,-0.3411614175009378,99.83575994318176,0.2,1356.2690632125682,289.18382062850213,794.8761472575807,-14.871787900586583,437.8427636789764,735.3889956552343,561.7443584349467,-0.34779188005585493,-59.48715160234633,0.0,-583.2225,62.0141,153.52875,6.1215363,84.35416,133.49725,26.431465,0.08347492953166194,24.486145,0.4,146.64569,29.982296,83.38588,1.9411812,47.21794,75.621155,70.346596,0.4055037449462364,7.7647247,0.6,16.599533,5.032115,13.017038,-0.51478624,6.803888,11.048334,3.5702722,-0.02707164987378951,-2.059145,0.0,28.702475,5.352713,16.539371,-0.5005622,7.9739747,10.782862,13.222944,-0.5427793096832202,-2.0022488,0.2,4.674878,11.705859,34.981472,-3.561716,14.3609915,22.425865,9.037406,-0.3742087462233096,-14.246864,0.0,0.029971590909090913,0.01573014373553449,0.04123757102272727,0.002452503551136364,0.02176511213413741,0.037309126420454544,0.016595036690087057,0.04369923039514901,0.009810014204545456,0.4,0.6019801583990393,/Users/will/Projects/SpeechEmotionCS3540/datasets/SURREY/Audio/KL_h03.wav,Happy
2.4034467120181406,8,0.01363462,0.0046018222,0.014155375,-0.0011149654,0.0059042946,0.009810544,0.009354545,-0.4657962335834837,-0.008728817,0.125,147.81244467517172,65.38737830091065,251.02870886329194,-35.86124412332742,54.49561099115314,155.87436278693244,65.82357498664595,-0.7995940381637476,-140.80252296150462,0.0,17.659486488604607,14.107712740806098,45.59702745538674,-6.513861065055248,11.7017214230619,24.325665652762886,21.665311797479493,-0.8879307286063992,-29.077163078324407,0.0,0.7443181818181819,0.33397300022012716,1.0,-0.13636363636363638,0.1801874925391118,0.4090909090909091,0.11930314960623957,-0.790762253195726,-0.7272727272727273,0.5,946.7460495765143,244.93762126560281,679.222594108029,-32.52715363711507,207.02372483896363,316.49559984478594,215.6340576389616,-0.7154056651840144,-370.8644375575078,0.25,1694.6997902610085,607.5956270793461,1682.526189630682,-117.10427024147728,447.1478002216029,899.01123046875,520.6865067149168,-0.7836249741977928,-1025.518798828125,0.25,1202.4994601504134,276.51282707672556,783.9568539049951,-77.64819674233513,204.9425617821273,459.75263928437835,282.82354293835834,-0.8026132055657476,-466.52636798439244,0.0,-517.70135,51.710583,154.68045,-5.6151557,53.64991,98.458405,47.19322,-0.27064887595540144,-46.562744,0.5,167.76897,43.02654,126.51761,15.975713,23.430878,50.06038,31.527699,0.8784641464738959,87.269485,0.625,0.17389727,17.971779,54.039555,1.2142601,15.653719,24.666836,15.21516,0.20714789681767792,12.174564,0.875,15.429317,14.696052,46.84569,-1.382651,16.018639,28.009893,23.62093,-0.5463858307353994,-10.647011,0.25,-2.014205,9.11956,29.895607,-2.6947765,11.973686,16.208706,17.981564,-0.27470773648766494,-3.1575122,0.375,0.03550026633522727,0.011945748557450715,0.03761985085227273,0.0012238737824675325,0.014510811027180643,0.034956498579545456,0.014125230700734659,-0.2567435540723664,-0.007035688920454544,0.25,0.5503399077808072,/Users/will/Projects/SpeechEmotionCS3540/datasets/SURREY/Audio/KL_h02.wav,Happy
3.939954648526077,14,0.08446766,0.024014758,0.076829076,0.00021881553,0.02379231,0.03977347,0.025499348,0.09778870673923415,-0.0010277182,0.14285714285714285,175.34892941892068,49.46913605945594,208.7227166518811,13.316279666465359,56.52973769762656,208.7227166518811,60.08082378434373,0.2848955942022382,26.576631339824473,0.07142857142857142,6.563661431960711,5.065394512765136,22.042130041783626,0.09393208338472239,6.264096860482003,14.514125542210998,10.091156278910049,-0.16229589693768065,-0.6894552953270834,0.2857142857142857,0.7402597402597403,0.3284199640623842,1.0,0.013986013986013986,0.2460008265641659,0.5,0.21437519995198515,0.28693195233320035,0.23863636363636354,0.2857142857142857,779.122681163397,281.78641411509057,1013.818203082797,27.1761540252571,220.7148245874599,428.48123953489653,254.97591557375878,-0.07159500495320982,-6.432948734722913,0.2857142857142857,1480.9320623224432,683.8120926691736,2436.6776899857955,80.97538447880244,550.1164419397536,1051.7012162642045,661.4058543204462,-0.05101061017034114,40.00771262428975,0.2857142857142857,1174.3496215902255,262.07229547481205,840.9137186636007,28.64775113971438,209.52933685733518,420.02195795995783,274.48321337479763,-0.23495618858208867,-94.01339057818359,0.2857142857142857,-381.52344,73.90304,239.07016,2.149799,65.116264,140.07483,50.916462,0.10867899879009416,12.427063,0.42857142857142855,138.2631,34.160473,106.8142,-3.0605052,30.330904,49.114983,38.626827,0.37738482398911044,26.213997,0.6428571428571429,9.377133,17.596882,60.901413,1.2663707,17.368525,32.080643,24.746572,-0.29613638333661224,-13.017811,0.9285714285714286,31.6808,20.437172,70.497765,1.407568,21.387487,50.277584,29.795753,-0.30949739766739465,-9.560162,0.35714285714285715,15.8061285,12.543027,41.922794,0.5796743,10.044938,22.260181,16.168253,0.6439839697538878,20.648792,0.6428571428571429,0.0180616502637987,0.010306209417527488,0.03173828125,9.560751748251752e-05,0.008343414792228871,0.015980113636363636,0.008603552439068506,0.3595886046871121,0.007035688920454544,0.6428571428571429,0.5622311790666853,/Users/will/Projects/SpeechEmotionCS3540/datasets/SURREY/Audio/DC_sa02.wav,Sad
4.105895691609978,15,0.0683434,0.02113942,0.07387385,0.00020440215,0.017087696,0.036210895,0.014629193,-0.39247723847996374,-0.02358218,0.2,163.6289828565686,124.74931639781764,470.3170973109132,-25.787736557725992,95.99832916278798,323.84348841295366,154.1489371448483,-0.6032399582575685,-156.14200487884688,0.06666666666666667,8.368748931755118,5.211245393946658,19.511764965323128,-0.6493211500481824,6.22532557451119,11.14801267901002,10.192687647181799,-0.5529687233162971,-7.071164921750689,0.13333333333333333,0.6606060606060606,0.281606306799732,1.0,-0.019480519480519477,0.3071915888964901,0.6363636363636364,0.4030848332015272,-0.2216666223057765,-0.17272727272727273,0.2,717.5756186726113,219.56886454951163,824.9343414156924,45.39633298413634,246.92565300820343,701.3157547873002,411.5823039677549,0.692255944437101,344.2987990074221,0.8666666666666667,1329.5774147727275,523.1263520241872,1776.4892578125,98.89193448153411,565.3575682867621,1580.2434747869315,962.3285872878407,0.7452782224010295,904.39453125,0.8666666666666667,1073.6546676820183,197.89716870727665,688.2706790442123,23.14976252887207,243.46255642950396,639.2398568598874,382.8337651339391,0.39673275696554244,194.94133347097477,0.9333333333333333,-406.5903,64.39266,218.33096,0.92704993,65.50375,119.4841,68.097145,-0.17247854888717712,-30.474213,0.13333333333333333,164.73466,33.080498,131.83781,-2.5129993,36.096645,72.63034,43.311157,-0.12247096092972327,-9.384369,0.8,23.160301,20.695677,80.32783,2.6031175,25.403585,65.63672,37.714947,0.4595750942065572,23.025562,0.7333333333333333,44.565586,15.769327,60.985264,1.1883647,18.30276,33.80567,25.688444,0.3036901209909081,14.864994,0.3333333333333333,3.5912836,17.945465,57.712463,-1.9772217,13.938648,27.749321,18.832865,-0.5101990607441552,-23.003515,0.26666666666666666,0.013139204545454546,0.008017747976256458,0.027787642045454544,0.0001458502435064932,0.007322108105686783,0.016801313920454544,0.007539678581081001,-0.2474422461590972,-0.005553089488636365,0.2,-0.12641145398558232,/Users/will/Projects/SpeechEmotionCS3540/datasets/SURREY/Audio/JE_n07.wav,Neutral
2.744988662131519,9,0.064785264,0.018730128,0.061880354,0.0018364517,0.021743892,0.04545954,0.031809773,0.09928323931917794,0.005063694,0.3333333333333333,209.47607199676304,142.66288963266263,361.4158408569423,-43.733242429925824,109.27015263506809,332.0468118562192,180.9239780814815,-0.7663066174300021,-242.62638691506555,0.1111111111111111,11.018155949826815,5.2918838675321895,15.54010999009533,0.8819063847880517,6.264284311684236,11.924836314712582,8.155885721955501,-0.17703223893872125,-2.7048127810870106,0.3333333333333333,0.6212121212121212,0.22164755815648174,0.6363636363636364,0.07386363636363637,0.33086530367137884,0.5,0.5838380985191954,0.40595259303046954,0.18181818181818177,0.3333333333333333,806.9765165842512,294.98841131896137,715.0682462751099,55.83835314330207,186.94217604616932,475.7753956923787,222.5399783055955,0.7598454334000841,581.3963749105865,0.5555555555555556,1603.5711115056815,700.1951554588195,1688.3988813920453,119.9007901278409,463.00408758491585,1140.7703746448865,555.688468664065,0.7482048641909619,1376.33056640625,0.6666666666666666,1209.3725039000751,185.1496662285099,614.8410783331253,0.7267748462322459,201.93127384557667,371.9754330101023,300.00099905646033,0.44914990649590947,253.02101704574386,0.4444444444444444,-402.54202,74.43908,227.96259,17.765877,51.59146,112.477905,59.2694,0.5916577466491545,104.09311,0.3333333333333333,148.13954,20.885654,70.288826,8.021503,19.838879,47.84867,29.571486,0.6774455723887761,28.749603,0.8888888888888888,13.62646,8.243272,26.164223,0.3008691,10.541781,20.433403,13.728814,-0.03676712030196772,-1.7518368,0.2222222222222222,46.22661,13.577087,41.766304,-0.6896558,12.968069,22.65261,15.574761,0.16946552999224285,7.2312737,0.4444444444444444,10.377709,12.490848,38.753296,-1.1799507,10.5941515,20.0236,14.154652,-0.6838580527043813,-23.870716,0.2222222222222222,0.010325422190656566,0.005978421697237809,0.019509055397727272,0.0010209517045454545,0.005725293291507608,0.013227982954545454,0.007915113113086491,0.3950827407781785,0.005829782196969696,0.3333333333333333,-0.6382924716174923,/Users/will/Projects/SpeechEmotionCS3540/datasets/SURREY/Audio/JE_n13.wav,Neutral
2.515736961451247,9,0.17609212,0.12703767,0.32011643,-6.790832e-05,0.09470262,0.14485265,0.062488306,-0.1896705707124174,-0.0708177,0.4444444444444444,113.28293934173406,102.4836878403824,234.55458966556705,0.0,103.42594845114269,211.70360492315385,130.84703072472806,-0.4690648977031036,-148.75273152957365,0.2222222222222222,18.174625779901916,18.606004175017315,54.01883729643538,0.0,18.354675512349893,31.407692226540178,25.71094537073573,-0.4615350691824636,-22.382917000882752,0.3333333333333333,0.4595959595959596,0.436218644074529,1.0,0.0,0.3782572040248463,0.8181818181818182,0.44659087958569876,-0.34079232706689205,-0.4696969696969697,0.3333333333333333,894.3456423202581,334.5151445984548,951.7804241912534,0.7006760252714059,373.39999381443295,730.4323212539296,481.31722377168137,-0.04408111055740575,-30.877376940777708,0.2222222222222222,1685.4081587357955,775.5063870071707,2354.4600053267045,-5.138605291193215,893.2078552330963,1602.2660688920455,1068.805246897686,-0.023789088827454622,-43.06640625000023,0.2222222222222222,1297.4591583515437,149.3632964200685,501.96322613033544,6.902048475027726,207.53332899746098,423.0447738085538,336.5744579260176,-0.09987214781905432,-49.710646472289,0.2222222222222222,-333.6518,176.67921,481.83264,-7.020756,141.82065,218.4417,58.10039,-0.12107560424381829,-49.71167,0.3333333333333333,130.03088,25.869862,70.782814,-3.8811884,29.373089,58.34832,40.29308,0.11131692263868544,13.882423,0.6666666666666666,4.9313726,17.7577,59.29647,1.6755829,18.203634,31.796246,21.968359,-0.1763273105940489,-12.45966,0.8888888888888888,44.56876,10.766598,36.003174,-0.1952796,15.329246,22.123562,22.147388,-0.052183986309687395,0.0134391785,0.2222222222222222,-10.728707,14.697404,45.217674,0.7253523,18.00467,37.825695,28.211168,-0.09078401488672277,-5.0103126,0.7777777777777778,0.027881352588383836,0.021885950583987093,0.062322443181818184,0.0,0.022508768355792057,0.044500177556818184,0.0304632624629488,-0.09448067195393024,-0.004690459280303035,0.3333333333333333,0.8115678052842066,/Users/will/Projects/SpeechEmotionCS3540/datasets/SURREY/Audio/JK_a03.wav,Anger
5.0213151927437645,19,0.13223208,0.05040416,0.20758921,-0.0053314036,0.04848744,0.11682677,0.061417103,-0.13444514121618142,0.0069659054,0.7368421052631579,167.4825486788859,37.106856475510696,132.45986372877735,-7.358881318265408,23.31033234935105,44.01778274176817,26.5145347434706,-0.7378801526351992,-57.15715191526215,0.0,19.196343874568633,12.37833479608825,43.013613222691426,-0.4682123688852074,14.008835319408043,29.248332815153987,23.46848976073501,-0.432888845192749,-9.718396149995844,0.21052631578947367,0.8086124401913876,0.1652623544418234,0.5,-0.002525252525252523,0.2208549535766286,0.5,0.3016061743786861,0.24843741900032243,0.09090909090909105,0.7894736842105263,1346.633322969704,463.0363638054403,2000.7533829942886,42.82755441614606,525.8550384949264,1090.7180912600206,744.658442276232,0.39454134100617677,481.78715095508915,0.6842105263157895,2491.386450078499,677.0138885870334,2793.4437144886365,44.31707208806818,871.444468406949,1591.4994673295455,1335.5422148283935,0.340875362533613,647.464266690341,0.6842105263157895,1479.1866923094585,203.98773083571663,751.0320012608311,10.139419244376844,308.36322071939924,481.41785336976363,520.7477982248713,-0.0885944644593427,-20.209390926564083,0.6842105263157895,-284.93372,49.175014,214.28276,-5.9536963,54.816723,143.00137,68.860634,-0.3892069730251404,-32.615845,0.2631578947368421,123.845665,31.579947,130.41994,-1.4528495,37.582325,80.930786,50.911724,-0.001571633231255673,-4.621216,0.47368421052631576,8.081319,16.172646,68.0069,1.1311864,17.75441,29.875626,26.816593,0.5439469211735769,24.97763,0.7894736842105263,54.659676,13.359648,42.61557,0.17298232,15.122584,28.767944,21.253035,-0.02591141888851287,-0.26956177,0.15789473684210525,1.6341009,12.97285,50.75469,-0.6453036,16.493464,33.270905,24.359432,0.07825622565750022,1.0968572,0.5789473684210527,0.03977973609449761,0.033915437770849904,0.14080255681818182,0.0012811217645202027,0.031547982946846666,0.06862571022727272,0.04245538991206743,0.4933387928413693,0.045365767045454544,0.6842105263157895,0.6482432794334224,/Users/will/Projects/SpeechEmotionCS3540/datasets/SURREY/Audio/JE_h15.wav,Happy
4.608843537414966,17,0.14070559,0.052396633,0.20065042,-0.0007261662,0.052021828,0.08995735,0.05966299,0.045428641770460305,0.008009836,0.7647058823529411,173.1000850500311,119.89032304172069,404.64777612076904,-1.7763568394002505e-15,169.21217356538875,400.5720711627096,258.2250738865816,0.3733125842723463,112.61603278237037,0.6470588235294118,27.01191707502595,34.97664016018304,116.2219270309981,1.5543122344752192e-15,47.89721971177431,104.89590312611786,79.62818499546829,0.2845727729744514,38.14088550849701,0.8235294117647058,0.45989304812834225,0.3461301980276698,1.0,0.0,0.30870631152741196,0.6363636363636364,0.44302574304331543,0.29328930763583116,0.3545454545454546,0.5294117647058824,1010.6054639257604,449.47466586213045,1720.660922587972,1.1822988686060967,402.01820373296687,828.7239622980667,547.299439943587,-0.33669763096994404,-265.62280895606136,0.35294117647058826,1876.8144087357955,938.61695771823,3603.3857865767045,2.813998135653435,820.5978363998976,1535.7088955965908,1089.7962243961724,-0.3315340933156927,-584.5285866477268,0.35294117647058826,1337.3338062540122,272.5170519839747,945.4737953081067,3.295930104197055,259.3839951820174,404.92826862748393,393.3559691038466,-0.4694389657240759,-289.35754023876507,0.35294117647058826,-311.66174,97.21202,346.78522,-1.5413284,81.332306,177.75925,62.125916,-0.163513539678344,-42.991516,0.11764705882352941,126.359474,23.964846,96.175026,-0.64296865,29.557491,56.28327,45.4591,0.3341867740939712,14.172211,0.5882352941176471,16.143911,19.306177,82.235725,-0.31504488,19.760317,41.348976,30.265207,0.41511165642070724,21.756968,0.7058823529411765,47.014523,17.742804,54.56027,-0.8082026,20.523737,41.37876,29.896534,-0.11480610622561216,-3.5604858,0.4117647058823529,0.51913685,16.807384,62.83744,-1.2936583,19.136896,35.5192,26.063524,0.017064483332547002,-0.21509647,0.8235294117647058,0.01674909132687166,0.00799366422665865,0.02734375,0.0,0.007270400883570006,0.014959161931818182,0.007840168197132846,0.08921400412921851,0.0022327769886363626,0.8235294117647058,-0.0313208289092012,/Users/will/Projects/SpeechEmotionCS3540/datasets/SURREY/Audio/JE_h01.wav,Happy
3.4461678004535146,12,0.0054553803,0.0023564205,0.0077323862,-0.00022698956,0.0020229283,0.005235501,0.0021017687,-0.6855341810727262,-0.0042337626,0.08333333333333333,103.8756915135077,49.30447797629888,157.5820047467553,-12.881224624787944,33.31182644221947,108.96099731301406,52.85897709736246,-0.8113097450659502,-89.36678358625505,0.16666666666666666,11.98997778162896,10.028040110705337,32.973795176182975,-1.0707322961535015,8.517126588372427,21.776675220268572,13.036251394733764,-0.7637947463917792,-21.79998194801484,0.25,0.6287878787878788,0.3365035199168607,1.0,-0.03305785123966942,0.2829296325392346,0.5454545454545454,0.2994485289454655,-0.4402129704732271,-0.3522727272727274,0.5833333333333334,897.4536767205872,334.62295579477995,1002.7812225110015,8.207246437502404,390.2030889716009,898.8624833901034,523.198653592238,-0.20546750486069243,-188.24826044612212,0.16666666666666666,1568.4573086825285,645.437577642913,1861.643288352273,43.77824767561985,737.6823498518355,1580.7328657670455,1012.8224711390515,-0.039874994538773086,-118.92200816761374,0.16666666666666666,1368.8369996923811,301.93692721373236,855.2858958631087,13.197522192544325,255.60663764336852,559.360771852676,355.93069395861306,0.18184069499690303,155.43165504013268,0.9166666666666666,-630.206,53.075237,209.52173,-3.7860053,53.7784,114.873535,56.509727,-0.5260350507703939,-78.23682,0.16666666666666666,152.04323,29.294474,83.642654,-0.07306879,28.025572,70.15262,43.639336,0.00328036933414613,-4.0911865,0.25,32.486347,11.249088,43.80611,0.07100782,14.945338,25.746305,23.126444,0.43770003254677564,14.265614,0.6666666666666666,42.993877,10.041579,38.240456,0.29493713,11.577659,21.77516,15.959072,0.36649704455803067,10.343449,0.75,12.014611,9.860484,33.884247,-1.0701636,8.764443,13.822081,10.67002,-0.15258235835664521,-2.6990275,0.5833333333333334,0.025176077178030307,0.02218226110881869,0.0751953125,-0.0002522113894628092,0.02577985722872696,0.06256658380681819,0.029996365929358407,-0.4946427614307845,-0.029219193892045456,0.16666666666666666,0.789742027739264,/Users/will/Projects/SpeechEmotionCS3540/datasets/SURREY/Audio/KL_n10.wav,Neutral
3.0252154195011336,11,0.0056761988,0.0027134172,0.008928249,-3.6621757e-05,0.0026928547,0.006995338,0.0025544337,-0.535380294007178,-0.004024147,0.18181818181818182,133.70108789832796,164.2675315698767,456.9635640692344,0.0,195.98067984325033,451.62343044451296,296.53364302760957,-0.12486486020288214,-104.37240265561108,0.5454545454545454,4.13426605442786,4.333435607372674,11.015440855430805,0.0,5.317705281846012,10.621438207963813,8.076017804738905,-0.27189563452999416,-4.226721625159212,0.5454545454545454,0.2727272727272727,0.3214121732666125,0.9545454545454546,0.0,0.40195801762607536,0.6363636363636364,0.6102130474424929,-0.3862299233863274,-0.4545454545454546,0.18181818181818182,1063.186648219486,291.0002494931735,1005.3824523424257,12.002089114046317,357.2229082464589,569.2016924365935,580.5633932978478,-0.30454721213366187,-294.950644526765,0.45454545454545453,1879.5727942600722,633.4311398887198,2228.6865234375,44.33882279829545,820.2258000709791,1271.4377663352275,1363.071888272945,-0.28787395627083034,-584.0065696022727,0.45454545454545453,1470.5760988303452,199.05841568756566,616.0909153651501,-4.06845899533289,271.1793892459526,463.40816628651714,388.5923357152777,-0.1672685918394587,-150.94356948700124,0.0,-619.454,61.985764,199.5857,0.69073486,53.410015,134.68231,36.550953,-0.3858615670052063,-62.62616,0.18181818181818182,140.1704,21.846191,63.97776,-0.094839476,29.64373,63.16181,44.25277,0.13842378713318093,19.528091,0.2727272727272727,25.102629,18.074413,64.32102,-0.10828438,20.268717,29.895668,28.649698,0.49677998224966446,23.06355,0.8181818181818182,42.25189,10.603658,36.13288,1.5958483,13.937836,35.412727,22.95642,0.3239557424513631,5.6772346,0.45454545454545453,8.904336,8.637619,32.489616,-0.5195302,12.0422125,30.6421,19.130503,-0.13891729808884803,-5.3974752,0.6363636363636364,0.024555300878099172,0.013932404212971613,0.04152610085227273,0.00026411576704545416,0.01423151905737545,0.0244140625,0.017840253853688117,-0.2588396291878667,-0.012599135890151518,0.45454545454545453,0.2460230061114823,/Users/will/Projects/SpeechEmotionCS3540/datasets/SURREY/Audio/KL_n04.wav,Neutral
2.5995918367346937,9,0.00643296,0.0044380203,0.012882687,-2.9161863e-05,0.0051413067,0.011084146,0.0061664204,-0.5320249327947849,-0.0072369864,0.2222222222222222,131.01215664760002,73.51184766315495,301.16666151534713,-37.64583268941839,53.60351524585201,145.101695199319,69.41241181499718,-0.8382560452161296,-129.70139673654785,0.0,9.546865902184214,5.566129842501569,19.14031159132153,-2.3925389489151914,4.749449881149079,8.49566002158041,8.800877540469505,-0.8795077438947229,-11.979363454854166,0.0,0.6616161616161617,0.3149993157477308,1.0,-0.09659090909090909,0.23447398047685622,0.5,0.3089708377498784,-0.6085508937068144,-0.45454545454545464,0.5555555555555556,912.6119356947672,276.08197400565524,753.811397384436,-7.315731792697605,354.8848825749787,748.7284982581734,551.10344496681,-0.29930256230332675,-188.44550492719907,0.3333333333333333,1610.6944691051135,449.0042910028134,1316.461736505682,-4.0374755859375,626.4042408698042,1316.461736505682,986.7869631099051,-0.1552986820454851,-126.75226384943153,0.3333333333333333,1364.1445081030822,246.82954083741834,825.9965728378108,-29.43896632947275,266.85827224711437,600.5554975782493,293.1150203382884,-0.10808692654956108,-4.066621897111645,0.0,-612.4662,64.628075,199.77533,0.5406952,62.371674,134.84204,49.853115,-0.30249146975948155,-61.623596,0.2222222222222222,148.13971,33.234077,98.35086,2.3533592,32.807724,71.82861,43.466976,0.3654102721452671,25.727577,0.5555555555555556,17.338942,8.653678,25.688156,-0.34560668,9.09351,20.7641,12.999296,-0.052764088630998476,-0.54174614,0.7777777777777778,49.48298,15.166802,51.32807,0.6820419,22.175888,43.663334,36.719822,0.13005984491273104,8.165482,0.3333333333333333,11.833572,6.3173037,22.281574,-0.025808215,10.852175,17.840622,20.169245,0.22352706682140097,5.981741,0.6666666666666666,0.02702562736742424,0.024190286088636312,0.07313121448863637,0.0006519664417613622,0.02641344391682593,0.055886008522727265,0.03573139089560283,-0.27788093074413905,-0.019398082386363633,0.2222222222222222,0.12756806715120664,/Users/will/Projects/SpeechEmotionCS3540/datasets/SURREY/Audio/KL_n12.wav,Neutral
3.2923356009070295,12,0.0067850556,0.0011504081,0.0034204605,-5.6945082e-05,0.0009045471,0.0022333958,0.0008206219,-0.704504907899819,-0.0021617776,0.16666666666666666,124.6144183864667,106.78464387403477,412.30126592054273,11.396254921426111,124.9408079542705,271.0095659395472,197.4237769362013,-0.15197558386729484,-59.40822667105621,0.25,17.05882737598677,32.98301877877075,125.02667110667923,1.150210730081612,47.02793523693349,110.42737985121617,82.13805952523617,-0.11248365369400644,0.20168221424848198,0.3333333333333333,0.4431818181818182,0.27594378494865696,0.8181818181818182,0.05785123966942149,0.34020086715293835,0.6818181818181818,0.5036232357987107,0.1650236380533139,0.15909090909090906,0.3333333333333333,667.3302652068156,202.68535272479696,574.8388201851897,-3.4180073616581437,253.54277169353216,537.2407392069501,338.742184937779,-0.3912077658741046,-199.67628264641678,0.08333333333333333,1101.211270419034,511.26200576635773,1589.5419034090908,-15.26010056172521,629.1781164997712,1421.6807972301135,833.2743754771861,-0.41759954550612444,-534.6596457741477,0.08333333333333333,1208.3687312561967,111.4844566986004,371.1006605600073,-10.13810162381004,115.18586806057901,213.76270849493176,165.5968223064557,-0.5180038579189138,-137.89365218668968,0.08333333333333333,-618.2776,42.47196,141.2154,-1.1725186,39.51504,107.60693,41.581276,-0.5575090538850015,-59.673157,0.16666666666666666,158.0673,22.474106,74.65515,2.4168882,15.459975,27.35431,15.80294,0.35807540440030305,18.088348,0.4166666666666667,21.470438,15.313017,45.440678,0.7899508,12.42796,29.030214,16.529953,0.772945403914669,27.89508,0.8333333333333334,28.369535,9.620617,39.744507,0.03839458,12.117906,24.542658,18.390623,-0.3872819255413556,-8.377258,0.16666666666666666,5.8036838,13.736617,48.624878,-0.59635484,15.04519,26.288944,18.811342,-0.14278043157356107,-0.27314472,0.3333333333333333,0.009277343750000002,0.002536536542862181,0.010409268465909092,0.0005810950413223142,0.002578377153580883,0.006636186079545456,0.002716691848593558,0.32528820991835644,0.0011319247159090919,0.5833333333333334,0.4804932373715997,/Users/will/Projects/SpeechEmotionCS3540/datasets/SURREY/Audio/KL_n06.wav,Neutral
2.560453514739229,9,0.11310434,0.09989815,0.26876166,5.049631e-05,0.08253162,0.13351406,0.082397975,0.03381007919403874,0.00546271,0.4444444444444444,288.17974839841395,130.22062792110106,431.52412559152265,50.95427659734032,141.3521544456199,367.9474916462186,204.88650199991068,0.7389856954372457,219.620935879203,0.7777777777777778,41.36165397927699,44.452574542296254,131.70037644456616,0.4370809143452208,69.74116110870375,108.21543174066832,114.97303005583215,-0.13420542760162593,-28.21381135711792,0.5555555555555556,0.6717171717171717,0.30737624352935233,0.9545454545454546,0.08522727272727272,0.42056970167493296,0.9090909090909091,0.66690556241391,0.27363937896293805,0.16666666666666663,0.4444444444444444,914.1238860995695,407.270160474942,1135.9630342242315,-8.595806084294622,491.7064418030633,990.1067647246147,743.7917268566093,-0.3087626969997534,-315.03627393195427,0.2222222222222222,1688.0726207386365,847.5481298245516,2298.66943359375,3.6092584783380346,1006.4840685284174,2083.8267933238635,1488.9185839590295,-0.367131966380531,-786.9406960227273,0.2222222222222222,1324.815799380117,267.76321184817596,904.4867037946225,-12.386945357525093,313.3386618639941,674.2817920410458,463.67092446346385,-0.36295269249998047,-235.92685405017073,0.2222222222222222,-383.44638,147.56824,375.10712,-4.5512466,114.245705,231.89743,107.97846,-0.1969013968344435,-73.53699,0.4444444444444444,126.564545,30.32408,99.953674,-1.7105017,39.22041,73.22977,57.58139,0.011197140741034001,-2.737831,0.4444444444444444,1.4173526,12.067177,35.44753,0.8803196,20.720108,31.65263,34.69776,-0.13574029443902197,-7.6201,0.1111111111111111,27.279127,13.635314,40.63917,-0.62644553,16.278502,34.615852,24.544888,-0.20928425658688027,-7.562561,0.0,-8.365474,12.775181,43.56874,2.5394287,14.460503,23.905312,22.398138,0.11457990949333315,4.1582565,0.8888888888888888,0.026889993686868688,0.025478323109487982,0.07044566761363637,0.0,0.026808787413838114,0.05806107954545454,0.03884290148700326,-0.19740606919884485,-0.013886422821969694,0.3333333333333333,-0.12841368285849483,/Users/will/Projects/SpeechEmotionCS3540/datasets/SURREY/Audio/JE_h03.wav,Happy
5.177868480725624,19,0.27179015,0.12765996,0.45561722,5.480523e-05,0.1005248,0.22764605,0.09942185,-0.39307752067329305,-0.1307125,0.21052631578947367,184.50579581008176,100.80993058739747,446.0507112219896,0.0,152.0455578800785,446.0507112219896,208.07614585841483,-0.08000788825448661,-32.5316079693074,0.8947368421052632,24.999685524689248,15.001475721537666,43.037596733916864,0.0,16.751997780995417,38.53533975607722,28.63021962194718,-0.21305491613445954,-8.52590016190868,0.5263157894736842,0.6578947368421053,0.3561943075681292,1.0,9.25185853854297e-18,0.36865227456352845,0.8181818181818182,0.5383834416536136,-0.2244022494131503,-0.21969696969696967,0.10526315789473684,1282.1466770574568,361.7805525266747,1522.0770107579685,9.074378094248427,340.9934417900639,821.0910513365204,429.73066819253546,0.370131221651583,411.5966428440511,0.7368421052631579,2531.387723347787,595.1416116661259,2300.6269975142045,8.754660866477277,558.4955340148528,1148.111239346591,710.2991584454203,0.3663156513924419,602.4402965198869,0.7368421052631579,1473.9823936479827,120.20333297117192,477.8436871899894,4.878269356464582,151.21502644280469,365.2141559036936,236.6879537805136,0.38047064735693686,113.84318102308657,0.7368421052631579,-223.92989,123.60472,465.54034,0.17144097,102.555374,287.52042,78.396034,-0.1587928767172395,-56.034073,0.21052631578947367,125.17283,20.394161,84.66794,0.23431736,24.635853,63.28737,35.989273,-0.13690661298697812,-10.75705,0.3157894736842105,-8.684516,15.284756,58.29226,1.4265823,12.453053,27.710009,18.60579,0.6265773809024905,25.439365,0.9473684210526315,46.74362,22.653862,86.56438,-1.9170835,24.105816,55.920612,33.822205,0.11122931979327626,7.4337463,0.631578947368421,-9.486233,9.664521,37.34861,0.18851674,10.616627,24.378296,14.928307,0.09475340869329986,4.0848017,0.3684210526315789,0.04695793772428229,0.033160171182739534,0.14237837357954544,0.00011343907828282745,0.03319334656819677,0.09561434659090909,0.04606589391316148,0.23516358647805766,0.029282078598484834,0.7368421052631579,0.32206177039728334,/Users/will/Projects/SpeechEmotionCS3540/datasets/SURREY/Audio/JK_a15.wav,Anger
4.129977324263039,15,0.170877,0.07780437,0.25538924,-0.00036287095,0.07898879,0.14098401,0.082893945,0.056237034845584996,0.008625209,0.2,146.0541855549983,77.25833379998548,231.27679248569635,0.0,77.5164314429037,231.27679248569635,93.69895506132316,-0.41983619659039134,-81.30873519983268,0.06666666666666667,17.779464683067697,11.418304849785121,35.14502734218316,0.0,14.652963179165898,33.35058884653762,23.390095123552438,0.03135789813432807,4.73456371804753,0.3333333333333333,0.6515151515151515,0.34643666877643153,1.0,0.0,0.2910511017014931,0.7272727272727273,0.3161581693834214,-0.16601321969519267,-0.13636363636363635,0.13333333333333333,1240.800856960546,464.0820252747035,1648.5688954429206,-56.27324274162369,498.7058406597514,950.9670368576255,780.3890242602679,-0.5861161395476198,-642.4158970978978,0.3333333333333333,2328.7506658380676,859.33861939455,3217.745694247159,-115.740966796875,907.3382256960266,1572.4132191051135,1390.2759215613503,-0.6144331185845607,-1188.5349343039773,0.3333333333333333,1362.0090179725778,238.68939152451495,859.3671427805568,-24.445213327630977,231.52012838998743,429.06277161998514,367.1013526517828,-0.6287763313091708,-336.23936426696673,0.3333333333333333,-272.02682,106.99513,401.89948,-6.447787,101.662025,261.62918,64.81913,-0.15756195460956143,-37.00638,0.13333333333333333,127.31038,29.279774,99.39191,2.7838795,30.832619,60.73317,47.396355,0.600312733833176,40.20218,0.6666666666666666,-1.0764503,19.929695,72.915,3.5421126,19.658348,39.656006,25.41454,0.6164915946489762,30.255924,0.6666666666666666,55.019093,21.68844,78.68519,-3.7896159,18.422657,35.47153,27.596054,-0.7062867750682461,-30.755112,0.0,-16.206026,14.43992,51.721645,-0.03959574,16.020428,28.325058,20.103306,0.006524157139459659,4.4186134,0.4,0.03385120738636364,0.014429359872911897,0.06875887784090909,-0.0021338524756493505,0.016191132097294943,0.038884943181818184,0.02239959524175698,-0.630998979829631,-0.021764026988636366,0.06666666666666667,0.5742388934028524,/Users/will/Projects/SpeechEmotionCS3540/datasets/SURREY/Audio/JK_a01.wav,Anger
4.362630385487528,16,0.055809524,0.011936496,0.04006922,9.439389e-06,0.01418079,0.032724697,0.021557113,-0.021704620540629205,-0.0012942776,0.4375,141.2391603843413,136.9188541861502,470.64342074420165,-31.354716786273304,111.29619191713952,300.2625884372436,181.62760053792675,-0.6617596432274513,-204.12348855145507,0.0625,7.089189581596918,6.163627401680008,24.470824557415213,-0.6492102788250705,9.379133798599138,21.33778061043749,16.59256992980145,-0.3737341622438917,-6.411814118928271,0.1875,0.45738636363636365,0.32119866458019275,0.9545454545454546,-0.024242424242424246,0.5031215689386743,0.9545454545454546,0.8303567461374431,-0.19282804586692726,-0.24545454545454548,0.25,789.7798155964991,336.7022734329166,1123.9612571389,-8.761875971428875,404.36979644712443,803.1866189854129,601.8981937560579,-0.16216439144464803,-66.52516728673322,0.75,1541.6427612304688,726.9879716739147,2523.299893465909,-23.88227982954546,858.4773987398099,1596.8827681107955,1261.8338573740032,-0.1594217623339437,-122.64137961647725,0.75,1237.9028771549538,251.78674875862038,1004.075985889421,-11.96580495274067,325.52834290438113,644.5464415158485,526.2721845379017,-0.18019140304244705,-25.477507820963638,0.75,-450.0365,62.38616,219.50449,-3.0477254,70.40907,139.5682,100.83504,-0.217798414052695,-37.764038,0.1875,125.90802,28.014389,96.07784,-1.0380763,42.954803,91.23473,70.03348,0.0715233887736782,-5.2187576,0.25,21.488958,13.723307,56.338005,0.2907149,16.161236,29.495638,24.983736,0.5241915702288841,16.626411,0.5,47.346912,15.398347,55.651608,-0.38357085,17.149742,44.096245,25.580227,-0.2885483558577968,-11.757366,0.625,8.699566,13.571121,64.34951,0.49053612,18.529877,34.970455,29.022348,-0.12942470591379318,-9.639813,0.25,0.006593184037642045,0.004708620760728197,0.015269886363636364,1.1564823173178714e-19,0.005442962437415923,0.012562144886363636,0.008177609983346991,-0.06802990581053395,-0.0012118252840909102,0.4375,-0.2415089101295596,/Users/will/Projects/SpeechEmotionCS3540/datasets/SURREY/Audio/JE_n05.wav,Neutral
5.332199546485261,20,0.058840163,0.012066834,0.042791247,-0.00059695326,0.01299293,0.027661085,0.017733326,-0.40325333994772106,-0.012439169,0.25,121.75005409054612,95.2183387635435,466.7630865445896,5.983517774821896e-15,142.839370462211,466.7630865445896,258.0444891326599,-0.24619549731168044,-70.22084306859519,0.2,6.9940164327806915,4.523281368536158,17.138368063051228,0.0,6.089171333146373,12.614813339238774,10.022002954123266,-0.055802476295452846,-0.8240587193171134,0.8,0.5272727272727273,0.33660924693770217,1.0,0.0,0.29788291705786374,0.5909090909090909,0.38842948070856065,0.1744663699074378,0.1893939393939394,0.5,831.2485079743858,309.95214996130517,1136.536625512299,2.437801921987889,339.9194077517528,655.2817068889761,370.2024867728234,-0.06760926804038918,-52.14356595106938,0.1,1743.9447576349435,786.9352862251079,2675.50048828125,2.7302865206339852,871.0464013619752,1572.4132191051137,948.0441041287335,-0.05575318162482079,-147.30668501420428,0.1,1282.291157269713,292.1914058627354,982.1283123125289,5.142534510673027,343.8469277382765,541.8500342478113,408.4993655121155,-0.008824523915960171,-30.767864411519895,0.85,-417.63022,59.50412,233.02301,0.027433697,51.79226,129.01917,51.947464,-0.19952016267942493,-28.18982,0.1,139.86841,29.74243,100.771866,0.016001651,34.424614,78.507965,45.558243,-0.008772146393285418,5.6233826,0.5,17.752913,11.295251,39.94472,-0.41286007,10.815108,27.13105,14.189666,-0.022967788008573558,-0.57841873,0.5,58.532185,22.354277,74.222145,0.075606495,26.529926,57.86823,39.80129,0.16682471707611268,5.1843605,0.6,10.168315,13.819622,58.92239,-0.42465028,14.839571,24.777296,18.971592,0.11328520057969105,0.55826616,0.55,0.008352938565340908,0.00523169795262662,0.017600319602272728,0.0,0.005617646313762917,0.01067560369318182,0.007413087503057845,-0.12777508753854191,-0.001450047348484849,0.25,0.22585757509846255,/Users/will/Projects/SpeechEmotionCS3540/datasets/SURREY/Audio/JE_n11.wav,Neutral
5.723265306122449,21,0.088830195,0.03033511,0.10202682,-1.2587756e-05,0.02337692,0.059354454,0.030418446,-0.1544809265676461,-0.015773192,0.19047619047619047,144.6414885112394,59.637002856668836,184.90228250547256,0.0,53.44203109964993,171.5307611380107,66.7336314061328,0.1431021586761863,15.549025293981472,0.2857142857142857,7.400902597925934,4.511096595810673,15.373459884450778,0.0,4.323082011990872,10.42529702844459,6.175888182152502,0.34647319876631594,4.253546513897323,0.7142857142857143,0.7294372294372294,0.33854917395700695,1.0,0.0,0.2348729215047966,0.5,0.2442535697244061,0.20694580255256614,0.16233766233766234,0.19047619047619047,724.0551652205427,369.2170664644007,1517.1348439669455,1.9543636137804015,350.56964956746737,909.634944475214,517.757822582115,0.030611729878753494,-3.83108767042836,0.42857142857142855,1296.8627929687495,727.831763993186,3005.8393998579545,4.844970703125,663.5422344057301,1739.2955433238635,963.3865549550756,0.057102284933626804,41.738059303977366,0.42857142857142855,1068.721517346606,199.75886950232461,855.0158651505235,3.2913776013765528,241.87772286666907,611.9042025383492,362.9688106153043,0.060208892863801385,10.872575333052396,0.42857142857142855,-388.04364,87.20127,274.1082,0.22576599,49.178032,130.37918,46.413143,-0.051484604630211185,-19.43869,0.19047619047619047,141.39777,28.42007,113.6281,-0.24536362,27.01926,49.352875,33.97283,-0.06338981270173247,-5.2404175,0.23809523809523808,18.395214,14.557238,48.283012,-0.18073559,10.584313,17.730227,14.110035,0.27632200824627673,10.209526,0.9047619047619048,38.443012,23.656773,94.26972,-0.071634196,25.597765,50.69465,34.182777,0.18061042419318638,13.666666,0.42857142857142855,22.075119,13.862865,55.118515,-0.2502965,15.680155,28.814846,24.624567,0.3869367180478501,16.806042,0.6666666666666666,0.016338397930194804,0.00869568133735043,0.027698863636363636,0.0,0.005511670984423546,0.015846946022727272,0.005511831446885282,0.0035928722188864237,-0.0009543678977272721,0.23809523809523808,0.7054373840527611,/Users/will/Projects/SpeechEmotionCS3540/datasets/SURREY/Audio/DC_sa14.wav,Sad
4.636281179138322,17,0.010569386,0.004722123,0.018309023,0.00010394148,0.004200255,0.011194958,0.0038290329,-0.4185693482084783,-0.005425266,0.11764705882352941,165.22488517341068,51.80926847100357,199.43192382854795,-12.464495239284247,36.88525979350411,95.03916320439123,53.0605870531698,-0.5907611686409825,-67.58668360806169,0.0,25.09827703202846,20.48119642437543,84.45546952307562,-0.7654010019489808,30.561727786422185,80.7309374835864,54.99379213277294,-0.12402192925067931,-4.19765597388346,0.7647058823529411,0.8128342245989305,0.16193587090616815,0.5,-0.02840909090909091,0.1859439564994724,0.40909090909090917,0.2912245764056719,-0.465113346723023,-0.17272727272727273,0.058823529411764705,1081.9206828421686,330.13882687174487,1043.3135975146265,8.572116774208595,363.71320738930984,745.6769572623989,478.76568179497644,0.35709999972205175,295.89144739548544,0.7647058823529411,1927.8837968958887,623.5706226216272,1972.2456498579545,-4.802148992365048,645.9227786992097,1170.1338334517047,822.5841999199947,0.37636823158266297,580.0261896306818,0.5294117647058824,1332.4894323247684,285.9003281296817,1137.3382844098592,-27.016570324604835,260.560486485425,450.4167505266547,322.5228486692144,-0.11057772188322637,-79.35013847961545,0.0,-547.5449,70.04566,295.86926,3.9275513,63.36143,158.33813,47.540203,-0.07405582060577434,-14.825989,0.17647058823529413,141.8401,30.70599,93.40849,0.61621284,26.910831,55.42057,34.284214,-0.10888938435341379,-9.107605,0.35294117647058826,2.6952348,15.757074,48.89719,-0.29325724,15.177936,31.657797,20.015287,-0.50113558197558,-21.753357,0.058823529411764705,50.243095,22.727032,82.172455,2.0946083,14.005216,35.036816,20.681292,0.8538514597611083,50.48103,0.7647058823529411,18.416954,20.437159,70.31646,1.5727988,17.43714,33.17598,23.016146,0.6825041781558946,38.00505,0.7058823529411765,0.04155612884358289,0.02452220261607434,0.08236416903409091,0.0015452991832386365,0.028600663330828793,0.06336558948863635,0.03848641896166653,0.22312254303127207,0.01279740767045455,0.7647058823529411,-0.10509496362471346,/Users/will/Projects/SpeechEmotionCS3540/datasets/SURREY/Audio/KL_h14.wav,Happy
5.349478458049886,20,0.008497586,0.004115828,0.014478647,-2.8421024e-05,0.004736568,0.01114193,0.0064379154,-0.16361770027470493,-0.0016811965,0.1,180.43144540369664,69.90248474902825,302.77128148429165,-11.615656554927158,99.6128528889726,302.77128148429165,157.41147824087622,-0.21339371027819581,-28.1789809717512,0.9,27.299526553428052,19.69356721815708,71.1397005692861,-1.929367182561519,28.384165554178818,70.0186707193257,45.95790856999205,-0.2807184624974467,-8.944344789101002,0.4,0.6704545454545454,0.22122639015831574,0.7727272727272727,-0.023923444976076555,0.2547369499494701,0.5454545454545454,0.3742829760333113,-0.12204082571025185,0.030303030303030276,0.8,1102.2682465142775,236.63571546343846,839.5036520655344,21.59416715062119,339.1603022253038,627.0111804009921,543.6187580531017,0.09861360591197896,66.63577824322556,0.4,2014.651378284801,472.7627631838673,1642.3961292613637,50.4587857917165,662.4863785733794,1107.9811789772727,1059.266750816352,0.09866062040662604,65.49682617187545,0.4,1460.8798990840157,244.87308450866092,873.3068093231516,8.374695697016753,271.86140696085675,501.6945625333926,404.88597994914284,-0.16375338014132163,-116.7814662618473,0.95,-573.2891,65.80214,240.92459,-0.69126815,68.68649,132.61774,80.584694,-0.15719871345116554,-19.261047,0.1,130.26598,19.320747,74.943665,-1.2018139,24.528318,62.86657,38.645164,0.16958689824393258,13.098732,0.65,17.48211,12.5787,37.659317,0.50071704,12.025324,24.471706,16.305271,0.5596248308423436,18.09882,0.9,45.936264,19.250475,71.45037,0.5068076,22.744652,52.11325,30.57149,0.333677098453808,15.016647,0.85,5.380021,15.996707,56.848297,-0.70651263,18.385311,34.912186,26.985113,0.12589873382832234,1.6095271,0.65,0.03559459339488636,0.020704120110622386,0.06744939630681819,0.00016821172248803831,0.024415422084140048,0.05062588778409091,0.034620210780703986,-0.05131486398961842,0.002678148674242417,0.4,-0.07570520498475597,/Users/will/Projects/SpeechEmotionCS3540/datasets/SURREY/Audio/KL_h15.wav,Happy
3.6051700680272107,13,0.0119836535,0.003980751,0.012125282,0.000104006846,0.0048579634,0.0108771995,0.006028017,0.3254059027386332,0.0022720546,0.8461538461538461,250.6714664614151,96.49396375625481,307.41747526912866,10.446752384266366,136.75588396678415,242.39627326939717,205.63506178393354,0.16475772413502754,53.56356567338668,0.6923076923076923,34.75667733041641,41.58178133064331,146.04503009565505,-2.8553281291158483,63.937024198893816,135.06789322486327,122.64495811444019,0.3013462218511986,32.525501808705265,0.7692307692307693,0.6573426573426573,0.27016005275638966,0.8181818181818181,0.011363636363636373,0.34071964433102153,0.8181818181818181,0.5131958577276041,0.2698009156749968,0.125,0.15384615384615385,1027.7346029773048,244.85705011347014,856.1035217835461,-19.570595136811136,300.477881580797,479.894745286526,522.6964091904356,-0.6010409055183894,-317.1718602405882,0.3076923076923077,1797.9095245574738,475.01160479445974,1932.60498046875,-16.14990234375,615.391109111579,1134.4082919034092,1054.053471031349,-0.5979579340728052,-681.7216352982955,0.07692307692307693,1243.1502315585224,213.18989775830357,726.1365186399775,-17.999695044883747,221.0961842142968,444.822583525513,336.96919015337954,-0.6940455573072639,-330.8727628534334,0.07692307692307693,-548.57074,42.93961,170.86789,3.4626057,55.3506,146.8179,59.666103,-0.06441475708905502,-15.474731,0.15384615384615385,136.87086,24.771544,94.981865,5.794901,18.643658,47.566353,25.536537,0.7426768626513505,42.386887,0.7692307692307693,13.190124,17.092566,73.23508,0.47614995,17.533709,32.035393,27.92222,0.7167576321787293,30.159616,0.7692307692307693,45.01084,14.541236,50.667587,-1.2115563,17.463009,35.387554,27.362337,-0.38035190430048377,-13.457729,0.07692307692307693,6.903278,15.439231,46.065037,1.9885958,16.139126,35.553455,20.905066,0.2941658306684075,9.776632,0.9230769230769231,0.02977491258741259,0.016133268488799344,0.06005859375,0.0009747129498106063,0.014679260216360799,0.037420099431818184,0.02057921657353248,0.34371709552536256,0.010287198153409092,0.5384615384615384,-0.12881076342170547,/Users/will/Projects/SpeechEmotionCS3540/datasets/SURREY/Audio/KL_h01.wav,Happy
4.319183673469388,16,0.0825246,0.026251938,0.08669163,-0.0007108601,0.02421613,0.039167732,0.022582699,-0.027623663558538732,-0.0029873773,0.125,157.19564341303402,75.64309787225147,202.70597176944963,0.0,99.48232226533587,202.70597176944963,142.63893359092708,0.023998316018581378,-5.235329301222009,0.0625,7.793435474632771,4.406463496851755,14.072803504073796,0.0,5.942819932599719,13.208892995313555,8.603592528522071,-0.07938451926190175,-2.2728793578887725,0.5,0.6335227272727273,0.3627363685063714,1.0,0.0,0.3409595922190352,0.6363636363636364,0.38285540273441976,0.24210381494302927,0.15454545454545465,0.5,834.6155426480755,409.1880099435288,1408.9262351253046,2.987784942054846,422.0269904024166,835.0457532116076,560.345843485396,-0.28631313608555375,-365.0822699919748,0.3125,1446.1809331720526,823.1415800578314,2822.807173295455,2.7405894886363438,792.2005220102453,1367.3583984375002,1047.0757294594878,-0.3511194491328682,-831.7689098011365,0.3125,1198.2475572347105,235.77658920031027,898.685347498281,7.70546675993547,264.6297050030756,487.31407014628076,391.5760108004974,-0.36669645646448407,-221.71024529151703,0.3125,-402.16162,76.92414,245.38034,-1.0082519,73.582794,155.73651,65.933105,-0.07114110197443652,-26.531494,0.125,117.69143,26.644547,106.13803,-1.0781484,32.31314,56.647194,45.65392,0.343276559459562,22.136719,0.6875,21.439789,10.901667,43.36886,-0.79553133,11.319105,24.911835,16.689117,0.38466008220739945,14.911303,0.6875,44.559204,18.835276,69.25085,-0.076126605,24.69037,41.464336,38.283623,-0.4266436374602957,-19.854038,0.3125,9.404776,11.876225,44.734093,-0.5647442,14.089131,27.058071,17.941206,-0.05515475812557027,-0.74629307,0.8125,0.014899513938210228,0.009114657070619028,0.029252485795454544,0.0,0.00843907153538608,0.016823508522727276,0.009323720874223842,0.1546244287494167,0.0015358664772727303,0.25,0.7410248068644336,/Users/will/Projects/SpeechEmotionCS3540/datasets/SURREY/Audio/DC_sa01.wav,Sad
5.188707482993197,19,0.08420143,0.02423011,0.0907199,0.0007973394,0.025982777,0.058095682,0.034721836,0.03985338628266446,-0.003822647,0.15789473684210525,151.92071483773205,52.859049795129955,192.67686129302135,9.060096691376607,45.014693967787416,192.67686129302135,67.26655453000907,0.4406614427475572,43.75910103084347,0.10526315789473684,8.223953123937026,4.047855902692977,14.514017602464548,0.1810263563660792,4.41298519008926,8.980142557526015,7.647067088854561,0.15202801031792454,0.6837780104640965,0.2631578947368421,0.7511961722488038,0.29692069826029094,1.0,0.027777777777777776,0.24296289063957055,0.6363636363636364,0.3066834429719715,0.4795569812804473,0.31060606060606055,0.42105263157894735,796.5083748461218,328.93252726390085,1124.0793011998032,20.6557325933682,321.0996211160147,561.2995660310763,461.9134496617951,0.24881675431534137,246.64891469758481,0.7894736842105263,1478.0380322031997,710.8800291474652,2422.9747425426135,53.01735617897727,704.0535191579638,1158.3884499289775,1043.9674680901692,0.21954649094476086,469.65221058238626,0.3157894736842105,1132.0451676067225,215.37444207201003,747.2626326498486,15.235509940099993,258.07651177277455,457.3456713972828,394.8410521021061,0.09899818342697682,98.8983750564812,0.3684210526315789,-381.40976,73.778046,268.4952,4.3641834,53.283855,134.26471,55.410736,0.1602101866636778,17.830353,0.15789473684210525,146.71037,24.846455,89.66602,-1.9700694,30.696487,77.63233,43.827934,-0.03533017945287297,-6.467621,0.15789473684210525,13.532468,19.093296,67.10065,0.81707597,15.677216,39.74154,18.532366,0.2774931816118305,16.03144,0.05263157894736842,39.500366,22.752466,75.41142,0.3288158,19.998926,45.025143,30.920584,0.11228903302196476,9.462452,0.5263157894736842,16.47345,16.215416,68.47205,0.28385445,16.01592,40.570282,23.813738,-0.01845467686518609,-0.713212,0.6842105263157895,0.015683406848086123,0.007235362263525902,0.026411576704545456,0.00030209319760101023,0.007415928315582633,0.019264914772727272,0.009266591688224154,0.2517275383125534,0.0033439867424242386,0.15789473684210525,0.6821853802449411,/Users/will/Projects/SpeechEmotionCS3540/datasets/SURREY/Audio/DC_sa15.wav,Sad
3.820997732426304,14,0.062341195,0.015561518,0.04344586,1.5176833e-05,0.010638432,0.031311292,0.011326672,-0.37126583461573853,-0.017827071,0.14285714285714285,136.77569510666825,105.86439052270556,479.3943846862628,-36.87649112971252,95.71024019707143,350.07956877086895,112.55072865515203,-0.6916749376214665,-170.14234288820802,0.0,8.206076777537984,6.203643901980897,21.30946152874366,-0.4395015296862033,7.768622135217377,15.836527877732028,14.19294121549159,-0.37833857607332755,-4.933409703725247,0.2857142857142857,0.6233766233766234,0.3372875042394949,0.9545454545454546,-0.020979020979020976,0.22944097505626457,0.5,0.2910511017014931,-0.20058646977888767,-0.18181818181818182,0.5,735.5579201271497,292.2444550523585,935.3402870175763,13.869139944368648,340.78120244225954,790.0458894697222,477.8047245141319,0.06699185664630851,81.77512833870037,0.21428571428571427,1494.4252707741475,662.541498914467,2174.853515625,29.401104266826906,764.2795958263732,1720.209295099432,1056.7895094076575,0.043290042212187366,134.82721502130676,0.21428571428571427,1179.1039625137025,237.29559394288793,804.9730919491925,-2.239571882061035,309.57318336919656,701.4408406593176,462.0241714462185,0.028769189513672785,39.61865724756012,0.21428571428571427,-429.42206,62.925175,198.28488,-0.7139235,38.18375,78.87634,25.772495,-0.2701472026410505,-44.523224,0.2857142857142857,146.66171,25.23068,69.6322,0.46136123,26.4529,48.74832,42.479298,0.10050751045599088,4.68927,0.35714285714285715,28.140696,13.767407,42.22389,1.3379753,12.100246,32.07785,18.205786,0.6798490425259935,22.950434,0.7142857142857143,55.878857,16.03342,46.713715,-0.60502654,18.79801,32.87967,25.207016,0.22983106109622795,7.7952843,0.7857142857142857,14.080864,16.151655,60.57,-0.56278473,18.572243,32.934235,27.230972,-0.3281999548237056,-19.286589,0.5714285714285714,0.008567116477272726,0.00541692515176746,0.013916015625,-1.6680033422853915e-20,0.003602695306752347,0.010719992897727272,0.00409485232490221,-0.21395377304642643,-0.003950639204545454,0.5714285714285714,-0.04943265982590207,/Users/will/Projects/SpeechEmotionCS3540/datasets/SURREY/Audio/JE_n10.wav,Neutral
3.4560997732426304,12,0.061399043,0.017892795,0.062611476,0.0006495975,0.016417993,0.03603537,0.02125015,-0.04888071010109133,9.634346e-05,0.3333333333333333,151.30833900553867,103.56261877056656,468.1586225771728,-32.185037163966626,145.86626709771863,468.1586225771728,198.49585741156744,-0.36979204927758247,-72.51381834525895,0.0,9.895421649759838,5.970978273314514,20.70049186023644,-0.5888846785401207,10.211744406820577,20.70049186023644,19.22237566965016,-0.26450747690002246,-3.933073637634509,0.16666666666666666,0.5530303030303031,0.27451016563626424,1.0,0.02066115702479338,0.29160791346078263,0.5909090909090909,0.42223823129477767,0.21585097037692924,0.125,0.3333333333333333,920.3920398389209,369.2338968773392,1156.6979384313136,46.88192179113778,434.14615056068897,803.389326428805,656.803358362226,0.1762887379056216,-16.463466296387082,0.5,1836.5212180397727,853.6208941422561,2737.163751775568,107.4435651794938,1027.5269860870014,1907.6460404829545,1558.623516437428,0.18163456737507228,-39.02893066406227,0.25,1294.3377754550065,251.7272489330398,777.9510840085802,24.76944235046368,356.23019272388933,702.9460959195785,565.9959971954582,-0.03184411193282257,-155.55756497639118,0.5,-410.34644,71.15178,225.5556,5.8339567,53.92959,114.81671,57.187675,0.20255292793756502,33.437195,0.3333333333333333,139.78261,28.682226,93.35277,-0.19436993,41.83744,79.70047,65.65387,0.33539622151047177,35.686607,0.8333333333333334,18.90782,12.621832,36.534283,1.7135593,15.892264,30.9294,22.227587,0.07565969321195104,-0.5123882,0.9166666666666666,50.00456,13.6931925,54.443672,0.7229777,17.068829,34.70867,28.459087,0.14702866829625466,3.4668732,0.5,2.6269543,11.867769,42.104195,-1.2807171,14.959679,27.702578,20.091532,-0.14120505357475036,1.1258717,0.75,0.008875991358901516,0.005739836676962699,0.019198330965909092,0.0004035382231404959,0.005625340199485262,0.012761896306818184,0.008313815982269391,0.1356763733142145,0.002635609019886363,0.3333333333333333,-0.15843997539772997,/Users/will/Projects/SpeechEmotionCS3540/datasets/SURREY/Audio/JE_n04.wav,Neutral
5.957097505668934,22,0.26175994,0.1187687,0.42323184,-0.0031640686,0.12384943,0.2341677,0.1538004,-0.26179080837201807,-0.073984414,0.09090909090909091,173.30870679400797,65.94239990691412,264.3457871458146,-10.207706880317382,78.32992588695525,264.3457871458146,125.815929992616,-0.45643051915774935,-57.58477020991421,0.5909090909090909,30.911068958068608,18.184017009218074,62.96368799722096,-0.08338466643937553,24.751732073752304,57.12194841552275,37.51650795080567,-0.10154354657641358,-4.080917529379562,0.45454545454545453,0.6177685950413223,0.28964702050825736,1.0,-0.008658008658008667,0.33537911598695347,0.6818181818181818,0.4588658314144445,0.053406761050834944,0.1428571428571429,0.09090909090909091,1506.808282223163,408.1212669821458,1539.741596451871,43.63153986300487,426.4843280144847,1068.6895703390103,640.3507688297695,0.01692021301501334,-177.9351559132433,0.5909090909090909,2875.5724189695247,625.5182485757718,2510.086337002841,59.63578657670455,641.4119728574884,1215.6471946022725,985.0850906212208,-0.07245602506513409,-394.37921697443153,0.2727272727272727,1523.9092081359909,159.46385960166828,797.4901200088916,-0.4136834707284639,158.05660271442113,309.50092361633233,241.93299670371215,-0.46913231775033426,-230.4773848396742,0.2727272727272727,-207.40225,82.34882,300.3757,-1.6908286,84.45895,169.9045,95.75988,-0.21557365590613525,-37.188095,0.09090909090909091,106.23028,27.907465,96.85965,-0.0073661804,29.837252,59.291054,38.311115,0.09903813565058074,16.139145,0.6818181818181818,-12.725205,12.146985,50.807602,-1.8995576,13.004224,26.275785,17.722935,-0.07260464401944437,-0.20992565,0.0,49.714344,13.73,50.918716,2.4247007,11.751607,29.971642,18.456596,0.6829791363359019,20.899113,0.9545454545454546,-12.724674,14.33152,50.06095,-0.36151043,14.84888,27.428215,22.167835,0.18892165191651836,6.097383,0.0,0.05804292032541322,0.032421188245950056,0.14464222301136365,0.0030089539366883115,0.037451673313939206,0.10369318181818182,0.05865717872734573,0.1385677016007379,-0.00200385551948052,0.5909090909090909,0.7031398295495735,/Users/will/Projects/SpeechEmotionCS3540/datasets/SURREY/Audio/JK_a14.wav,Anger
3.482222222222222,12,0.12664713,0.069934614,0.2390532,-0.0014876216,0.06560455,0.1218853,0.0875194,-0.04482058685385969,-0.028010763,0.5,255.26421087633062,138.1176060657328,444.58288410222684,-0.6916216920746995,149.0749604237915,444.58288410222684,243.02449226483188,-0.17399983210346184,-76.01058134598003,0.8333333333333334,19.008055015926335,18.133168687570926,74.84667933503906,1.1602185957271631,29.774246323090743,68.54789675489685,50.13265120688423,-0.3247733211381521,-14.092125535942289,0.08333333333333333,0.6969696969696969,0.31180478223116176,1.0,0.012396694214876032,0.3579571541769871,1.0,0.5612302012926382,-0.19355241528469097,-0.18181818181818177,0.5,1087.8859383588554,402.8169515876624,1228.7235386159632,106.48459117874441,348.18224456811345,688.7273209528341,405.8460565796614,0.22629621772821193,136.50551889019573,0.3333333333333333,2136.7625843394885,985.9777544269208,2848.7448952414775,250.52369172908058,866.1818785372393,1696.2291370738635,1019.3304321420486,0.18064100099876862,242.49323064630653,0.3333333333333333,1357.2116638960676,365.37159376510454,1044.045322679529,71.31534325431122,316.8233923931172,607.7416809384645,361.492756516939,-0.0683516124906122,-128.88731667422599,0.9166666666666666,-299.74802,100.17983,328.1628,4.8334947,80.78214,148.62985,51.62958,0.05693983949556115,1.3284607,0.25,144.26793,42.368443,135.6614,-3.8267968,36.07856,64.288246,38.825436,0.4563158592605598,54.54563,0.75,-12.319242,13.539526,42.199562,-0.55845433,17.823048,27.358498,27.946735,-0.48510486433834654,-20.127432,0.25,29.684889,10.337913,37.84182,0.08269033,10.578291,20.29901,14.420733,-0.4500107903727592,-11.454386,0.3333333333333333,0.85932034,11.032506,33.96204,-1.3199655,11.552058,29.223413,15.182625,-0.10083623598223933,-2.4585636,0.5,0.03135727391098484,0.017422955591759305,0.06143465909090909,0.0006658380681818181,0.013737968228571557,0.026633522727272728,0.009795968322861904,-0.1681494307243039,-0.00927734375,0.25,-0.6394536444440742,/Users/will/Projects/SpeechEmotionCS3540/datasets/SURREY/Audio/JE_h02.wav,Happy
3.815374149659864,14,0.007329218,0.004014402,0.014852248,-0.00030543187,0.0041227182,0.008693928,0.0044282502,-0.428054173885295,-0.005371942,0.14285714285714285,147.3076201481897,128.2927681502523,448.3866637553979,34.4912818273383,105.18479705752547,330.5972595279387,164.30653532844227,0.6085973078030813,173.40151607112716,0.9285714285714286,10.872193829988761,8.89550431757837,26.81405700387823,1.6402833037897449,10.839348489946378,22.79576572263025,17.73472697250771,0.4823574557834442,7.07915255068761,0.21428571428571427,0.5584415584415584,0.2972863153833662,1.0,0.024475524475524476,0.3652130958886571,0.5909090909090909,0.4976990213835406,0.20861157774662323,0.07954545454545447,0.5714285714285714,832.427517272042,207.24135786321608,729.4831576690508,56.11408905146545,183.8256796198453,469.665180294053,309.59714482532576,0.7781296335082888,354.04718603345896,0.9285714285714286,1442.2701748934658,506.0126077336349,2013.8438831676137,154.9110679359703,458.45644922331724,1242.074307528409,760.3935571882133,0.7627854097136788,824.0120627663352,0.9285714285714286,1337.3591700738436,321.4184227777667,1276.8475324801695,56.782996166879265,339.6551141114078,713.2832614613826,419.14335893454074,0.2493306513161112,252.69943139808083,0.9285714285714286,-616.17975,74.96269,252.90256,-4.204712,80.36113,140.29785,84.01425,-0.17686598492924765,-60.667725,0.14285714285714285,148.17532,30.867952,127.24559,-2.730453,34.56872,66.93637,44.22955,0.05832993285244039,-0.7621918,0.7857142857142857,23.67645,13.637603,47.079617,-0.5797326,15.493377,28.692974,21.567993,0.3460232311390763,15.750776,0.7142857142857143,36.398537,16.465006,61.66162,1.3226879,16.71619,34.637238,21.661137,-0.10796738852244303,-5.390812,0.21428571428571427,6.0551887,24.047268,87.98558,-0.8920181,19.757465,38.661434,24.272905,-0.4995068104555496,-29.905575,0.21428571428571427,0.020460252637987012,0.012645531631504657,0.041814630681818184,-0.00023389696241258765,0.012349584137697885,0.02570134943181818,0.013876086818394669,0.1939685415407039,0.0027465820312499965,0.5714285714285714,-0.22419342905282538,/Users/will/Projects/SpeechEmotionCS3540/datasets/SURREY/Audio/KL_n07.wav,Neutral
2.4318820861678003,8,0.0077975257,0.003219697,0.011960782,0.00071067875,0.004092624,0.008283708,0.004436506,0.04472108175587815,0.0019406416,0.25,142.05995215724968,131.3975999026978,453.2305674396083,64.74722391994405,173.0387468660423,453.2305674396083,236.04895047151513,0.4896270596680019,156.45504509992412,0.875,8.14172050438541,5.231472448024582,16.069118604286775,1.187407773709149,6.592372823146451,11.31356817478255,9.768431406027988,0.13618139696093842,0.11777577578685694,0.5,0.46590909090909094,0.3346007241894422,1.0,0.032467532467532464,0.3854758981728787,0.6363636363636364,0.5140920477976832,-0.24456524724126466,-0.20454545454545453,0.25,1022.1400326553309,277.16499508501425,897.6277752880868,-16.80702416003549,309.42787275946273,489.91108403496594,393.45948416277497,0.37478957938058727,204.07845452713934,0.625,1774.409346147017,516.131281898185,1623.7992720170455,-36.28484552556818,543.1894982188779,808.963290127841,659.6886941959159,0.3106786920227526,280.4210316051135,0.625,1338.6539836116926,263.3672579859887,860.3901881111467,-114.01721589373697,288.99243768826665,652.994781772539,337.8050145450256,-0.5125694780514296,-477.5106735951165,0.0,-592.98566,61.819477,211.09937,16.227556,59.270638,113.27557,49.485195,0.36817843946920703,81.8186,0.25,156.56328,24.94513,76.3989,10.774356,28.55373,49.556114,40.388275,0.4845506775275676,46.26758,0.25,20.15807,19.365225,54.83654,0.6400855,20.782125,47.72799,31.11972,0.33850232381601836,13.469938,0.75,34.666214,13.358192,40.666786,-1.8212321,14.902476,22.93398,16.342035,0.33910257682556805,5.9588375,0.625,2.9487476,15.090658,44.696404,-0.77982384,17.873276,35.445488,26.928888,-0.6238901447764382,-25.077583,0.125,0.029296875,0.015120031056095946,0.04822887073863636,0.003034319196428572,0.01442107455922623,0.026988636363636364,0.01569266158405923,0.647288101391217,0.02798739346590909,0.75,0.13016645306778646,/Users/will/Projects/SpeechEmotionCS3540/datasets/SURREY/Audio/KL_n13.wav,Neutral
2.4602267573696146,8,0.0065331436,0.0028726987,0.009374784,-0.00017626001,0.003040663,0.0045618927,0.003956668,-0.4832835334144478,-0.003079054,0.25,90.06594851378054,54.45974389619559,149.34797883561063,15.142105745165424,88.27508049799668,149.34797883561063,142.4420107458678,0.25465406069498253,28.04993148075276,0.125,7.7264354420623,5.897330274409151,16.793896429916714,1.318299572556133,9.379003345633569,16.793896429916714,17.982099861828548,0.4659350637390871,8.071734716840126,0.25,0.5113636363636364,0.3369083427357635,0.9545454545454546,0.05844155844155845,0.46780295206046435,0.7272727272727273,0.69762814746796,0.4636993259067953,0.36363636363636365,0.625,762.8577983772318,288.3908123402176,773.1715157600551,-69.37642011425558,287.32017741243016,749.9849469833584,496.7735212546572,-0.6784934366601142,-624.0656823281531,0.125,1103.270790793679,448.762184974981,1337.5055486505685,-76.13525390625,505.85463943633613,1207.327547940341,875.3486384441228,-0.6216186203958314,-919.076260653409,0.125,1149.527328549852,255.91733643388324,770.0046136428585,-14.174587423990845,289.10222754084083,541.5203144744447,389.08634464891867,-0.16826412054153264,-179.6971781132529,0.0,-623.3683,36.339783,105.82953,-3.1577759,43.36989,81.977905,46.715733,-0.3647398401683039,-39.851013,0.25,166.82652,35.6488,105.0718,6.530148,33.749165,66.84918,38.50382,0.501632114525214,54.056503,0.625,42.14335,10.953528,31.113949,0.3096139,13.397121,19.597183,15.8087015,0.19165385572903437,2.9577103,0.625,36.92255,11.883193,40.52211,-2.514795,11.219827,19.284191,19.101696,-0.7035156886400199,-20.275642,0.125,1.2412753,12.946815,35.472893,3.6315136,15.874683,28.91649,23.305412,0.5408691535547614,21.275501,0.375,0.028550581498579544,0.018364611588710864,0.05710671164772727,-0.005853033685064935,0.015924772247966918,0.039972478693181816,0.026668400132191468,-0.8246439787777253,-0.0460205078125,0.125,0.3571281814757656,/Users/will/Projects/SpeechEmotionCS3540/datasets/SURREY/Audio/KL_n22.wav,Neutral
3.5421315192743763,13,0.07229675,0.03298178,0.11461276,-1.1341336e-05,0.030596616,0.05966618,0.038961165,-0.11368923918347935,-0.012572497,0.46153846153846156,143.25951844283892,170.2794483197033,477.66020291729967,-36.49790111100767,214.11175809441292,477.66020291729967,336.5359950471546,-0.34010226055290743,-127.4976370724543,0.8461538461538461,13.044163829332026,27.216388950394506,94.57105397959542,-0.7465722309872783,31.487562869126794,85.61218720774808,41.053775128271276,-0.544170680970122,-38.2492412501445,0.07692307692307693,0.35664335664335667,0.3582849918167692,1.0,-0.056818181818181816,0.37671782850569946,0.6818181818181818,0.5109951506482879,-0.5164241256477281,-0.4431818181818182,0.46153846153846156,1064.8078238691455,523.0598078746776,1968.0660914686225,-18.986661246115773,616.1207058817548,1281.480664188842,731.3274724592918,0.20053350308297074,386.25694490225624,0.7692307692307693,2036.355868252841,1044.6726351774657,3977.2804953835225,-49.87709738991479,1241.2784139042176,2629.497736150568,1476.1105578497359,0.15520248896594538,660.3107799183235,0.7692307692307693,1351.4068525292953,342.91688771198034,1284.7372872710903,-25.977546284033252,407.41212102222573,892.9659965667331,529.1570691810259,0.03081451494866402,102.5142747667312,0.7692307692307693,-356.0518,93.63542,290.33704,-3.0961227,75.733536,174.07352,90.603745,-0.0815706297719925,-16.942627,0.5384615384615384,139.80475,41.13236,133.69937,1.4090627,39.85865,81.34083,53.814743,-0.01923174250289596,-11.717789,0.46153846153846156,-11.857166,20.840588,63.19792,0.99142915,22.37597,46.920162,32.541264,-0.31714454717109586,-26.464046,0.07692307692307693,36.540188,11.307058,37.77104,-0.7179348,15.383167,34.99234,22.901035,-0.1329809509580728,-3.051609,0.3076923076923077,-3.8140528,19.056732,67.6078,0.4941605,22.16487,44.235718,31.663092,0.08335483428531389,4.742229,0.46153846153846156,0.016017673732517484,0.009689605106694761,0.031205610795454544,-1.0842021724855044e-19,0.009018590311093576,0.016668146306818184,0.012988449279089783,-0.08933080540197069,-0.0011707652698863622,0.38461538461538464,-0.1406476372455301,/Users/will/Projects/SpeechEmotionCS3540/datasets/SURREY/Audio/JE_d02.wav,Disgust
4.843310657596372,18,0.11372384,0.06376527,0.16434646,-1.5726258e-05,0.04322236,0.12010275,0.05529133,0.19127180162582713,0.034706414,0.4444444444444444,178.06080568915422,106.61347158458037,417.6317144019978,1.6718652606120004e-15,118.92653984821385,417.6317144019978,195.1826216837149,-0.18788658866494637,-50.47758586895716,0.1111111111111111,12.140393613607914,7.288181433726464,22.950223671510482,2.0898315757650005e-16,8.209737385057913,22.950223671510482,13.797366016454255,0.11608679719273575,1.846102462792194,0.8333333333333334,0.6818181818181819,0.4042928504280707,1.0,0.0,0.23124864503144016,0.6363636363636364,0.2727272727272727,0.09149802227958334,0.09848484848484851,0.2222222222222222,930.0964154594027,324.97311502810817,1203.8645489367257,4.730913689671625,252.58189616600924,571.513468167485,322.57810623348263,0.4105676213863399,397.37171445039314,0.3888888888888889,1577.932461825284,581.7484950232866,1900.7945667613635,5.210574552974589,496.5092487152726,956.2699751420455,673.7271623756974,0.5137596095192142,831.8831010298294,0.7777777777777778,1269.4085830809274,157.24265040770894,543.6162984866535,6.974151176032071,158.37087814766,265.41050128075085,255.4971933847208,0.5557435296876947,244.53188791390835,0.7222222222222222,-370.4259,121.92287,331.317,-0.46076158,77.39128,212.47186,83.46961,0.27879599482889744,87.43164,0.7777777777777778,131.17332,16.40355,55.59559,-1.5231664,20.550331,45.4273,32.329506,-0.2653087990470466,-10.316406,0.2777777777777778,8.501202,22.736778,75.09675,-0.53014016,23.006187,42.97931,33.050636,-0.45030691272679685,-26.638817,0.4444444444444444,38.59873,22.046385,89.90897,0.8531841,17.74997,37.956898,22.520662,0.05899269177000606,2.8674164,0.5,-3.813057,9.490825,33.596313,1.012794,10.19238,22.162973,13.561197,0.14034400313059334,1.2398229,0.9444444444444444,0.029834477588383836,0.025060562373090744,0.09212979403409091,-2.0408511482080083e-19,0.017089328298445842,0.04050514914772727,0.022209797555970627,0.047939618207369986,0.006987600615530306,0.3888888888888889,0.5218605883516335,/Users/will/Projects/SpeechEmotionCS3540/datasets/SURREY/Audio/JE_f14.wav,Fear
3.8333333333333335,14,0.05943821,0.011125049,0.039051317,-0.0012395012,0.0078779,0.016408585,0.008345938,-0.7152973697424386,-0.020541888,0.14285714285714285,109.9242190825453,59.46509038871167,173.19760693384794,0.0,58.30183250436824,169.40609304665674,68.16927886647548,-0.39139124530097824,-61.64006465252084,0.14285714285714285,5.798902487256615,4.007452871086514,12.463551488783466,-3.416070845000482e-17,4.410316334420984,7.766776613500544,7.291933842110009,-0.32200167168313454,-3.3138705442345,0.2857142857142857,0.512987012987013,0.31791666662061424,0.9090909090909091,-8.540177112501205e-18,0.2869264089360649,0.6363636363636364,0.4009429885575527,-0.060802375392532276,0.05681818181818182,0.2857142857142857,710.1776344380767,276.47606217736615,850.7567326920539,-8.84242365254335,226.30087685142678,503.41702717208517,267.03198474595297,-0.5635617876264651,-414.99094412621247,0.2857142857142857,1496.8722256747162,777.8260391491873,2375.9932084517045,-30.116368006993007,622.3815346845395,1472.577459161932,731.0778492421267,-0.6287508966447014,-1288.0770596590908,0.14285714285714285,1271.2894814007782,276.1174454673942,831.9568461147614,-4.4476895015454305,262.44034882146633,496.8467241306921,364.2436340742537,-0.617100782608285,-485.2685377217674,0.14285714285714285,-426.29663,71.223656,236.06369,-4.5803785,47.627987,107.97696,48.581753,-0.5280440729285301,-101.45221,0.14285714285714285,135.9363,26.063383,95.47274,1.481977,25.3601,51.38925,39.009888,0.4890144679667732,33.662903,0.42857142857142855,23.9937,10.296489,36.72096,0.12938045,11.994807,26.163446,17.62981,0.3107097147753846,14.9772835,0.7857142857142857,51.813778,18.520653,54.565414,-0.6895818,17.948465,39.83516,24.48558,-0.6111636681717691,-29.419102,0.2857142857142857,8.404661,7.7532477,30.45121,-0.8593743,12.063823,22.848385,21.136068,-0.16010678309124637,-3.0778484,0.7857142857142857,0.007184709821428571,0.0038508793410112815,0.012073863636363636,-7.853474650349647e-05,0.0034797875767264333,0.008567116477272728,0.004105454850326562,-0.23570486245779723,-0.002080743963068182,0.7142857142857143,0.8037506860647959,/Users/will/Projects/SpeechEmotionCS3540/datasets/SURREY/Audio/JE_n21.wav,Neutral
3.6478004535147392,13,0.056686804,0.011706683,0.0402891,7.766299e-05,0.01033161,0.01512748,0.013263277,0.10736464850872399,0.0024554916,0.6153846153846154,130.51251487410715,114.69466746621346,473.728149107041,0.0,177.30187111644216,473.728149107041,274.1876867400903,-0.37077424793977504,-105.97292390026206,0.07692307692307693,5.560192544465344,4.2713364819359425,14.473751460921868,0.0,5.01801944479168,12.560476587851005,7.225245050823869,-0.08733079853494456,-1.2011406609349837,0.15384615384615385,0.48251748251748244,0.31164027909310754,1.0,0.0,0.3345363964518124,0.5454545454545454,0.4282794221513447,0.09895330505741987,0.05681818181818188,0.6153846153846154,688.4796453749076,229.01178648236194,820.0812876793134,0.297348340968379,252.41384671662254,459.41562472277985,323.2068687507698,0.43725900036021526,313.4479074112836,0.7692307692307693,1342.9264948918267,529.7368650843375,1873.3886718749998,5.057040127840916,595.6465366822237,1185.3049538352273,746.5636066869442,0.44935003275421115,756.965498490767,0.7692307692307693,1156.4637632242639,212.18059838967133,762.9299527385525,-2.462505584110488,239.18235730025665,485.0834387686476,336.5650279024191,0.48967861004766516,319.43885260161824,0.7692307692307693,-426.45773,58.248142,189.41364,0.6908824,43.683094,83.805756,42.542072,0.15278530849316307,18.391754,0.5384615384615384,150.52626,26.492966,86.24587,1.0845686,22.676268,46.687614,30.412825,-0.2857544973796872,-26.40976,0.5384615384615384,18.782171,8.507506,31.276936,1.2075757,7.566347,12.495555,11.487594,0.6761351067599296,15.078014,0.8461538461538461,52.287144,26.191618,80.35299,-0.083797775,18.565836,35.135876,20.030596,0.6795065199098663,45.95041,0.7692307692307693,12.997908,15.0621395,64.352104,-0.5633275,18.431482,46.174423,27.327696,0.1386564356050999,4.059617,0.6153846153846154,0.006825693837412587,0.003926631917956643,0.013449928977272728,3.6991003787878755e-05,0.002964445288451169,0.005548650568181818,0.003380078890566012,0.09505459328307127,0.00038285688920454506,0.6153846153846154,0.08221180932456,/Users/will/Projects/SpeechEmotionCS3540/datasets/SURREY/Audio/JE_n09.wav,Neutral
3.786122448979592,14,0.008705351,0.0025849035,0.008316446,-8.2846265e-05,0.003329215,0.006704948,0.0051032426,0.12056210637891071,0.0009666262,0.5,217.48990876082243,135.588376661078,432.22964798807874,32.69033138342536,174.44395830152965,354.2838009414864,281.8180956809872,0.5206256979309123,188.98177369254293,0.6428571428571429,33.719551936321,47.97323746819259,154.44642943521228,1.5942803604661555,72.5256974841583,144.16303891156988,133.8049696885093,0.50416365690703,77.63405135674108,0.7142857142857143,0.5909090909090909,0.2970734865895552,0.9090909090909091,0.024475524475524476,0.4028724677156385,0.9090909090909091,0.695929312428463,0.3605872350810849,0.32954545454545464,0.14285714285714285,890.0688791638835,321.6041060044243,1132.3916169102677,-52.77243906392822,353.06034234260187,696.7098723006746,620.6566811148457,-0.6982837477975434,-509.66707500021744,0.2857142857142857,1518.8249067826707,641.0940651839506,2392.1431107954545,-117.37854430725523,748.450774817314,1491.6637073863637,1294.3697632537483,-0.6457936035695917,-964.2225785688922,0.2857142857142857,1263.0757667033747,218.2482946727298,714.3613868288917,-17.165187131501224,249.86848499940757,415.92085296192386,415.1390161201438,-0.5554012311697403,-304.04815100713904,0.0,-603.81,44.675106,175.01611,-4.6978993,48.48959,94.77887,59.7863,-0.34179667378818174,-33.234497,0.2857142857142857,128.38103,28.751703,99.99259,3.6449292,25.380983,59.389915,35.237015,0.6270437619082538,39.03173,0.7142857142857143,24.602398,21.4753,81.44365,2.6745896,19.641161,33.397213,33.413616,0.7655704243557717,42.440517,0.7142857142857143,51.982426,19.333466,66.04185,-3.456716,22.661747,45.038387,33.268745,-0.46604405463583704,-17.776207,0.07142857142857142,12.663916,16.695902,48.708477,-0.43428817,21.688677,34.391266,29.679758,-0.09993002262933577,0.5202484,0.35714285714285715,0.015380859374999998,0.005327120677992617,0.022727272727272728,-0.0005002321896853146,0.006388859019886994,0.011208274147727272,0.008052331285871132,-0.006053603411846014,0.000560413707386364,0.5,-0.2982104040896952,/Users/will/Projects/SpeechEmotionCS3540/datasets/SURREY/Audio/KL_d01.wav,Disgust
5.334467120181406,20,0.006755258,0.0030993172,0.008846637,-0.00023117862,0.002381812,0.0050011566,0.0029757055,-0.3456746624520197,-0.0033742702,0.55,96.63031269662001,74.76482621363685,276.20928766233254,6.4530423668135874,111.54250474867317,276.20928766233254,207.3429334368393,0.30489464306594316,67.54121872662313,0.4,16.637697591887953,32.60368466703655,147.4313148405627,0.9982917561003539,49.9494103855787,147.4313148405627,93.77443143190357,0.05246669268071137,7.1387034453135545,0.4,0.5613636363636363,0.37928679264427356,1.0,0.03588516746411484,0.482755914091079,0.8636363636363636,0.8159184306165997,0.525297021691421,0.5681818181818182,0.75,891.2100620192241,334.1211713463764,1476.1469501608872,-28.72417025108854,343.9022685036423,823.115996665339,494.73329802267375,-0.5893319013322547,-440.9099111180159,0.05,1557.5357333096595,696.369099611826,2947.112482244318,-57.77389307341509,729.0720519055043,1703.0806107954545,1065.9662324626204,-0.6373907035340852,-996.6447310014203,0.05,1316.7046647311447,320.0339410188452,1081.8307205244819,-12.730445179779561,319.48080562073704,612.6212668065762,456.0090825923022,-0.45668632685641686,-309.9630554849882,0.05,-604.1685,59.92832,246.84375,-4.331122,51.617767,142.86816,64.0939,-0.46145344508501973,-73.1319,0.05,160.32999,34.22568,123.22333,2.7356398,33.776756,65.80941,46.95448,0.42995744278946635,31.822174,0.75,25.055912,13.49674,47.506187,0.40811238,13.561442,27.84685,20.449747,0.4853646775307265,14.213199,0.5,38.29979,16.87543,55.644894,-0.029725125,16.872025,43.589077,24.42681,-0.10681450544785268,-1.2111206,0.85,0.54178625,20.515965,78.98625,1.5999614,20.921228,49.649483,26.695944,0.30560160080215776,13.924782,0.8,0.022636274857954542,0.007611518718055282,0.028653231534090905,-0.0004754317434210524,0.007377772537949505,0.016557173295454548,0.00948856670068189,-0.1189877218353248,-0.0018680456912878764,0.8,-0.165844878135449,/Users/will/Projects/SpeechEmotionCS3540/datasets/SURREY/Audio/KL_d15.wav,Disgust
3.438140589569161,12,0.13835546,0.05435602,0.1807352,3.6112287e-05,0.053800408,0.09609198,0.055728696,-0.12102270865420563,-0.02915401,0.16666666666666666,127.4986706175625,60.36684368058711,202.73413915565885,0.0,75.75618396769198,202.73413915565885,77.68256544124408,-0.20393993000273758,-32.02022918859737,0.08333333333333333,10.148263957652164,9.46435080587383,31.750821757071176,0.0,11.454920302940543,25.498908142690347,15.822180013028337,-0.4998729059793062,-11.234589312547836,0.16666666666666666,0.6969696969696969,0.3595094096274143,1.0,0.0,0.2900814673518057,0.5454545454545454,0.23658206690314734,0.1251388824660639,0.125,0.5,967.9934426961078,299.18333006967305,1197.7492067914975,69.94038791747188,308.8058689936654,641.577501839491,460.0920895822474,0.5019211339916813,270.9705680764355,0.8333333333333334,1838.0301735617898,660.4569296656317,2790.017977627841,166.6598737732438,645.9072545377624,1467.194158380682,932.7501985201316,0.561734207602914,699.462058327415,0.8333333333333334,1175.8489770648046,230.3978187154136,800.2519572401476,38.72165618958206,212.95766299809085,603.1376718936688,308.24916325807607,0.21053416243635725,70.81458162163608,0.8333333333333334,-292.74536,113.79749,333.56232,1.0877255,100.59073,222.24371,68.38852,0.02510436359776936,0.13934326,0.16666666666666666,156.93889,44.067703,130.96255,-3.950042,33.603706,73.70938,40.314323,0.06392900583322328,10.988052,0.5833333333333334,-21.49302,23.59944,78.612885,0.9268721,19.957893,41.38083,26.278772,-0.27013245676451886,-16.367651,0.08333333333333333,26.239172,15.133047,51.723213,1.3607501,15.852213,34.66597,18.36985,-0.17868479158910944,-7.719408,0.9166666666666666,8.693074,14.897385,54.354507,-1.4010085,14.078347,27.648325,20.1068,0.2256535303517632,12.688957,0.5,0.02736224550189394,0.014604761769652062,0.042791193181818184,3.228305785123964e-05,0.012435743212612382,0.02718838778409091,0.01361204294069468,0.0856606040929548,0.0021306818181818163,0.4166666666666667,0.7821178194886964,/Users/will/Projects/SpeechEmotionCS3540/datasets/SURREY/Audio/DC_a02.wav,Anger
1.8103401360544218,6,0.0070881224,0.0044109263,0.011963604,-7.3714924e-05,0.004912688,0.0067084506,0.0031355454,0.07975109226650737,0.000912691,0.5,156.4675180849481,75.70941213200764,241.08089283336616,48.216178566673236,80.0755428717684,177.5431835012887,112.80016614289634,0.7111246475052317,102.97056397401548,0.8333333333333334,23.378155980072275,25.03989200269143,74.37083586918979,14.874167173837957,18.71111677947005,41.55681387371749,20.827078005375895,0.8080978806305696,45.72623271538109,0.8333333333333334,0.6287878787878788,0.30986608085178124,1.0,0.16363636363636364,0.34449627857266213,0.6818181818181818,0.3995089961647033,0.5511494265410871,0.3636363636363637,0.3333333333333333,880.0061524063713,163.24135680249609,465.11799373511485,6.0588010748570245,242.33492417079842,438.93982437897375,384.12605557475854,-0.37624471747450605,-146.72615648176634,0.16666666666666666,1625.0227494673293,462.60140266710533,1336.0373757102275,83.58797940340908,711.1270531757079,1168.17626953125,1072.899905455426,-0.19239056186046252,-248.61061789772702,0.16666666666666666,1526.5719444447132,407.17968731481596,1209.0021457093576,17.662977476570017,493.82830757043115,645.4461304691367,547.499829717342,-0.1375109846536562,-124.31257594602152,0.8333333333333334,-627.23584,91.73405,242.31653,-8.117602,102.53075,162.79242,31.039597,-0.0878495710619628,-13.558594,0.3333333333333333,129.98799,40.398476,129.50694,-6.55726,51.03233,68.767944,62.03277,-0.004674179530918168,0.04975891,0.5,17.287527,7.9407115,22.290806,-1.1282934,9.075085,13.318443,4.9810205,-0.24188830694329602,-5.1124325,0.0,38.825447,14.890206,42.091537,3.7387307,22.2429,32.353058,30.982878,-0.11758868199686183,-6.8195686,0.16666666666666666,12.244092,9.487748,29.55294,3.8082702,12.992623,20.573696,21.016064,0.3882314559310891,8.500787,0.8333333333333334,0.020337653882575756,0.013936717941289782,0.03626598011363636,0.0001242897727272728,0.016189879060831497,0.026256214488636364,0.0056470626185618315,-0.07351117210155353,-0.002607865767045454,0.3333333333333333,0.3208912388386595,/Users/will/Projects/SpeechEmotionCS3540/datasets/SURREY/Audio/KL_f03.wav,Fear
2.6724263038548752,9,0.007748286,0.003939241,0.012586594,-0.0003165726,0.0031414267,0.005580392,0.0029129714,-0.2169895929071826,-0.0022631167,0.4444444444444444,124.32729893537713,47.0494283490194,157.96659808993286,-19.137146132746466,31.853405457889597,98.26929854494888,23.54189066570441,-0.7631268540379602,-78.62352198023268,0.1111111111111111,10.005702808463104,6.9556299051456305,26.55726706983901,-0.5401642336904404,9.743109137400163,18.203990180173378,14.796422175373111,0.10096260791027742,3.892786964141756,0.6666666666666666,0.6868686868686869,0.32527761996170945,1.0,-0.03409090909090909,0.3228152888941316,0.6818181818181818,0.29328804651003154,-0.2886472957274359,-0.24242424242424238,0.2222222222222222,853.2103667153696,250.3812485697638,764.3534990309928,2.832915798307937,251.9511801775064,515.6412418141819,302.4635409448796,-0.5450805844003936,-410.30050282210607,0.2222222222222222,1365.5095880681818,488.89055459380194,1482.854669744318,21.16615988991478,472.2555602963893,876.4992453835225,523.4765343129626,-0.5164094348878576,-764.9181019176137,0.2222222222222222,1259.1555129186756,333.17750976692145,980.1621462693531,12.933223578437577,285.8295412358467,540.6089815630166,187.55140836487192,-0.15073613600415567,-166.91691725583246,0.8888888888888888,-580.46826,74.51992,215.32617,-5.0830765,61.199997,116.08551,27.420128,-0.3207906135391537,-62.069275,0.2222222222222222,169.77748,34.575203,100.9385,-1.1813354,32.420086,67.821754,28.132479,0.22220544365307754,26.768631,0.6666666666666666,10.251865,20.418308,59.366905,-1.5750585,18.448355,29.237452,16.60442,0.33615973263433013,18.357965,0.0,22.687449,12.548251,39.498398,0.48914766,11.752808,19.972588,12.743269,-0.5513160174970256,-20.835335,0.2222222222222222,0.10590446,9.7814045,30.658396,-0.6706139,12.693001,20.078053,17.525414,-0.3208186025906659,-5.20714,0.3333333333333333,0.027309225063131312,0.016045689875218528,0.05051491477272727,-0.000529896129261364,0.018214408554819317,0.042191938920454544,0.019276880340903062,-0.4882158309954858,-0.02277906013257576,0.2222222222222222,0.5972610629643634,/Users/will/Projects/SpeechEmotionCS3540/datasets/SURREY/Audio/KL_f02.wav,Fear
2.0755102040816324,7,0.1656983,0.0895614,0.26091024,0.0022437896,0.09309123,0.14825377,0.0732426,0.21991567920047048,0.04383651,0.5714285714285714,133.9551603402884,84.78884183613037,192.7141551937267,0.0,109.33058050286209,192.7141551937267,93.43559996357254,0.008263370426800224,3.632876207388705,0.7142857142857143,15.573351808806136,10.64505021319645,28.79990886590781,0.0,15.723505067927405,28.79990886590781,17.45640856957144,0.12556569123158426,2.9447894334601425,0.7142857142857143,0.5909090909090908,0.4087299995287329,1.0,0.0,0.4304203851921755,0.8181818181818182,0.2449489742783178,0.13503977016231988,0.18181818181818185,0.42857142857142855,733.8193771158577,349.9250808662078,861.198894164915,6.464996369176409,384.7699087479777,679.2539260037609,448.7254511138781,0.19042557924254963,265.061388488569,0.42857142857142855,1333.0311168323865,736.6794116372718,1868.00537109375,35.888671874999964,805.0187916812023,1391.338556463068,899.3016798552031,0.2244927605785452,615.4091574928977,0.2857142857142857,1076.543632109752,140.80319238083885,349.91666942318636,-12.470930754241712,237.34982904856122,349.91666942318636,417.6940291975154,0.09272847183702557,128.9033646295096,0.7142857142857143,-327.92697,143.21014,372.19916,6.143402,147.59859,262.33667,68.36602,0.19265086820616026,77.712585,0.5714285714285714,131.46382,30.226952,92.57604,-7.659143,33.820576,58.887123,46.46943,-0.21945764125171607,-18.2202,0.5714285714285714,1.7176615,23.596672,70.45982,2.843507,26.720947,51.272232,27.37079,-0.14341164522601108,-9.851371,0.8571428571428571,31.10632,9.694515,31.249357,2.5137558,11.49202,18.362417,16.02084,0.40025001063462645,13.69347,0.8571428571428571,7.805732,8.7351465,25.052786,2.00164,11.741154,17.30963,15.947057,-0.13555349882212947,-4.634036,0.14285714285714285,0.028149096996753248,0.020870833452620422,0.05233487215909091,0.000736120975378788,0.02090415169007133,0.03648792613636363,0.01927001271997554,0.2276492803166357,0.015247691761363636,0.42857142857142855,0.8478309585855675,/Users/will/Projects/SpeechEmotionCS3540/datasets/SURREY/Audio/DC_a03.wav,Anger
4.5331519274376415,17,0.0061930646,0.003002296,0.011726107,1.010175e-05,0.0029002829,0.007664454,0.0031876788,-0.49355776334596174,-0.004766825,0.11764705882352941,172.26831303041385,122.71988773476512,416.34725572622636,-20.38522428686573,157.14198875220924,355.44016001730427,257.233313398558,-0.2795174783294442,-88.90708026289803,0.5882352941176471,15.095959167302132,12.266740576188882,48.704056519683704,-1.3905787988518234,18.61522196442521,48.704056519683704,32.577609564391416,-0.2265517875929282,-5.960861810565678,0.29411764705882354,0.6176470588235294,0.2999184881685548,1.0,-0.0625,0.36818006453005486,0.7272727272727273,0.5149732311817697,-0.3530378492322255,-0.36363636363636365,0.0,940.6326133193564,153.86031886855534,540.8060636580004,-3.5521500122970835,228.66316646873668,499.181118946335,382.4266338521202,-0.21114026244057335,-31.218179140050324,0.7058823529411765,1643.6052128592912,267.2092212554691,1033.5937500000002,-18.35216175426136,415.395657785145,839.7949218750002,701.9348549902412,-0.13432257398872383,26.23135653409099,0.7058823529411765,1380.7265426413346,283.83910992303777,967.0797175939304,-3.253673964001038,244.90979961541285,513.1683701428333,283.18322792581694,0.14066046662784587,191.8407373205289,0.0,-614.78503,71.60116,270.9374,-0.6161728,57.37898,155.06573,49.12082,-0.46645886220864646,-102.36908,0.11764705882352941,149.60786,27.967388,94.75863,-0.51286983,23.584515,49.88028,32.327316,-0.21480736967063546,-24.65673,0.23529411764705882,22.135916,15.725952,57.361526,-0.036953926,15.315807,27.666815,21.652267,0.4855719954280717,21.90457,0.6470588235294118,41.05904,11.123357,42.600086,-0.48187137,14.446713,26.651787,23.021566,0.4247702310415034,15.406509,0.7058823529411765,6.9934673,15.418926,54.367313,-0.6685493,18.395878,40.890907,24.03427,0.15816048022444568,6.2685227,0.8235294117647058,0.02294921875,0.01275094188980603,0.04525479403409091,4.022771661931835e-05,0.011540740260993852,0.031161221590909095,0.014943313190755784,-0.28620741530590915,-0.011616654829545452,0.11764705882352941,0.18910882549713134,/Users/will/Projects/SpeechEmotionCS3540/datasets/SURREY/Audio/KL_d14.wav,Disgust
3.176145124716553,11,0.058312915,0.010206513,0.039236464,0.00080326234,0.012218919,0.021411348,0.01226209,-0.002715800856354417,0.0005068034,0.18181818181818182,166.74864038877837,126.33939726928261,467.3422030698231,-35.477242752712456,91.21225917521312,232.40144666301256,134.5317829534384,-0.6503708137467515,-210.20005641527632,0.0,19.970117516316083,40.13984204590792,146.3960724217728,0.2872638488414026,61.24121824339626,140.351736950874,99.31846423432121,-0.4140732465396692,-48.34039793566404,0.09090909090909091,0.6074380165289256,0.24383666928813108,1.0,0.0,0.3497342556667517,0.7272727272727273,0.6169890122858769,0.15005264249527964,0.12121212121212133,0.8181818181818182,653.2044382405481,240.5005485986415,792.8830205324239,-5.48195690184055,228.93290269628508,486.9258420246781,308.3538229032443,-0.05044473805285468,50.13083595049346,0.36363636363636365,1335.9483955320245,658.2818171309775,2178.768643465909,-17.079745205965914,642.6274356805483,1304.226962002841,873.8374193137421,-0.025539907587745367,164.9247602982955,0.36363636363636365,1122.2468772845925,225.09393427849332,777.3632092023277,-23.332582995342534,262.6914425636949,532.1360641115377,393.61675498554393,-0.23043217947507164,-66.75025017546909,0.36363636363636365,-425.93808,53.88793,175.37256,2.1164308,54.77109,109.650635,47.08199,0.08638542829072249,30.915741,0.36363636363636365,150.8218,28.861382,99.347404,3.1099098,39.45684,66.014084,60.353634,0.45679133669893907,39.308105,0.8181818181818182,10.384612,11.708024,41.249588,2.8964508,12.023916,20.78564,17.462854,0.490291420544752,9.770624,0.9090909090909091,42.881004,17.98918,62.07565,-0.49093628,19.942303,25.991669,28.831884,0.36681622854730767,16.364847,0.6363636363636364,20.834326,11.270562,41.199463,0.23744659,11.869575,18.985798,15.893188,0.3821409212848863,5.515999,0.6363636363636364,0.008086905991735538,0.004246913408898643,0.016202059659090908,0.0005415482954545456,0.005201992452146597,0.010786576704545452,0.0060384225569335434,0.3973808660366915,0.005208333333333335,0.8181818181818182,-0.3647160629036957,/Users/will/Projects/SpeechEmotionCS3540/datasets/SURREY/Audio/JE_n08.wav,Neutral
3.6792743764172338,13,0.06646037,0.01848188,0.05844128,-3.314701e-05,0.014382704,0.03513122,0.016517103,-0.3006015708055076,-0.015472099,0.23076923076923078,122.8541713558248,120.3729115246297,474.4710646622877,0.0,202.41752113939154,474.4710646622877,343.78762493344203,0.2723741637863979,68.85281626573233,0.8461538461538461,7.887031062716307,7.071969498302688,24.916295251580113,1.4802973661668753e-16,9.209892842920565,17.05457605834636,16.029600051815837,-0.16901038869293666,-2.7982795628500217,0.3076923076923077,0.5314685314685315,0.3762601692955134,0.9545454545454546,0.0,0.33913680735756657,0.6363636363636364,0.5281179266966106,-0.049672005866383456,-0.09090909090909094,0.3076923076923077,818.3088505846765,326.2956127843247,943.0997068673573,-4.689310879574786,449.98714909251356,797.880571287709,601.7320464324825,0.056414678979364676,-12.768830266841178,0.6153846153846154,1563.9429906031469,757.7442981170199,2089.699485085227,3.711214932528454,1035.2659402752597,1899.815784801136,1394.3725069659843,0.1671408658754411,186.335615678267,0.6153846153846154,1207.50055407495,284.8941534127433,901.2488407533849,-11.59205097379449,423.8683291659753,706.545504552839,647.6279561203893,0.06110674953976173,-22.602542434619863,0.8461538461538461,-415.55124,77.20977,227.8306,-2.2696736,57.419117,113.37213,48.02822,-0.27164256684588295,-53.31195,0.3076923076923077,146.25809,38.254463,129.97797,1.1066494,47.85713,85.821236,73.393555,0.055909341094728345,16.828697,0.6923076923076923,20.95184,13.703835,48.341755,1.0387405,14.348226,24.290684,20.472355,0.5208650880108736,16.182434,0.8461538461538461,44.109524,16.168259,50.903397,-0.8209178,21.131702,36.369843,29.095772,-0.30146067045820546,-17.60212,0.07692307692307693,4.74933,15.286183,64.92309,-0.11743768,18.776892,30.130936,26.695265,-0.41766025357263165,-19.995867,0.23076923076923078,0.010610727163461538,0.006860192468160203,0.018931995738636364,-3.6991003787876405e-06,0.005373201466999679,0.011297052556818182,0.006525908679092773,-0.13734844673190474,-0.002080743963068182,0.23076923076923078,0.08113430069323224,/Users/will/Projects/SpeechEmotionCS3540/datasets/SURREY/Audio/JE_n20.wav,Neutral
4.2,15,0.10244575,0.056745112,0.2244376,-0.0018053005,0.053713854,0.13314329,0.06458595,0.2379368743170732,0.04971333,0.7333333333333333,306.82372302296415,85.57110414212937,249.644588441955,-0.8257655110108674,58.52745514767679,134.73351962776204,63.855233856866946,0.02548254472974007,5.512168566763137,0.0,39.14557694687273,30.03721952435214,115.49068496554827,0.14661946242664556,49.972620726208355,110.78978823658187,87.27261544416324,-0.0031527347998726056,-0.13871426691962796,0.8,0.8060606060606061,0.11673551687429226,0.36363636363636365,0.003246753246753244,0.17047773497175422,0.31818181818181823,0.269208063705177,-0.0781075500342491,-0.00909090909090915,0.4,1209.4944658408392,495.41658279732604,1639.1483823669137,5.803858900387484,508.11141022889933,1200.420031276833,774.58101084234,-0.4307045968361908,-613.8501758284224,0.3333333333333333,2249.240944602273,861.2954797784781,3033.245294744318,6.047474254261358,841.8304759665682,1829.8328746448865,1270.5070486911952,-0.5395736755883839,-1303.5418146306818,0.3333333333333333,1434.604989256239,275.66260199789406,966.2158422808931,2.812462417439162,257.6275285133621,571.0267078594018,381.30016117949344,-0.5650744450891745,-455.28422054754424,0.3333333333333333,-346.13873,84.55932,282.43594,-2.846597,66.01988,141.65948,54.21658,-0.06266488510737567,-14.139526,0.2,115.078636,29.937132,121.071625,1.6588211,33.9391,70.589386,51.994427,0.48639457809259656,36.79947,0.6666666666666666,5.6311364,21.486366,63.853973,-0.75926405,19.732056,39.916313,27.304554,0.21475494543136886,19.340439,0.4666666666666667,49.518997,15.692968,60.117928,-0.9854569,18.49062,31.818254,28.64358,-0.5528429858814095,-16.203594,0.3333333333333333,-7.8888683,14.304353,39.84773,-0.008246967,13.403933,24.653675,16.283026,0.2617136950176081,12.217673,0.8666666666666667,0.0343172940340909,0.0274170239590796,0.09148615056818182,0.0,0.02279770607257269,0.046653053977272735,0.03307341371470942,0.0010992211658147587,-0.0001642400568181851,0.3333333333333333,-0.6842181224983053,/Users/will/Projects/SpeechEmotionCS3540/datasets/SURREY/Audio/JE_f01.wav,Fear
5.6624036281179135,21,0.103916146,0.037674274,0.14790066,-0.0005706949,0.04010727,0.087382674,0.056040637,0.00318454613264857,0.0077515543,0.6666666666666666,175.00710309364501,109.96046505223053,446.2458295125258,1.4210854715202005e-15,102.33144896674499,243.71437231197515,168.69129743470396,0.1008151894529507,14.766722762744024,0.5714285714285714,14.915522159398419,11.12510870896541,44.457869505834054,8.881784197001253e-17,11.208048486130233,32.63953971641706,18.41227569191074,-0.04830583611746354,-3.8593163524088983,0.5714285714285714,0.6363636363636364,0.3779644730092272,1.0,-5.551115123125783e-18,0.2662100084426604,0.7272727272727273,0.37162282393710344,0.10403129732205987,0.11038961038961048,0.23809523809523808,1071.006254313815,510.7527655388879,1743.6093385141676,12.074142158455619,440.4165076610284,878.2087788603963,578.0540055279557,0.3081238565579644,432.6438028953146,0.42857142857142855,1993.9186789772727,1075.3105948947348,3634.2174183238635,40.790738192471586,928.959894290453,1937.0094992897727,1207.2571758134861,0.39966825367552966,1121.4044744318185,0.42857142857142855,1398.9759347995903,346.6443388259341,1169.3814184774342,10.083470178677823,312.5917649851511,666.3389314857143,438.22049140054975,0.3870000346186562,344.2460353727688,0.8095238095238095,-372.62396,86.78787,303.6435,-0.6575409,71.47614,160.34421,78.868195,0.12004585989723995,37.329773,0.6666666666666666,115.32839,26.563723,93.39417,-1.4677429,30.39135,78.54157,47.00498,-0.241747540218928,-11.593239,0.6666666666666666,27.964228,16.660069,74.94396,-1.0733935,18.129072,34.124477,24.924112,0.18145233449441928,6.3389187,0.8571428571428571,47.115486,20.043533,61.210125,0.8209518,19.353106,35.21647,26.30221,0.04449736320288774,2.3763618,0.3333333333333333,-2.7850502,15.238157,53.9208,0.49709588,16.544483,47.168503,22.179665,-0.5266551968162241,-22.114586,0.9523809523809523,0.014724533279220782,0.008910211303690397,0.03244850852272727,0.0,0.008845438694362771,0.016490589488636364,0.011707151502308557,0.10942216035374804,0.003696986607142858,0.6666666666666666,0.36878990708002757,/Users/will/Projects/SpeechEmotionCS3540/datasets/SURREY/Audio/JE_f15.wav,Fear
2.5050340136054423,9,0.042361505,0.018312152,0.050313137,-0.003182867,0.01086073,0.019667074,0.008166454,-0.6559032832964771,-0.029707601,0.3333333333333333,214.0472709264843,174.37425935808514,467.4724074871621,0.0,180.87401708867338,441.8066479340364,245.13022714597133,0.015304473484517918,4.510646948631575,0.5555555555555556,28.631967831927014,33.98275931587804,111.6706731487074,0.0,41.69742135055098,92.19138939510574,73.1416115898674,-0.13845458688105042,-11.086282200540747,0.4444444444444444,0.3585858585858586,0.2933643582112648,0.8181818181818182,0.0,0.2856773884085576,0.45454545454545453,0.3808539817822125,-0.3267150724855093,-0.21212121212121207,0.3333333333333333,925.9095707911487,441.68326031990597,1453.5102538898695,31.676770534614263,493.7304966426815,1047.5961665935665,725.4566890990803,-0.15939436538468435,-308.88634836804,0.2222222222222222,1858.2719282670453,948.1800739421099,3323.4541459517045,106.07549493963066,1098.6520608067017,2128.3613725142045,1595.8443735411538,-0.046243317364513405,-451.05535333806847,0.2222222222222222,1414.2061431074642,224.35154399326183,823.1818775917793,32.99324895206584,315.77336779978305,561.148283433298,517.8407581128682,0.005477958982528724,-110.9303510215741,0.2222222222222222,-432.62833,105.43079,266.67603,-1.2101059,89.70857,163.09799,103.28736,-0.3254756595992993,-108.89725,0.2222222222222222,126.27646,13.789417,41.45703,2.750288,14.331519,20.313293,21.935074,0.7145654790746218,25.431145,0.8888888888888888,1.3409863,16.0541,52.448975,-2.5944695,25.12677,43.69929,45.19219,-0.276290783433813,-3.358689,0.1111111111111111,42.787407,12.520361,39.780453,-0.95672464,13.072671,25.332195,20.014074,-0.41497056528113135,-11.253269,0.3333333333333333,-11.437496,20.349375,60.751293,-0.14430094,24.497435,55.845814,39.304054,0.0416797218483442,9.35884,0.7777777777777778,0.013612689393939396,0.014404629353220563,0.034224076704545456,0.0,0.012734190528468452,0.02716619318181818,0.016014526028686846,-0.28100196149417317,-0.012606534090909092,0.3333333333333333,0.5032367568639188,/Users/will/Projects/SpeechEmotionCS3540/datasets/SURREY/Audio/JE_d03.wav,Disgust
2.633877551020408,9,0.0056366976,0.0028014954,0.008699309,-0.00033699218,0.002717687,0.0060033714,0.0030505683,-0.7129492588935754,-0.0054645706,0.1111111111111111,99.894147896934,56.31442739210559,158.74434230849707,-19.843042788562133,38.98244041584533,117.45778876408718,64.99762067256407,-0.859064156911829,-110.58283522961105,0.0,7.506980258694979,7.35310245124913,24.21764215446543,-0.14498226826771643,8.4579903780613,14.68752662790489,13.236771930396474,-0.4879457312268345,-10.591389680711357,0.2222222222222222,0.5505050505050506,0.34580288421462,0.8636363636363636,-0.02840909090909091,0.3549658783508472,0.8181818181818182,0.5124524586220482,-0.3846455750818331,-0.3333333333333333,0.2222222222222222,957.3429661528529,303.709290688618,912.7812051571804,-1.8319745089553123,425.6116669016019,773.3431405589616,650.1382433866431,0.48735187028011445,511.4986421335683,0.7777777777777778,1634.5114968039773,591.9290148162474,1798.511851917614,28.201155229048297,815.043980953066,1549.9012340198865,1303.380076439647,0.5487650813562305,1078.6177201704545,0.7777777777777778,1376.6791950143986,313.7083620457622,897.0213336213081,5.7320498734951,335.1967321205866,582.9950856525975,430.4162050735724,0.43841443276959424,447.78235783936043,0.7777777777777778,-615.2144,53.44443,185.4787,-5.8107605,50.579323,102.05426,37.719967,-0.49665278517057515,-69.07947,0.2222222222222222,158.12941,34.551884,103.75998,1.7365313,36.256626,66.246124,43.49903,-0.2795649638065909,-36.118362,0.2222222222222222,26.93382,11.580195,35.218544,-0.80481505,13.008743,22.36814,18.04659,0.3994967719752021,16.302814,0.6666666666666666,34.613758,18.118595,56.541702,2.836,17.59407,29.648788,25.79835,0.7632736083128873,39.34953,0.7777777777777778,-1.8957057,13.737381,43.285538,1.2261453,19.940134,40.459736,31.917736,-0.06319451103103654,-8.295168,0.4444444444444444,0.02422170928030303,0.01134457096646074,0.037353515625,-0.0003995028409090914,0.015113636011630802,0.031316583806818184,0.01696045939717985,0.15347904189209968,0.007235440340909085,0.6666666666666666,0.6868696802811592,/Users/will/Projects/SpeechEmotionCS3540/datasets/SURREY/Audio/KL_n23.wav,Neutral
3.299591836734694,12,0.0067398585,0.0015359335,0.0040816134,-0.0001667581,0.0008305039,0.002001183,0.00084006385,-0.7556611411394863,-0.0029116194,0.25,100.31030604237908,121.9403108463729,448.8546916450208,0.0,184.41656726203436,448.8546916450208,318.43708118116075,0.15253659326230645,63.550231958277834,0.75,5.3165882149470995,6.210339500236145,18.568471445229182,0.0,7.232324491058253,18.568471445229182,11.950850003389164,0.34993770464013374,6.399386713314653,0.75,0.28787878787878785,0.2779384292097597,0.7272727272727273,2.523234146875356e-18,0.2768286648668467,0.5,0.33954271630878363,0.03947935772534449,0.03409090909090909,0.5,780.6807851422083,286.8892022083165,949.5447598849491,-6.841751867090739,322.83772300112037,874.285489346951,375.75729815657485,-0.5545611592879484,-382.7400283280281,0.08333333333333333,1484.6083207563918,702.7264376033747,2421.9959605823865,-22.734435530733457,797.7026128370471,2171.9171697443185,887.9768134707897,-0.5243477863829717,-865.3656005859375,0.08333333333333333,1369.092176181571,218.72433080824533,833.5215415716043,-20.18334682270744,208.27521571821697,429.3132671377839,270.6575444064467,-0.5765772205975667,-272.93255828730094,0.08333333333333333,-620.9892,38.533623,112.74713,0.23283248,36.2058,74.902954,36.932716,-0.3696868740303107,-36.292664,0.4166666666666667,139.85385,32.24458,114.749664,5.3880906,23.63878,38.1501,31.877476,0.6321510169418789,44.286377,0.5,28.845964,9.807895,32.215393,0.4232372,12.920503,24.17896,18.35618,0.060037221122051114,-2.6445274,0.5833333333333334,51.8764,12.466332,38.87782,-0.19038634,14.414415,35.636147,15.950751,-0.3964419676245517,-12.413815,0.16666666666666666,12.100098,10.266314,33.038742,-0.29860547,14.422925,33.038742,23.372723,-0.2642305231008025,-3.2269955,0.4166666666666667,0.009791518702651514,0.004475885472842018,0.015181107954545454,0.00023203447830578508,0.0034194144165334743,0.006214488636363636,0.0032382441926636215,-0.21869976029154956,-0.0028076171874999983,0.4166666666666667,-0.13539162223155146,/Users/will/Projects/SpeechEmotionCS3540/datasets/SURREY/Audio/KL_n21.wav,Neutral
3.353877551020408,12,0.0063221436,0.0032933315,0.01205419,6.763838e-05,0.0031962127,0.007205364,0.0035104929,-0.46644564976249286,-0.0042446535,0.16666666666666666,72.31334156853437,62.39978135178291,150.82738628649267,0.0,94.99893501328025,150.82738628649267,164.19810109832142,-0.18743906879896371,-18.66945400329451,0.16666666666666666,6.064081436564681,5.640147224329322,15.551378335822355,0.0,7.034807640165035,13.49389510259424,11.171589708389202,0.13279894623732497,3.269134771043901,0.6666666666666666,0.45833333333333326,0.4071749465503192,1.0,0.0,0.5374760840694743,0.8636363636363636,0.9101811644206419,0.06871915487841258,0.1363636363636364,0.5833333333333334,875.4445206265503,197.2530097029305,628.7733904219007,-11.21530203981857,264.19803192037335,587.136242698369,365.2437112896576,0.3483742098438388,175.21729779380132,0.75,1513.8902143998578,356.8825607642199,1270.458984375,-32.25531459839875,468.0934990019748,1014.507501775568,629.2437451413988,0.34862796795418655,324.83326305042624,0.75,1315.0257767914725,298.15659810464,1069.5503820909667,-38.33554664173069,276.81792309305223,570.6323059340032,318.40260643037857,0.015611626550184636,60.03894637570443,0.0,-615.15717,54.398296,216.53925,4.175787,58.146507,138.43835,53.466034,-0.04301798899962333,-14.680725,0.16666666666666666,155.61859,28.80763,98.23144,2.9452093,26.577648,48.015793,39.04951,-0.07688930943423058,-8.037003,0.3333333333333333,21.591986,11.287272,37.583694,-0.20820999,13.682007,26.289955,18.69596,-0.34605655492878806,-7.788969,0.3333333333333333,39.074055,22.431246,68.7999,1.558934,15.149839,29.318497,18.976288,0.830528615268241,47.80767,0.8333333333333334,11.295068,19.458904,63.884125,2.4527247,15.540815,32.626945,22.776733,0.6971082347892363,30.213581,0.8333333333333334,0.02461011482007576,0.014261843492767108,0.052179509943181816,0.0009644563533057854,0.016777377404228643,0.04157049005681818,0.020072278639564855,0.5188080874081902,0.017073197798295463,0.8333333333333334,0.6027099554615242,/Users/will/Projects/SpeechEmotionCS3540/datasets/SURREY/Audio/KL_n09.wav,Neutral
4.410566893424036,16,0.09932233,0.037681196,0.13366087,-7.359584e-05,0.033369523,0.07922912,0.034290202,0.5265025943969514,0.05830729,0.8125,145.72106081163287,91.50292880832366,277.0349469439137,17.712256698525888,108.63145657837742,277.0349469439137,209.98805038798614,0.6787038084455348,160.90418586849273,0.3125,31.947378092383914,38.2457230634777,160.29027126886726,0.781487825998931,59.048621870338756,160.29027126886726,107.18387580240312,0.21705243375039898,32.7669499542374,0.3125,0.5028409090909092,0.32756802886279646,0.8181818181818182,0.01818181818181818,0.3972356268648227,0.8181818181818182,0.7200768778881541,0.4694041360109986,0.45454545454545453,0.1875,990.6728837876315,458.01014865318353,1786.5706274900679,12.776126638873738,357.7023560143086,874.5019894536251,481.91697173931055,-0.23609403303466725,-282.70790392434196,0.3125,1878.466103293679,948.3197927010641,3741.8834339488635,29.82022372159093,736.9284731676112,1488.7273615056818,957.6323030707954,-0.25467783434853725,-637.676447088068,0.3125,1326.401706973602,273.4432561970693,1074.7821016331613,8.412021133711058,247.96074252648754,489.76156634805443,368.93571915006896,-0.3653613211270262,-250.88206992812684,0.3125,-353.0901,80.88673,295.45813,4.545939,64.743645,181.30792,59.477333,0.3939563468742607,70.769135,0.8125,123.88367,22.393148,91.39238,-1.692655,23.813473,41.65995,34.78955,0.37737034089324945,15.614204,0.625,20.014288,18.895308,66.98701,-1.178215,23.943302,55.69053,35.31623,0.1911206418229966,18.0481,0.75,55.500164,19.49019,66.75177,-0.3838768,21.938522,38.401703,28.837908,0.013434476317845456,5.4610214,0.375,-1.7358232,14.492949,63.49568,-0.22522481,16.099758,34.366608,23.089094,0.2763178022997855,15.2595215,0.375,0.013402765447443182,0.007394820799493792,0.025124289772727272,0.00025597774621212134,0.007034682350855248,0.017045454545454544,0.008840158780460164,0.5278295769366184,0.008647017045454546,0.8125,0.3929437684547902,/Users/will/Projects/SpeechEmotionCS3540/datasets/SURREY/Audio/JE_d01.wav,Disgust
6.032743764172336,23,0.053229228,0.027271658,0.11666736,-0.0009868805,0.020569643,0.052694056,0.02640645,-0.11861889299736877,-0.0017685778,0.30434782608695654,100.80223556660906,48.280018054589554,157.45333755509085,0.0,38.760542065798816,144.33620150878969,49.758692906326715,0.12473070493310735,8.770342588694973,0.21739130434782608,6.692199654255565,6.365942039327128,24.530373072982506,-3.532527805625498e-17,4.893966126164548,15.901044505585705,7.1783063140392755,-0.337212920046275,-6.857172658029203,0.2608695652173913,0.6501976284584979,0.3637437545496751,1.0,0.0,0.2432407050043213,0.5454545454545455,0.2982775085157364,0.23343848696271158,0.24025974025974023,0.2608695652173913,1092.4828164629057,621.930805796634,2126.646764435101,11.925607427661816,519.5501763700388,1186.3464327593629,656.638774708913,-0.30683384866729585,-503.89818621757206,0.391304347826087,2073.2729704483695,1229.5055726925993,4328.173828125,38.03902618155991,987.7606010190966,2306.0102982954545,1209.1653285041862,-0.26965406907946493,-852.7288263494315,0.391304347826087,1372.8063910852866,370.59926379453753,1214.8552480319086,15.595969289264225,299.85099773644686,600.9873434067645,384.130583979604,-0.4235746088368688,-417.70327754247614,0.391304347826087,-397.40344,92.41811,281.07092,0.16870672,49.190968,128.7482,50.263885,0.06826999549060467,19.56717,0.21739130434782608,142.11276,38.11739,135.01605,0.5938728,28.077442,58.525955,38.25769,0.6483783589574738,61.269188,0.7391304347826086,15.737549,13.458621,48.943565,-1.0435408,15.024258,23.573631,22.415136,-0.47440456426876093,-16.496918,0.391304347826087,52.353405,22.936592,75.4619,-0.049479485,17.234581,33.177673,23.12694,-0.23155445731468086,-6.0510864,0.391304347826087,3.6367881,14.639573,59.52999,-0.20811129,14.906878,32.880066,20.755917,0.4522115526595014,19.385113,0.6086956521739131,0.029711817564229248,0.028493143543396958,0.121826171875,6.30808536718839e-19,0.02730889559157488,0.08442826704545454,0.03539716688968444,-0.2558911250766802,-0.021122920048701296,0.17391304347826086,0.5672174171110081,/Users/will/Projects/SpeechEmotionCS3540/datasets/SURREY/Audio/JE_d15.wav,Disgust
2.9314285714285715,10,0.072031595,0.063667275,0.18443228,3.7492253e-05,0.0498312,0.09149411,0.050567966,0.11828494240897616,0.014538111,0.5,199.83113983879474,202.68655378402107,470.4559368133963,0.0,206.56554104547433,470.4559368133963,323.69072799034547,0.2158730632344127,156.81864560446544,0.7,27.270822368126506,32.927780124791255,87.31860533824131,1.578983857244667e-15,25.80743563342649,51.06503264399787,25.390204625152617,0.12912816638284727,8.006281776587775,0.5,0.3136363636363636,0.37231129781318595,1.0,0.0,0.2858782161229274,0.5,0.26891271741361894,0.1551447179649484,0.10606060606060606,0.5,951.8626107673297,514.2672336538433,1692.097180022108,15.233914655142643,569.5931415002117,865.8897914307925,839.8736145703418,-0.17603801061795518,-132.1255038686228,0.3,1702.4444025213065,885.8977109588668,3048.9058061079545,93.25617009943181,1070.2518662031137,1457.895729758523,1606.1961406464607,-0.05949706291665876,-46.6552734375,0.3,1275.676288264949,257.2294683634311,1028.4643178542137,5.221108494540001,344.96416834604696,642.4197008953287,552.3565765896489,-0.2782405807884053,-157.00633626540275,0.3,-422.18292,117.28892,290.8607,2.053426,83.43271,142.22864,76.40145,0.09207215403395523,31.41507,0.4,123.71641,22.707487,71.42215,-0.058795504,29.422161,46.43493,36.885567,-0.20738222426734834,-18.57296,0.5,7.607736,16.114752,50.142433,-3.2171907,26.921339,50.142433,44.656944,-0.11711821102702799,-1.3448625,0.5,27.098816,10.406621,30.460857,-1.793008,11.7121935,19.30483,18.68308,-0.5457324542207846,-11.015207,0.1,-4.512637,20.80616,73.39966,2.3875732,23.018097,53.219578,35.287186,0.4570748230467228,28.952438,0.8,0.030468750000000006,0.033408312991963764,0.10262784090909091,-2.8912057932946783e-19,0.03165521267155816,0.06363192471590909,0.041909270324823236,-0.1742343639378731,-0.006066524621212121,0.3,0.726089936061594,/Users/will/Projects/SpeechEmotionCS3540/datasets/SURREY/Audio/JE_f03.wav,Fear
3.037777777777778,11,0.060975924,0.02036506,0.059572987,8.534267e-06,0.01805671,0.03148228,0.025249049,-0.20651977684975573,-0.008753229,0.2727272727272727,73.35730463738861,67.83280088826368,162.15516475867864,0.0,64.89358800069722,162.15516475867864,99.09827907343158,-0.22501200492339918,-54.051721586226215,0.18181818181818182,3.9690812195974767,5.977003062183448,19.978838425609666,-4.4408920985006264e-17,7.548652574234613,18.61045135494189,12.222417277320698,-0.3000523106855412,-3.692509118014834,0.2727272727272727,0.396694214876033,0.393452665079922,1.0,0.0,0.37592860232973335,0.6363636363636364,0.5441904544263021,-0.12620476115568346,-0.16666666666666666,0.2727272727272727,533.7320570472252,256.22173616694965,811.9274705105455,-19.618098396265765,273.88250699473923,654.3413906106593,367.2203445465517,-0.6687513737229408,-537.9702300637459,0.18181818181818182,874.1412706611569,546.0734922224865,1689.3776633522727,-51.826504794034086,556.00223580547,1329.67529296875,754.5539884982977,-0.7030977625384285,-1198.5185102982955,0.18181818181818182,975.5989398566722,230.38443032172617,776.3242810140428,-21.592619919700347,248.61324429216955,682.6790323056016,384.3218370417333,-0.4278467632802073,-317.77899563378276,0.09090909090909091,-463.2881,69.20278,191.64157,-2.5873718,44.591,79.104126,38.585175,-0.262941191081061,-54.70578,0.5454545454545454,159.41591,42.218662,118.82433,1.665033,38.55087,84.350624,52.874588,0.18375234841114588,20.871025,0.6363636363636364,36.21031,16.758389,51.159866,2.3187246,18.983032,38.012833,26.930939,0.09234223814080883,-0.25055885,0.18181818181818182,31.07263,14.589393,43.234,-1.6736339,10.423873,27.323008,14.24403,-0.7542980672999359,-30.456738,0.18181818181818182,4.304766,8.9719,32.979355,-0.4848589,11.123162,19.186623,14.685107,-0.12193551155582232,3.5186174,0.36363636363636365,0.008415789643595042,0.007438096176505679,0.019975142045454544,-1.7347234759768072e-19,0.006260420254418116,0.009521484375,0.008388489657061404,-0.11426076224360471,-0.002256451231060606,0.5454545454545454,0.9026635267625605,/Users/will/Projects/SpeechEmotionCS3540/datasets/SURREY/Audio/JE_n22.wav,Neutral
2.8034920634920635,10,0.00892078,0.0040475978,0.0127384085,-0.00030198589,0.0032156506,0.0056888666,0.0029800318,-0.3211390510443811,-0.004009567,0.5,92.86283204862795,61.73171743992902,156.60066220332635,0.0,65.42056750290142,156.60066220332635,79.29945270989342,-0.35640802640231684,-61.97522032376208,0.1,6.771859080940162,6.262565545978406,19.373008505732784,-9.868649107779169e-17,8.686839478905577,19.373008505732784,14.442360339043175,-0.007317880867272514,0.5206983470225568,0.7,0.5636363636363637,0.3868713241991493,1.0,0.0,0.3340213285613425,0.6363636363636364,0.3628809625417219,-0.24952475619120068,-0.303030303030303,0.5,717.2579945245009,177.11708227521208,574.8331843274168,40.7951494874707,180.2421234906884,287.7074358318095,178.62938339152407,-0.14561369577397576,-92.63577980736238,0.2,1133.3805708451705,405.26918569822993,1367.3583984375,131.53742009943184,411.73285120180077,801.1330344460226,360.4614363576395,0.05261580951355119,-36.051802201704504,0.2,1158.6269313295563,303.74013164598784,1053.7218970447666,37.863035087944986,264.6430022775456,666.5426912161777,176.8972313351736,-0.061720483516351676,-41.9937955288965,0.9,-580.4097,80.67559,224.28409,-0.62138534,65.43262,136.06189,44.394104,-0.21546099668898072,-52.525757,0.5,171.51926,38.489315,118.417206,0.71000415,32.292652,72.78213,25.473442,0.3598548282318638,30.960068,0.6,15.379404,17.921013,54.78239,-0.58736163,14.794518,24.648497,15.861499,0.39703166860312517,19.699821,0.8,17.190027,16.336432,51.161884,-0.80078864,15.245769,30.17284,19.349106,-0.4753852955070948,-15.660133,0.3,3.5905185,9.5588875,31.39015,-0.37972832,9.957939,20.767563,13.785504,-0.32013333052419185,-6.694407,0.4,0.018701171875,0.009767018116347807,0.03233753551136363,0.0002959280303030304,0.009608944230606849,0.01824396306818182,0.009881881843505235,0.03900365610451817,-0.0016202059659090919,0.5,0.8701209733837478,/Users/will/Projects/SpeechEmotionCS3540/datasets/SURREY/Audio/KL_d02.wav,Disgust
4.920045351473923,18,0.15561981,0.08704603,0.32960334,-0.001449308,0.075095646,0.21655965,0.10923546,-0.4541933369066991,-0.1107027,0.2777777777777778,142.43685318110704,55.82314710298806,206.72973457368633,0.0,57.127768677095006,195.17699206768575,55.20483862611084,-0.2596652599367306,-33.69325023254778,0.1111111111111111,13.925110701922241,9.115932791350431,30.682722289926982,-2.0898315757650005e-16,10.446081190850085,20.423042633992512,18.713244092233793,-0.40675905813957924,-10.562728709667361,0.2777777777777778,0.6792929292929293,0.3341835651842581,1.0,1.6326809185664067e-18,0.2435357761868599,0.7272727272727273,0.26097735783330495,-0.3473741294425904,-0.25000000000000006,0.3333333333333333,976.8660905731103,281.33346852307983,1166.0113440723812,14.018350306318961,219.55863217482238,491.59168856348765,284.58015367894797,0.6028651519511874,471.83394264551805,0.7777777777777778,1970.7231001420453,597.0050210655451,2291.817959872159,25.505906375334234,433.63172548963416,707.1699662642045,526.5859986672943,0.6383175122142396,1077.4758078835227,0.7777777777777778,1219.8656858960892,161.92249402502148,661.4101968441561,4.800118932310945,137.94169499112004,229.56734163688395,207.13566965919085,0.4363055214578432,220.49724894198494,0.7777777777777778,-304.83014,89.72698,393.2467,-5.846633,76.18912,187.8327,81.54241,-0.30465701677966117,-64.86618,0.2777777777777778,139.2738,27.452713,110.279305,2.2694738,21.633457,38.338974,28.142365,0.26580027587036825,9.724144,0.5555555555555556,2.4938896,14.115516,65.978676,-0.9241019,17.194084,37.703667,22.47956,-0.09480584091596013,-0.42775798,0.0,31.8863,14.761683,57.47619,0.90017104,18.48613,46.25159,28.925505,0.4248410534369317,20.342966,0.6666666666666666,17.893469,13.713833,60.353638,-2.5454035,13.678626,36.32175,18.91763,-0.45936851949123686,-12.653255,0.4444444444444444,0.03476414535984849,0.019956698310329167,0.07801402698863637,0.00024675175467914407,0.01688858491364813,0.04443359375,0.020994855384884797,0.3036439382256237,0.01881732362689394,0.7222222222222222,0.590478903433556,/Users/will/Projects/SpeechEmotionCS3540/datasets/SURREY/Audio/DC_a15.wav,Anger
3.6478004535147392,13,0.14044377,0.051183198,0.18873411,0.002719539,0.049714513,0.11567937,0.04424822,0.49818004624761086,0.06698699,0.7692307692307693,143.63066989037796,63.14735731689389,210.5337127093135,17.54447605910946,78.17902925461301,177.25830891225633,124.49251435125183,0.38236100415481156,58.44096355055078,0.9230769230769231,18.61465029990846,10.404572132144,33.42579205401694,1.2936956151117815,14.29522922226395,29.381313903780047,24.15017600016176,0.3639015992352577,8.068427499583905,0.8461538461538461,0.5979020979020979,0.3082084037907554,0.9545454545454546,0.030303030303030304,0.41920713128051285,0.8636363636363636,0.677005302211682,0.1849504139904182,0.1477272727272727,0.15384615384615385,1021.0265495146892,398.52202998910195,1192.0637684086075,-11.060431811551382,424.7053818308436,904.6146141488925,649.5022616079507,-0.22755809906068128,-301.8924104846923,0.23076923076923078,1825.8801013439686,713.969135948539,2241.9000799005685,-27.936068448153417,783.057950368948,1569.9662642045453,1187.698944234416,-0.2628559684468177,-584.5775257457385,0.3076923076923077,1184.4733714408512,212.32535097880174,818.7967692125686,1.2681327642587423,269.54391876582736,459.8686372881233,443.7970286306966,-0.28258280651716305,-179.20004242157984,0.3076923076923077,-307.24808,80.55481,293.371,10.062141,76.263504,182.86792,55.98828,0.2897462744786533,42.421783,0.23076923076923078,135.586,33.395897,123.64623,-2.5866585,40.46862,75.747345,59.091843,0.12248824528054846,12.58873,0.6923076923076923,6.981596,13.7295685,52.588715,-0.56611013,14.727205,22.57906,17.479347,0.24337168634697073,13.309964,0.0,40.384342,20.288374,71.25913,-2.2661736,20.808643,40.044434,30.611877,-0.5120718574246941,-21.657173,0.3076923076923077,7.3570957,14.679203,45.547726,0.8551447,18.37184,26.908482,25.839993,0.02341464888049424,4.7069664,0.8461538461538461,0.02924565668706294,0.015939553181856265,0.053178267045454544,0.0004309451941287877,0.013395622203827152,0.026478160511363636,0.01673202788253807,0.08035377160805908,-0.0005160245028409116,0.46153846153846156,0.39089318144325763,/Users/will/Projects/SpeechEmotionCS3540/datasets/SURREY/Audio/DC_a01.wav,Anger
3.9713378684807257,14,0.0079207,0.0033520288,0.012689469,0.0006118264,0.0033830432,0.0077213766,0.0038050471,-0.05005607256198866,-0.0007859217,0.14285714285714285,150.61448867492985,58.49856116703209,301.3427472082481,-13.340388252559084,64.82351920866431,143.3677898466576,105.00806611632989,-0.47298408325706837,-61.6331075773048,0.0,15.78744831938138,7.414970643335973,27.213058235198616,0.8464204145465779,10.617842817541964,22.992430135617674,18.492733027110987,0.3387293148932332,6.336196144742276,0.9285714285714286,0.7337662337662338,0.2748065450584263,1.0,-0.013986013986013991,0.39841732960123394,0.9545454545454546,0.6448189180678986,0.014654315353081163,0.06818181818181801,0.7142857142857143,993.784980988243,332.5050776345049,1048.9841253505697,-11.711549121180095,368.0153116734201,1004.1678872088139,582.6385441857024,-0.16776933563630564,38.6902668640447,0.2857142857142857,1739.9247602982953,561.7828554462595,1712.8684303977275,-20.780293924825173,648.9872195649959,1675.1853249289775,1063.2374762187208,-0.058301502332899005,229.89141290838052,0.2857142857142857,1427.9962260224672,261.89119795892316,917.2950432936461,-56.8818769992763,282.43387739938055,552.8901277314569,392.4069678670657,-0.3739615721528664,-211.78174738644452,0.0,-594.9453,70.6235,256.37827,11.136221,65.97508,115.085205,73.69873,0.11586694930936263,30.034424,0.2857142857142857,137.93636,27.94671,93.53884,3.765923,28.721216,55.46157,40.677933,0.39568480912793863,22.364258,0.21428571428571427,24.493853,13.774574,49.22249,1.0052139,16.518307,25.081968,24.131386,-0.028491342484616967,-5.19034,0.07142857142857142,36.029354,18.973043,60.331993,-1.3246129,20.068981,48.93023,30.97002,-0.13182043690417103,1.5125542,0.42857142857142855,0.99397194,10.219268,36.254704,-0.993692,13.435617,27.244556,21.196867,-0.05466667425788213,-0.5874888,0.42857142857142855,0.029705889813311688,0.03024883016413463,0.102783203125,0.0015143547858391603,0.031302078458125125,0.076171875,0.043922253239300664,-0.11183648356327623,0.005598588423295456,0.2857142857142857,-0.013857197633106624,/Users/will/Projects/SpeechEmotionCS3540/datasets/SURREY/Audio/KL_f14.wav,Fear
3.936780045351474,14,0.0078432495,0.002063736,0.0086369775,0.00010847612,0.0027752256,0.0059340703,0.0037332359,0.16808819836263272,0.00047273003,0.8571428571428571,137.33209784109866,109.08094449634682,356.8023347784523,0.0,118.57277636172681,229.55974377804836,160.01103378221387,-0.3429931040802731,-88.28715425392289,0.2857142857142857,7.717026306532451,7.33232341613383,23.111905643283517,0.0,8.771369751710449,15.488789734773535,13.008165101194562,-0.015217626602599087,1.613229083166809,0.42857142857142855,0.43831168831168826,0.3455771923675445,0.9090909090909091,0.0,0.4432154371326105,0.7727272727272727,0.5759569032954004,-0.10604468969020857,-0.09090909090909088,0.14285714285714285,860.0204851401958,280.69488523741865,934.1629348961526,-21.055305109156752,289.62007184984867,555.5561475274707,490.1138535897708,-0.6346186697044844,-438.2922162578492,0.2857142857142857,1470.41015625,642.2830187625871,2022.1635298295453,-46.37920673076923,639.4696302642827,1120.2159534801135,1056.087570490606,-0.6654508715771367,-1128.7802956321025,0.07142857142857142,1314.761589288633,182.52594545479988,739.5215065502412,-18.205297353621656,232.46320796281194,444.04645608224155,378.44830906698775,-0.6082840487596896,-244.4210336003364,0.07142857142857142,-608.3595,52.840706,178.0122,2.3018517,61.846237,109.19397,76.63269,-0.27965076699711666,-49.564148,0.14285714285714285,129.6271,24.851902,88.66213,4.3943396,30.775333,53.82087,49.060654,0.4969441968874501,21.228592,0.8571428571428571,19.298567,13.105945,48.245556,0.5443843,10.573117,18.027573,15.995261,0.7967188343768886,27.398058,0.7857142857142857,52.423405,14.268032,46.249054,-1.5359418,17.93681,37.77141,28.359793,-0.3672977827276769,-10.437771,0.5,17.186888,14.085217,47.78219,1.8412074,17.421062,28.10221,25.577997,0.07712692830547245,5.862172,0.42857142857142855,0.013162984476461038,0.006975309692627961,0.02605646306818182,0.0005787669361888112,0.007713050908285547,0.011652166193181818,0.009802950138528332,0.15484912567420808,0.0007657137784090919,0.5,0.5215897230260944,/Users/will/Projects/SpeechEmotionCS3540/datasets/SURREY/Audio/KL_f01.wav,Fear
4.790839002267574,18,0.009224588,0.0042347717,0.015779143,3.10538e-05,0.0045500803,0.010702874,0.0059356266,-0.08791200240813289,-0.0012375927,0.5,157.2193326491588,95.07604857488838,450.2355889538446,-17.353139605310812,123.3998946057777,311.71604601804336,211.81871746289406,-0.3560954334090963,-87.21957465956253,0.5555555555555556,18.745343288241944,14.609941331472859,69.87923705788275,-0.7263814395670916,20.409134250816034,57.53075258524218,31.52302735736372,-0.3369868361618028,-9.414176905477934,0.05555555555555555,0.6868686868686869,0.2921881952347622,1.0,-0.058823529411764705,0.32470947557775964,0.8636363636363636,0.49837513616047824,-0.4264532959653155,-0.25,0.0,1018.3718160435765,355.90963911556935,1413.6106738106755,0.9656647456301457,446.0639535044181,1016.4943860553776,696.8700205658889,-0.27390882994036475,-234.93234992855935,0.3333333333333333,1710.3399103338065,623.6477777096267,2590.835848721591,10.248422877673802,793.1434797533817,1572.4132191051137,1222.7896653122252,-0.2259015692293115,-327.239435369318,0.3333333333333333,1348.961643014375,329.8532332449018,1160.368008585565,-3.9992034602061173,352.5668064665102,601.6728029857014,473.872656243992,-0.14379188383652144,-85.37549854391682,0.0,-585.01636,73.949295,246.67639,0.5357881,73.04461,145.22186,88.018486,-0.09941000639822903,-24.153748,0.1111111111111111,140.25517,30.272346,95.15241,-0.28077966,34.376057,74.55984,53.056683,0.310652108907992,20.023575,0.2222222222222222,26.03638,14.707833,49.891193,-0.10110159,19.272476,41.68791,32.120735,0.3528967354905323,14.990128,0.7777777777777778,42.224777,12.563411,42.747795,-0.055593602,17.543442,38.396965,27.969473,-0.051560717378693006,-0.9960213,0.16666666666666666,0.40209603,9.652835,35.911438,0.13070926,11.64613,21.060192,17.973549,0.07592685848280262,1.7577773,0.6111111111111112,0.037039092092803025,0.027451834401272517,0.09705699573863635,0.00022455715240641717,0.032466069852905795,0.0813876065340909,0.049576132454889656,-0.25671672740762463,-0.018639766808712124,0.3333333333333333,0.28093179026395876,/Users/will/Projects/SpeechEmotionCS3540/datasets/SURREY/Audio/KL_f15.wav,Fear
5.393605442176871,20,0.14085376,0.063877255,0.2340526,0.0008714646,0.07094033,0.12032026,0.08691153,0.05369422445939086,0.031160489,0.7,153.69435760253495,58.87647099997426,211.09071232949825,5.831785082548244,74.03970062835778,203.87134149594854,108.81113255365756,-0.050166957414085014,5.449484073089309,0.1,14.513863036045493,10.545816831708597,44.48170067076813,0.23060369762481925,14.242729327074356,36.4420658378968,23.34054241569721,-0.19392570752069965,-4.1457338678432585,0.15,0.6409090909090909,0.2945440516240439,1.0,0.019138755980861243,0.34343269751055233,0.7272727272727273,0.4895148447038039,0.298405006495646,0.2954545454545455,0.1,1187.4620543168946,350.878909198102,1552.314648940505,54.0199898688681,382.4690046290582,915.7081217794232,571.0349717314787,0.29283090638503556,114.67136958586639,0.65,2214.445245916193,630.9083788312578,2560.4936079545455,104.72966974431819,640.4069465013108,1407.977849786932,939.2997465258557,0.23622764376594566,131.1567826704552,0.65,1280.4445822518132,192.11826265471802,730.6912342035515,10.152607225309758,199.6204928198854,440.44821738936844,284.0409281999426,-0.21387414727845408,-137.56360381461673,0.3,-302.29013,93.49265,353.0591,5.911012,96.9801,220.48349,103.76557,0.16023797607290372,56.484833,0.35,133.20866,32.594376,114.29555,-3.380306,37.932716,84.12858,50.54774,0.033584299852987914,10.622009,0.75,-9.318614,13.419339,49.171333,-1.7514508,15.168342,34.912094,23.894041,-0.38956744874152444,-14.103719,0.0,35.565376,13.922691,62.02456,2.0911872,15.635649,26.904799,23.81636,0.23965416125590103,2.592125,0.95,10.41729,17.585783,65.42914,0.7568628,18.471289,43.00157,23.741209,0.19947281241472634,5.394804,0.55,0.048499644886363644,0.028200626718070124,0.14060280539772727,0.0025874233702153117,0.032589284304277565,0.07947887073863635,0.0487486080606788,0.35871636743285606,0.012469667376893936,0.65,0.7774986561271896,/Users/will/Projects/SpeechEmotionCS3540/datasets/SURREY/Audio/DC_a14.wav,Anger
1.849750566893424,6,0.006202401,0.004145468,0.011445534,0.00013484313,0.0047252956,0.007078622,0.004160868,0.29543659614156864,0.0031440135,0.5,193.12091013716554,63.159074298494794,190.75806649842517,-31.262628927235887,74.35682708225563,172.28091404556514,88.71634382314369,-0.6434263569919052,-87.39514854451971,0.0,26.79352707406798,23.437549908672718,71.98969119519323,10.385046246486876,21.368015267189943,42.88420937407348,15.310260986974479,0.6219259207544415,33.763155273809026,0.8333333333333334,0.7803030303030303,0.13488252889973376,0.40909090909090906,0.0,0.2555176240464581,0.40909090909090906,0.46632464837916343,0.24665403992707657,0.13636363636363624,0.3333333333333333,850.8431069333902,151.55799287445228,429.01826789235963,-5.0283154941010935,200.30596799599158,327.3377734079269,282.88507363164695,-0.5198799744605404,-206.18897556571687,0.16666666666666666,1425.2696644176137,404.43189531423144,1139.3022017045455,-2.5448330965909007,534.4053057887387,861.8175159801137,739.95457994603,-0.5001143626671445,-542.9792924360795,0.16666666666666666,1445.4350471255311,389.69847540621436,1079.952400091851,-28.70117092930593,432.69427513002427,679.8092234120304,342.74010688880605,-0.3642028752422729,-365.929001613883,0.0,-638.79517,78.02061,206.10223,4.3365355,86.19378,137.09796,47.44302,0.25479484683445525,54.73474,0.5,139.54466,35.198822,95.254326,-1.4316437,42.503414,69.12702,41.964542,0.2553920437744782,25.183266,0.5,23.891518,7.630339,20.214968,-1.3923428,10.495408,18.043451,17.134422,-0.20242931591030625,-3.598652,0.0,40.22299,16.784601,45.007473,3.6102035,25.42123,43.037148,37.65973,-0.14821307428456484,-7.3412476,0.16666666666666666,10.552419,14.384466,45.52995,6.1463723,20.802658,32.775856,33.235683,0.3292284814142273,11.394443,0.8333333333333334,0.021425189393939392,0.013591855960222892,0.035844282670454544,0.001242897727272728,0.015232231699116576,0.021706321022727272,0.005736982706478567,0.19011413047787323,0.006991299715909092,0.3333333333333333,-0.499977161751083,/Users/will/Projects/SpeechEmotionCS3540/datasets/SURREY/Audio/KL_d03.wav,Disgust
3.375283446712018,12,0.054097746,0.016613085,0.05238532,7.4587083e-06,0.013829025,0.028038286,0.016342483,-0.3299450013808275,-0.016413793,0.25,78.64290259230289,67.10397695573153,153.76276553625905,0.0,59.679213850169695,153.76276553625905,87.65363767853087,-0.2222273458560534,-45.57575023738188,0.16666666666666666,5.112641437860062,5.576919509219256,17.394684589276977,-8.074349270001139e-17,6.231035216870079,15.0154897864407,9.830762255448098,-0.17334800343770387,-2.7381487449348656,0.3333333333333333,0.4318181818181818,0.3899124009835688,1.0,0.0,0.304610206512101,0.7727272727272727,0.4146092454905956,-0.11819549393093132,-0.10227272727272729,0.3333333333333333,783.3662230875934,411.82730595394565,1231.6909790330237,-1.4915715240398826,327.68422005625314,770.6206975791182,318.26927376462294,0.553023310309679,621.5914734334996,0.75,1526.6551624644887,1015.5647699749741,3015.627219460227,3.514717038997911,800.6582961856902,1907.6460404829545,774.5352125361666,0.5812982849327302,1571.923828125,0.75,1249.6059912931225,367.674469703162,1066.2751402314877,-6.409190402143446,304.17147540134715,673.6085240237652,322.22678457022545,0.5828433694093865,600.8099830617898,0.75,-447.40457,82.62786,230.43353,-1.098494,54.424274,107.612,49.06775,-0.0660429619707337,-16.630676,0.3333333333333333,138.72858,34.936333,117.07756,0.9865459,32.164585,64.777466,40.99879,-0.46350172339167184,-46.37944,0.25,22.996336,14.609916,48.336403,0.11287741,15.802776,33.037056,24.418951,0.2910092859482819,13.007198,0.75,44.928665,25.418116,76.634094,-0.85921896,20.514416,34.759743,23.806929,0.451387276117108,37.22046,0.6666666666666666,-1.9922191,14.807452,54.34555,1.1344327,16.72649,38.41465,20.023096,-0.4149444395536203,-16.580967,0.9166666666666666,0.006747159090909092,0.0072210608341639025,0.02117365056818182,7.885106708985487e-20,0.006075979895977476,0.014715021306818184,0.007358258804452231,-0.25330936029645695,-0.004982688210227273,0.25,0.7915478006230409,/Users/will/Projects/SpeechEmotionCS3540/datasets/SURREY/Audio/JE_n23.wav,Neutral
3.9085714285714284,14,0.08897083,0.06761946,0.21063189,3.6843837e-06,0.04222512,0.07899098,0.047325887,0.19145151913328398,0.024297211,0.5,185.31612187409414,137.89692411341,429.95830865601346,0.0,138.61055862663358,429.95830865601346,156.10594432754027,-0.5954018146707869,-230.820074113089,0.07142857142857142,16.234292908232852,15.372623014573563,49.543597680589315,0.0,18.56122892563522,46.763730578430156,29.686323082381165,-0.21541888067422832,-10.799397390625241,0.14285714285714285,0.5551948051948052,0.39070463221035545,1.0,0.0,0.30151134457776363,0.7272727272727273,0.42458049300612294,-0.20717631415538215,-0.24999999999999994,0.5,1231.255526379904,611.4363367531068,1897.7974925997428,4.1529099380879,704.3135267120158,1632.387931102225,835.3070014727334,0.11995196413246163,352.2225114475675,0.7857142857142857,2183.5926402698865,1076.4259199595967,3297.516424005682,20.29090294471154,1211.635313083954,2621.1780894886365,1417.6699126094763,0.020671583569210828,290.5758944424715,0.7857142857142857,1404.5228071029978,328.52345261316884,916.2404795702346,0.13987032153309323,332.33350469040596,840.783273369992,420.34915709307995,-0.16883658975398025,-92.48888534556318,0.8571428571428571,-365.018,128.93376,353.05576,-1.0931162,83.126755,189.69055,76.12784,0.06180151176864457,16.599396,0.5714285714285714,128.8296,33.8611,122.50606,-1.2786942,37.988785,91.06615,53.214245,0.08062194797115431,4.1788025,0.7142857142857143,-8.410495,13.271013,43.28424,-1.2140461,18.099169,37.120308,26.901535,-0.1270932068386105,-2.4261675,0.0,33.33505,13.3059635,42.665493,1.2051747,15.5540085,32.68019,25.018816,0.013725043361699336,3.043274,0.8571428571428571,-8.08346,14.908691,54.361412,1.668374,17.563314,43.007275,23.677206,0.07346394298908364,0.5839567,0.9285714285714286,0.03360738382711039,0.02235775151772425,0.07046786221590909,0.0,0.018049814552677484,0.03579989346590909,0.018302994295210557,-0.0602895423035292,0.0005715110085227279,0.2857142857142857,0.15211488142563093,/Users/will/Projects/SpeechEmotionCS3540/datasets/SURREY/Audio/JE_f02.wav,Fear
5.622312925170068,21,0.062936366,0.020630725,0.060233954,1.9331463e-05,0.015080526,0.042636625,0.01969933,-0.37556115779096,-0.024986237,0.2857142857142857,77.25441417551838,61.43766569696716,147.15029565343661,-1.4210854715202005e-15,58.05825676983473,146.94394350915832,93.91457273483627,-0.1651990909534728,-32.92215596793358,0.19047619047619047,4.308597151440528,4.142400303782486,12.073460100586486,4.4408920985006264e-17,3.847975217234711,10.8366164021442,6.0608625700448515,-0.35654986077553563,-4.657792164976793,0.19047619047619047,0.4740259740259741,0.38634999430242895,0.9545454545454546,0.0,0.35150208962147644,0.9090909090909091,0.5400449452080032,-0.136931420807831,-0.19480519480519493,0.2857142857142857,875.1804288350855,417.56748759798745,1590.5331633385163,3.1031141566846743,315.84200800467556,593.0307046917019,420.39694054396494,0.18740976002240217,276.5803026989579,0.7142857142857143,1714.6628639914775,959.063492086578,3087.0783025568185,4.1353537819602195,645.0629162742488,1819.5556640625,829.1464386302874,0.24672644731612992,742.7556818181818,0.7142857142857143,1293.4064530255225,272.4939274114851,916.365779327979,4.3410487054732245,227.02345978603418,555.3885785591103,322.72326234829666,0.37836387610163313,314.3274137402402,0.7142857142857143,-399.75195,90.53342,280.57935,1.3867584,50.23421,135.44452,55.670845,-0.16361836172568564,-51.75064,0.23809523809523808,140.54019,21.629204,81.04446,0.20298767,19.642971,38.696274,27.747808,-0.3947313507289484,-29.913559,0.2857142857142857,10.7680025,14.002102,55.958084,-0.7870057,14.604605,29.75528,21.163975,0.09784553345131002,9.895735,0.6666666666666666,45.35476,19.625067,71.275986,-0.2622663,17.993338,49.887005,25.919239,0.17509833653470616,12.843395,0.42857142857142855,1.0507147,16.772648,62.116684,0.22474647,17.848999,34.526894,23.89735,0.036637752690815324,-1.8905306,0.8095238095238095,0.009762454342532468,0.006943866775554085,0.023814808238636364,0.0,0.005083465193388178,0.011985085227272728,0.0064655159921470345,-0.2961739481089841,-0.007634943181818182,0.2857142857142857,0.7552009094328411,/Users/will/Projects/SpeechEmotionCS3540/datasets/SURREY/Audio/JE_d14.wav,Disgust
3.2307936507936508,11,0.005421224,0.0026456227,0.010140237,0.00015254498,0.0030134532,0.006908181,0.0030139918,-0.3191645094124294,-0.0025738454,0.18181818181818182,111.04233795935664,36.49818789807616,144.1917695335329,10.701803742284813,45.32430597360347,144.1917695335329,50.97476359836288,0.29654121565000335,21.874918067587515,0.09090909090909091,11.583292453488061,6.407816326303702,21.16046570348094,2.116046570348094,6.883280356550517,12.29692813268293,9.676156710099828,0.4203443677430899,6.102364082984077,0.9090909090909091,0.5991735537190083,0.21740407335480835,0.8636363636363636,0.0590909090909091,0.20735444959921898,0.45454545454545453,0.24031065158323878,0.6371223238055073,0.31818181818181807,0.8181818181818182,1011.4787472747018,318.4964928388379,1119.357082752032,-7.104016771268618,327.78004958836897,589.4361267648478,466.13456400908075,-0.1061772819728001,1.4878112377388106,0.36363636363636365,1874.5009241025311,584.0855520574618,2072.57080078125,-7.096169211647725,636.7950186537911,1128.046209161932,965.547805167462,-0.005323277245150896,83.68585759943176,0.36363636363636365,1426.5076775218492,267.0669272808625,1081.3942296863943,-42.71510453558168,339.3354067066486,584.8605878742856,409.14623921290143,-0.1990369157594275,-112.83490846596806,0.0,-622.883,52.981186,202.72076,7.435309,53.406635,126.416626,46.69201,-0.007989349397665014,2.3206177,0.18181818181818182,139.58751,28.560484,94.13161,3.7516937,38.80923,57.198837,56.7668,0.15662600466390883,12.025925,0.18181818181818182,10.936215,14.807532,47.38481,-0.15829869,16.038101,28.83865,25.058655,-0.01256153706692411,-1.5460854,0.8181818181818182,41.898975,22.822212,80.873245,0.71222955,21.473885,32.050148,29.459135,0.5189205454062655,29.905766,0.6363636363636364,20.657084,15.815843,53.865208,1.300386,15.332585,29.1595,21.643549,0.5347578073802262,16.598616,0.6363636363636364,0.0249043614411157,0.017466795503704717,0.06345436789772728,0.0009055397727272735,0.014599925184106773,0.02325994318181818,0.016598043622499222,-0.08281194140508556,0.001745975378787878,0.36363636363636365,0.6393264728924795,/Users/will/Projects/SpeechEmotionCS3540/datasets/SURREY/Audio/KL_n08.wav,Neutral
2.811609977324263,10,0.007120598,0.002988703,0.008855171,5.4794207e-05,0.00317839,0.0056344443,0.0033870204,-0.11125537646778905,-0.0006850185,0.4,187.28918246607077,143.87193786150203,462.28369642508886,47.54627593024966,198.22105550503247,462.28369642508886,308.5306194944678,0.282188198807944,73.33192588302896,0.1,23.512524008393353,45.86531348363383,159.6302449232128,2.764134030681921,67.98869990152559,152.61069169200408,113.74986332822279,0.46773547913587016,55.538163876202525,0.8,0.5227272727272727,0.2573305428130575,0.8181818181818182,0.050505050505050504,0.27225923175643546,0.5909090909090909,0.34687023021811814,0.550404586388449,0.34848484848484845,0.2,932.275419601808,223.25878515317402,788.3799475575671,-8.597103744499009,234.02884633617606,473.8794817442581,359.29726620220936,-0.2878543112387332,-201.45684482648983,0.1,1668.3827903053977,513.0110575611192,1769.637784090909,9.679066051136386,545.5810200187315,1067.8511186079543,843.3910243406691,-0.18208782175810004,-311.415793678977,0.1,1303.185439460755,362.1217274840488,1088.6854788203495,-11.222281311497024,359.52212399847923,592.9698526971988,440.40464737388396,-0.1277622564807517,-139.0629460585526,0.0,-600.8047,61.25615,187.98102,-1.385437,64.10941,127.72986,48.652294,-0.12249342958216479,-19.16681,0.2,159.14194,38.0486,112.39372,1.3542972,35.009182,63.18589,43.20714,0.20179473375598822,23.106674,0.5,14.5302105,9.320509,34.974747,1.2450246,9.632762,12.469907,13.996858,0.621500383580538,14.18679,0.9,29.868595,16.499418,46.84675,-0.6030422,18.138687,28.520502,22.871975,-0.11172608309168426,-10.45558,0.0,11.138294,6.577012,20.470661,0.91865855,8.525152,13.527241,13.658702,0.1081498255579827,-0.42397022,0.2,0.02575239701704545,0.011003550416145688,0.04225852272727273,-0.0012576941287878788,0.014043936509945803,0.03093927556818182,0.017722004032673298,-0.531703454115497,-0.016446200284090908,0.1,-0.19203127631222616,/Users/will/Projects/SpeechEmotionCS3540/datasets/SURREY/Audio/KL_n20.wav,Neutral
1.8551020408163266,6,0.0060381833,0.0033987085,0.009342585,-0.000115869756,0.003788111,0.004840889,0.0027499595,0.03899489642632668,0.0003507496,0.5,150.81001976006647,32.174873704614185,95.46679964256633,19.093359928513266,40.38360272427032,94.03895591203165,54.648847531736536,0.6132472049710174,38.074490203636884,0.8333333333333334,24.063922826733204,24.790543184500365,76.43328277684107,15.286656555368214,23.488715585557202,57.285941692964016,36.61096069304702,0.810101381351758,40.15758890783907,0.8333333333333334,0.6742424242424242,0.2855769215904661,0.8636363636363636,0.15454545454545454,0.2810840878861874,0.4545454545454546,0.3901882889406681,0.6756920650443133,0.4318181818181818,0.3333333333333333,882.9434777223772,185.94056107066905,551.7077455194972,0.2590493226102808,269.45550989939494,444.5969029205694,410.35122713295254,-0.43011369577884223,-199.50088184609262,0.16666666666666666,1500.6358753551137,433.3896011003491,1212.2214577414775,27.112260298295496,636.7826803200492,1109.9387428977273,964.2254893882762,-0.3595836185115899,-392.4915660511365,0.16666666666666666,1464.2428781483848,398.16931524878277,1180.9604642122913,15.621230014309571,476.2160993222123,606.5705453645171,506.3010529941409,-0.10789356784611238,-87.53701007230165,0.8333333333333334,-640.1606,78.58234,211.03754,-8.244055,87.43949,138.30188,42.43314,-0.08364054724491227,-9.157227,0.5,140.54114,42.241653,131.21051,-5.9222198,52.74532,82.97503,56.15038,0.057195619045516045,7.8808136,0.5,20.67579,9.124734,25.846516,-0.93328744,10.040516,13.428146,6.067102,-0.11526299833464242,-2.5423584,0.0,36.898018,16.244556,47.909935,3.139717,24.584858,39.610886,36.5166,-0.1770651831581772,-8.455639,0.16666666666666666,13.420876,9.1105795,25.447922,1.9956735,13.937578,21.940317,20.282383,-0.15279005617228958,-4.4240093,0.16666666666666666,0.02264959161931818,0.015371471310406445,0.040704900568181816,-1.7755681818180936e-05,0.01754150162458801,0.027410333806818184,0.007242899941182877,-0.10448367361610977,-0.003950639204545454,0.3333333333333333,-0.33776733211888055,/Users/will/Projects/SpeechEmotionCS3540/datasets/SURREY/Audio/KL_n18.wav,Neutral
3.01015873015873,11,0.0053570587,0.0024498145,0.008800375,-0.00010836637,0.0028290988,0.005706914,0.0035397136,-0.4966079982507494,-0.003698638,0.18181818181818182,127.8017508138689,41.443122108307755,166.85353846477523,-16.685353846477522,34.553406781641954,118.1622304775182,38.08916665325199,-0.7294026903447592,-72.27265330584069,0.0,17.682879820633026,20.007253618457067,76.72279317027207,-7.672279317027207,17.965847665690305,56.44598091294462,21.49146557331374,-0.5871011681209968,-28.186627950039302,0.0,0.7024793388429752,0.24467555938987542,0.8181818181818181,-0.059090909090909104,0.3527050133557518,0.7272727272727273,0.5467157137172339,-0.138856876579509,-0.030303030303030276,0.8181818181818182,866.0798689872792,245.4863674047036,724.037510338855,-6.6282472032673585,297.77491630910464,652.3502594730423,438.79537385044966,-0.22071083264837835,-108.10333597343379,0.36363636363636365,1553.9943222172005,534.2378272654822,1705.038174715909,-21.043812144886363,631.2816236204073,1328.2071200284092,909.6341696041117,-0.30274389575748795,-358.07106711647725,0.36363636363636365,1343.1241302295975,276.70723961891014,894.9275906877613,6.5710626160974694,342.44858157342696,681.7411784575747,371.73131370451705,-0.012580218827101648,14.894831933356727,0.9090909090909091,-624.49023,52.86281,178.37018,-3.2293763,58.71415,122.98859,67.25601,-0.3790808616181196,-61.605103,0.18181818181818182,154.62843,30.601381,89.725624,-0.7999512,38.22252,75.39361,42.41357,0.16261439843619743,7.800064,0.7272727272727273,24.714851,17.990776,56.79758,0.78961027,21.762255,33.52454,30.431139,0.40039987897277446,27.742188,0.2727272727272727,41.103794,15.192697,59.258064,-0.13485126,13.940157,21.935123,16.57351,-0.43954402285840183,-15.64205,0.36363636363636365,6.8084064,16.819216,60.713936,0.7059374,20.0349,34.615013,26.148106,-0.3097906429768154,-19.439924,0.5454545454545454,0.021639737215909092,0.01371334509803632,0.04705255681818182,-4.660866477272686e-05,0.013713306221402077,0.026877663352272724,0.018792108889456212,-0.07965536588566068,-0.00272253787878788,0.45454545454545453,-0.080557677035975,/Users/will/Projects/SpeechEmotionCS3540/datasets/SURREY/Audio/KL_n24.wav,Neutral
3.554920634920635,13,0.0046407366,0.0015183638,0.0061161704,-0.00019982194,0.0014954354,0.002323524,0.0020302567,-0.42629403036812197,-0.0019154456,0.6153846153846154,68.39625662838682,64.59848152437833,161.32744896788324,0.0,77.19230148036463,161.32744896788324,101.13351465805697,-0.2579053368360296,-49.29395585926276,0.07692307692307693,5.494287540782413,7.469786204652949,26.55491501395014,-3.700743415417188e-17,10.382434972007433,26.55491501395014,16.75045857061778,-0.36887119599990237,-8.76893772672231,0.15384615384615385,0.3076923076923077,0.2941222495778055,0.7272727272727273,0.0,0.3501278790391316,0.7272727272727273,0.4856382873472384,-0.12073290949727815,-0.11363636363636365,0.6923076923076923,1042.2983666914615,240.67253402442137,655.8383652402728,-0.11132383862740387,297.28093959121907,638.3168915489009,392.86182366996366,-0.17584692046099204,-71.86241921473902,0.7692307692307693,1793.505005736451,451.08609896263516,1275.3528941761363,4.812344637784084,521.8707875486908,1109.4493519176135,703.5952739391188,-0.1733269343832897,-108.15540660511374,0.7692307692307693,1442.9971658291183,193.89740957344398,702.6902031334762,10.707472629898632,210.8056385735992,357.3805796141389,277.19910045757644,-0.013661291227035622,6.004039087006049,0.9230769230769231,-628.5982,42.14522,149.17584,-2.98674,44.16928,84.341736,44.119858,-0.11943388401447214,-7.1239624,0.6923076923076923,142.53928,22.118795,78.23106,0.41996512,24.307302,37.041565,34.184307,0.27810532100325597,16.658264,0.6923076923076923,25.640055,9.351836,32.46128,0.34393796,9.133268,19.734863,11.09828,-0.48175850529352576,-15.299215,0.23076923076923078,45.208755,11.379883,41.792328,-0.69086903,16.60006,36.658405,29.126804,-0.3178814909065425,-6.20372,0.07692307692307693,10.591475,15.797155,48.4076,-0.64565474,16.097252,30.60987,23.076502,0.14525447537852212,4.293626,0.5384615384615384,0.024429427993881116,0.010806512994011539,0.03511186079545455,-0.0004050514914772727,0.013265520018277124,0.030007102272727276,0.013638874389333075,-0.2220957054364357,-0.00525457208806818,0.15384615384615385,0.7208323411356803,/Users/will/Projects/SpeechEmotionCS3540/datasets/SURREY/Audio/KL_n30.wav,Neutral
4.117868480725623,15,0.073619194,0.03076862,0.11419193,-0.0048977137,0.02785297,0.05088909,0.041208968,-0.6354353037207334,-0.03516215,0.3333333333333333,128.22101891919473,81.56551636706295,224.25183495346073,-16.01798821096148,64.96177225236869,153.2507637333366,111.7035268771671,-0.8576993375361018,-143.94852894787624,0.0,10.480399779804161,8.39990853887937,24.016275434103026,-0.88490240100745,10.61057115009858,19.336538366656995,17.09610117662876,-0.5113326208323067,-5.601552270176689,0.3333333333333333,0.44545454545454544,0.3291193692699506,0.9545454545454546,-0.02922077922077922,0.3953713686437025,0.9545454545454546,0.5925516129878283,-0.41342902368174206,-0.16363636363636364,0.7333333333333333,1286.4668764040764,366.3693410085832,1326.0422815279617,-31.39816558129752,409.37532046394546,752.9077975414094,645.0821211625487,-0.36769921439011954,-287.305327434369,0.6,2601.5371981534095,825.0788215053035,2939.2822265625,-80.12029474431817,894.9245036407234,1539.1346324573865,1347.528599497672,-0.4442309424626848,-767.3650568181818,0.6,1574.8738985917603,259.90871313598376,900.5753684113645,-4.491180724431372,339.2921631428743,685.5407318544312,531.1069787088846,-0.4410226708523314,-284.1493652735651,0.6,-352.68585,73.82266,287.28717,-15.466731,48.60842,107.78766,48.52797,-0.5569653765729092,-74.14398,0.3333333333333333,117.15536,27.250786,86.55521,2.4418106,23.714254,59.083282,35.24269,0.7363730769653405,49.76413,0.4666666666666667,15.732831,9.6126175,30.518808,-0.34425834,13.619289,30.518808,22.009878,-0.058211493699341345,-1.7283611,0.7333333333333333,55.393986,15.0357275,49.645996,-1.2234468,17.910545,36.59015,24.702116,-0.20590786741454367,1.1468735,0.7333333333333333,-6.610321,11.32159,43.738598,-0.6176325,14.036,25.049839,20.94494,-0.12963989368731577,-1.2341981,0.2,0.03347833806818182,0.015289543032857945,0.063232421875,-0.0024429915787337665,0.014336644193537048,0.02403675426136364,0.017869070059617007,-0.5360747563663145,-0.012269176136363632,0.4,0.8065864682981146,/Users/will/Projects/SpeechEmotionCS3540/datasets/SURREY/Audio/JE_d04.wav,Disgust
3.577959183673469,13,0.083516486,0.028564818,0.09890404,-0.00074005156,0.029651238,0.050400756,0.034564752,-0.34460142934698385,-0.034947596,0.15384615384615385,100.00380301206033,59.39930753426323,189.893776503025,0.0,64.48965216606834,189.893776503025,77.25437593393174,-0.4183406886771075,-68.66454328585183,0.07692307692307693,9.950978683600102,9.47870898944144,31.3549179762093,1.4802973661668753e-16,10.451637666370383,28.12395470663683,11.892039653405497,-0.5308941759940409,-14.645841355135007,0.15384615384615385,0.583916083916084,0.36225531183019344,1.0,0.0,0.3852479434876097,0.7272727272727273,0.5416849457247583,-0.2089489560016176,-0.21590909090909094,0.15384615384615385,839.5025716333969,273.01337761712637,894.6954422778701,-4.176483534497123,304.2579850089201,714.4248847023682,468.73276722165446,0.06537738471271334,100.12942666884305,0.38461538461538464,1662.3858685260052,594.2086743662524,1851.3660777698865,-22.79746315696023,713.8760294988615,1471.5986772017047,1121.4816122360928,0.17475571253201325,399.95477849786926,0.38461538461538464,1204.457669252453,193.3917548217097,643.4340240350156,-25.994007017291903,284.1302606466291,596.9698266740512,481.3885159854236,-0.06585688011340492,17.04290853344105,0.38461538461538464,-347.57117,60.843925,198.04034,1.1471888,60.46267,127.25171,50.52106,0.009544094941527963,-4.8333435,0.23076923076923078,154.34544,22.087648,73.91212,4.052721,26.196453,51.006775,43.145,0.48348468913333636,24.401886,0.15384615384615385,4.525876,12.4008875,42.71473,-1.2496834,16.999922,32.53611,27.160957,-0.45437367316579874,-13.043973,0.46153846153846156,49.495747,14.640875,53.735565,-1.9659824,14.822057,27.272503,25.576487,-0.28249380909946725,-11.46283,0.6153846153846154,4.45602,13.122505,48.635532,-0.07417361,16.241137,32.426983,22.682184,-0.16705119412353883,-9.859365,0.5384615384615384,0.013572852928321676,0.006388265892146315,0.02208362926136364,0.0005067767518939396,0.006555752497000882,0.011763139204545456,0.007482822339940531,0.2735620103843385,0.003961736505681818,0.7692307692307693,0.7379888141956974,/Users/will/Projects/SpeechEmotionCS3540/datasets/SURREY/Audio/JE_d10.wav,Disgust
4.048299319727891,15,0.13253857,0.094659135,0.27602977,-1.6647857e-05,0.066278055,0.12356535,0.080223486,-0.07581549779498543,-0.025603548,0.4666666666666667,236.4045581589632,137.44852173679206,468.8864791592979,-33.49189136852128,158.3370135311757,441.6279772548105,279.76777007072394,-0.5640289863856967,-148.1661103187131,0.0,22.265000790115497,17.174424598699293,49.875376182848996,-0.33374655021028593,20.202619634114736,32.7898515212145,34.92260872487371,-0.23533664301822826,-8.647126514909074,0.2,0.6454545454545454,0.33738583417495227,1.0,-0.025974025974025976,0.2458116003993208,0.4545454545454546,0.2884986202061016,-0.30975055876813284,-0.2545454545454544,0.2,1117.3359731697778,527.310939833886,2087.5022545224674,-1.7519641344470398,572.328779143728,1352.7780336766903,640.0796492989783,0.4265112498650047,601.8169523111258,0.8,1902.197487571023,954.6504889939478,3693.923117897728,-11.990079012784106,1053.4818843160342,2348.587313565341,1182.4866252802542,0.3298944746376865,880.6101296164773,0.8,1402.1521581630404,249.56794401765396,907.4403488394687,1.1966697320325466,301.41236607708845,544.1880446242437,413.69063790934916,0.38596815948205987,246.62375164423588,0.8,-344.64148,133.51132,393.85382,-0.5426505,91.42601,182.89825,98.52516,-0.1372345262877666,-43.21753,0.4,128.9066,33.483997,122.2887,0.13655826,42.873035,85.29326,61.6957,-0.34642422786745913,-28.561089,0.6666666666666666,7.986176,15.220089,67.45154,0.4274991,18.473759,37.22941,29.026003,0.5365030615279407,17.102615,0.8,35.970177,24.91843,91.46849,-0.34254757,20.608992,38.40767,24.530586,0.5150749036491623,35.172516,0.8,-15.262333,18.673115,65.83603,-0.3896148,19.551245,37.46547,29.520702,-0.16797082454076287,-7.4933286,0.06666666666666667,0.026825875946969693,0.015592362687588414,0.054754083806818184,0.0,0.01315656474492342,0.025168678977272728,0.01609202358498964,0.16005143157320223,0.008198686079545454,0.4,-0.014031862694439182,/Users/will/Projects/SpeechEmotionCS3540/datasets/SURREY/Audio/JE_h09.wav,Happy
3.6105668934240365,13,0.09195955,0.035412643,0.10672705,-0.0009807944,0.03294688,0.06566016,0.042330824,-0.004874326061682597,-0.0035793632,0.6923076923076923,266.80281886783746,140.48284836846656,449.73425523696216,-37.47785460308018,56.67861960530081,134.295852519084,86.11875660857446,-0.9093008879626107,-316.62615422053017,0.0,32.81158310029328,25.921390722030218,81.91221734512764,-0.7962061289662093,29.018176436982248,64.05032282870705,47.54721843730294,-0.17940317161815938,-19.70161898162885,0.6153846153846154,0.5559440559440559,0.3005366286285916,0.8636363636363636,-0.04545454545454545,0.21640692207705609,0.5454545454545455,0.27191213018780336,-0.39489011249158307,-0.26136363636363646,0.3076923076923077,1114.0967086838077,523.7570059273005,1440.0116089767278,-9.22164779274238,435.43125486321776,951.1435278955635,534.0783084018784,-0.33267256215320173,-432.03354823028417,0.6153846153846154,2062.9712084790212,1087.0898878479527,3139.4431374289775,-27.73215553977272,885.9974711019562,1803.40576171875,1083.1466818228148,-0.4100398566300006,-1090.118408203125,0.38461538461538464,1433.10678412197,275.47351018007095,753.9330832706863,-10.988430443672229,262.4820074134335,555.6052407621743,362.75364561534684,-0.4766684737271195,-314.4432843473335,0.38461538461538464,-366.2986,117.818474,338.30078,-4.0123696,85.08145,203.80432,96.3918,-0.18711932357018493,-54.62256,0.23076923076923078,106.43067,17.97349,72.37173,0.6738917,27.132727,60.213974,44.2781,0.3021960380995962,13.088448,0.23076923076923078,-4.039498,15.70032,45.72501,1.5974256,15.157319,34.412895,24.575874,0.5212892094776348,19.381641,0.9230769230769231,43.471397,20.858212,67.997894,-2.4222755,23.799507,43.176147,34.403675,-0.2808501817105762,-13.054344,0.6153846153846154,-10.357479,13.841739,45.906277,-1.0628814,11.063227,18.618591,11.889855,0.25894739539990463,13.196143,0.0,0.015514026988636364,0.011994790645679022,0.03335848721590909,-2.8912057932946783e-19,0.010353791872067057,0.020330255681818177,0.013933071878718006,-0.05002338510129811,-0.002901944247159092,0.23076923076923078,0.25210411525323023,/Users/will/Projects/SpeechEmotionCS3540/datasets/SURREY/Audio/JE_f06.wav,Fear
5.128208616780046,19,0.10297304,0.040274445,0.15387358,-0.0014031152,0.027734652,0.07284993,0.030572552,-0.03794206611939698,8.003414e-05,0.47368421052631576,232.57705268425573,86.6413359818374,444.68088177276485,-1.3271568679365657,135.05941461278164,444.68088177276485,186.56341162075776,0.06159076871435543,10.350837099265192,0.0,18.570030009727702,10.618636314241275,47.76108941639367,-1.101867283454274,12.393658401650999,27.240034415938702,16.90864640467526,0.31526369603202964,9.733227510004463,0.8421052631578947,0.7631578947368421,0.25737446522068574,1.0,-0.005050505050505049,0.29061257334981416,0.8181818181818182,0.40985040120555555,0.27322693457807146,0.16666666666666674,0.42105263157894735,1145.8488422845048,534.52496133519,1689.2553710610268,-2.046485723482527,520.9360171632776,1067.8441519010735,710.2074277041604,-0.048352766728719486,-31.042425251211853,0.631578947368421,2037.6437392531398,952.0297031178561,3161.9551225142045,-16.013960404829547,976.2072974855952,1682.0367986505682,1336.54961367799,-0.18187090287947066,-435.8842329545457,0.631578947368421,1391.3780416940951,254.6981810263549,850.0667581467038,4.74790374007139,313.199498679477,579.8685184899086,448.6471251324204,-0.16262392229898787,-144.653737726675,0.631578947368421,-344.53638,90.22745,339.23145,-5.0265403,55.10492,113.62921,52.992958,-0.16572456072059777,-37.933594,0.5263157894736842,117.1866,24.261587,73.19545,0.749524,31.016575,57.044746,43.403046,0.18071310934086612,9.159912,0.7368421052631579,11.647379,14.198398,61.595856,1.7297167,18.401617,42.063065,24.899952,0.07086489748405524,0.75428486,0.10526315789473684,49.45353,17.174208,65.11588,-1.561174,22.390364,38.740177,35.382072,-0.2491793952551979,-8.915047,0.631578947368421,-3.609709,17.085861,68.91354,-1.1023313,18.097733,36.913902,24.64574,-0.09027107494936255,1.7143278,0.42105263157894735,0.04118967740729664,0.0329770165491949,0.10471413352272728,-3.6140072416183483e-19,0.02662595185330628,0.06103515624999999,0.035091550363578146,0.0796510410740213,0.007638642282196972,0.631578947368421,-0.2408540451355772,/Users/will/Projects/SpeechEmotionCS3540/datasets/SURREY/Audio/JE_f12.wav,Fear
5.269297052154195,20,0.0535594,0.008447116,0.03088238,-6.7139536e-06,0.009142599,0.017541807,0.013059355,-0.10257555264032871,-0.00045223907,0.15,121.48324579513039,131.30456213701123,465.640526731052,-24.507396143739577,103.94433713576791,292.5368316001139,159.95116639247968,-0.5845761663771033,-148.7806951885603,0.0,6.065480995440439,5.585272554740746,15.508181641742404,-0.6217392998547822,7.276000064097071,15.508181641742404,11.71442503147048,-0.3158802915097989,-3.108791417234472,0.55,0.42727272727272736,0.37272727272727274,1.0,-0.01913875598086124,0.5212566768459864,1.0,0.8579766109351372,-0.01586176773519732,0.09848484848484845,0.85,696.0495962910591,263.6132416940747,973.1086179008311,-10.280370103998166,219.31846197244818,469.05706535893717,341.24573974769595,-0.5753278557162701,-386.6843926864562,0.15,1365.8902254971592,621.8473213359362,2365.2266068892045,-35.364937668211724,502.9334904285061,1026.2528852982955,789.3223025380955,-0.6280370027804775,-1025.2741033380685,0.15,1156.4212682090879,191.07582067256092,669.2606033146652,-10.0631946797191,181.99244965519117,426.3840362299003,319.55809904336365,-0.6942003142738643,-354.250299004628,0.25,-432.89517,59.47446,236.21661,-2.2970195,47.773083,126.983765,54.395874,-0.2836096667333589,-38.98999,0.15,152.96574,21.550785,80.979805,-0.062075965,24.022509,43.78282,36.47541,0.4213949291348857,23.868744,0.85,22.787678,14.288705,52.703793,1.0213237,12.794895,24.727772,19.390152,0.4805076606773335,12.474531,0.65,47.46428,14.498728,57.31119,-0.6372154,15.090418,40.995308,23.233019,-0.0984440181171345,-3.6054802,0.45,11.966637,11.6939335,45.557564,0.017266173,14.663601,32.883522,23.056576,0.13143829852798616,7.2050433,0.45,0.0068237304687500016,0.0034641890585578477,0.01351651278409091,0.0,0.0032133679214902044,0.006081321022727272,0.004538981568217692,0.1318032690022423,0.001660896070075757,0.45,-0.10970345719880978,/Users/will/Projects/SpeechEmotionCS3540/datasets/SURREY/Audio/JE_n27.wav,Neutral
4.374648526077097,16,0.006858209,0.0035856215,0.014814475,5.2251045e-05,0.0035241512,0.0095220255,0.0035369175,-0.4794432275254456,-0.0046293223,0.125,164.98063782080928,118.25672137922899,434.28748503427045,28.952499002284696,109.11940021891267,289.8850641795609,158.04642044088732,0.4239985768073627,90.20498964698564,0.9375,10.34716721829134,6.6580809118282875,29.759058388281208,0.8173179100752781,9.53076297661169,24.498267462010336,16.642033517555376,0.38311727875601687,5.977501477608403,0.875,0.6505681818181819,0.2599858695699308,1.0,0.01818181818181818,0.24325614836835732,0.45454545454545453,0.3479483515139885,0.0414826195662172,0.0181818181818183,0.25,876.2041089264505,271.8622496546202,936.9339729919593,-3.6187773454286343,286.02190184936813,592.0068140526278,374.1063171184503,-0.211863894540668,-152.05703300167193,0.125,1493.4683366255326,528.5412026705454,1750.062144886364,-11.810635653409085,562.8381775257313,1273.8847212357955,721.811280422563,-0.19398869189098666,-237.64825994318176,0.125,1251.8745084878174,366.48967175271713,1157.1142375678974,-19.926766832837302,249.0285908013357,627.0252921404285,246.16013988541792,0.011002965656550687,58.91518891532792,0.0,-612.36383,67.2367,264.25076,1.9832764,64.17739,160.71191,66.95284,-0.3863446005443567,-69.58057,0.125,160.84427,40.67784,127.06311,1.5092646,25.943323,58.84751,26.559372,0.15903650981068582,13.702698,0.625,31.184402,20.09376,79.62238,-0.112801485,21.267805,44.187904,30.800451,0.5065741779597523,27.443497,0.75,31.103897,11.995675,46.313457,0.10545247,14.823802,26.99595,23.595852,0.010458256930851478,2.4560013,0.875,0.06081122,12.208064,44.091915,0.59044254,11.021857,23.088064,14.947522,-0.38300042308353544,-15.176262,0.0625,0.027972134676846592,0.022865981207409923,0.09286221590909091,0.00039506392045454594,0.024120146696360877,0.06869229403409091,0.031723463955300166,-0.4151145489941352,-0.026091974431818182,0.125,0.02161860247101091,/Users/will/Projects/SpeechEmotionCS3540/datasets/SURREY/Audio/KL_d13.wav,Disgust
1.9047619047619047,6,0.00786022,0.004214605,0.011215279,0.000117760894,0.0053623617,0.00904307,0.00579962,-0.2850763340841866,-0.0031058202,0.3333333333333333,90.13050790815254,66.08625588085646,168.30455134577886,0.0,93.12402652005582,168.30455134577886,90.70643806264619,-0.1318874928262077,-25.74878646561765,0.16666666666666666,10.508656990732167,8.21760387418681,22.81534874350938,0.0,11.090138725012395,15.178274649267088,12.911893781662164,-0.09400379123903262,-0.7239863797848054,0.3333333333333333,0.5606060606060607,0.4179731583070825,1.0,0.0,0.4775972922386799,0.7272727272727273,0.07537783614444094,-0.031838715005959535,-0.04545454545454547,0.3333333333333333,888.8550289585224,123.16279237426171,378.99216742793715,45.272518871055674,211.19788761153234,378.99216742793715,348.6698359634273,0.39875356242207094,82.04059415359757,0.8333333333333334,1779.3440385298297,401.4564839018066,1230.328924005682,174.41894531250006,673.7096798258283,1230.328924005682,1130.2217088251755,0.39990418601927386,246.89774946732973,0.8333333333333334,1440.8645870207747,278.506622571961,767.5318859657468,-34.75161446396728,381.4501642463288,593.7738136459104,406.7260421711922,-0.2456699063015671,-198.75976333215272,0.0,-598.9102,65.96226,198.22055,7.0515747,77.42312,127.38544,58.132004,-0.016268056570328218,-4.996338,0.3333333333333333,133.45702,20.36769,67.43614,4.4167175,27.921734,45.352554,40.748123,0.5509413081763631,31.784164,0.6666666666666666,14.473645,10.702491,32.602757,-1.3395097,13.43041,18.944313,13.805135,-0.14465086182172263,-4.934231,0.0,47.466953,18.156595,53.907623,4.204133,18.496975,28.11984,23.583454,0.5501014571746461,23.83364,0.5,32.10624,16.573576,43.209602,1.1018966,20.548414,33.225166,17.477226,0.1818971456861131,9.644463,0.3333333333333333,0.017726089015151516,0.009539046808853683,0.02783203125,0.0015181107954545456,0.010394569899214712,0.015713778409090908,0.008871310172829714,0.22547426813354482,0.00533780184659091,0.3333333333333333,0.8232046876799344,/Users/will/Projects/SpeechEmotionCS3540/datasets/SURREY/Audio/KL_d07.wav,Disgust
4.604308390022676,17,0.17366846,0.09719157,0.36312887,-7.628277e-05,0.08522274,0.14026122,0.08256651,0.012251724570969314,0.020154014,0.7058823529411765,141.59227705477022,69.9407285597201,219.89050630093593,-3.552713678800501e-15,89.71460183795513,219.89050630093593,129.2970832271372,-0.1857030557440829,-33.09139313776993,0.058823529411764705,11.646906884875781,7.127717922223266,24.497334694088156,2.220446049250313e-16,8.9487599043195,19.12470982951502,13.290599864666316,-0.10809418813342973,-2.5987688974656464,0.8235294117647058,0.6925133689839572,0.34915322658621234,1.0,0.0,0.38131731217187537,0.9090909090909091,0.5569166064320069,-0.05471101369155106,-0.045454545454545414,0.11764705882352941,1091.4959033089817,360.0983497757926,1168.6040422571464,1.850628251116298,436.95595270223174,978.7704347729427,567.2356312343279,0.22953545474529605,170.38974875226518,0.8823529411764706,1889.9991774941511,703.2441400252784,2411.229359019886,8.350233598188922,815.2527663979796,1884.1552734375,988.345761972491,0.18870218589868118,316.83172052556847,0.8823529411764706,1196.301718969767,238.51190017190768,1086.6438900918229,6.484272729564211,251.62525135472683,413.6641391176081,373.65304740680347,0.2662149223226944,195.52105753641422,0.8823529411764706,-298.58362,122.32764,459.85095,-5.970186,99.07327,218.32779,68.84091,-0.1718754370518064,-32.59021,0.7647058823529411,142.874,31.770023,125.21057,-1.6466041,33.40517,80.98598,51.500202,-0.21451768191249942,-14.181412,0.7647058823529411,-0.713284,25.876633,106.961975,2.2754261,25.271643,58.503334,30.505033,0.3831776272646272,16.522366,0.6470588235294118,34.00623,15.274115,58.23544,-1.3655632,17.09353,40.451584,22.033226,-0.0014973249381607986,-0.5709877,0.8823529411764706,-3.5086334,20.154396,67.11224,-1.3304919,22.041763,43.092846,27.450254,-0.20727306401319778,-4.552653,0.8235294117647058,0.045424517463235295,0.026161572496517578,0.10367098721590909,-0.0005493164062500002,0.02839239399260021,0.05823863636363636,0.03617640002723405,-0.041948392439066555,-0.0097256747159091,0.5294117647058824,0.66382807052253,/Users/will/Projects/SpeechEmotionCS3540/datasets/SURREY/Audio/DC_a10.wav,Anger
2.7253514739229026,9,0.17354321,0.10710324,0.3454349,0.0031704735,0.11398491,0.24891506,0.11765434,-0.43795868115064357,-0.14353833,0.2222222222222222,202.28415471309484,94.49768807444492,333.15470442111587,-41.64433805263948,75.59176897385954,240.03047044204934,78.91644005095812,-0.745750893945002,-149.48958952607265,0.0,15.864917328629783,6.332362779028972,19.59070318623617,0.48182371662127776,6.162998988407156,10.931048167529585,6.912240086634046,-0.2783223240295981,-5.151391930518548,0.2222222222222222,0.7525252525252525,0.24535268285840645,0.7727272727272727,0.05113636363636363,0.26055953381359326,0.40909090909090917,0.33351600099730544,0.4145653226931323,0.2272727272727273,0.4444444444444444,1067.7933616601035,448.2061475898469,1505.248220269064,149.47752436622653,306.93329914772846,546.5823462852304,517.3972676561875,0.8770677035036758,940.7280658518614,0.6666666666666666,1930.7561700994318,909.1184985596415,2912.36572265625,293.8792835582386,513.2559503850932,897.0536665482955,854.6530744332405,0.88880757521172,1971.919389204545,0.6666666666666666,1227.083936478782,198.2017788389379,582.2966768092859,67.54261254174766,157.58881180759815,269.4705221947237,298.6887994878037,0.8914836388961879,443.75499140076806,0.6666666666666666,-289.6893,108.02486,381.50867,26.170591,113.40223,286.67383,88.41667,0.2871796922909407,53.621857,0.2222222222222222,148.60178,24.289179,75.0764,0.9655266,35.20882,62.864975,57.005905,0.25506653573563925,15.636002,0.7777777777777778,-3.8606207,16.808886,56.49401,-5.3186655,10.276617,17.554035,13.500816,-0.8294720685430582,-32.55262,0.0,24.762764,17.52771,57.38228,-0.04316449,18.259499,30.652098,23.805637,0.479004306564055,24.7574,0.6666666666666666,1.3487039,12.34584,42.99601,-0.37922502,13.422386,26.69949,16.85628,0.27613718129956916,9.486829,0.4444444444444444,0.04386886442550505,0.02735683005935217,0.09539240056818181,0.003284801136363637,0.025096278470665995,0.047407670454545456,0.02444938524842684,0.6340164973683851,0.046031605113636354,0.6666666666666666,-0.2182786616228405,/Users/will/Projects/SpeechEmotionCS3540/datasets/SURREY/Audio/DC_a04.wav,Anger
4.412607709750567,16,0.0075721564,0.0021902812,0.007305253,-6.785182e-05,0.0028541551,0.005428357,0.0039997757,-0.1815955906601829,-0.0014522844,0.125,153.32485843795104,165.05639815412206,437.7976484227747,-1.8947806286936005e-15,196.96811360521065,429.5746008305387,295.6150806984391,0.13765838873877181,25.093968575663737,0.3125,8.9515583246784,10.153301904870743,28.305167855718228,-2.3684757858670006e-16,13.284023286631657,26.93784463161745,20.138606011089056,0.39133295348641395,7.679922590756382,0.625,0.35511363636363635,0.3481128098893962,1.0,-7.401486830834377e-18,0.3377122840183038,0.7272727272727273,0.42392204529738875,0.5302182735459103,0.5545454545454546,0.8125,767.5460514463684,336.33092380389706,1076.3101999000696,0.43611038293595356,353.9427769953783,750.916197821908,484.6083511637559,-0.2080939747685211,-255.49736338375442,0.25,1230.6042064319959,769.2500992115012,2686.26708984375,-4.306640625,778.1371206625122,1655.6096857244315,1053.3453781733235,-0.25865133726403056,-677.2192382812498,0.25,1324.9811687198169,189.65492819941275,742.7431996609497,-0.8227645854917076,226.53628500480718,337.51009702507986,325.12245726369076,-0.3350236954424807,-210.98144484907766,0.25,-617.1438,68.05964,237.1582,-1.5544515,77.287025,135.63428,94.62905,-0.12026116793220011,-30.582275,0.5625,136.00801,33.830906,112.46918,-0.6758962,40.773727,70.513596,54.371853,0.23418620731877,30.459396,0.8125,23.129803,12.6268,50.55831,-0.3621291,14.840375,28.872425,20.806362,-0.10472900650079242,1.7644615,0.375,35.730396,15.655487,56.904686,0.15276948,15.152213,25.648388,19.82456,-0.4073355858904254,-20.606104,0.25,-3.132705,15.285405,57.726532,0.36463547,17.844114,29.267864,24.636406,-0.2555448225981246,-15.522186,0.625,0.012846513227982954,0.0086917241252942,0.030872691761363636,7.102272727272722e-05,0.010563505971095163,0.019287109375,0.014458567696515828,0.1694534114358012,0.002725497159090911,0.5625,0.3574189613900251,/Users/will/Projects/SpeechEmotionCS3540/datasets/SURREY/Audio/KL_f11.wav,Fear
3.275873015873016,12,0.008329048,0.004553839,0.013553347,2.1315857e-06,0.004415511,0.009007022,0.005960821,-0.26138577554565073,-0.0037678564,0.25,174.18146232043617,78.09757110642533,293.2260648984977,-26.65691499077252,66.83941887122705,136.8406844013261,89.96857418012547,-0.6204236193120236,-95.01266840063658,0.0,38.26579973000446,43.83730454929661,134.58612156521104,-1.5943521697678242,50.80618406580245,116.87179406671248,77.28797220560718,-0.01560669807301514,1.3565434983853386,0.4166666666666667,0.6893939393939394,0.2563473381164944,1.0,-0.09090909090909091,0.31610895039512854,0.6818181818181818,0.4703831742085514,-0.38524088752836444,-0.15909090909090928,0.0,1032.5986942826678,280.9476528165018,1013.9519428304712,1.0050844293384051,270.7823113479146,588.5453038805683,405.78555125801546,-0.48658236185248477,-319.0749122436714,0.3333333333333333,1994.757634943182,651.6108121923326,2323.6283735795455,20.242990541064056,661.1876566257457,1098.193359375,977.896673682959,-0.45431329049938163,-795.6273859197445,0.3333333333333333,1496.3268461934879,348.67988981833014,1207.7763490327113,2.735975152271914,368.7847377957486,629.4256583781882,499.8336281515104,-0.3642409399839839,-336.04894696480505,0.9166666666666666,-586.26904,90.76496,274.6635,-1.0954701,69.00758,124.990875,50.83266,-0.20217517586730918,-52.92102,0.25,136.01476,33.48971,127.806656,-1.597528,39.06293,64.38095,54.444168,0.35289536741613237,31.784264,0.75,12.242639,15.393626,43.25626,-0.46875668,14.755985,27.6085,22.178247,0.08847971683003589,5.5275784,0.0,41.310474,11.067722,41.804382,0.93324417,16.696644,25.544773,28.739786,-0.02218058059774391,-1.0260582,0.3333333333333333,2.1808326,15.702044,47.96144,1.3209422,19.381533,31.950842,25.17704,-0.0027436948838682504,-7.1636977,0.5,0.028102065577651516,0.01868969322424909,0.06436434659090909,0.0,0.015462600317839985,0.028342507102272728,0.0195556659517238,-0.15440199281792724,-0.00469415838068182,0.4166666666666667,0.3483219052071801,/Users/will/Projects/SpeechEmotionCS3540/datasets/SURREY/Audio/KL_f05.wav,Fear
2.8735600907029477,10,0.00857727,0.005281188,0.017752416,1.0526429e-05,0.006039381,0.010794479,0.007500839,-0.36606312731306623,-0.0069379946,0.2,157.8608032235726,96.3216542192589,333.6744016698706,-37.07493351887451,55.743081888654906,155.85519524535948,76.98386210637993,-0.8606987195060166,-207.4638052269307,0.0,24.29760358472044,18.525173215456856,62.071292878177836,-3.2108087364122477,26.39266451563154,50.43633029576839,48.616566681865656,-0.6389344512349483,-23.059004920960952,0.1,0.7,0.35628941713209866,1.0,-0.1111111111111111,0.289953537260754,0.9090909090909091,0.4515526474160347,-0.7062273729279596,-0.6060606060606062,0.0,1246.8532174109307,379.7275067943037,1168.4016444245026,55.22476657487144,394.29994221372,730.5731976715463,649.2808572043795,0.745252729662346,820.8351180631996,0.7,2169.0297629616475,758.4204757597138,2379.4189453125,126.04536576704544,698.5036049222036,1318.9086914062502,1172.7866002011776,0.8028211399981916,1700.7967862215905,0.7,1575.9612037696575,359.31299942644864,1293.9504597325135,23.601576800354692,385.7423427663529,619.5424084278567,552.9189822448286,0.46710985984062775,506.87274104629955,0.9,-577.20685,85.54602,254.10623,1.4131063,85.23342,165.72632,71.92676,-0.043506405581621485,-28.606201,0.6,131.21597,30.303932,111.6331,-2.5836513,34.20805,56.35817,52.011654,-0.4938632253688769,-46.09884,0.2,16.824793,11.923234,33.115482,0.39787018,15.793305,27.554958,23.586016,0.2480923287504288,14.334039,0.8,33.29255,14.136602,44.676395,1.581078,15.713111,24.537046,24.543083,0.6988379990015144,29.597052,0.8,-9.86765,8.783685,28.519127,-0.46704355,12.056935,24.009462,18.024628,0.1312184932936658,6.3796597,0.5,0.035127397017045446,0.025864033972375793,0.08376242897727273,0.0010258838383838383,0.02824598514621162,0.057927911931818184,0.037372586406626676,0.36623636254230874,0.02295661695075758,0.7,0.29699534051029053,/Users/will/Projects/SpeechEmotionCS3540/datasets/SURREY/Audio/KL_f04.wav,Fear
2.3816780045351473,8,0.017025966,0.008770962,0.025007406,0.00035443637,0.00853198,0.01482508,0.005587688,0.042462555275710474,0.00069429167,0.5,186.75645023712065,134.8318728562469,411.1206546820733,0.0,194.80092874319644,411.1206546820733,218.25504418023147,0.25346095817528036,85.18200060332524,0.75,27.787201331731207,33.13984458932312,107.48974787868394,0.0,52.16631054228321,97.82921322639547,89.50223417539505,0.14808498923139904,-1.7324405852657527,0.625,0.6079545454545454,0.36782916612817074,1.0,0.0,0.38569460791993504,0.6818181818181818,0.26034606480969064,0.04382025237991807,0.022727272727272707,0.5,773.8701901148922,113.00474705418247,313.7718003624067,15.99745516332244,99.88224070583635,193.64507077845735,91.18108224756476,0.5218198497629535,166.74235751820288,0.875,1315.2994329279118,341.6299535040585,991.5061257102273,84.10533558238636,292.4274392137805,584.8222212357955,312.63577059587044,0.5727241183098507,589.7161310369318,0.875,1271.8756437287186,379.57304319979255,1063.46177405061,-24.83506339563772,375.1364204074102,726.6122388501892,154.13332934479754,-0.05784891529595226,-88.6421407103312,0.0,-549.3947,88.642,240.53177,7.7791314,90.51092,160.20288,52.376793,0.20797629953654292,56.70685,0.25,134.49222,30.033503,84.76813,-1.6804417,30.62217,52.55887,35.580727,0.12214741858820306,15.800934,0.375,20.859047,14.9986,40.929916,-3.1624343,16.025293,33.25129,24.259865,-0.6983188768341526,-28.201406,0.125,30.573627,10.817516,28.841045,1.9148903,8.129268,18.924938,10.137549,0.7813214033899355,18.515066,0.75,4.533852,15.028875,45.82111,2.4931808,22.918798,41.414078,35.699932,0.14203011656467684,9.454654,0.375,0.021614768288352272,0.01057509005812419,0.031072443181818184,0.0016392299107142862,0.009519761632517469,0.017689098011363633,0.005547491395648017,0.4495720005345642,0.013094815340909092,0.5,0.5782739506212583,/Users/will/Projects/SpeechEmotionCS3540/datasets/SURREY/Audio/KL_f10.wav,Fear
2.9979138321995467,10,0.17434199,0.093317084,0.29199368,-0.000680031,0.097838834,0.17128731,0.10012336,-0.21913072816945317,-0.045466766,0.2,139.89626417760263,75.42320012101679,231.87372120436248,0.0,91.42894051118172,231.87372120436248,90.4215665372696,-0.25652948326641595,-55.90690703570091,0.1,8.392451056886184,6.830497362614315,21.03013473119222,-2.4671622769447922e-17,7.869981019549629,15.713476720208387,10.936791434282064,-0.19627953165841894,-4.2339066874772815,0.2,0.6227272727272728,0.39733097139091267,1.0,3.0839528461809902e-18,0.30378693417823366,0.5909090909090909,0.23481793545195256,-0.06571762654682362,-0.0757575757575758,0.3,1310.3715650370032,523.0134476519997,1475.8634034016245,122.40090014302329,525.446323931451,1448.9964922429208,794.6387964014087,0.3363756694650735,380.57094644581343,0.8,2330.577725497159,753.6003863824852,2198.3442826704545,155.13694069602278,801.2645476849923,2064.740545099432,1151.4791140326065,0.14795551725169784,217.28959517045405,0.8,1303.936119505978,281.10762987391485,800.5257011928694,12.28883222235413,272.3758693351264,582.3253616504102,398.48914681162506,-0.23332661586932762,-188.59156397536617,0.9,-295.96036,113.22865,349.15448,-5.2930145,108.97059,211.53326,65.45955,-0.16301112755225247,-36.44348,0.3,129.60352,51.219334,143.37886,-5.069293,46.658245,111.40832,62.789032,0.06041401481378824,16.1762,0.7,-9.151009,17.165604,61.675705,-2.9285185,18.164307,30.613834,26.896015,-0.0966354294745277,-5.225218,0.0,33.67093,20.12012,65.83098,1.1771973,22.067022,41.48558,31.633284,-0.06535018853483493,-8.455772,0.9,8.680456,15.136824,61.304977,-3.608228,15.121063,26.269482,21.900291,-0.26952906741577226,-9.858843,0.5,0.050519353693181814,0.023835549608126616,0.07266512784090909,0.006019669349747476,0.02487348102507311,0.06061345880681818,0.03981572426433959,0.5077088241733079,0.02778024384469696,0.8,0.8563792358731548,/Users/will/Projects/SpeechEmotionCS3540/datasets/SURREY/Audio/DC_a05.wav,Anger
2.6573696145124717,9,0.1374339,0.047285672,0.17305405,-0.007583147,0.055149816,0.11238888,0.060467016,-0.5763800825906981,-0.06963048,0.1111111111111111,168.14779169626178,76.00744985763605,272.4363927975172,-34.05454909968965,64.60495661612997,200.69601317305285,68.54055145195866,-0.7380563376950879,-117.38154711687544,0.0,17.67078153287612,9.86663579495564,28.49713352080725,0.20839555011804478,11.780275584469122,21.276313093488156,16.03459622470603,-0.20666611166030305,-5.884043264594904,0.2222222222222222,0.7676767676767676,0.25752623806024166,0.8181818181818181,0.03409090909090908,0.2987145324567026,0.7727272727272727,0.2626460833267102,0.022786635759382473,-0.030303030303030498,0.2222222222222222,687.2446447742135,161.54822857241413,535.4195561902186,-18.938347395706565,179.47197024105557,327.7477716728816,179.7946028037004,-0.44586544115667104,-165.65519626965727,0.2222222222222222,1401.126376065341,479.3434688433989,1594.4358132102275,-64.11021839488637,495.4970689506553,823.64501953125,503.16298084777554,-0.585699690852874,-686.7786754261367,0.2222222222222222,1077.8636646539608,157.60347444682006,482.40357084207017,-25.581055897530774,120.10896604165501,216.54271624138232,185.77459556655828,-0.7976657612018576,-330.37192168549313,0.2222222222222222,-320.16888,68.43094,234.6847,-14.052204,75.36636,183.1506,63.695713,-0.3872564559479231,-53.806335,0.2222222222222222,147.56055,34.897152,120.31883,6.239994,34.38092,66.16043,39.216908,0.6601522822657108,62.46257,0.6666666666666666,9.441925,12.999415,46.618404,0.66556764,19.383495,32.160248,27.227198,0.05833764669590555,-2.2440143,0.5555555555555556,34.160507,16.514246,56.96942,0.47808743,16.378801,27.5361,19.48986,-0.5504085210121773,-28.43914,0.2222222222222222,27.589203,10.634648,32.77594,1.7393856,13.245149,23.761425,18.296955,0.14847398294125688,1.8531933,0.7777777777777778,0.018562085700757576,0.0076998815837858335,0.021195845170454544,-7.49067826704545e-05,0.009522040113045329,0.018931995738636364,0.008759031782317399,0.016745580573404018,0.001235499526515152,0.6666666666666666,0.051198502913425405,/Users/will/Projects/SpeechEmotionCS3540/datasets/SURREY/Audio/DC_a11.wav,Anger
2.799410430839002,10,0.0072202412,0.0011584904,0.0036517014,-0.0002546675,0.000863223,0.0013596937,0.001268729,-0.8297536341488525,-0.0023659044,0.1,189.99486040877434,146.6525260780702,428.6918852244286,47.35350747683381,176.53252083691297,365.26042080385344,284.78508698574547,0.5189726438400988,167.52389302223594,0.8,10.735048422092731,9.550335969032188,28.746619324181843,3.046300772001001,9.080226287819162,19.35154292281039,15.40966022604819,0.6745199275314175,15.839396573478218,0.8,0.631818181818182,0.2834629423212521,0.9090909090909091,0.05555555555555555,0.2578232124868731,0.40909090909090906,0.3799178222364575,0.5554911380768822,0.37878787878787873,0.6,838.3211985528042,253.133199726974,739.7842592348843,13.111215414227786,357.2205687361829,711.3616901560438,406.94451502193385,0.13088089663874122,69.02214731590948,0.7,1547.5032182173295,549.7955776677321,1830.322265625,40.18443714488636,699.6869638976768,1497.0470081676137,683.955925430098,0.2504182514610302,284.82555042613603,0.7,1304.4225407666154,136.32667092384474,414.8462288620799,20.34740532219136,143.03658416344098,241.30316673650896,197.63371420287368,0.5622292400951481,158.71322572257122,0.7,-615.90546,39.76235,132.1596,-3.1780329,48.129505,103.55731,60.2078,-0.3554564624055244,-34.425415,0.1,144.55391,21.637192,60.096848,0.18479834,16.567167,33.858383,17.352936,-0.2130962140191447,-10.301094,0.3,27.473858,17.075573,54.208065,1.9859407,24.800365,44.186333,43.667824,0.32983293615079845,12.15431,0.8,46.32224,13.317467,42.95152,1.2211232,14.014862,25.909588,13.56972,0.28068451960618207,9.497326,0.7,6.030257,14.339786,48.849022,1.6946564,17.91911,27.02518,28.720627,0.2482077706171357,10.35653,0.4,0.011150568181818182,0.0030237357907501924,0.00830078125,0.00019728535353535356,0.003383032177796376,0.008123224431818184,0.004135632273090093,-0.4615240085913417,-0.00386925899621212,0.2,-0.015204605511773807,/Users/will/Projects/SpeechEmotionCS3540/datasets/SURREY/Audio/KL_d06.wav,Disgust
2.3141496598639457,8,0.008595558,0.0049608164,0.01550841,-0.0003413419,0.0044830954,0.0075828712,0.00350371,-0.47798143515440217,-0.0045458246,0.25,213.70558352758698,173.5762375108241,460.6338848129691,59.377243817696446,262.4392472571631,460.6338848129691,525.319626631814,0.6249186639086268,325.1502181056427,0.5,12.191067598313406,10.453022993268224,29.603281467035234,4.229040209576461,10.834640288201891,25.94082710921423,18.475886922998615,0.6902010985531705,25.62239236995848,0.875,0.43181818181818177,0.3238137920176138,0.9090909090909091,0.09090909090909091,0.4029114820126901,0.6818181818181818,0.5701481127947509,0.23739634699979745,0.4545454545454546,0.375,965.9074340564969,296.17855685808775,863.5920890159805,123.37029843085436,102.06406245256592,278.1524718262035,180.70141310157427,0.9629049963782359,745.2593806344709,0.875,1638.9703924005682,698.5032816193228,2120.0417258522725,302.86310369318187,258.4944743610545,819.729891690341,433.76875344767234,0.9494060145133992,1799.490633877841,0.875,1462.499602788971,277.6239617188428,919.2705006776307,77.5074265216928,186.7438609697776,336.96850475581664,125.45868006036426,0.6809461244167815,465.8801466665948,0.875,-599.09454,88.843155,245.1651,1.5853795,78.5924,123.54486,40.056988,-0.12422885004112796,-9.203613,0.375,132.28601,30.772371,93.70812,-2.3386972,30.738525,53.62461,35.57977,-0.2979831660829599,-9.844383,0.375,19.091877,10.34113,30.850536,-1.5794656,11.728606,20.219887,16.085924,-0.26322562019833634,-9.346405,0.125,35.915367,13.354918,43.359344,1.482066,13.902308,25.829695,20.745941,0.6148929837995368,17.958641,0.625,-4.407197,7.517501,24.769464,-1.3251245,8.690596,14.135167,10.741626,0.18491929522615352,1.5307993,0.0,0.014798251065340908,0.008548695205164717,0.024169921875,0.0003646256087662337,0.008285565588527334,0.015025745738636364,0.004724521646095341,0.13214767874512956,0.0042724609375,0.375,-0.2479162369581375,/Users/will/Projects/SpeechEmotionCS3540/datasets/SURREY/Audio/KL_d12.wav,Disgust
2.4985034013605443,8,0.06455782,0.010494449,0.036237497,-0.0042578913,0.0101959165,0.02139175,0.0133200735,-0.7409956067078003,-0.022325497,0.125,119.4464077372864,47.09945937408299,165.90834915238705,-19.89922649665761,42.4573430494393,118.18196091561276,43.74233240212148,-0.7358273938461556,-93.51048685668877,0.125,11.210051455312858,7.270288285673324,21.435356837159393,-2.8252604948120634,9.862270456188307,18.286147359828423,17.606151495303283,-0.5971121505955895,-7.615539188933468,0.25,0.6647727272727273,0.28014302353684206,0.9090909090909091,-0.07792207792207792,0.32752000553035043,0.8181818181818182,0.3733703494045942,-0.31423620552387005,-0.159090909090909,0.25,750.3839062450122,290.4395593127537,853.2437984886736,-89.15531572423242,221.60626137964908,304.7334429093412,387.4647369940819,-0.863163210993067,-666.7505993863284,0.125,1499.861006303267,713.9428509243227,2083.826793323864,-183.10213955965907,573.8876923777544,834.41162109375,904.6919068442451,-0.8099557150397099,-1488.727361505682,0.125,1191.653059263999,273.23055450938654,856.2934750237596,-42.70567566311276,265.6360413858633,467.25864925447695,407.4211086292574,-0.6771653061423882,-414.4293362438681,0.375,-401.55338,69.86573,223.14331,-24.363382,53.95466,123.494934,48.557327,-0.7118325422120111,-132.461,0.375,147.26932,31.698627,108.78238,3.4164157,35.80585,48.25627,50.24387,0.48599867236558797,33.964005,0.625,24.073568,10.3873005,32.247005,2.288184,11.490765,16.930061,14.668606,0.6547665523107274,17.488468,0.5,49.77719,22.387415,66.1215,-3.9246545,25.813168,57.234184,38.634594,-0.6152785708161682,-32.481625,0.375,9.618292,14.054546,42.334435,-0.71068573,14.8453,25.4609,17.365295,0.454643129012328,11.571247,0.75,0.009360573508522728,0.0038810540034385803,0.01276189630681818,-0.0007165685876623376,0.004653427829993455,0.00861150568181818,0.005072085796354065,-0.2973178221825033,-0.003196022727272728,0.625,0.9366370763281494,/Users/will/Projects/SpeechEmotionCS3540/datasets/SURREY/Audio/JE_n26.wav,Neutral
3.1695238095238096,11,0.09179428,0.06678976,0.17096479,-7.669349e-06,0.04645968,0.0841932,0.04940688,-0.0056525220676704796,0.0074459277,0.36363636363636365,147.08243716476665,112.66985578878204,259.7888213045835,0.0,102.8128264552672,259.7888213045835,149.45044347364242,-0.0759372058625591,-23.172093540188982,0.18181818181818182,10.755180867911106,10.534967402477072,32.84325709340864,0.0,10.178287432713613,18.985816009204395,14.464194990126861,0.23517188728697042,4.704834629531593,0.6363636363636364,0.4421487603305785,0.3920178917564107,1.0,0.0,0.2824040830365285,0.5454545454545454,0.3045416854885118,0.14666666666666667,0.12121212121212119,0.6363636363636364,1176.5532392687526,466.7086213285706,1436.2384637489545,-13.313232834765312,461.67905532343633,1052.6535887492487,565.4851574608015,0.3671725127817158,593.0594670208396,0.7272727272727273,2109.2751242897725,845.7551989636997,3014.6484375,-55.105424360795496,884.3991613808647,2121.0205078125,1032.672369878752,0.32258279601246126,954.964932528409,0.7272727272727273,1494.033519594719,167.7969611219104,632.1212178744206,-15.569123579808183,238.95102585826106,494.91628349060306,348.35685778706994,0.2812132215121143,210.90948865644987,0.7272727272727273,-393.58606,143.82904,373.5199,-3.925441,99.7369,217.5029,105.174416,-0.08108512380841727,-22.063446,0.36363636363636365,116.86968,20.584188,57.83602,-0.32800752,28.487682,54.15686,43.072056,-0.3894941325710327,-27.430115,0.0,13.922608,7.187856,20.099348,0.6405686,10.678751,19.994736,19.599148,0.017393789101353436,0.4983616,0.36363636363636365,40.205746,10.850198,41.633667,-0.72731435,12.219132,19.233604,18.858751,0.31285722626728857,8.61384,0.5454545454545454,-14.421026,14.201632,42.53324,0.122199915,14.980322,28.64685,19.299658,0.08527322105763113,-3.5419774,0.6363636363636364,0.03408283832644628,0.03389423331763542,0.08584872159090909,3.3068166260807883e-19,0.028442836139916973,0.06651722301136363,0.03889865614972447,-0.057377791722270276,0.0003477154356060601,0.36363636363636365,0.8733099515262991,/Users/will/Projects/SpeechEmotionCS3540/datasets/SURREY/Audio/JE_f13.wav,Fear
4.159909297052154,15,0.09531318,0.045979775,0.1602628,-4.3790787e-06,0.043615755,0.10167815,0.057929225,-0.025415584038105836,-0.011165783,0.26666666666666666,171.8938111778949,123.08028663521031,308.5328364157275,0.0,106.58879450513426,287.7897903586588,154.79804081503812,0.20237154704032273,63.87357631760642,0.7333333333333333,14.044692076953943,18.61038659188731,59.841870814210274,0.0,22.07466385627482,59.841870814210274,33.15522147028626,0.38412663758467586,20.03232518715576,0.8,0.403030303030303,0.3302335206260673,1.0,0.0,0.30053081728327624,0.5909090909090909,0.43561999572318943,-0.0021238875512526504,-0.0727272727272727,0.26666666666666666,974.8768487355052,462.0865295045098,1508.734384135261,0.6625457744400113,337.39363835994703,575.7256692223382,408.14249037228035,0.17900227895756157,290.18678321736047,0.6666666666666666,1838.7724165482953,920.7556369761686,3055.7572798295455,3.3558238636363575,655.0399315756681,1082.532848011364,777.155480451981,0.13194379971533068,430.7619406960225,0.4,1367.2098258204715,229.27068627210983,734.4058222741627,0.46173518925558354,203.8293923980066,439.56113750170334,295.95867870847417,0.20108169612985474,145.3889260110575,0.4,-364.98105,121.034615,353.42462,0.360696,81.19811,190.71545,90.34327,0.019218640453718495,-5.6521606,0.26666666666666666,124.3324,17.91383,66.02668,-0.42567173,19.437449,37.32601,30.666515,-0.5413867918653705,-29.335526,0.5333333333333333,3.7040212,13.594432,56.971012,-0.83090645,14.903766,25.738636,20.730663,0.18417920132235682,11.053551,0.0,39.123234,13.912853,40.247124,-0.38860688,11.284488,22.84821,13.361202,0.3879117128486876,18.64228,0.4,-11.200358,14.055021,45.755272,-0.3752229,15.707214,36.520256,23.67423,-0.12446856096931452,0.52223396,0.06666666666666667,0.013248697916666665,0.009882644286752675,0.03224875710227273,2.323290369611795e-20,0.007723630479524934,0.019753196022727272,0.009366856888061444,-0.07429752365702112,-0.00325372869318182,0.26666666666666666,0.8462816873559882,/Users/will/Projects/SpeechEmotionCS3540/datasets/SURREY/Audio/JE_f07.wav,Fear
3.494331065759637,12,0.13050295,0.09103981,0.25856224,1.2580644e-05,0.09216641,0.16426936,0.10932389,-0.035311132715532434,-0.014366426,0.6666666666666666,283.6056726085671,107.78215131690504,364.22670058349354,1.0131002199125305,136.25088172971846,364.22670058349354,176.91443234780618,-0.29146220458962385,-82.99652882831447,0.9166666666666666,43.453777048984705,37.62784780423907,114.2983845683417,-0.3756962435611888,64.33394047076258,110.1657258891686,114.87844442151975,-0.2868811740653028,-27.520905459909837,0.08333333333333333,0.6060606060606062,0.23423673990515614,0.7727272727272727,-0.01652892561983471,0.27360240259912144,0.45454545454545453,0.4424761281322893,-0.3091772984336859,-0.20454545454545464,0.5833333333333334,1364.8266110272614,529.3133826394245,2038.8687847777537,-26.1100407157101,592.3748086238722,1014.6646620275053,806.2191146107328,-0.11822319442360425,-25.15068047616751,0.3333333333333333,2422.036743164063,876.1360083625902,3398.330965909091,-71.94047407670456,1059.8118457092044,1637.5022194602275,1561.203606791436,-0.2551955818392838,-357.50011097301103,0.3333333333333333,1518.7978368610773,194.06701102601846,792.074849148401,-6.658730323794109,269.92100027340035,443.6586283778545,441.29680136782434,-0.2720858852515142,-96.24988774643816,0.3333333333333333,-339.10477,127.387665,399.81305,-4.5552855,110.75053,200.83293,89.251045,-0.03105577134079195,-7.8407288,0.25,99.99766,30.540993,95.22841,-1.6659054,40.19688,60.11752,58.753567,0.1632675149326378,10.626572,0.6666666666666666,-2.6923602,14.182888,51.706398,0.5623482,14.230868,27.948828,19.331615,-0.33448196807128033,-10.840142,0.4166666666666667,44.89781,18.568068,72.8676,-0.20454822,21.026527,37.376064,28.736845,-0.13904190534008964,-3.623394,0.3333333333333333,-9.355611,19.807575,73.53801,1.4101268,21.745821,36.167854,28.12929,-0.21381544167805358,-14.116967,0.08333333333333333,0.04703960996685606,0.03701423955618225,0.13043767755681818,-3.2283057851239955e-05,0.0337607768542781,0.061323686079545456,0.04354860374770448,0.0121952246035307,0.004250266335227272,0.3333333333333333,-0.3807649945042508,/Users/will/Projects/SpeechEmotionCS3540/datasets/SURREY/Audio/JE_h08.wav,Happy
3.6465759637188206,13,0.07033103,0.02069976,0.06301139,-0.0009243985,0.0217168,0.035267163,0.033935923,-0.19517032813701188,-0.0069614984,0.3076923076923077,109.02388285036378,63.69626726623916,179.22897445849682,0.0,62.44859753004237,179.22897445849682,84.16488020931854,0.05050216492044091,-3.0385213707951806,0.15384615384615385,10.698344992670496,10.668592218497178,35.71769544858619,2.7755575615628914e-17,12.461837339623134,27.618223897397336,20.565137461378846,-0.04640972513468033,1.1728109284643775,0.3076923076923077,0.5384615384615384,0.3542701790626669,0.9545454545454546,0.0,0.24688137480000494,0.5454545454545455,0.24390668699791251,0.1872809919260985,0.2272727272727273,0.3076923076923077,699.9776366293083,242.6206394391122,765.3134171111532,4.410157022801282,195.87474601592885,315.2993070205213,245.7689365708521,0.17411192221745098,80.87984565855584,0.46153846153846156,1387.4610740821677,602.510352804778,1792.1497691761365,3.1402587890625,616.0897111247975,1033.1043590198863,853.2352088966472,0.19320458820361022,192.20830743963052,0.7692307692307693,1209.411657916341,178.58301240422983,637.4945161489424,9.120540387013762,256.3861742281325,371.3198607552981,386.24191344400225,0.06715743394509861,-38.72971002607119,0.15384615384615385,-403.12503,95.57856,255.21445,-0.3597107,71.15951,164.517,81.056816,0.11541830277846801,41.027863,0.46153846153846156,145.46033,27.638266,98.11093,0.00042851767,28.644657,65.098816,41.764343,0.08812048506457901,15.415909,0.3076923076923077,15.990595,13.76645,48.099487,-0.57953817,13.185887,31.883217,18.757376,-0.553115823281392,-23.338032,0.0,43.038437,13.070214,49.36779,-0.35967955,14.304216,25.994041,21.81578,0.27785161137544284,7.0236626,0.6153846153846154,5.0435104,12.137559,45.26178,-0.44719255,13.154697,25.797249,19.204107,0.380511305222663,16.901133,0.7692307692307693,0.011315832604895106,0.008315835670844002,0.023215553977272728,1.4456028966473392e-19,0.008241462820593369,0.016335227272727272,0.01143699443528211,0.11753130668706616,0.004128196022727274,0.3076923076923077,0.6853485885926133,/Users/will/Projects/SpeechEmotionCS3540/datasets/SURREY/Audio/JE_d11.wav,Disgust
3.5308843537414965,13,0.085266665,0.061158042,0.1697139,-7.44916e-05,0.052142367,0.110866934,0.064706974,-0.14778303702031534,-0.046029747,0.5384615384615384,159.93982270690873,132.0535312209999,472.6458341847,0.0,164.39184659095682,472.6458341847,270.48884758738996,0.20787846693840548,82.88160781843422,0.7692307692307693,25.066599532343748,32.72392598700146,126.11856195412831,3.7007434154171886e-16,48.96226750401199,119.68575900616628,87.81407054091332,0.08884941190613892,15.069450982606362,0.6923076923076923,0.5559440559440559,0.40700862681198663,1.0,0.0,0.26569208964773006,0.5909090909090909,0.300262845034462,-0.06199120790620232,-0.11363636363636365,0.46153846153846156,1039.0003868671872,614.9918959671028,1917.216774125204,-2.0314862445543724,787.2498092069087,1892.8389391905516,1061.0946052680997,-0.4291532184999731,-626.9980943029782,0.07692307692307693,1716.7082673186194,930.889962560868,3161.465731534091,-2.2022594105113646,1261.5522656627477,2899.152166193182,1799.0466071210917,-0.37824104166116673,-696.7704079367898,0.07692307692307693,1316.8721095265719,230.57563399050505,1044.8087787607947,1.6346653800372148,322.42736458279575,628.7153965917252,508.99402897758245,-0.038773206053481855,58.64458120063705,0.07692307692307693,-381.0646,118.460945,335.21185,-0.82806903,76.47323,167.5473,67.10701,-0.13747215349048356,-50.455505,0.6153846153846154,132.26163,32.09301,111.46492,0.6827049,33.65853,78.319954,42.769825,0.3750706809643658,26.482925,0.5384615384615384,14.115219,18.659824,74.15218,-0.95484066,20.509995,47.649616,33.167065,-0.6083049096930465,-36.901314,0.23076923076923078,35.094334,15.1387615,60.84411,-0.8729165,14.581439,30.30272,21.861145,-0.7036900416218855,-24.955786,0.07692307692307693,-13.757921,15.825418,45.68694,-0.6947897,16.521507,28.610271,18.149567,0.041261985242654536,7.6115575,0.8461538461538461,0.03487796383304195,0.03431613435948497,0.11428000710227272,-0.0001905036695075754,0.04023771872121882,0.10209517045454546,0.04890040372952299,-0.4843032137855074,-0.044244939630681816,0.15384615384615385,0.3470935568443659,/Users/will/Projects/SpeechEmotionCS3540/datasets/SURREY/Audio/JE_d05.wav,Disgust
3.154875283446712,11,0.0061990004,0.002567296,0.008806145,0.00019478849,0.0028956542,0.005080701,0.0034008666,0.28852470528920926,0.0005173087,0.6363636363636364,129.80482907150363,83.31203179892421,364.81714664842764,-11.540679536497885,119.46699757374247,256.4471392402741,211.1658038858851,-0.2087206471369109,-67.53753256358178,0.5454545454545454,7.741105695527079,5.895228690463607,21.78856689995685,-0.10638792196741331,9.186678471314192,20.72468768028272,14.402013661149905,-0.31710322859515827,-5.150010348721125,0.09090909090909091,0.5041322314049587,0.2890790484693008,1.0,-0.022727272727272724,0.39325406587927164,0.5909090909090908,0.5638499287657722,-0.03164215528388355,0.04545454545454547,0.7272727272727273,792.853334817283,163.72440060429483,528.9725934369368,-8.701803309914578,199.27857169657597,489.42448497157545,301.95713464889343,-0.32980744521688166,-27.654956887595176,0.2727272727272727,1277.2659680074896,368.16258684100023,1163.7717507102273,-12.675226384943198,473.8884049898685,1128.0462091619318,710.9065830616197,-0.1786509121232599,92.49489524147702,0.2727272727272727,1214.296585398961,277.93737687252604,1016.9611712936668,-31.360837575615324,238.66507431673193,397.07295234913977,249.12196023487724,-0.4855483686202588,-233.32774413432207,0.0,-612.5209,44.622005,159.43976,2.980414,49.724262,121.2608,47.17309,0.0930916393394187,-0.5228882,0.6363636363636364,170.64732,27.011436,90.26858,2.0669532,27.281382,48.671295,34.456375,0.47973031886433964,20.5038,0.6363636363636364,22.729078,16.790241,62.386345,0.7770454,17.85206,34.805256,26.98244,0.5817767231124554,23.444494,0.8181818181818182,20.643612,18.003843,63.125458,-1.3042549,21.93847,45.597137,32.038033,-0.28576983192883665,1.3139286,0.2727272727272727,11.052554,11.898473,41.5115,0.0053169252,15.422549,26.091312,24.443502,-0.17811897531952448,-0.8461573,0.2727272727272727,0.023536366864669422,0.009547119522904712,0.032404119318181816,0.0009055397727272726,0.010844836839978268,0.01935369318181818,0.01572631544026928,0.1654752181943091,0.004882812500000002,0.36363636363636365,0.2612276092025129,/Users/will/Projects/SpeechEmotionCS3540/datasets/SURREY/Audio/KL_n25.wav,Neutral
2.811609977324263,10,0.005874964,0.003071161,0.0100389775,-0.00019123053,0.002627278,0.006082192,0.0023140772,-0.6505537367925907,-0.005383256,0.2,111.48318254190283,60.01901369721916,181.39822384352718,-19.753192478511803,46.363957989000326,139.73466399299252,75.96726296920154,-0.7996229697113577,-117.2026357030467,0.1,7.802677035851907,9.845071321089742,35.63470854842885,-0.2114383165772408,14.201355933391538,29.42511426057997,25.506113537860745,-0.38146931738775525,-13.67116070320168,0.2,0.5318181818181819,0.3456040346412793,1.0,-0.025252525252525256,0.2358104551500758,0.4090909090909091,0.20509710963386416,-0.48308549833990655,-0.4242424242424242,0.3,917.2050491784709,242.053995317082,766.6703045056903,2.8887568374136157,257.8988613419757,598.9937100563936,362.8692252465049,0.3918292068283099,141.35859204657845,0.6,1551.6630415482953,415.43173203147916,1478.9395419034092,12.615411931818194,422.8387647538624,765.896883877841,570.8016658227132,0.44114373274548807,293.145197088068,0.6,1377.0603949117658,277.29479161143524,839.5425119138037,-0.6027190308033773,228.18134063481557,413.2205655985533,149.96347258777254,0.29203321079600997,168.94338842684124,0.0,-623.12164,59.01977,207.14557,-2.2801378,53.38996,100.01947,45.59247,-0.4253151529633375,-67.00018,0.2,146.87599,31.324297,104.07175,1.8843104,29.333942,52.719994,30.043955,-0.07150009779229592,2.659912,0.3,19.535975,8.911066,28.181097,-1.9759886,7.1822996,17.490746,9.976704,-0.5889265891323063,-13.18836,0.0,35.025066,13.952722,41.822388,1.5444298,10.737463,24.167076,14.350084,0.7090639594152555,22.92537,0.5,13.329442,7.1254797,23.43297,-0.9250802,9.381356,14.85308,12.713008,0.31036916285829663,9.856472,0.7,0.0202880859375,0.010774511117522615,0.03282581676136363,0.00014056581439393954,0.009952881720774643,0.01575816761363636,0.012806977871921376,-0.03854795005166099,-0.00322561553030303,0.5,0.5197298436869497,/Users/will/Projects/SpeechEmotionCS3540/datasets/SURREY/Audio/KL_n19.wav,Neutral
4.109024943310658,15,0.00633444,0.0019514438,0.007879764,-0.00026371863,0.0024382237,0.005547093,0.0038326597,-0.5452908141690562,-0.002532939,0.06666666666666667,146.0189179811296,86.866295837081,367.2197086303093,-6.08846513089479,115.51056643689877,311.002627597578,207.77113660077487,-0.5190631380866595,-110.86139817334657,0.13333333333333333,12.143589071097745,9.479348249428707,37.59525581259323,0.6762477236305051,15.920743188230444,35.680539021945734,28.132964316231273,-0.129223492301605,-2.521752533851961,0.4,0.6727272727272726,0.20677238920281188,0.7272727272727273,0.03246753246753247,0.29429270632791327,0.5,0.5072461388818387,0.48506078525302376,0.21818181818181825,0.4,843.3518836302884,245.37229727768334,885.3377231174381,-9.559899337233576,266.3072112476955,473.879696740142,397.8742400058455,-0.5975496956875717,-320.84297938395264,0.3333333333333333,1418.5813210227273,412.6950563931601,1502.919699928977,-18.352161754261356,542.8520226330176,985.1440429687498,839.9692325726506,-0.4943918697942195,-449.0651633522725,0.3333333333333333,1200.8002577797806,168.68144725779595,556.5250417549452,-17.41085055920353,170.1418342121724,247.73410061842912,253.83553636803816,-0.5817537640591938,-239.88424979069282,0.0,-600.94135,41.294716,157.5409,-2.0097263,52.35605,95.47095,71.32281,-0.3152961075805672,-34.378357,0.06666666666666667,172.3791,21.612629,72.80931,3.1517575,18.981152,33.48976,29.662498,0.726016550960824,34.706314,0.7333333333333333,22.483473,13.5924225,43.202374,0.18620655,17.442831,40.300842,24.325235,0.1282356493530392,7.104334,0.6666666666666666,31.472853,10.132594,33.05895,0.41099697,12.367447,28.179893,19.172035,0.2432584183955596,7.235674,0.4,5.5805554,12.771255,44.66887,-0.03334413,14.639134,26.255999,18.886301,0.3041281098760941,9.099673,0.8,0.025807883522727275,0.01312122461314504,0.04958274147727273,0.0001934101055194807,0.015873825918016858,0.03280362215909091,0.02204295683044378,-0.3525912685826717,-0.009583629261363642,0.3333333333333333,0.12703507971995034,/Users/will/Projects/SpeechEmotionCS3540/datasets/SURREY/Audio/KL_n27.wav,Neutral
5.592517006802721,21,0.06679962,0.025539223,0.08590816,-3.6507846e-08,0.015944423,0.037708804,0.018921584,-0.25986599442398156,-0.02259799,0.23809523809523808,101.85088853224386,103.0089704022216,472.3595772509916,0.0,156.37102004681398,472.3595772509916,284.0971380325126,0.06956847700641315,13.64157368727605,0.8095238095238095,5.888333217099249,5.619086866436997,19.267771158415933,-1.7763568394002506e-16,7.51019592193096,19.267771158415933,12.900539078824083,-0.06744541526372047,-1.7714159670603076,0.8095238095238095,0.564935064935065,0.42445219656947725,1.0,5.551115123125783e-18,0.27082671108665873,0.6363636363636364,0.40789298292008097,-0.11621778934974324,-0.1688311688311689,0.23809523809523808,705.2995999390021,410.26876081081036,1488.779353500806,1.51679766529725,445.1130373026811,1134.0850740698033,623.4006500051875,-0.1323957860101591,-151.9963098820656,0.19047619047619047,1335.0585937500002,965.8678941738592,3430.630770596591,2.324607155539752,1020.9179814046148,2494.915216619318,1405.3424761324843,-0.1224184401376565,-311.67214133522725,0.19047619047619047,1119.746512489823,319.88445147210587,1087.1183722842338,2.5170174162743764,355.92487119407133,1001.9967418904369,517.5816045903638,-0.07921712643484473,-74.27653036478227,0.14285714285714285,-415.19016,86.89948,246.92279,0.582135,46.445484,125.08603,54.28982,-0.15185278660803792,-39.4924,0.3333333333333333,155.4174,37.69147,125.7546,0.118737794,27.767084,83.193306,38.040733,0.17011488548233197,18.056702,0.6190476190476191,22.315054,17.095898,67.46728,-0.15410404,21.446924,47.946896,32.549713,-0.044963805443366735,-2.0161133,0.7142857142857143,42.26764,18.662945,73.29851,-0.032514285,18.265444,45.78616,25.533182,-0.1358152063605838,-7.72155,0.19047619047619047,5.220542,9.183953,40.056583,0.038089562,12.6804495,26.832817,21.544498,-0.12086901953346806,-3.3942559,0.23809523809523808,0.010479022930194804,0.00765146766952028,0.022571910511363636,-2.168404344971009e-20,0.003747097026698246,0.007146661931818182,0.004467639648126454,-0.125028036674096,-0.00260945109577922,0.3333333333333333,0.2893196682135182,/Users/will/Projects/SpeechEmotionCS3540/datasets/SURREY/Audio/JE_d13.wav,Disgust
2.881768707482993,10,0.06805699,0.030594768,0.07100065,2.9717883e-05,0.02423582,0.049715046,0.028544096,-0.013190431074219758,-0.00074085593,0.4,120.27512596901082,138.15510371426203,478.4504440962138,-3.157967714489334e-15,194.96982712541984,478.4504440962138,299.93896413420794,-0.5436640637986855,-215.89507950235065,0.1,6.593303373560586,6.954446858321589,20.683762130309802,0.0,6.807598347011491,13.425462522931486,11.098183980782744,-0.31399202930969816,-5.8373439788190495,0.4,0.3590909090909091,0.3767246840907904,0.9545454545454546,0.0,0.29379877923735326,0.5454545454545454,0.3230152364443613,-0.18693313029053676,-0.16666666666666666,0.5,922.5150044448803,530.4113011483297,1779.805442026034,-8.96454685439696,529.3808076347905,1103.8662265060768,558.2188182786886,0.47255554325342475,763.2414096027148,0.7,1757.060435901989,1121.3282590254955,3505.5075905539775,-3.4257368607954453,1003.2977682135931,2108.785733309659,962.8525944433384,0.47088058951011336,1572.2500887784095,0.7,1307.5151495211455,291.79606718140667,1080.8290700186108,-20.916333348829326,327.3013392119515,655.5006515392664,390.17196810062273,0.36808751528240685,371.63791750329597,0.7,-418.16364,115.50735,291.01785,-4.316352,84.983765,137.7781,87.0356,-0.04892345430814536,-9.252197,0.3,123.2345,30.071537,89.32345,1.2272966,38.814255,87.96162,51.900562,-0.37641059078245376,-42.736412,0.5,13.042646,14.147375,38.974518,1.4000555,18.023973,31.007675,30.078857,0.44996276138359825,19.643513,0.8,44.297184,19.259043,53.605762,-1.5744231,19.439444,32.940353,24.173693,0.30714776747955597,20.479155,0.7,3.8917,13.974641,42.698635,1.1978207,16.73813,36.954613,19.267218,-0.2897799243773248,-14.571249,0.4,0.010216175426136363,0.009486966108112409,0.022349964488636364,0.0,0.007121612726942167,0.012473366477272728,0.007681416856564049,-0.06951788791770942,-0.0018643465909090914,0.3,0.09715586110362004,/Users/will/Projects/SpeechEmotionCS3540/datasets/SURREY/Audio/JE_d07.wav,Disgust
4.52281179138322,17,0.09045905,0.029079722,0.084802456,-0.00067478884,0.019858276,0.041025676,0.024765883,-0.12062455970435174,-0.01333499,0.7058823529411765,178.78066970596475,85.69814180967815,241.76749433129825,0.0,70.47885870349556,228.7895512355144,77.40823553059114,-0.3457474605933551,-75.1858479884836,0.17647058823529413,15.747701093131427,10.827230985945594,37.05871001127741,0.0,10.516192111902116,30.353291126705617,16.608285997770025,0.09525871542706345,2.5273745199202384,0.7647058823529411,0.5935828877005347,0.33236918146011407,1.0,-6.938893903907228e-18,0.21917388093165807,0.5909090909090909,0.2379125627441275,0.09524233253643445,0.09999999999999998,0.7647058823529411,924.971525235464,533.6861225091551,1778.7172798996373,-0.5125271189836695,388.57936501843596,686.2918329582892,511.1391655216025,-0.3152078731871781,-385.7602596774145,0.29411764705882354,1659.3520873370653,1079.1007065680449,3633.2386363636365,3.0892805619673425,749.5549444281788,1188.241299715909,964.960636217761,-0.30927836829558214,-745.0488281249999,0.29411764705882354,1276.0472755605354,313.6507688366514,1173.0137521994177,-0.2384675698193064,246.50193907492604,422.9319022388065,351.5936416926924,-0.3971905408938274,-266.2755947827302,0.29411764705882354,-364.7391,105.96262,299.1123,-0.6085396,57.948578,125.85739,49.944855,-0.22743276597495182,-67.7504,0.5294117647058824,129.23706,30.385609,105.6631,0.6669879,32.920105,64.673,49.465527,0.4667918339654395,31.017616,0.6470588235294118,7.8912516,15.660101,51.933186,0.08305502,20.00655,43.09478,32.514793,0.15623988430792268,11.424331,0.8235294117647058,36.13512,20.758104,74.27066,-0.71809196,19.411165,37.451958,28.603384,-0.34306761677153463,-12.623779,0.29411764705882354,-6.361575,17.79352,66.46236,-0.45763898,18.755701,45.31641,25.511616,-0.02520110624242657,-1.7537884,0.058823529411764705,0.015067523813502674,0.009660158948336158,0.028542258522727272,0.0,0.005993672787734075,0.010364879261363634,0.007418089979059977,0.1209977179892646,0.0024236505681818187,0.7058823529411765,0.8032792014207558,/Users/will/Projects/SpeechEmotionCS3540/datasets/SURREY/Audio/JE_f11.wav,Fear
3.9771882086167802,14,0.12015581,0.06656522,0.22612073,0.0021780357,0.0650824,0.136134,0.07743236,0.09076237548722473,0.024086036,0.21428571428571427,305.5893216927353,94.193470958515,439.6230083698963,24.808520979702976,127.21800802116148,439.6230083698963,162.199937634767,0.15767781831161262,17.32221481477933,0.07142857142857142,55.96850293327539,23.962956611528615,100.83595621132208,7.756612016255545,19.20975910882164,44.32997198976725,28.561842573820947,0.683608298710526,40.399109966389304,0.9285714285714286,0.7305194805194805,0.23896192122931423,1.0,0.06293706293706293,0.2677509051619112,0.7272727272727273,0.4317517226901517,0.5645581885206088,0.34090909090909094,0.7857142857142857,1294.3963272833448,420.127581125084,1528.1368273673431,65.75405496673369,307.47019122731274,542.566647926763,392.7638734584417,0.3547775202798321,304.96040407724774,0.5,2411.0545765269885,854.8831912853589,2966.6881214488635,145.76322115384616,716.3008438990184,1390.359774502841,959.4204022186826,0.2985024037007305,431.15345348011374,0.42857142857142855,1578.4717724763336,222.36320377681602,675.1756306292466,30.192102950322525,223.8759513877173,403.00117613820225,338.08311994677183,0.36915549261234687,171.4899783507244,0.5714285714285714,-325.27365,107.64254,375.21588,12.380364,75.72731,196.00055,75.67115,0.38112741941144307,105.83859,0.2857142857142857,110.21577,22.065847,76.000175,-5.378603,21.15176,52.95678,23.327412,-0.315229402954803,-11.010712,0.7857142857142857,9.517038,12.008391,38.897118,0.98621535,10.822417,19.810547,14.294363,0.5543925014803475,20.76842,0.8571428571428571,29.733242,18.562172,71.04871,-0.49520904,19.798841,48.055992,29.297174,-0.33677027312524815,-19.482826,0.42857142857142855,-20.588566,14.070648,48.667233,0.27324823,13.76846,24.728418,15.006038,-0.3757667305790401,-20.472599,0.9285714285714286,0.04578904981737013,0.02284010132102008,0.08407315340909091,0.0029604184877622375,0.017390584145431823,0.03586647727272727,0.02611061929967341,0.3803302307499624,0.018715598366477272,0.42857142857142855,0.2801191659212828,/Users/will/Projects/SpeechEmotionCS3540/datasets/SURREY/Audio/JE_f05.wav,Fear
2.077687074829932,7,0.06870878,0.020611823,0.05424213,0.00033913678,0.020585284,0.02674216,0.013175756,0.04923263933427569,0.0014002994,0.5714285714285714,165.9229297129541,131.79028443214366,465.67730818238863,-77.61288469706477,122.13210749747233,329.7616466786955,160.01056487160312,-0.7795350187194164,-237.4237267319757,0.0,11.623684398245837,6.399367016702783,18.00962939276157,-2.8362945862716296,9.310180511223509,17.788110848168404,13.396933958281583,-0.22710947812805318,-2.18414421564046,0.5714285714285714,0.6233766233766234,0.3493240949691627,1.0,-0.07575757575757576,0.41632217163739654,0.9090909090909091,0.43179425771046964,0.018588773540169714,0.06818181818181818,0.5714285714285714,536.8726253096271,185.17894994622336,570.1154228950384,-23.058903840831675,188.45951797579582,289.4782788043955,218.90480684756955,-0.2701558340831712,-85.26940272887566,0.42857142857142855,917.3983487215909,441.9221731104624,1335.05859375,-57.01404918323863,452.53794108895704,805.5375532670455,568.312077044619,-0.3436148694706681,-282.623291015625,0.42857142857142855,1023.8374647031869,173.90940275002632,480.7631245249837,-33.08454575382658,209.44078402009228,478.7482963148342,360.8614295949271,-0.6563371035109138,-229.68357809794225,0.2857142857142857,-436.25595,87.306816,242.65305,-8.3368025,88.73113,164.82156,26.580702,-0.06765726972986869,-15.534302,0.5714285714285714,148.29112,41.272568,127.62447,-3.9908078,47.778572,78.88882,53.460213,0.25444081666939766,21.54654,0.5714285714285714,23.110785,8.516401,28.13108,4.6885133,10.926446,22.862797,15.529154,0.5011019653729326,9.750965,0.8571428571428571,38.309437,11.537155,33.58214,0.063824974,16.683868,30.833992,26.407259,-0.27729119374729166,-2.897232,0.2857142857142857,12.938982,6.5294213,17.221937,2.7076445,9.232072,17.221937,12.121082,0.12332796495383369,1.5688667,0.14285714285714285,0.010580483969155844,0.008278494964094805,0.023881392045454544,9.617660984848498e-05,0.008421603003275357,0.013671875,0.006550414912714749,0.26541848905264825,0.004716352982954546,0.5714285714285714,-0.29272136625976064,/Users/will/Projects/SpeechEmotionCS3540/datasets/SURREY/Audio/JE_n18.wav,Neutral
3.8333333333333335,14,0.05502235,0.013382987,0.04718939,2.0428919e-05,0.013093698,0.028103918,0.01810787,-0.28228752210885033,-0.011274748,0.21428571428571427,127.8167340856585,111.37642348488146,479.5758091084669,-36.890446854497455,137.7403271737076,479.5758091084669,186.17654511464016,-0.5303591506942856,-129.63232909773717,0.0,6.907780990688418,5.320920916052671,18.43753841038688,-0.4162255320784886,5.266780338544797,10.841301749611997,8.538625074252703,-0.28454899930826844,-3.094297905345247,0.42857142857142855,0.5194805194805194,0.34002668731392327,1.0,-0.017482517482517484,0.36474414372399144,0.6363636363636364,0.5614627974415825,-0.09948529380205734,-0.05681818181818182,0.21428571428571427,678.3270190777515,270.30162272517475,801.3029301457652,-2.4499741694024237,152.00888011233684,320.9354107872425,165.320822308471,-0.1406944479944589,-102.00802248692361,0.42857142857142855,1331.9824218750002,710.2898263971222,2122.9780717329545,-1.731691160402105,381.55077179683354,748.7681995738637,370.4212073636677,-0.15260742384115933,-297.4273681640625,0.42857142857142855,1195.3122203961668,190.94827822601556,584.2093738727621,-3.9035238771569207,196.45875821174133,452.7508592164237,304.3226572442858,-0.14552703155379837,-69.74077943698387,0.35714285714285715,-440.33023,77.51563,227.96326,-0.47467512,59.850258,122.59299,74.183365,-0.12359430449823078,-29.094543,0.21428571428571427,143.72836,27.933908,101.25815,0.4417672,38.445324,73.134445,60.53041,0.10242624567005289,8.206253,0.7142857142857143,16.725178,12.970944,44.524517,0.48327917,16.723274,36.460476,24.299452,0.13577024086444253,8.794511,0.35714285714285715,52.14309,19.561998,67.94607,-0.32599977,21.324177,45.780804,33.078377,-0.10192383989685064,-6.500717,0.5714285714285714,6.6216264,12.392697,37.060913,-0.23300068,15.519859,36.116043,21.45492,-0.23201066904022105,-12.737667,0.21428571428571427,0.007890181107954546,0.0059037269551625825,0.019153941761363636,2.5020050134280873e-20,0.006187963134099566,0.010986328125,0.008714052816723399,-0.08589892556760427,-0.001731178977272727,0.21428571428571427,0.046324193741830784,/Users/will/Projects/SpeechEmotionCS3540/datasets/SURREY/Audio/JE_n24.wav,Neutral
3.5848979591836736,13,0.28030825,0.1551643,0.48321557,-0.0054486957,0.12139146,0.2446037,0.14324012,-0.3831123619696979,-0.14129399,0.23076923076923078,154.43623264471637,106.60959660457556,278.2695785127266,0.0,92.5308491752613,229.27947541986927,116.45824967279145,-0.5025461698585331,-137.88038717772332,0.15384615384615385,20.931555673561085,16.540560230744504,44.31265845067011,0.0,22.51925506366238,44.31265845067011,39.47536998248248,-0.36310257203214813,-16.34500962220725,0.6923076923076923,0.5454545454545455,0.3819680025741215,1.0,0.0,0.2945791226549027,0.6818181818181818,0.38970250422652336,-0.34984768372131103,-0.3522727272727273,0.5384615384615384,1592.1261766308257,583.1762491500915,2605.7469431017885,81.01348988798965,673.7200917272686,1633.5850644459126,882.0604248743147,0.6418558009102595,843.2456542500079,0.8461538461538461,2794.3848509888553,850.2742704294885,3620.5144708806815,115.4962713068182,1035.0807039683216,2234.559215198863,1253.7610183930701,0.40403284369626963,667.1622536399141,0.8461538461538461,1536.9827547869538,171.89147518092466,560.4657469768113,11.969350305985339,239.78564896660353,416.8335433049872,322.71331404519594,-0.03575523675994931,-82.73766075205731,0.8461538461538461,-228.07289,141.53404,476.49225,-14.101106,97.57706,211.67603,68.654526,-0.34150276727915235,-112.45749,0.23076923076923078,96.390854,28.63461,110.94667,2.1971943,32.829082,64.870735,45.099945,-0.17585352114523137,-11.677734,0.6923076923076923,-2.6195178,21.349792,72.30257,-0.8388553,17.411064,35.406925,20.748535,0.28302485177181486,14.62809,0.0,46.18602,18.717985,64.7619,3.0430365,18.866467,31.920753,26.469812,0.5581986042799653,21.201258,0.5384615384615384,-12.294811,11.72811,45.069103,-1.1779927,13.205924,30.933195,16.329636,-0.45240429007005784,-11.3260975,0.0,0.07522945804195805,0.04941858459542266,0.19904119318181818,0.004862467447916669,0.05475596590608247,0.14069158380681818,0.07571598100980965,0.7117370450455525,0.08020574396306818,0.8461538461538461,0.8571633769481605,/Users/will/Projects/SpeechEmotionCS3540/datasets/SURREY/Audio/JK_a08.wav,Anger
3.687891156462585,13,0.057552245,0.008893695,0.03375993,0.00079363334,0.010009507,0.023261704,0.010787477,-0.11802655758350562,-0.0045544393,0.15384615384615385,86.23060068915308,68.99703188845578,162.26122073524087,0.0,80.28847061072496,162.26122073524087,128.58363495694076,0.025979455259597484,-6.757006624511931,0.15384615384615385,6.250948819862576,8.400243105843755,28.72672983714207,0.0,10.768465951113132,27.0887749308939,16.392204887251413,-0.21211071775431187,-6.898628853530909,0.23076923076923078,0.3986013986013986,0.3471589560980115,0.8636363636363636,0.0,0.44381268229929727,0.8181818181818182,0.7102871875554349,0.021534339827034985,0.022727272727272763,0.23076923076923078,822.8109509121048,202.57593015058194,609.96654366092,38.58490907161906,260.35459928298025,479.3901186158432,374.0972376592504,0.12036056727195392,-13.035151044097915,0.8461538461538461,1707.259256856425,461.19723312892654,1409.4460227272725,83.72664018110794,572.2253941177385,979.7607421875,765.0053498394407,0.06365714912769727,-97.75584827769899,0.15384615384615385,1261.812389726379,160.53736635639643,558.7577052326687,2.6281287098682355,188.3594813757391,402.7054927381881,266.9365400762736,-0.344377019268875,-169.5063403412912,0.46153846153846156,-411.87805,43.57876,162.61978,9.868596,45.339657,93.328064,55.33765,0.47846122907736494,39.78891,0.8461538461538461,140.28084,27.019423,75.68194,4.244871,22.105555,56.635735,34.898888,0.771353334313828,51.54393,0.7692307692307693,19.812277,13.981891,46.670223,-0.0077064834,14.139681,25.852703,20.448347,-0.6307667457204345,-21.581793,0.38461538461538464,64.85356,16.426493,59.885765,1.3896923,18.161728,40.016773,23.253922,-0.4056461566991533,-18.448158,0.15384615384615385,11.846175,6.2201815,24.00222,-0.51428455,7.157556,11.742618,10.808989,-0.42870274821052035,-7.31481,0.07692307692307693,0.00850565450174825,0.0035974973946275987,0.012806285511363636,0.0005659623579545454,0.003930518268036422,0.008544921875,0.0045354114917382175,0.3145510863816889,0.0022028142755681802,0.6923076923076923,0.6031320173835117,/Users/will/Projects/SpeechEmotionCS3540/datasets/SURREY/Audio/JE_n30.wav,Neutral
3.4104308390022675,12,0.007477553,0.0035941822,0.011326466,7.988475e-05,0.003439462,0.0059458935,0.0043054535,-0.2502989531191859,-0.0021376158,0.4166666666666667,159.3771783103376,64.63410260912839,210.52402672224122,-19.138547883840115,61.38703665102327,128.6975729084436,98.05593314349528,-0.7144156423073498,-89.812482303784,0.0,32.26735219828512,35.90403431552275,136.27717961477825,-1.2166873013709398,54.38222362161893,117.7720261055916,94.38124579478058,-0.2662146462820309,-16.67869758854484,0.4166666666666667,0.7575757575757577,0.17637040495186085,0.5,-0.03719008264462809,0.2555309889874431,0.4545454545454546,0.4347745687362989,-0.3235164057825604,-0.06818181818181823,0.08333333333333333,1023.6118078720689,217.20420507687683,771.4274559532862,-19.181485527601456,242.72481993396246,479.02765201528973,293.4224914891994,-0.4742709897599463,-271.5754130935602,0.16666666666666666,1883.9921431107953,404.95668590656555,1456.9169477982955,-56.502413158574385,434.2355771627532,835.3904030539773,494.86013711740543,-0.48801454386721166,-487.433416193182,0.08333333333333333,1452.7894381582148,249.6075017707836,910.2678130918666,-38.86727324331328,200.87852011312776,379.07315468807997,249.81208034521023,-0.502981862439988,-290.5737310621864,0.0,-596.01605,67.60569,229.23737,3.157798,65.79246,130.35931,63.616756,-0.08855908444539433,-16.242615,0.16666666666666666,143.64604,28.804327,101.02239,3.216609,21.875645,41.530174,30.381079,0.570936057902315,38.180115,0.4166666666666667,26.80242,9.973611,35.166725,1.100864,13.680384,28.116346,23.41372,0.48106603826590466,9.137947,0.8333333333333334,38.51376,10.358505,35.924088,0.37403193,13.050378,21.681484,18.130667,-0.04711326199675261,-4.987442,0.16666666666666666,2.970545,11.364066,35.56836,1.2453246,14.07708,28.602903,20.625353,-0.15042811223968383,-2.326447,0.3333333333333333,0.024149576822916668,0.014138006531428939,0.05564186789772727,0.000673908832644628,0.018830169764701914,0.04088245738636364,0.022378008739644187,-0.20428176312720975,-0.007973410866477276,0.16666666666666666,0.0024810087563254153,/Users/will/Projects/SpeechEmotionCS3540/datasets/SURREY/Audio/KL_d04.wav,Disgust
3.434331065759637,12,0.008658302,0.003462851,0.013670353,0.0004139348,0.0032745777,0.00758331,0.0035058376,-0.0660968019788965,-0.0017362488,0.25,124.75554870818077,42.286490584137695,182.90135273217444,13.467181011449293,55.132021370833954,182.90135273217444,64.1464654996902,0.21349976540447616,8.332257742891898,0.08333333333333333,11.944416216230197,7.049438846553801,21.991676823991686,0.6308847506459013,9.901037510649175,18.579179254903252,17.434714255346222,0.17414756782020335,3.9516333671708566,0.3333333333333333,0.787878787878788,0.3073554965924363,1.0,0.07851239669421488,0.17773399312071542,0.4545454545454546,0.17698111212665255,0.6961651913952408,0.4545454545454546,0.25,771.9999516199347,161.45285050249996,495.298949073852,-14.444030740555656,165.43232209236555,351.9932196585647,256.9664712166513,-0.4866525282385602,-179.7781848195433,0.4166666666666667,1306.2660910866477,369.6992743502988,1206.8381569602275,-67.62493543388429,350.8227321027564,600.4827325994318,498.56982979511474,-0.6183113880489228,-479.9702037464492,0.4166666666666667,1192.3289672985186,233.14232047627587,846.6782388728903,-40.44337501816949,238.6922443576961,499.55610104054733,316.10000325373994,-0.4502751782023997,-205.41466191383506,0.0,-592.2692,56.004875,208.32071,6.401517,44.512024,86.61499,38.373043,-0.11600459947105123,-25.012207,0.25,166.6042,20.431389,70.461685,1.8683097,21.30243,47.28163,28.637938,0.46394277603116896,20.819214,0.5833333333333334,27.538313,16.862144,59.255947,2.0800562,15.566809,33.678276,24.231936,0.6806656314101817,26.420177,0.75,31.973925,8.360687,30.335812,-1.7598662,7.481872,14.508842,11.538736,-0.45423278750498447,-7.071415,0.5,16.74155,12.056685,41.513577,0.35485408,13.625189,21.579157,20.22337,-0.14852749312807087,-4.428134,0.5833333333333334,0.02321185487689394,0.00960985200146279,0.034423828125,0.0010895532024793391,0.00687890411482509,0.015358664772727269,0.006359692394845773,0.02754222201459142,-0.0006048029119318163,0.3333333333333333,0.5436710022205549,/Users/will/Projects/SpeechEmotionCS3540/datasets/SURREY/Audio/KL_d10.wav,Disgust
2.7463492063492065,9,0.1030734,0.044679027,0.14653558,0.0043212073,0.051170953,0.09467732,0.069184475,0.2577099886635947,0.03417977,0.3333333333333333,150.36224284451288,80.64156839628774,201.89365757196745,22.117969656941444,66.24216008200376,196.75349625101336,104.00112935621033,0.6772931116768529,122.23660413924736,0.3333333333333333,8.094341799728584,4.830518219221825,15.153518523105049,1.8941898153881311,4.023765029471109,10.960256164350836,7.340702251998793,0.8343761514824132,8.606927104068994,0.8888888888888888,0.7121212121212122,0.3956837835515332,1.0,0.08522727272727272,0.2887683127175696,0.7727272727272727,0.3759510344449384,0.6574819407738838,0.6212121212121212,0.3333333333333333,732.4935866071173,284.4422654228922,1007.9992270856329,30.746592715470683,395.25630201178507,827.8700233567298,494.8331339103332,-0.18780219832643613,-241.9438306536266,0.2222222222222222,1316.244229403409,582.390030635784,2080.890447443182,88.27389803799716,856.3950258825488,1752.0197088068182,1125.75630437306,-0.030520215463750975,-295.42902166193153,0.2222222222222222,1095.8684556574601,188.56300003683563,567.1983352760669,7.374452242302354,272.87228021660155,526.2414448703375,410.521194705042,-0.3472094218753755,-246.7345466805989,0.1111111111111111,-375.75146,88.73353,273.95032,18.599762,81.038284,159.4136,93.3448,0.5328236270023989,113.8544,0.3333333333333333,140.4441,27.088905,87.34518,-0.08723068,31.919582,56.04727,45.925537,0.520703179018318,42.96869,0.3333333333333333,11.132212,13.901111,52.034992,-1.9472712,14.54082,24.373806,23.754602,-0.7784400383791589,-26.897526,0.1111111111111111,27.81134,12.997451,48.229427,-1.9764444,16.276646,29.785732,23.829653,-0.5551799250704392,-20.400671,0.1111111111111111,13.587504,8.841042,28.386116,0.32865232,8.566682,16.689747,11.193093,0.5158976859574104,10.719246,0.5555555555555556,0.017814867424242424,0.008484268756977173,0.026722301136363636,0.001631303267045454,0.008503139991483681,0.016135475852272728,0.009682996875481104,0.4614386711549611,0.00915157433712121,0.7777777777777778,0.7905102686243267,/Users/will/Projects/SpeechEmotionCS3540/datasets/SURREY/Audio/DC_sa09.wav,Sad
2.683673469387755,9,0.21386474,0.13403077,0.34146538,-0.0023053735,0.10760783,0.18693368,0.092668906,0.1063955823962801,0.048579067,0.5555555555555556,147.3825777276385,80.36588361241175,226.4278429654702,0.0,98.81688040285471,206.74956894499059,88.97566504349845,0.09536146434139446,25.884156906064604,0.6666666666666666,15.61141745818704,12.736674160991516,43.75812146619158,0.0,17.73381082767498,43.75812146619158,25.02078423168499,0.4558931491039993,16.067255607751058,0.7777777777777778,0.5656565656565656,0.34624518183843656,0.9545454545454546,0.0,0.3564633441217755,0.7272727272727273,0.3755021375272977,0.03954528780062221,0.03030303030303033,0.4444444444444444,820.0531344692768,236.7189528229262,821.3695251029264,38.79274532425518,262.21959720855045,559.3511628122105,219.23057646759986,0.35397868591023735,188.59541776880826,0.6666666666666666,1489.8148970170455,542.0208689928562,1754.4666637073865,84.35877019708806,697.3736869079871,1469.64111328125,694.3653500725625,0.2808414563692644,294.1239790482955,0.6666666666666666,1140.3241981363747,190.21047065115937,522.7949151436757,49.0492904447851,214.4728057542289,440.69847732926905,265.6073896114537,0.2941721843742482,86.30714501520879,0.1111111111111111,-295.94235,160.44603,427.17987,2.6775894,134.09079,254.616,62.20689,0.19178726567895413,90.056,0.6666666666666666,142.13933,40.981907,122.70771,-4.0305634,41.693546,72.12301,55.6807,0.022881635119354666,10.12011,0.3333333333333333,-9.3991,31.034536,82.82033,1.2285156,27.177368,48.899147,25.546259,-0.24504210251220596,-25.629063,0.8888888888888888,23.898146,23.95697,75.99828,0.8649039,24.43093,49.612164,30.740847,-0.12812894491707244,-13.224142,0.1111111111111111,-3.477519,10.880972,28.403767,0.120526314,10.385244,22.845383,13.833465,-0.32704582695033096,-12.17771,0.2222222222222222,0.02590356691919192,0.017196724017598187,0.047674005681818184,0.0005382191051136369,0.014265354001329458,0.025346235795454544,0.011833364330488143,0.34040378998984155,0.017348780776515152,0.6666666666666666,0.7212096350442687,/Users/will/Projects/SpeechEmotionCS3540/datasets/SURREY/Audio/DC_a07.wav,Anger
3.057142857142857,11,0.014425143,0.008174451,0.023489833,-0.00044677005,0.0060485066,0.009661892,0.0063403496,-0.4979626533323991,-0.0117658,0.18181818181818182,223.82958794014831,146.12435756255695,480.84968463224305,8.747071665591694,143.69801230424562,344.9633078757438,194.19891754595432,-0.1476223775243646,-25.894173568247567,0.36363636363636365,34.90237476105517,40.2381148054685,118.73992367905406,0.1471071586561891,51.27542379669209,108.80082078251289,76.56633016706465,-0.17348610131490577,-11.926415824467451,0.2727272727272727,0.487603305785124,0.2721004567463525,0.8181818181818182,0.022727272727272728,0.35282215218772783,0.7272727272727273,0.44644864910322357,0.0720355078495592,0.030303030303030276,0.6363636363636364,1095.1231577807798,480.42104820141856,1638.0218460138524,70.86568454436092,459.41271735500493,792.5177388827403,618.6753700115654,0.5260691087552118,883.2686707552945,0.8181818181818182,1847.9848309981921,925.1198457650423,3126.7189719460225,142.85322709517044,876.9984528035519,1599.819113991477,1173.9121500579283,0.4682317526177222,1542.2341086647727,0.8181818181818182,1263.7282065603765,439.2727376476473,1350.3638719426995,30.315021972578712,333.38821855447804,557.8913365470421,308.05845727308457,0.2308950549071509,398.3195369226544,0.9090909090909091,-536.70874,82.00217,257.0279,-3.910553,58.186874,125.82654,26.216938,-0.389213023036328,-81.706726,0.2727272727272727,153.38503,45.395245,135.04639,-2.9456398,33.606266,74.95037,36.375565,-0.19909435508576323,-34.682823,0.45454545454545453,10.720001,14.814284,46.352283,-0.86978513,14.871963,31.362173,16.658182,0.3166761164830649,6.568329,0.5454545454545454,28.348997,28.88715,93.54835,4.744794,24.137428,48.51297,35.418663,0.7323120492833679,59.08945,0.8181818181818182,-4.370321,11.822499,50.82907,1.1682839,16.260572,30.824345,26.415224,0.07937816230229376,-4.467408,0.18181818181818182,0.040390140754132234,0.021354860349413387,0.06068004261363637,0.00043279474431818165,0.026131209234626904,0.05604137073863636,0.030837430348134943,0.28495070031011205,0.028875177556818173,0.7272727272727273,0.676640633283357,/Users/will/Projects/SpeechEmotionCS3540/datasets/SURREY/Audio/KL_h09.wav,Happy
4.683265306122449,17,0.15409803,0.07928353,0.26824614,0.00021942705,0.07978964,0.20010549,0.08093335,-0.05030352246327616,-0.023854584,0.23529411764705882,137.01546179679232,69.51435895574058,217.4137451694013,6.516758657063681,76.17731144881493,217.4137451694013,122.60944894726221,0.04808155294309286,16.36443312924527,0.11764705882352941,12.78691799435287,8.822416037625743,29.957953955566722,0.24586595728155847,11.972067281328087,27.22381289359421,19.005991469351308,0.03357271401690785,0.30420058191285193,0.8823529411764706,0.6791443850267379,0.3473878453243147,1.0,0.02556818181818182,0.3604149747567734,0.8636363636363636,0.5523968975429349,0.13197371560797408,0.15454545454545454,0.23529411764705882,982.8855124438712,463.61783365414436,1588.0237351359533,11.7565923182095,425.0463890900272,942.5460193311736,652.8886048082894,0.2170491122158913,292.32253168229033,0.6470588235294118,1751.2136530748662,968.2269927074102,3037.649813565341,13.366491144353702,783.6830397278574,1645.3324751420453,1170.0613647730086,0.18359631836147866,541.5600585937498,0.7058823529411765,1190.141751580146,279.69137610654457,868.8913487598411,7.9668543570062695,297.98965643968137,517.007896683745,447.2878764583398,0.048196141084086486,61.07527521542045,0.6470588235294118,-296.55606,92.737434,346.7636,3.294613,76.919655,200.76254,51.118263,0.1474240809781307,28.191833,0.17647058823529413,146.3443,30.128447,107.118614,-1.1777487,39.82716,73.51219,61.004204,0.2915930844898839,16.922165,0.7647058823529411,2.1066165,24.200438,86.707184,0.98878336,19.324554,49.980793,22.953257,-0.17704825079972394,-12.397381,0.8823529411764706,29.372263,20.630335,74.93618,-1.0507998,21.178349,52.295544,32.706234,-0.16042767625310952,-1.4266853,0.35294117647058826,0.0065001883,11.717569,39.227318,0.44044846,15.460351,27.743908,24.714684,-0.1926046950331258,-5.3279457,0.5294117647058824,0.025458514371657755,0.010825754356240723,0.039351029829545456,0.0005368319424715906,0.008933889908746974,0.020796342329545456,0.010726466946869852,0.41930090776490253,0.011931818181818182,0.29411764705882354,0.5537586812757233,/Users/will/Projects/SpeechEmotionCS3540/datasets/SURREY/Audio/DC_a13.wav,Anger
2.5538321995464854,9,0.008849185,0.0033217114,0.009859574,-0.00017493509,0.002519371,0.0039281975,0.0018496811,-0.34364216967203837,-0.002876738,0.4444444444444444,126.21318912233318,52.95444194836118,180.92467851161916,12.031535390650891,62.93741367621421,170.41013437997492,64.1521356529041,0.057390743068653154,-11.206147009881747,0.2222222222222222,17.94605304923244,11.481455389130074,32.549426603852105,0.5615801917152097,10.422042822527635,18.220657288637895,12.560236807391666,-0.052870509471592414,-2.0195978640592926,0.3333333333333333,0.5656565656565656,0.25181718913773554,0.8636363636363636,0.056818181818181816,0.22122639015831574,0.3636363636363637,0.24743582965269684,0.5670455250807283,0.3333333333333333,0.4444444444444444,1160.3585278493572,297.0613927224783,1010.83249867021,-53.15241142470899,400.15539317524315,583.600120393575,560.0776804225352,-0.29699896418412,-140.10248666313373,0.6666666666666666,2044.1861239346592,652.9830469688933,2150.3839666193185,-106.87075528231537,865.6882038734428,1175.5171342329547,1143.1024581565064,-0.3347439115479345,-393.4703480113642,0.6666666666666666,1425.1969410242534,206.55670465373845,644.4155943512089,-17.841148135023445,217.45512616657516,315.79928467578975,312.5577871156704,-0.16572626710936947,-64.02745252867203,0.1111111111111111,-562.9275,77.256386,221.65884,-0.80770874,72.08343,130.58466,41.860374,-0.15645026097084652,-31.362244,0.2222222222222222,130.57951,37.785343,114.31641,7.2599792,35.58889,70.706406,42.90927,0.17257266978123337,8.55835,0.3333333333333333,3.5491536,12.441341,38.016552,0.20286393,15.063924,22.703144,15.921075,-0.00227561706449378,0.20993233,0.8888888888888888,51.001,24.261244,75.267654,-2.8673897,26.691238,47.67533,28.618395,0.24987039516681048,21.433407,0.6666666666666666,-5.357219,25.096386,80.02079,3.6526732,17.265423,26.900417,20.449633,0.71867391577419,47.56764,0.7777777777777778,0.019516453598484848,0.010207409949106076,0.029807350852272728,0.000893332741477273,0.009292455828734072,0.015625,0.009347962899054301,0.014129014702054446,-0.00136126893939394,0.2222222222222222,0.6783890625420286,/Users/will/Projects/SpeechEmotionCS3540/datasets/SURREY/Audio/KL_f06.wav,Fear
4.633242630385488,17,0.006936703,0.0026187438,0.010872122,-0.00016986797,0.0028101294,0.0047906796,0.0036281152,-0.11370893803353083,-0.0005142614,0.7058823529411765,122.48764086356368,47.35868652406191,170.6049762483254,0.0,59.4845116969504,170.6049762483254,66.62906087850696,-0.12409041116061943,-16.33280852985277,0.058823529411764705,14.358698435374382,8.427172943987241,27.14987272298573,0.0,8.094040224353112,16.53069009639265,12.30406848404814,0.02971455397511954,0.211741923368308,0.35294117647058826,0.5989304812834225,0.29795743404566055,1.0,0.0,0.28020063649858984,0.4545454545454546,0.32269526089634265,-0.10257855533702914,-0.10000000000000009,0.47058823529411764,1051.302301290686,458.83976529288856,1515.4674797130263,28.917095048409806,519.9705658310189,1196.3177971757739,697.20206226788,0.1392236178808469,268.5581117476032,0.29411764705882354,1822.0889820772059,876.1081168528785,3232.427423650568,88.4880065917969,1062.5226674628357,2281.051358309659,1445.4806590467526,0.15763350651505545,526.2910600142043,0.29411764705882354,1368.1421684531156,306.2880947254153,1154.9833687869464,37.0185871194128,328.42803299330353,639.6941994107713,423.785306154069,0.09873825738471294,115.96019025249666,0.9411764705882353,-594.04675,63.74945,229.59229,-1.3174934,51.002247,108.33191,46.190804,-0.04659392632890382,-2.6975098,0.7058823529411765,145.17403,36.78022,112.407135,-0.7674861,41.69219,82.48243,52.998894,0.07205556871735959,0.21376038,0.5294117647058824,22.663054,12.757523,58.34192,-0.39578152,14.109023,33.65541,20.977457,-0.4687495240088492,-15.674431,0.23529411764705882,39.098267,16.791243,70.65924,-0.34099507,21.297176,40.158848,32.740604,-0.22307128556599884,-5.5278053,0.29411764705882354,-2.2455177,14.795376,48.6335,-0.26800418,17.842056,35.41832,27.249178,0.4303138368853584,14.716635,0.47058823529411764,0.03485727565173796,0.028213548227013045,0.09297318892045454,0.0,0.026562043419281183,0.05992542613636363,0.03460872842441212,0.06607281887849624,0.010546875000000002,0.35294117647058826,0.5340464190070405,/Users/will/Projects/SpeechEmotionCS3540/datasets/SURREY/Audio/KL_f12.wav,Fear
2.5214965986394557,9,0.0060631516,0.003808094,0.01052932,1.1472497e-05,0.0033000924,0.0058168755,0.0033748336,0.31660977599695267,0.0036970193,0.4444444444444444,104.67633565401071,75.01543618130958,179.5352262398571,0.0,85.06538771705243,179.5352262398571,114.51159097976925,0.21567482806272048,42.8291409544017,0.2222222222222222,11.497117715660785,8.679300986489698,22.070124908032156,0.0,8.655330407948508,18.078647516388017,11.360390298000137,0.34146290180346706,7.048904234227353,0.5555555555555556,0.5050505050505051,0.40849813644224636,1.0,0.0,0.32619772941834824,0.5909090909090908,0.288358484560708,0.21068956968070557,0.2727272727272727,0.3333333333333333,1074.906386518454,330.352929740619,991.1669009835732,2.951654559441124,517.760013777667,913.2548761754465,891.3411491068304,0.08754235934136889,67.68492060976246,0.6666666666666666,1783.2319779829547,557.4045952495794,1813.6829723011365,9.910167347301126,895.3644966193193,1568.008700284091,1546.5535246695767,0.11659621644667957,158.39954723011374,0.6666666666666666,1533.199328244683,369.56485307447605,1157.417465403706,-5.016737180471296,348.2076501768585,580.5294107048067,425.2167254900576,-0.28110727619630776,-309.39998737233145,0.0,-624.99146,90.92884,232.73761,-0.062416077,79.48342,153.70746,69.778885,0.3031865549797352,81.30908,0.6666666666666666,130.14476,27.802141,96.346924,-0.8796959,32.097992,52.047195,47.547318,0.202040940265856,17.43132,0.4444444444444444,22.098902,15.378187,52.788605,-0.6977031,17.685385,33.9031,22.924643,-0.5034942966609595,-22.849092,0.4444444444444444,41.03923,12.686666,42.178085,0.21053243,18.157698,32.938652,31.046883,-0.10393929199381104,-4.067486,0.5555555555555556,-1.7874666,10.698296,34.549805,0.86193955,11.089913,19.89885,16.807543,0.39732103490813314,12.987056,0.7777777777777778,0.03908469460227273,0.034864923560391746,0.08766867897727272,0.00017200816761363605,0.04171189382745716,0.06906960227272728,0.06521787612504591,0.16258575529852662,0.015632398200757572,0.5555555555555556,0.8010698123525237,/Users/will/Projects/SpeechEmotionCS3540/datasets/SURREY/Audio/KL_f13.wav,Fear
3.185079365079365,11,0.010364187,0.005298271,0.017088585,0.00010522855,0.0062001604,0.014800508,0.0072779343,-0.5110455933930583,-0.009112686,0.18181818181818182,140.33234395685693,121.77815728975935,456.92510004455414,0.0,185.1613170367813,456.92510004455414,323.01573960686187,0.03723243814808882,33.81228414320019,0.7272727272727273,11.719927584240958,9.959752251059571,31.788555758125618,0.0,10.953097411884047,30.021037178641116,18.128995289431895,-0.2521704952513883,-8.102689810446854,0.18181818181818182,0.4958677685950414,0.3755559592562566,1.0,-5.551115123125783e-18,0.2966757976741949,0.6818181818181819,0.33638031929993356,-0.1948489201789819,-0.3181818181818181,0.5454545454545454,1224.4644154668529,498.8231619470733,1321.7427830615457,-5.364065051176226,622.650775530847,1084.4480527709684,790.3397141754597,0.34271445986694554,771.7809799942657,0.7272727272727273,2062.6495109116736,811.4668643633391,2275.1786665482955,-6.313143643465901,964.706598025824,1584.158602627841,1230.6720391336635,0.3430618607320683,1217.2784978693182,0.36363636363636365,1342.569494870739,229.12707946185714,794.0241938517446,-28.89751220372782,303.28676488481057,498.81280734274947,398.86073210594105,-0.006080499706548887,119.7451403094467,0.0,-544.514,59.098198,221.83774,4.449829,64.98922,159.92639,55.600483,-0.09554960148483677,-18.164062,0.18181818181818182,142.13947,32.582096,92.00491,1.9809525,42.995476,80.79518,62.240913,-0.17884304476860594,-34.88761,0.5454545454545454,5.0249553,15.299744,53.262558,-2.3656518,16.354155,29.606043,17.548334,-0.4589028851323907,-24.20589,0.0,34.262444,21.876904,66.1382,1.661081,21.96103,35.322006,28.424767,0.6703930428332504,48.023163,0.7272727272727273,-3.6916213,12.595176,43.835747,1.3103993,15.163064,28.297455,18.427387,-0.14751867513627187,-2.6992166,0.9090909090909091,0.052375225981404955,0.03609874209707047,0.10782137784090909,0.0009876598011363633,0.04314725356056924,0.07670454545454546,0.053214163170092775,0.3321156899040043,0.05399946732954544,0.7272727272727273,0.1543108924586618,/Users/will/Projects/SpeechEmotionCS3540/datasets/SURREY/Audio/KL_f07.wav,Fear
2.1142857142857143,7,0.014892034,0.009160057,0.027899709,-0.0010376807,0.011925243,0.021673625,0.015282595,-0.5167363036463019,-0.012518852,0.14285714285714285,168.70461109435382,138.32687012397852,423.95276840595955,-43.98836922141593,156.7559991973263,289.92591631785933,310.89339864301047,-0.7609026729318559,-234.76927774180376,0.2857142857142857,17.9442661530493,16.96640350547876,51.70166313178168,-8.616943855296947,19.180431469934277,35.481934014946475,35.708554373922404,-0.7899565894418534,-33.96069612430844,0.0,0.4805194805194805,0.34002668731392327,0.8636363636363636,-0.13636363636363638,0.38747611674377036,0.8636363636363636,0.7015920502390814,-0.7161393578548165,-0.7727272727272727,0.5714285714285714,1137.366052998207,249.82212086137162,719.3982359101456,82.41238468811969,347.14295303395846,522.7552627477098,555.3325699430791,0.30562117411301415,323.4592365850518,0.2857142857142857,1996.0859818892045,494.11795062352724,1282.2043678977273,188.0892666903409,662.9260222216085,1037.9982688210227,1028.2752536299047,0.38655205300194145,706.9252707741475,0.2857142857142857,1413.8220245331354,304.86476880026044,887.3618081572482,12.151454680327864,435.1734816966193,735.7995084209015,509.77963068907604,-0.14101909663051296,-33.01283129062358,0.8571428571428571,-540.11707,78.34025,234.18533,-9.37088,92.59549,162.8227,76.73386,-0.22862626249945225,-40.455444,0.2857142857142857,130.36588,40.211185,119.31587,1.2976774,46.0806,79.646614,46.64729,0.39659653572793824,31.511734,0.5714285714285714,15.49998,9.756987,29.265736,-4.6131115,8.132434,16.8254,12.276385,-0.8733013911171109,-20.059502,0.0,32.07687,20.600653,58.60089,7.1605434,30.233063,51.95555,44.316956,0.2811800741203252,18.717537,0.8571428571428571,-5.1078362,10.548727,29.685513,0.5174157,12.643271,25.169765,11.596415,-0.19132777800119896,-3.6183977,0.8571428571428571,0.03845056310876623,0.024516165699406595,0.07550603693181818,0.000676935369318182,0.026596255189856192,0.04083806818181818,0.026694832811918326,-0.1209228542705849,-0.001853249289772728,0.2857142857142857,0.6335123526902002,/Users/will/Projects/SpeechEmotionCS3540/datasets/SURREY/Audio/KL_h08.wav,Happy
3.3151020408163263,12,0.137006,0.05547869,0.17177641,-6.534159e-06,0.05194134,0.11339773,0.05209614,-0.1541235790377867,-0.026102021,0.5833333333333334,181.81586878201048,101.4301482031084,467.51089942449823,42.50099085677257,115.03878585271126,359.70259981370884,134.40869891563713,0.475603227166962,78.06457913250696,0.9166666666666666,13.047438780286805,10.01399060354461,32.2898900578887,1.6148698540002277e-16,13.779776312802124,28.326260171085593,23.53933340347827,0.02872161694727141,-0.6921192725955674,0.75,0.5719696969696969,0.2679238187161518,0.9090909090909091,0.02066115702479339,0.2922513175220979,0.45454545454545453,0.35805373806014507,0.10033984763349013,-0.011363636363636354,0.5,1051.779590635785,489.07372524129426,1478.4784204592681,46.89325815430981,509.69381429259,915.3763379847346,586.8649747042006,0.18176252116540842,144.67553464233072,0.25,1903.5677823153408,958.1863876236084,3080.226828835227,117.18689469266528,993.2481274028571,1791.170987215909,1133.9748309977465,0.2391193455417739,403.6252108487215,0.8333333333333334,1202.9361079137664,295.7792759383367,999.9259150914106,35.878394866551794,308.93584619350554,590.4018125624848,409.2602191674562,0.2667581566428932,131.33359678686224,0.8333333333333334,-311.6304,107.30414,339.237,5.1183915,92.847694,210.4606,60.247433,0.006976470280007387,-5.7405396,0.16666666666666666,144.02318,33.310234,119.02564,-1.777006,31.978298,69.14878,45.83731,0.037613714085684,8.880058,0.6666666666666666,0.5225757,16.218374,55.73675,-2.924915,15.771241,29.923826,20.54911,-0.02835596128200684,0.07749462,0.0,33.834644,13.313068,44.42126,0.85703886,13.616953,29.773788,18.607775,0.17710606239630813,4.9611664,0.8333333333333334,0.7511136,10.143773,34.05752,-1.1183238,12.966407,21.694439,19.513157,-0.47738769723558944,-9.142854,0.08333333333333333,0.029792554450757572,0.019807540298935996,0.06081321022727273,0.0,0.01737218411817988,0.04456676136363637,0.02108310177320042,-0.271386968109118,-0.015797008167613636,0.25,-0.06960251855987842,/Users/will/Projects/SpeechEmotionCS3540/datasets/SURREY/Audio/DC_a12.wav,Anger
3.7360544217687073,13,0.14359051,0.049330823,0.17496815,0.0021046672,0.05962777,0.13326132,0.05975015,0.10548349019048231,0.010496005,0.15384615384615385,154.17389097508848,67.30592089503877,220.05146685445067,18.33762223787089,91.48056608283896,189.59097974063835,143.12432006553848,0.17817686924892573,6.555502512554256,0.9230769230769231,13.760710813566483,10.36312816175086,40.6028986550184,1.2205184564080405,16.28740306717202,40.6028986550184,28.325685365836044,0.24995680818402607,3.2467276138549117,0.8461538461538461,0.5000000000000001,0.2835834628810016,0.9090909090909091,0.026515151515151516,0.36948811164429185,0.6363636363636364,0.6136050580544421,0.06590510302208905,-0.022727272727272763,0.5384615384615384,1114.7074110306967,430.13862799751683,1550.911069014288,114.61233047035239,371.2310659753348,745.5006130823206,571.184202470387,0.6041670443875283,596.290702554723,0.8461538461538461,2020.8082932692307,806.4819362708993,2719.545676491477,209.58168723366475,645.6228909786923,1277.7998490767043,905.3637920624717,0.5600948706962665,1056.9621693004265,0.23076923076923078,1241.0810822598894,210.977124218937,703.7816101259583,58.64846751049652,210.11030566742429,377.1887012966488,321.11203843297733,0.5003755637962315,240.89051041898756,0.9230769230769231,-289.28223,93.322945,371.01367,15.524914,86.86667,204.1261,67.29986,0.39563815766033894,86.47261,0.7692307692307693,134.85329,34.195675,152.27405,-7.0817833,40.089886,92.05327,50.02117,-0.11718948955784249,-2.1535645,0.7692307692307693,-1.2435894,18.98512,60.270382,-1.452185,17.464046,30.832191,18.68463,-0.2522239678655579,-15.419167,0.0,30.484833,22.380838,79.36008,1.5533856,27.453793,38.380585,36.30082,-0.04874494704263062,-7.3974113,0.3076923076923077,-1.1255913,16.698093,63.955887,-1.6798129,16.923244,37.182533,24.521944,-0.4495839463096556,-23.170158,0.5384615384615384,0.028619085992132868,0.01251745785947984,0.04580965909090909,0.0018088600852272727,0.012370949240657191,0.024103338068181816,0.014662456246462162,0.42940702901368055,0.013250177556818177,0.8461538461538461,0.10639684790499607,/Users/will/Projects/SpeechEmotionCS3540/datasets/SURREY/Audio/DC_a06.wav,Anger
3.0608163265306123,11,0.09303179,0.030734917,0.09918988,0.00011753924,0.034641042,0.05667848,0.04229362,0.08537379454229647,0.0032835156,0.7272727272727273,157.05819833102763,75.37488884846954,219.64977560097674,0.0,86.2735827878912,219.64977560097674,81.74396138850052,-0.12761320264433698,-27.861360719479578,0.09090909090909091,9.83943159245377,8.831793768752906,34.5395109911819,-1.7763568394002506e-16,14.464682227583333,34.5395109911819,22.003337292856948,-0.2709519152760314,-5.907756111780037,0.09090909090909091,0.6487603305785123,0.3390948469244404,1.0,0.0,0.35617341862108604,0.8636363636363636,0.31548480175235183,0.1541428680154348,0.2121212121212121,0.7272727272727273,835.5930616960504,374.5566887880244,1069.423345660668,2.2150858619648717,293.43701320492306,394.2237915462648,326.72244506050043,-0.19816350137352276,-194.60176538156617,0.2727272727272727,1481.5199670712811,760.9316604442854,2255.1136363636365,7.6834383877840935,615.1599087421456,947.9503284801137,664.6298863115043,-0.2123297287632854,-431.15345348011374,0.2727272727272727,1150.2528459349057,165.30734952630883,474.9586086227432,5.682348010009423,166.7533580355273,268.18595623196757,244.65320626715314,-0.31488863463767086,-147.79483833506322,0.5454545454545454,-381.415,95.88077,279.1272,-1.8323853,88.24963,168.47449,63.249172,-0.08061516019398987,-19.41977,0.18181818181818182,124.05393,19.50785,66.109215,-2.6497407,32.164856,46.086464,56.573303,0.0706665327260603,6.7458496,0.7272727272727273,5.6654677,14.683138,42.382637,0.71949273,11.406225,21.24333,10.558114,0.10640051581473467,4.992072,0.9090909090909091,42.44777,16.02923,52.354843,0.20917931,20.19289,45.133022,33.750042,-0.12841503256940356,1.3879299,0.2727272727272727,14.836899,12.265916,39.041576,-0.95494825,14.581029,39.041576,16.534704,0.38094587558106446,13.873699,0.8181818181818182,0.01872215586260331,0.010675783495364716,0.03673206676136364,3.995028409090901e-05,0.009768997997037473,0.014137961647727272,0.010505463021299644,-0.022830650560263017,0.0014944365530303004,0.36363636363636365,0.8236184206309626,/Users/will/Projects/SpeechEmotionCS3540/datasets/SURREY/Audio/DC_sa08.wav,Sad
3.1700226757369614,11,0.007510406,0.0029134331,0.008724786,-6.80611e-05,0.0028540501,0.005911435,0.003740722,-0.4813393390115516,-0.003339904,0.2727272727272727,80.46960478116654,62.21880073667149,153.7960605261911,0.0,60.93527316719626,153.7960605261911,91.47808113743939,-0.09562227900457294,-13.410433312735968,0.18181818181818182,8.560772409637591,8.492877891260797,22.295369817767632,-8.881784197001253e-17,7.217928342016235,15.430389840705816,10.319669088681799,-0.2287421069330819,-3.625392577892227,0.45454545454545453,0.5537190082644629,0.42543926202425625,1.0,0.0,0.37150575894004634,0.8181818181818182,0.5191467181518732,-0.043000658178376575,-0.015151515151515194,0.2727272727272727,711.2804797579175,159.6849304494408,471.0213244159088,8.230081059624467,203.74477844257802,407.94497228799946,266.440094932991,0.3726577439762504,257.64612134070137,0.7272727272727273,1239.5828625387398,387.4589624871461,1067.8511186079545,25.056818181818176,510.9530958646823,896.0748845880682,719.6286658944565,0.40011031460786023,639.1446200284091,0.8181818181818182,1257.8400968163714,163.82434389775707,439.0103072170782,-8.114562901491173,194.72289437765764,423.9272240577134,301.1547214059316,0.11652926288435249,96.82517568616095,0.7272727272727273,-609.05707,50.552998,184.74228,2.7169557,46.53467,73.40466,49.175262,-0.29414684137893354,-27.096191,0.2727272727272727,152.5765,21.617369,74.808655,2.794635,20.455593,34.176743,25.883389,0.02445561761239742,-1.686615,0.2727272727272727,23.96625,14.998167,50.142784,-1.5691564,19.029724,32.826492,30.452784,-0.019936015096253246,-8.495132,0.6363636363636364,42.4019,20.51577,68.58999,1.7005908,23.813183,40.05176,34.667965,0.5770430706866575,35.673508,0.8181818181818182,11.122754,11.408452,38.411034,1.0720851,15.863828,34.494736,26.431505,0.21599824346264945,8.635694,0.36363636363636365,0.012616622546487601,0.007960146649219424,0.02936345880681818,0.00078125,0.008226595124065355,0.0166015625,0.010889929254134807,-0.06684973092973298,8.138020833333391e-05,0.2727272727272727,0.5909019886248948,/Users/will/Projects/SpeechEmotionCS3540/datasets/SURREY/Audio/KL_d11.wav,Disgust
2.919092970521542,10,0.0079298895,0.003674315,0.011369202,0.00027550923,0.0040022745,0.00603445,0.0058254,0.14100163240214827,0.0017202748,0.3,180.762535639402,126.81882491207251,460.9149779612225,40.753673203283945,180.04867626323863,342.31167510516656,307.3420925585284,0.31165089065051194,88.24864512051332,0.4,11.958989194684829,10.18107177329884,31.70264784484436,3.5225164272049287,14.385308114796116,29.050241493850066,23.55464031927419,0.4992110551638011,13.824970690607454,0.9,0.55,0.29137037291886086,1.0,0.07070707070707069,0.33340984735553547,0.5,0.4668435750374198,0.4861026519727108,0.34848484848484834,0.7,816.5051065601149,384.92762049753884,1164.165631680225,-11.92730141017479,414.15542572651646,916.9263603282235,559.1659475678022,-0.586965616016247,-682.0832384686939,0.1,1185.4517711292615,621.8420659631404,1963.4366122159095,-31.21226917613635,649.804374636889,1423.1489701704547,887.2349051814103,-0.57697327605509,-1074.539462002841,0.1,1197.7505618353978,351.54326171283776,1160.1340253865287,-64.31138236645818,321.39428339694274,542.1804235769358,431.84431669389625,-0.566454585036976,-511.126312887347,0.0,-617.34717,47.792225,155.60016,6.9058633,59.625343,106.28638,80.23662,0.20968427346455829,29.229431,0.7,148.76878,28.19866,85.90653,2.808459,25.783548,39.310806,35.019165,0.6294769143188113,49.13315,0.7,43.684704,16.302624,48.012405,-1.0515429,18.923197,25.987663,25.518099,0.20265308750623512,9.161678,0.7,32.782845,12.163628,37.381557,-0.6999156,9.603276,17.817825,11.266988,-0.6666194568938969,-22.521585,0.1,5.093066,18.501259,65.45051,3.848581,18.887913,25.219872,20.341785,0.5688253850394386,26.483814,0.9,0.0298095703125,0.02612857221863312,0.07648259943181818,0.0008853180239898989,0.03180542253181949,0.07648259943181818,0.03658845976472215,-0.44855811457229156,-0.037405303030303025,0.1,0.19510559856303794,/Users/will/Projects/SpeechEmotionCS3540/datasets/SURREY/Audio/KL_d05.wav,Disgust
3.640498866213152,13,0.053872965,0.00852188,0.026492126,0.00020273899,0.007066481,0.015719868,0.0073677134,0.4718247474042677,0.010021813,0.7692307692307693,100.31151633283562,55.927998487667246,153.34479162834785,0.0,56.68214187375389,153.33967058543683,74.16995978730841,0.14134966210807245,15.263774098044365,0.23076923076923078,4.742022050000518,3.8371256045816957,13.531765868093302,0.0,4.5134287359047205,11.613595266530098,7.61330822915066,0.2674867388109164,4.161447377872456,0.3076923076923077,0.5174825174825175,0.34549984131568184,1.0,0.0,0.27082671108665873,0.6818181818181818,0.27971269422761064,0.5057823888750179,0.45454545454545453,0.7692307692307693,576.2014139633947,242.4026121745575,841.2374806065358,-2.5883768037804913,228.98674880338461,527.1812473409136,334.75064682603136,-0.12828478661241993,-50.12853483784238,0.38461538461538464,1087.6526305725527,592.3594200547253,2065.719327059659,-11.378340287642041,599.5107796019969,1377.146218039773,890.9769213565156,-0.1124401148953067,-72.91925603693176,0.38461538461538464,1029.1748065797665,227.6593371905952,737.1544294431602,-10.298669369937594,225.6764145868289,609.9024536927917,349.23406853949956,-0.4958330981300947,-258.5340999299757,0.38461538461538464,-443.56055,63.757595,187.54205,0.70318604,50.424313,107.6387,51.585453,0.15766668865298847,22.368622,0.23076923076923078,162.31833,35.873905,96.0381,0.8926048,34.148365,72.47033,42.88458,0.5721946102865919,49.753403,0.6923076923076923,21.091793,15.668018,55.053066,-0.3949593,15.789703,40.628353,23.672373,0.45950545183997316,19.1264,0.6153846153846154,43.00074,18.884207,74.75654,-0.68070275,17.032576,29.246552,23.278822,-0.19206876093133665,-2.568863,0.38461538461538464,7.1965685,8.9025345,37.580784,0.36868706,15.408728,33.461193,28.518194,-0.09942143038810268,0.5019336,0.3076923076923077,0.007245684003496502,0.004519226653766452,0.013560901988636364,0.00010357481060606058,0.003475237378826491,0.007412997159090909,0.0032290081174458562,0.5034173135593983,0.005570845170454546,0.6923076923076923,0.8363927661569441,/Users/will/Projects/SpeechEmotionCS3540/datasets/SURREY/Audio/JE_n25.wav,Neutral
4.00421768707483,15,0.24790858,0.12831111,0.42318466,0.00025716424,0.10628104,0.2254153,0.10585995,-0.3888658568599346,-0.1256594,0.13333333333333333,168.86779245327835,92.98082473018877,281.032231347702,0.0,86.72952827965004,281.032231347702,100.00304714791251,-0.48189518810569576,-102.81221657017824,0.06666666666666667,22.447257643864834,16.027543386823698,47.95867714236718,0.0,13.972354898709451,33.636531598169114,19.49088556622185,-0.07264025043252369,-5.547428746012756,0.5333333333333333,0.6636363636363637,0.36582673645036984,1.0,0.0,0.32369983326271473,0.9545454545454546,0.4321542533001504,-0.04409659615423375,-0.027272727272727226,0.2,1495.5880598246704,579.4687254651557,2152.4914098787444,80.25264041643113,662.0527001467364,1248.6873716095406,1025.2973158310879,0.6578000205685981,949.9893874918292,0.8666666666666667,2620.5255681818185,900.7957438405984,3135.528009588068,98.22776100852272,1062.8318509609019,1904.7096946022727,1608.300376500119,0.6097536434206592,1433.03466796875,0.8666666666666667,1478.9779660404315,204.67408722707785,752.235285908838,-3.354282279704161,278.171181374948,488.28185248594673,448.38021176792233,0.4188098456882064,285.2698731044918,0.6666666666666666,-234.05667,136.89381,464.20245,0.41533116,115.56188,288.22113,81.28841,-0.21056802868819663,-69.472855,0.13333333333333333,114.094734,31.379534,124.20647,-3.2033036,39.350266,67.78049,62.45249,-0.48895393656516906,-41.335487,0.5333333333333333,-1.9593701,20.80052,72.97792,-0.3724417,20.517078,43.785217,27.376925,0.5448636419144164,30.17498,0.8666666666666667,49.129696,17.521189,54.5179,0.32507977,13.365377,34.47552,16.713055,0.7600081710797049,34.76098,0.8666666666666667,-13.72861,12.438508,53.107323,-0.99521124,17.426313,31.683865,27.604012,-0.06963092810110497,-0.435318,0.6,0.06977391098484849,0.042064465362699296,0.1586026278409091,0.00570718344155844,0.04800575557277487,0.08382901278409091,0.07495451178463798,0.6705954408684921,0.07075639204545453,0.8666666666666667,0.8641452850507967,/Users/will/Projects/SpeechEmotionCS3540/datasets/SURREY/Audio/JK_a09.wav,Anger
3.4748299319727893,12,0.064919986,0.02477688,0.084495604,0.00038966842,0.026230654,0.06414369,0.037297063,-0.28123351510173716,-0.026793223,0.25,102.91516133900278,117.02932105903285,426.6153081042325,-5.167583532800729e-15,159.88226858337825,426.6153081042325,282.45392772294616,0.3120252231780801,107.44647518714316,0.75,6.831235943927086,6.94829138384674,18.638081177736375,0.0,9.21188663891574,18.638081177736375,15.71889148886072,0.10977495949472821,1.7424402662604823,0.25,0.37499999999999994,0.3467305977816445,0.8636363636363636,0.0,0.282204480644031,0.6363636363636364,0.4040088371507086,0.05221682402788511,0.03409090909090909,0.3333333333333333,750.2797005477108,328.1715967740282,1102.1801056531253,30.25937746737204,286.55418953008393,439.311928132077,312.90353078611645,0.6335651228404604,590.1133437863981,0.75,1500.5543101917613,844.6534080555891,2694.586736505682,92.80632586518597,764.8043141851448,1009.6135919744318,917.3213302644024,0.6418828394713288,1535.464200106534,0.75,1225.8160304059077,277.9568495687652,842.5076094127763,17.321498576846672,297.1176773913589,565.4239484331518,409.4482209596769,0.5742669874349494,515.1206599584214,0.75,-419.43076,71.066376,242.2052,8.501043,59.46443,154.89288,68.554,0.3153382603070523,41.37265,0.25,143.49275,21.811857,70.92524,2.9315658,29.28024,47.70965,44.231754,-0.010698636284253086,-14.212524,0.25,22.992516,12.683437,43.372406,-2.0778947,16.812218,43.372406,28.687763,-0.5357766944306603,-19.811516,0.25,51.950027,21.043432,62.74772,1.1974907,15.648849,30.080574,20.536514,0.6050175453917891,36.756454,0.6666666666666666,8.318416,12.155542,45.234356,1.0467049,13.436281,27.198368,18.960686,0.3018795283610484,6.9002423,0.5,0.009506687973484848,0.005902146205846598,0.021395596590909092,0.0005165289256198347,0.005792772569392018,0.014581853693181818,0.007869643882869481,0.022603625785993477,-0.001975319602272728,0.25,0.0978896925076451,/Users/will/Projects/SpeechEmotionCS3540/datasets/SURREY/Audio/JE_n19.wav,Neutral
3.394285714285714,12,0.09534835,0.06439873,0.18339102,-1.9977715e-06,0.03979559,0.06711309,0.03633045,-0.035211948562115174,-0.012447163,0.5,172.45568650595393,123.7785100896167,287.9862441661452,0.0,103.19476443971143,265.4491168677686,146.45937818486166,-0.058242255275705285,-27.47860727417293,0.5,18.24246757179142,15.546112378694257,38.996716506053055,0.0,13.097413352822297,34.91680301326933,17.927994680759575,0.24921923408329066,11.85921938705956,0.6666666666666666,0.5340909090909091,0.428063822769031,1.0,0.0,0.26926172822553573,0.49999999999999994,0.2626942413963616,0.01409849781459381,0.03409090909090906,0.3333333333333333,1379.8256735599198,642.0285489943805,2266.7183784689705,-39.502302901269,685.4935036080124,1801.4320798279875,753.4168301382678,0.45159182278177995,887.4042848867053,0.75,2323.3836780894885,1051.4610574350706,3700.774591619318,-77.54622530346073,1127.8071314102635,2716.6093306107955,1309.1407546480227,0.4003204346673949,1378.2473477450285,0.75,1519.9001159961224,221.7614968220628,709.6375988701905,-24.980389052252576,260.53010802954805,509.8862319501011,362.4379247803994,0.3021517634188408,246.7123637984339,0.75,-369.24655,122.99983,347.06848,-3.420449,80.16089,155.8276,51.99175,-0.1568357267010107,-51.23062,0.5833333333333334,108.277405,29.673834,96.56622,2.070328,36.042694,84.538376,46.33297,-0.3929756171534959,-38.941086,0.25,12.805789,10.750847,34.5734,-0.2086502,10.929191,23.134537,14.181358,0.39696933739444185,14.619392,0.75,43.950012,17.695438,56.822598,-2.103951,15.938056,30.84601,16.596172,0.4352867998461962,26.635319,0.6666666666666666,-15.102374,11.379334,39.092438,1.1254734,14.7577915,39.092438,18.680573,-0.27276090866083613,-7.130725,0.9166666666666666,0.04327947443181818,0.028798303967547328,0.09403852982954546,-0.00016141528925619914,0.026479314935160782,0.05919300426136364,0.03170342869437161,0.4335630725301771,0.03184370561079546,0.5833333333333334,0.9104801014244641,/Users/will/Projects/SpeechEmotionCS3540/datasets/SURREY/Audio/JE_f04.wav,Fear
3.0597732426303854,11,0.15086243,0.089786686,0.22200888,1.2896955e-05,0.0663207,0.12992357,0.07405401,0.036474877033512494,0.012432024,0.5454545454545454,187.84886340127724,117.37216604257947,314.3396637272268,0.0,125.17681310936857,314.3396637272268,168.82400455058027,0.163252918600071,58.553228593947566,0.18181818181818182,20.617401711598646,18.01422164179097,57.11505572030147,-3.552713678800501e-16,23.616096992545916,57.11505572030147,35.46245199617157,-0.034590081630703366,0.5149467361041147,0.18181818181818182,0.5867768595041322,0.4235083628204614,1.0,0.0,0.2845904698636096,0.5454545454545454,0.23122268974261811,0.2036416367602448,0.27272727272727276,0.36363636363636365,618.7577330463778,213.42494321970509,632.4995985508355,-3.987769650930056,172.54571249143982,329.481105713397,168.92094510622886,0.33244250311755214,198.5183943407692,0.7272727272727273,1005.3870335098142,441.3861851844885,1474.5350230823865,5.676935369318175,410.9389687484839,935.2261629971592,433.58333261856177,0.4507066321846788,557.2531960227274,0.7272727272727273,1102.3154524158588,141.87193836804457,477.55678045386924,-10.021074488094438,153.52080492715217,239.27356401630107,221.33988659196626,0.40094261435027745,158.323784786759,0.7272727272727273,-364.7128,128.5603,356.9745,-3.8984253,89.677895,145.95529,64.83092,0.11206587015780381,41.79959,0.5454545454545454,130.33702,19.261889,74.08691,-1.4668556,20.557833,34.65789,33.118507,-0.49639387375038085,-22.913254,0.45454545454545453,11.508488,13.791616,37.76249,0.55249226,15.9707575,29.715965,22.380615,-0.12409522524787439,1.1517372,0.2727272727272727,32.813538,17.640509,55.02701,-0.7694664,15.278599,32.77501,16.369701,0.5582176750460748,25.118221,0.7272727272727273,-3.30324,12.957966,47.45045,0.44409657,16.070957,24.906921,23.792624,0.21523111766447653,6.473775,0.8181818181818182,0.016524890237603305,0.013173730424673898,0.03453480113636364,0.0,0.008965449080856322,0.014825994318181818,0.00852285000434071,0.1551325203172779,0.00458688446969697,0.5454545454545454,0.7313336608263606,/Users/will/Projects/SpeechEmotionCS3540/datasets/SURREY/Audio/JE_f10.wav,Fear
3.140952380952381,11,0.06704214,0.018474856,0.061971962,-5.532801e-06,0.017484134,0.022765893,0.018537851,-0.08102200874550489,0.0044338405,0.36363636363636365,103.64749925140107,65.40347798520762,171.24465220454763,0.0,76.79314055952595,171.24465220454763,104.19990711490041,0.24414252000880224,49.409857736861106,0.18181818181818182,8.911268845979167,7.369789106313926,21.001422117540425,-4.4408920985006264e-17,8.74679048909412,20.75948437520492,13.00509240379321,-0.0797781186831777,-0.44912184909965713,0.2727272727272727,0.5082644628099173,0.3487759974546974,0.9545454545454546,0.0,0.30424000964875475,0.8181818181818182,0.3982540202770975,-0.014986424701137093,0.045454545454545414,0.36363636363636365,1099.241907904179,531.609355774847,1947.2619877095262,26.249384495112167,566.3658293209603,866.7081891560842,678.0536473503363,0.20576863377285187,5.273460002581146,0.5454545454545454,2108.2073621513427,1069.9058158617847,3952.8109463778405,70.37442294034096,1118.9094819590146,1925.2641157670457,1344.5930269509363,0.25715664779888836,217.12646484375,0.5454545454545454,1387.6183133688517,343.9070352281861,1208.7656355535132,26.0907276635942,382.67469814384486,721.6803577586757,493.9049262046735,0.26743002465814675,30.398047977983424,0.5454545454545454,-380.08737,90.59394,294.16052,3.631616,83.72512,178.7023,72.44858,-0.038762925353233606,-10.072815,0.45454545454545453,127.66206,25.08335,85.420265,-2.4595542,27.39166,46.8143,38.302814,-0.4179147386980214,-9.981628,0.36363636363636365,11.802768,15.476296,41.400143,-3.7413948,22.42131,40.050163,34.53725,-0.10927489391257746,-0.28368664,0.2727272727272727,46.745876,14.547933,45.184265,0.5299841,9.599779,16.569593,9.216787,0.3092591554517127,9.310308,0.5454545454545454,-7.613208,12.7157,39.191536,-0.55757236,15.666342,24.265715,19.274761,-0.25168369888323766,-1.4343262,0.36363636363636365,0.00989475723140496,0.006217282641491946,0.020840731534090908,0.0,0.006720751321903305,0.011008522727272728,0.008749173092336566,-0.1922170235472144,-0.002012310606060607,0.36363636363636365,0.691946728502863,/Users/will/Projects/SpeechEmotionCS3540/datasets/SURREY/Audio/JE_d06.wav,Disgust
3.0103401360544217,11,0.05805113,0.020523641,0.050601482,-3.2585114e-05,0.014620475,0.029490389,0.015401993,-0.21656945216862947,-0.0071987845,0.2727272727272727,138.56096525076924,163.13647716775367,490.09414199121284,0.0,181.9200866535421,490.09414199121284,278.3069074984144,0.34699441014154186,163.36471399707094,0.7272727272727273,19.858026046230453,33.07527953936006,117.03933332373444,-6.217248937900876e-16,45.70686065245462,115.98228882842511,80.31141510004545,0.1793855231856366,0.3523481651031111,0.6363636363636364,0.36363636363636365,0.3584338585487841,0.7727272727272727,0.0,0.2734837992089331,0.6363636363636364,0.3414978081692317,0.08749572785196144,0.0909090909090909,0.36363636363636365,852.817446334191,563.2987508607694,1469.6026199384085,0.7001470469754821,569.3214341587469,1067.0130055371387,850.977939950562,0.17607157107607763,295.63655688913235,0.6363636363636364,1579.8875540741217,1228.7511526289443,3410.565740411932,5.77481356534094,1215.2263676701753,2344.182794744318,1782.0581184525618,0.2137226737755748,720.7097833806818,0.6363636363636364,1281.5352213091342,361.3748075802478,1108.2069428080563,0.6977677791057204,371.2318359300808,776.5128395162162,557.432975456187,0.2529723534920238,210.2819402779743,0.6363636363636364,-444.49326,110.5839,298.42133,-0.8754517,71.50664,120.58594,61.850224,-0.14825259581895564,-32.167664,0.36363636363636365,125.0398,31.148727,112.26362,0.14294434,36.710827,70.8471,57.70816,-0.380997847779775,-23.447647,0.2727272727272727,17.811771,15.967973,60.447067,0.6733078,18.362143,37.19111,25.469225,0.018552972264369937,-5.2958603,0.18181818181818182,45.818626,23.29596,71.49416,-0.3190053,17.574112,33.649986,18.773024,0.08718934187102183,-0.2132492,0.5454545454545454,-3.6587043,14.501755,46.09911,-0.15805587,19.969645,43.02411,33.021557,-0.18203751332416057,-7.180526,0.8181818181818182,0.006910592071280992,0.007120838161155644,0.017733487215909092,0.0,0.004884355789812983,0.008833451704545456,0.004705779110304981,-0.21191159062060658,-0.0027225378787878785,0.36363636363636365,0.10004596401020471,/Users/will/Projects/SpeechEmotionCS3540/datasets/SURREY/Audio/JE_d12.wav,Disgust
2.4318820861678003,8,0.008600079,0.003296414,0.010435751,0.00042877175,0.0034791622,0.0070723733,0.0029188679,-0.04919664993508442,0.00082997605,0.25,115.44546594593433,47.06498105152867,159.56991044530366,16.37256463607663,54.92921617822668,146.05750432578458,53.49166587139292,0.27911961036428545,41.151865099319195,0.25,8.352551651510229,5.007049900357671,18.813810840854526,0.9072656925793927,8.46136359967602,18.813810840854526,13.549780411767227,-0.11339220952774365,-2.5365317555879994,0.125,0.5170454545454546,0.20822138865691697,0.7272727272727273,0.07792207792207792,0.2579483644940416,0.6818181818181818,0.259352163160965,0.3632303935952084,0.22727272727272724,0.25,928.2528352721954,270.1701138962694,878.7698994684279,-32.18056963320199,281.42642665361893,506.7320600605681,416.30909232043524,-0.6623846304301703,-449.0612900064939,0.25,1566.9075705788352,573.501645386705,1901.773348721591,-88.09037642045455,556.4772956101799,1002.7621182528408,856.3198959346234,-0.7203211709079764,-1044.115656072443,0.25,1331.4343877124356,271.0747941039408,931.4460585784802,-100.13929355030798,245.70215441936438,408.3737088485191,392.18454018700453,-0.7923444016161212,-653.568944652016,0.0,-585.3454,65.710045,217.55038,10.781886,65.050995,138.94446,46.007256,-0.0021469110653447427,16.0849,0.25,150.16653,32.18838,91.26332,8.4496565,28.50899,56.08249,47.26552,0.8112072354410026,75.20547,0.75,28.046015,17.033186,49.30256,3.2983882,12.33061,19.729052,13.628778,0.7328569694886389,31.19388,0.875,38.880974,12.814377,40.871502,0.78447014,20.039637,31.810455,33.664654,-0.35606992198721393,-15.879137,0.25,8.8384495,10.09931,28.778502,1.149806,10.950943,19.100943,16.07773,0.24142656647193458,1.5266905,0.875,0.03521728515625,0.02263712275357011,0.07532848011363635,0.0017882508116883113,0.02676960544434305,0.05550870028409091,0.02932183166313544,-0.29247248033077705,-0.012506658380681816,0.25,0.8668254146638633,/Users/will/Projects/SpeechEmotionCS3540/datasets/SURREY/Audio/KL_n26.wav,Neutral
3.3123809523809524,12,0.09997571,0.04294234,0.13300686,1.7496672e-05,0.03999388,0.06413558,0.05602982,-0.2307486133540144,-0.017537259,0.4166666666666667,135.29996048145355,81.40388752430789,315.66641645346147,-1.2918958832001822e-15,99.00952396708598,204.11731491190392,146.5060364057604,-0.22174996075164216,-51.90742092887022,0.5,19.37689578109503,35.7126781765174,135.40280705337148,-3.2297397080004555e-16,55.78207410227933,131.79857491546875,102.71725485350356,0.026561279103300608,-1.526716814207969,0.5,0.5227272727272727,0.30912432974398735,0.9545454545454546,5.046468293750712e-18,0.2815381173040632,0.5,0.31015858380421785,0.053244744670275526,0.05681818181818177,0.25,921.524382382128,543.3051771187772,1606.665588872796,2.3980999760712094,351.9349656238019,624.4820814897985,374.0528441438783,-0.32634700867394634,-439.71069751646957,0.3333333333333333,1697.0040061257098,1166.3871882825733,3344.9873490767045,3.603697217200443,749.940955089878,1143.2173295454545,818.5681293098384,-0.33919564961223303,-1049.2542613636363,0.3333333333333333,1242.320503890552,303.6455656175165,925.0003232505895,5.628456683047437,254.35215471015783,565.129013168352,351.4652334621395,-0.3849668804884149,-340.93580982659637,0.5,-364.5137,128.45232,347.45282,0.103113346,97.49852,227.18503,106.80217,-0.22120176147979506,-61.287567,0.3333333333333333,121.306854,29.435741,118.68982,-1.0904423,36.440987,67.49689,54.52688,0.4503561916647092,32.94438,0.6666666666666666,12.054142,19.231497,63.400177,-0.87938464,14.383336,26.169113,15.542678,0.27937187613749,11.99177,0.8333333333333334,51.112423,15.842525,58.08712,-0.12547927,13.8931465,26.925285,17.246653,-0.20862022953625983,-7.8344955,0.3333333333333333,-5.932261,12.971183,44.37581,-0.14508861,12.67117,23.178143,19.93127,0.3353979602103863,13.428541,0.75,0.021182898319128785,0.01873200864879656,0.06125710227272727,-2.365532012695646e-19,0.019083852480872535,0.041259765625,0.02807898430782675,-0.2917600573505052,-0.008655894886363634,0.3333333333333333,0.5921398234630694,/Users/will/Projects/SpeechEmotionCS3540/datasets/SURREY/Audio/JK_sa08.wav,Sad
3.1309297052154195,11,0.07014346,0.01704425,0.056030963,-0.00086441747,0.016522663,0.034266878,0.01885155,-0.2890795041551549,-0.00884622,0.2727272727272727,109.02428967703017,54.737340393698766,169.58776303365192,9.859636978056269,53.83951702021505,169.58776303365192,83.46777698713343,0.3891732306049819,53.34391340894256,0.18181818181818182,10.204281997216542,9.416869432154067,32.483740896434064,0.24375205973829975,11.012154785945953,24.06219101669745,16.246194211172018,-0.16042812347371038,-2.25386590087727,0.2727272727272727,0.6363636363636362,0.3390444875498515,1.0,0.03636363636363636,0.31281182789245915,0.7272727272727273,0.44473131237881447,0.46249729006288026,0.4242424242424242,0.6363636363636364,586.5338337021435,270.8284110447498,978.8381213923797,3.520872078020824,268.17033446582724,567.3589105663533,295.6710215928202,-0.4975675245852692,-390.94605408110607,0.18181818181818182,987.9914086712295,596.0976757992651,2044.6755149147725,3.3278586647727253,559.6349149601383,1240.6061345880682,559.3732215942548,-0.5305929468540772,-866.8745561079547,0.18181818181818182,980.8007232093307,198.86329076115436,721.8167970739458,0.3556485053022243,200.14926698262724,336.41250232095297,283.8346799199412,-0.6203132113200149,-373.64614182172556,0.18181818181818182,-419.11972,72.9591,221.62463,1.0234864,65.5918,118.335785,46.646557,-0.06936460180211151,-5.89917,0.18181818181818182,162.56471,32.333656,105.96141,1.0110404,28.219835,50.095413,32.164272,0.5346676475811456,54.307564,0.7272727272727273,21.599998,11.888732,32.758686,-0.10800381,10.651894,26.396612,14.785044,0.32365675825567203,8.3832035,0.8181818181818182,31.275507,17.10264,51.99773,1.4676626,22.824726,34.78286,30.926382,-0.2823803599220522,-25.270805,0.5454545454545454,18.66917,9.666986,29.059841,1.3653256,7.899848,15.393746,11.689623,0.7674079960346623,16.903584,0.6363636363636364,0.011256698734504134,0.006511251481478463,0.020063920454545456,0.0001953125,0.005714149387618266,0.011829723011363636,0.00575156701403777,0.07114212497303926,0.003048058712121213,0.2727272727272727,0.6457057594026114,/Users/will/Projects/SpeechEmotionCS3540/datasets/SURREY/Audio/DC_n26.wav,Neutral
4.40249433106576,16,0.09182093,0.033891123,0.13432641,-0.0007211462,0.030170346,0.05582603,0.030705256,-0.3393538972440797,-0.03527131,0.1875,113.88357580561629,77.8546476785317,304.88554947117376,0.0,77.34211447783893,166.54128842318931,126.04085521935683,-0.14772772276940951,-20.02107549031662,0.3125,13.63172648479695,10.793160294042854,30.093804032314964,0.0,8.426362517040005,19.657677338375702,13.807252284172103,-0.30587018798647014,-9.475276472662154,0.375,0.5255681818181818,0.3408972535823661,0.9545454545454546,0.0,0.32861676876911416,0.8636363636363636,0.4825772017076939,-0.10937290355310218,-0.19090909090909103,0.1875,1047.4989200205,466.1994650444999,1643.9386502477828,-2.171849047063544,420.4501422097348,854.6995194997028,551.5574457084925,-0.4028386327391303,-457.925052339624,0.3125,1958.6344632235441,917.678968670885,2895.2370383522725,-1.8596857244318092,814.9493265586734,1930.6474165482955,989.8685895872505,-0.4014819562547265,-922.6977539062502,0.3125,1261.0667304667195,212.84256631612763,626.71552093123,-1.7809358928926486,198.68450372167837,458.88834918216276,261.7797519005481,-0.5265888536796979,-276.56827164456865,0.3125,-348.41266,94.10172,355.2909,-1.8836589,81.38928,186.6318,55.81645,-0.29458813377585935,-75.56583,0.125,136.69434,29.929117,110.04654,0.8622009,31.737833,53.606766,44.812614,0.5146827255644454,35.942856,0.6875,14.466177,23.308771,95.982346,1.2747467,22.42167,34.30019,31.625267,0.6028111875717298,39.51467,0.6875,58.51705,20.2305,76.81854,-1.1692157,20.306227,38.00766,28.41968,-0.5312869777677741,-22.807411,0.125,-9.040558,15.142237,47.044952,-0.91594195,16.674528,33.300026,24.189886,-0.19803038563251107,-6.3419666,0.5,0.023203069513494316,0.015254894358545266,0.06340997869318182,0.0,0.014427367852897433,0.02656693892045455,0.01836835655798204,-0.2937297891250552,-0.007723721590909088,0.3125,0.5083026130634131,/Users/will/Projects/SpeechEmotionCS3540/datasets/SURREY/Audio/JK_n01.wav,Neutral
5.031473922902494,19,0.073287964,0.02258078,0.07701069,1.7404556e-05,0.0153545905,0.02920634,0.017215585,-0.5274250685470554,-0.034969926,0.21052631578947367,99.50779391295033,52.735604222837566,152.41611273105391,0.0,40.28184002673956,126.69844486643922,48.80641349261082,-0.44818551764022874,-61.13774258554654,0.15789473684210525,7.55510268000425,5.769015950650014,21.008945762642032,0.0,5.008392047217582,9.569408945367517,7.5958249498569055,-0.32619247274632623,-4.970439779385027,0.3157894736842105,0.5789473684210527,0.3432826795803429,0.9545454545454546,0.0,0.24336936976074258,0.7727272727272727,0.35141868996419723,-0.13105343966211697,-0.12121212121212127,0.21052631578947367,825.9557696117387,372.3680046397992,1434.2864325861701,0.92136445732301,304.4606617708821,746.6940612177159,406.5218119346862,-0.20200558894211032,-221.08609281967847,0.2631578947368421,1699.8609332947071,825.0565626385553,3071.417791193182,3.1810413707386322,665.0873485001376,1320.8662553267043,897.3224256258485,-0.17093066942373125,-393.1440873579545,0.2631578947368421,1214.413523233439,208.94750405438816,923.8129285991415,1.2847388490648275,208.9118191774561,437.025883277468,306.42160913288427,-0.16701225500540373,-102.99876958674554,0.2631578947368421,-377.34393,90.43315,306.46408,-0.15442234,48.791645,132.44168,36.089775,-0.36759588624970435,-87.751434,0.2631578947368421,152.37929,18.057745,70.577385,-0.23037168,20.863232,37.392586,30.640686,0.3724933710745223,17.93956,0.47368421052631576,15.322106,24.926195,89.598595,0.2775722,15.704695,34.058357,22.22742,0.5633309445068424,37.98761,0.8421052631578947,49.686485,12.112625,52.6456,0.48363283,14.637504,30.681215,23.734444,-0.023232968325250934,-0.37924957,0.47368421052631576,-3.2883272,17.260191,52.78647,0.5827834,16.366318,37.19924,21.316515,-0.13857163013884236,-8.736309,0.5789473684210527,0.014057360197368418,0.007902142030276824,0.031915838068181816,-1.927470528863119e-19,0.005402647227053997,0.009299538352272726,0.005834357610208963,-0.3516409068370006,-0.008774266098484846,0.21052631578947367,0.8231756996640512,/Users/will/Projects/SpeechEmotionCS3540/datasets/SURREY/Audio/JK_n15.wav,Neutral
3.240453514739229,11,0.1683028,0.07822542,0.25782818,-0.0011095911,0.07624183,0.13597074,0.07658167,-0.13098664372714733,-0.017927244,0.2727272727272727,159.91445688458882,107.77218926341592,465.63918854597676,-46.563918854597674,80.77347777980704,269.86453899903444,90.55984501719225,-0.7748490027419302,-204.16232017778447,0.0,12.063949204944038,6.434460157981054,22.461342494823086,-1.8491409230586495,7.040747660533127,12.7022545784723,12.108848902875826,-0.7297534224341607,-12.874610820541825,0.18181818181818182,0.7024793388429752,0.3115384599168722,1.0,-0.02727272727272727,0.29681504940571835,0.6818181818181818,0.3283216760231314,-0.14261062473928518,-0.10606060606060608,0.2727272727272727,871.1809379749752,278.2959784152752,978.752790693047,-35.42756889256518,251.4295232915586,440.19474426147826,303.5501494209675,-0.5370702490296124,-312.61481949775293,0.36363636363636365,1851.0991372352787,739.7559674410296,2478.7653142755685,-115.3494540127841,691.2366877203795,1214.179021661932,907.3941711061769,-0.6309556311205934,-1013.8549804687502,0.36363636363636365,1340.7217198875219,230.53947819702563,745.0107546911748,-31.584107069463688,203.10837736371138,429.16968399653797,286.93681897675873,-0.7441341798730485,-403.84022029030484,0.09090909090909091,-296.94125,114.959206,385.4521,-8.090776,102.09021,216.86127,61.51655,-0.12439661978188422,-20.220276,0.2727272727272727,132.05983,23.559439,79.81939,0.19152603,23.46747,46.816803,32.452717,0.46527562989948434,29.05088,0.6363636363636364,3.9383287,11.903489,39.666306,1.591393,15.024957,32.148746,21.669338,-0.1516825267551829,-7.8785686,0.18181818181818182,48.542187,17.252234,67.28006,-0.9158875,18.947134,31.542316,23.104565,-0.46402810290462615,-20.302032,0.18181818181818182,8.917089,10.272217,35.22111,1.447574,11.620047,24.412134,17.724485,0.540847072415446,11.814296,0.8181818181818182,0.016313032670454544,0.008966139854008608,0.026944247159090908,3.7730823863636397e-05,0.00808165814357998,0.013472123579545454,0.007937997826772033,0.1372006606411615,0.004816228693181818,0.7272727272727273,-0.18526022280603638,/Users/will/Projects/SpeechEmotionCS3540/datasets/SURREY/Audio/JE_a11.wav,Anger
3.0136507936507937,11,0.06560295,0.03607116,0.10790393,5.7654084e-05,0.030069487,0.06794557,0.02793783,-0.43317004756856087,-0.047137544,0.18181818181818182,98.54748713282493,63.0106366024882,172.3825143550168,0.0,64.75761171688464,172.3825143550168,78.57717886172284,-0.42338486122518865,-73.12197260072216,0.09090909090909091,8.017727075481927,8.843562481621232,24.268644021915026,-2.220446049250313e-16,7.7055243831747715,17.826678300957653,10.311738426366151,-0.3592197134815269,-5.861085243432792,0.36363636363636365,0.5041322314049587,0.39457941805226976,1.0,0.0,0.27499060840462136,0.49999999999999994,0.27366095321503164,-0.1688963958828731,-0.19696969696969696,0.5454545454545454,1163.357332245983,437.1132295544478,1326.8527029416405,0.34944702285042695,471.1163411843154,1037.1258209154682,468.6194925527723,0.06828095890827662,254.69326338371513,0.36363636363636365,2050.236776052428,879.9951360307583,2705.353338068182,-1.8596857244318472,888.0886788019674,1826.8965287642045,822.0271997378771,-0.09130512681138252,76.67125355113603,0.2727272727272727,1388.472013608067,181.32575098761896,523.6781011031007,-8.660866110341999,201.3947813486841,385.83115635644526,229.01347089522633,-0.26388120165429924,-40.387072269069904,0.2727272727272727,-379.19318,114.61078,322.3681,1.0470581,86.69946,195.46173,45.685036,-0.20550168880230912,-59.249878,0.36363636363636365,144.35165,27.348755,80.42882,0.7679138,30.66971,52.41333,43.120983,0.34741580492415935,13.823532,0.45454545454545453,18.342182,16.668943,56.73402,-0.807631,16.457924,40.76606,21.90127,0.36669743010943373,11.31637,0.6363636363636364,57.90746,16.373936,52.328873,1.6225216,18.505089,30.943283,22.804976,0.07350151903139661,8.782532,0.2727272727272727,-19.963293,23.48182,62.23938,1.3314751,21.518808,46.78375,29.723776,-0.21437534793977917,-14.209709,0.9090909090909091,0.03502106469524793,0.025970879061824406,0.08540482954545454,8.433948863636361e-05,0.021098541472205284,0.035333806818181816,0.020300078108141783,-0.19752591424395885,-0.0029962713068181802,0.36363636363636365,0.9077821984097085,/Users/will/Projects/SpeechEmotionCS3540/datasets/SURREY/Audio/JK_n29.wav,Neutral
3.203764172335601,11,0.26257488,0.13927655,0.4624907,0.014055094,0.15071894,0.2915367,0.22097956,0.5677330148269405,0.19784474,0.5454545454545454,175.93354384548033,56.75531685231475,220.06096595898785,18.43789278703808,57.752082103930164,188.32194931784687,58.45076263759318,0.40891949827661866,58.2534014922976,0.36363636363636365,17.570982389286005,8.085325479827237,31.40899318017155,2.0906112007354993,11.121441339338404,25.801905316758297,16.5254220156262,0.027833215074003815,-0.8118621929399659,0.45454545454545453,0.7190082644628099,0.2767052734344332,1.0,0.05454545454545454,0.2178027009220171,0.5,0.19098656970898026,0.3683509554826696,0.2575757575757575,0.45454545454545453,1441.9048994613013,582.3782614168525,2073.902551548038,207.3902551548038,766.9987218781495,1670.1688152704496,1119.7063199194995,0.38717561013944246,410.91685166529373,0.9090909090909091,2583.1835533961776,934.4900470993465,3031.777121803977,303.1777121803977,1309.9147845666635,2450.8700284090905,1976.4273109617686,0.27048300994621854,464.75830078125,0.9090909090909091,1508.6383436889607,202.42586495875412,646.913012433431,40.41377191747667,318.4795018187283,492.8851033786714,521.3115108485658,0.04678900437153497,1.6706368282532367,0.9090909090909091,-232.72145,119.905525,426.05643,28.14058,100.352745,192.90207,100.636894,0.579733844822409,168.47885,0.5454545454545454,117.40992,31.197777,111.57686,-8.362455,42.247757,88.661865,62.522263,-0.07116984970467018,-0.8766556,0.5454545454545454,-7.078752,11.713687,36.088547,1.4214386,18.896704,28.810425,30.950659,0.019563294287625193,-3.0002797,0.09090909090909091,38.638844,11.443641,33.78743,0.37659797,11.403686,21.425707,16.122145,-0.499697783902576,-16.811909,0.09090909090909091,-7.16131,12.842295,44.38059,-1.2301861,15.939147,26.181374,23.838638,-0.30704998795285376,-2.4874477,0.36363636363636365,0.0617635427427686,0.03678042576675634,0.11370294744318182,0.010349343039772727,0.04838102486277574,0.07628284801136363,0.06884392206868074,0.32226527423018686,0.01659416429924243,0.18181818181818182,0.502587169769745,/Users/will/Projects/SpeechEmotionCS3540/datasets/SURREY/Audio/JE_a05.wav,Anger
4.8459410430839,18,0.11608659,0.049445663,0.1849838,2.0708889e-05,0.04783084,0.08476272,0.05820827,-0.2758917935738589,-0.045879357,0.16666666666666666,184.1449858178899,116.24910062368387,299.0518418292107,-3.343730521224001e-15,96.55704747390764,299.0518418292107,141.38683523272243,-0.208687530153389,-65.42529361333827,0.1111111111111111,20.935455927000515,17.239684003072874,59.797328875415545,-2.0898315757650005e-16,18.984281835274178,59.797328875415545,32.017156196615254,0.16891184633082237,9.938631476403977,0.7777777777777778,0.6338383838383839,0.40442689847811975,1.0,0.0,0.28279114432338526,0.8181818181818182,0.38266950546551676,-0.08605184472225393,-0.06818181818181812,0.16666666666666666,1600.7401806652326,521.8506996949305,2278.8889696041288,58.83266523585561,595.7713042393269,1455.206338787435,791.3951605691936,-0.1886688470540445,-325.02230435481147,0.1111111111111111,2859.185236150568,992.5382507117902,4012.027254971591,100.61302797042113,1061.3877572278711,2269.305974786932,1462.121291768133,-0.13541883389514803,-483.11046253551194,0.6111111111111112,1593.969913716827,285.5070825083618,1041.1245585381614,27.69977710465693,311.2907006069505,638.2915892452497,454.8033756249594,-0.18845948715397823,-210.40929763927033,0.2222222222222222,-306.6655,104.32027,387.98798,-0.49265784,86.89354,209.84836,63.42936,-0.10595266806935233,-35.280518,0.16666666666666666,105.596306,34.890385,145.77716,-4.113195,41.011086,96.06498,55.16275,0.3111205436161018,31.411835,0.8333333333333334,2.9589686,20.278997,83.36222,0.8176684,18.905184,43.205006,22.443039,-0.10801727446055362,-7.5858116,0.9444444444444444,39.307053,14.782779,58.20298,1.6090711,15.943661,42.661987,22.644005,0.4536620723854038,18.446531,0.6111111111111112,-37.589256,22.287457,82.55326,-1.1234059,16.83722,40.617077,19.215378,0.2875864740860581,23.585052,0.0,0.04045706084280303,0.024061830224317796,0.09703480113636363,0.00013316761363636344,0.022625051969174973,0.05475408380681818,0.027268941549187135,-0.4961090252083627,-0.02887517755681818,0.1111111111111111,0.5895046944718548,/Users/will/Projects/SpeechEmotionCS3540/datasets/SURREY/Audio/JK_f08.wav,Fear
3.102721088435374,11,0.098553605,0.04328193,0.14967954,0.0025870844,0.0387404,0.060004026,0.053281166,0.20925519151691785,0.032045867,0.36363636363636365,155.85411435972202,113.46373843381906,453.74343181295734,45.374343181295735,113.72624600349924,330.655372376022,146.2792691844853,0.6495434441176428,175.3678931773444,0.9090909090909091,11.66457413081519,8.716347696139776,30.770752969549097,1.6451923009773624,10.43555326477944,21.000979303912928,17.856837056650765,0.45991078355144266,12.940362704591017,0.36363636363636365,0.5578512396694214,0.34784455381380097,1.0,0.031818181818181815,0.27502817286192444,0.5,0.34550770457549634,0.4733364738141832,0.4696969696969697,0.6363636363636364,678.1258798211855,292.235456538166,988.0929949592485,45.17877448678381,342.7174176870119,817.4182260523014,492.5155258233731,0.007199708338999545,40.02016228230332,0.18181818181818182,1121.6841264204543,528.6200280681071,1790.6815962357955,123.52228338068183,604.9740051924547,1358.5493607954547,857.0508433563842,0.22462707850658095,345.51003196022714,0.18181818181818182,947.4970934110838,183.8685673073026,657.5325320997903,12.980175584329539,230.17737913685744,396.68555094034025,363.1464491598263,-0.19971007901175836,-105.94945820580631,0.18181818181818182,-378.3032,83.910194,270.00876,15.196981,53.62096,122.35892,50.160366,0.5682629798002068,137.22461,0.36363636363636365,163.9583,33.718716,103.41698,1.4843323,34.36083,75.50044,47.71839,0.5868208260336613,59.67002,0.36363636363636365,22.254707,15.7564335,47.742603,-3.174362,13.528151,24.78857,18.37318,-0.6439939060676243,-30.932896,0.5454545454545454,21.38247,16.656218,52.80868,-2.1931095,13.3321295,29.189636,19.954075,-0.8032354194372382,-36.43262,0.18181818181818182,2.7971969,9.728726,29.529392,-1.256422,11.592281,25.930565,18.15119,-0.1859459665421527,-6.1730413,0.45454545454545453,0.018290369963842975,0.010658529662203778,0.03415749289772727,0.0006392045454545456,0.009965059067190724,0.024081143465909092,0.011920650169616404,0.040467286069879545,0.0028187144886363622,0.2727272727272727,0.14509507417283896,/Users/will/Projects/SpeechEmotionCS3540/datasets/SURREY/Audio/DC_d05.wav,Disgust
4.570249433106576,17,0.067472756,0.014401433,0.050926905,-0.0007231934,0.011690947,0.027178712,0.013287446,-0.1986778672693184,-0.0035208538,0.7647058823529411,172.61881522337262,64.68030100336057,247.30731134418622,0.0,79.02517656895617,247.30731134418622,83.43686946980539,0.08669719535263323,14.377599136238587,0.8823529411764706,12.585259544295111,8.106902265558979,32.48427479086951,-2.220446049250313e-16,9.179713103760587,24.363069391137486,14.059934646734217,0.3238966403578025,9.082926153331124,0.8235294117647058,0.5721925133689839,0.31105807776316324,1.0,-6.938893903907228e-18,0.2914944395086514,0.5,0.32964906069024036,-0.00526383839798155,0.054545454545454675,0.17647058823529413,829.3761829962342,440.931662739459,1563.1924651929612,2.7127305019737378,322.80514949796185,825.1735916976023,417.0537059950607,-0.3477140496691175,-298.66909958824397,0.35294117647058826,1572.4420068098261,888.3493365527805,3124.7614080255685,3.0892805619673283,617.0326531743755,1244.5212624289773,744.0512822926012,-0.4074857712875348,-796.3370028409088,0.35294117647058826,1207.4266744363915,280.20591604501607,1109.1724035654838,6.62547794740793,237.94706933173498,444.85622060177934,314.4296824110743,-0.4555089642708841,-294.394802922552,0.35294117647058826,-420.1866,69.745514,233.31665,-0.64787674,48.797153,117.58896,47.559425,-0.27176952107419006,-50.646484,0.23529411764705882,131.32283,28.699913,113.97017,-0.51298714,25.726147,56.369385,34.086544,0.35988770929859737,16.353043,0.7058823529411765,30.24978,18.978197,83.44499,-0.4631908,19.072714,38.218853,28.190998,0.29725123239173307,18.60618,0.7058823529411765,50.38489,18.883701,76.06743,-0.18611193,17.723791,33.67985,23.67187,-0.3840433698429257,-13.164345,0.35294117647058826,3.6741123,13.365925,53.179714,-0.82618093,15.133012,24.628836,21.274094,0.21933641145709534,11.331263,0.7647058823529411,0.010338767964572192,0.005745128248819605,0.01897638494318182,0.0,0.004565733679770596,0.011652166193181818,0.004810751364608578,0.04351068645764354,0.0009232954545454562,0.7647058823529411,0.4712699639712584,/Users/will/Projects/SpeechEmotionCS3540/datasets/SURREY/Audio/JE_sa01.wav,Sad
6.242766439909297,23,0.07059736,0.025372326,0.08266163,-1.0249967e-05,0.021822164,0.05588491,0.027998336,-0.1504068519230133,-0.012421276,0.21739130434782608,130.29977658006396,78.95545381898208,337.6347789320052,0.0,72.15108502000118,191.53337849664115,117.40640827547122,0.10432338256490498,29.25854698971615,0.6956521739130435,14.883531736436376,32.23570777126782,163.66633151940883,8.881784197001252e-16,47.150777491254566,155.74405998712956,83.33874037845315,0.14797670381613026,20.853623004973453,0.6956521739130435,0.5474308300395256,0.3522113961323492,1.0,0.0,0.25456021208696594,0.5454545454545454,0.31987797752227126,0.0389114641594992,0.019480519480519543,0.21739130434782608,803.2757127241016,452.06715166904314,1286.1109222480732,1.3638776317017376,379.32879719819925,1028.2473109999692,569.8340794496771,0.1897944265762905,317.7979783116678,0.7391304347826086,1494.9404991662548,985.5039350814794,2967.1775124289775,2.0242990541064163,822.5111732159953,2020.6953568892045,1255.5875317147202,0.1725217581280024,633.6214932528409,0.30434782608695654,1234.0020607698636,319.68813140832583,1237.3655395077335,2.861548167721904,335.79135578721565,838.9915412850726,528.432189327611,0.08491579701606539,153.19563483717684,0.30434782608695654,-421.10373,88.92578,281.16864,0.3255532,48.688046,116.63287,54.07958,-0.05358653442579647,-16.76175,0.21739130434782608,130.41832,28.59511,111.55662,-0.22756958,38.201057,85.50072,60.54631,-0.06018958448127385,-15.623795,0.8260869565217391,24.51831,17.22455,72.73756,-0.30113104,19.43291,34.444313,27.633986,0.14772844597679374,11.502275,0.8260869565217391,47.548424,23.256023,77.75385,-0.07672891,14.162612,37.246887,19.347872,-0.10967513344899113,1.289978,0.43478260869565216,5.9030123,10.878486,49.68458,-0.064479895,12.48139,25.498558,21.664639,-0.28658917724591026,-8.6645565,0.391304347826087,0.009064082571640316,0.006814243410312533,0.022727272727272728,-3.9425533544927435e-20,0.00635405178979284,0.011430220170454546,0.008280630746899567,0.04485404373310666,-0.001024122362012987,0.6086956521739131,0.5403693838977501,/Users/will/Projects/SpeechEmotionCS3540/datasets/SURREY/Audio/JE_sa15.wav,Sad
3.5639455782312925,13,0.0760002,0.024900261,0.079432175,1.534354e-05,0.024810413,0.044875335,0.033945274,-0.16412426975820646,-0.009113498,0.23076923076923078,123.33688404363203,54.41212902256779,164.09885802783913,0.0,55.589821411743046,149.46597905703496,45.28819680093502,-0.11709889940153971,-16.582857885294942,0.23076923076923078,12.332350771974136,8.15879920371527,26.0926847351218,0.0,10.177595182000845,21.849261027943715,15.545434500426378,-0.12782882537633206,-1.9131315143761114,0.7692307692307693,0.6573426573426572,0.353267998330492,1.0,0.0,0.3099586749314967,0.45454545454545453,0.3647147795639046,-0.14813363449166977,-0.1363636363636363,0.3076923076923077,637.9541576032631,183.13233432920288,622.8788379654538,5.491432428295364,168.43017371631802,333.68775229525386,137.57442463575336,0.18451860491054267,90.91180782496906,0.7692307692307693,1272.7553574355334,534.0678023985676,1974.203213778409,16.51694557883523,517.2948362316873,1040.9346147017045,497.77482047821644,0.3178663103197979,494.407237659801,0.7692307692307693,1095.4321492008878,112.66009483818347,393.10337517851656,6.376997850696445,136.4184060414991,283.71801725836474,194.4423284511041,0.4313856216887568,129.07747196239188,0.8461538461538461,-398.04205,89.61954,289.60812,0.39569092,75.99316,141.80084,76.70704,-0.11181334326306756,-24.525696,0.23076923076923078,154.10176,27.0737,95.694275,-0.5569146,24.222126,49.65924,35.235474,-0.33691574184085266,-29.015907,0.5384615384615384,15.9506235,12.134396,44.26074,-0.8148295,15.1364,26.87991,24.013527,-0.11136174189455184,-2.612833,0.07692307692307693,39.5268,16.546465,50.062584,-0.57400304,17.989763,41.220695,24.741074,0.44979718829354776,23.257656,0.7692307692307693,20.493782,16.814983,54.910027,-0.13631296,14.856493,31.009247,19.150509,0.38902915102334057,22.966824,0.46153846153846156,0.013596754807692308,0.00902144604512779,0.028941761363636364,0.0,0.007914873376086986,0.015380859375,0.010249180142752912,-0.20534771482059155,-0.004688609730113638,0.23076923076923078,0.7349520912100651,/Users/will/Projects/SpeechEmotionCS3540/datasets/SURREY/Audio/DC_d11.wav,Disgust
2.620544217687075,9,0.17880811,0.09242749,0.300075,-0.000679709,0.09156288,0.14984678,0.08164538,-0.26643943854013147,-0.06690733,0.2222222222222222,216.45955016227592,137.62278320029964,460.0744225388203,57.509302817352534,208.93266332498013,460.0744225388203,335.94865086500243,0.4365129464920285,104.2606406666925,0.8888888888888888,28.20576053298631,24.946789568115783,76.51561236256268,2.89512851267739,23.676265254503406,36.919306839567334,27.74725394347026,-0.09665755005918353,-8.28336363363079,0.3333333333333333,0.4848484848484849,0.32917516640000655,0.8181818181818182,0.02840909090909091,0.31486706823857746,0.6363636363636364,0.3257126286749208,-0.2674027623046097,-0.3030303030303031,0.2222222222222222,1248.9300766496517,617.1283459163596,2060.992771974621,205.82352920414488,383.904233130837,1038.744659154186,676.0779861687247,0.9301454779681501,1345.1949345339526,0.7777777777777778,2332.8724254261365,1158.026247755192,3936.171653053977,359.0294577858665,688.5939320608021,1439.298872514204,1142.3779157648453,0.9429516793277728,2608.290793678977,0.7777777777777778,1400.0362505307214,302.6350335521327,910.3722986022758,87.2060329819555,204.30939766583734,419.0086022969135,360.7036022281111,0.8753003715032982,637.6758286483894,0.7777777777777778,-280.39093,120.654816,340.65216,-1.0563126,118.39162,242.74323,74.340675,0.02196351858045171,16.23767,0.3333333333333333,119.50799,39.79462,130.77856,-6.8367863,31.966986,52.246582,43.740166,-0.4764399478535121,-42.982605,0.4444444444444444,-9.603378,24.594072,66.451355,-0.356256,20.844633,34.975655,18.806551,-0.27364257911204426,-21.21685,0.0,39.64398,14.548145,49.2694,2.2411633,12.594245,16.457073,16.691685,0.6895827767311073,24.188362,0.7777777777777778,-5.711397,12.255412,32.606617,-3.5842574,12.885694,23.093166,19.016848,-0.6297724377267273,-19.235897,0.0,0.024838226010101012,0.012034889662512295,0.038995916193181816,0.001478715376420455,0.010653911564276856,0.017267400568181816,0.00881916764470927,0.2953031258029613,0.009181167140151518,0.3333333333333333,0.08526046285045194,/Users/will/Projects/SpeechEmotionCS3540/datasets/SURREY/Audio/JK_h13.wav,Happy
3.459092970521542,12,0.17421252,0.062672526,0.178691,7.7660785e-05,0.07657383,0.14504737,0.08217212,-0.20432302482112505,-0.042714015,0.16666666666666666,193.79313229337967,103.68636147604602,372.8187958505377,33.89261780459434,65.7454874309491,210.9796801007919,112.2785214653696,0.8817121588202345,193.14085400395263,0.9166666666666666,29.816089714806406,19.634417156669343,56.93771383371414,2.492509014205615,26.05879491142258,53.76946197341189,45.228643757450726,0.5314759256041327,20.645542900269493,0.5833333333333334,0.5946969696969696,0.29717351540014475,0.9545454545454546,0.03719008264462811,0.2760256345812353,0.6363636363636364,0.36181361349331637,0.5298591966946019,0.34090909090909094,0.8333333333333334,1394.5644638080523,566.2613943135559,1790.6765564427333,15.292107105565595,552.5605703070232,1001.9870569155205,741.2141258291483,0.26550956348889343,499.05356795279204,0.4166666666666667,2551.2767444957385,982.2338047731553,3134.059836647727,45.86928186337809,898.3226077175482,1523.9635120738635,1065.3691841545158,0.2948108561945439,863.0409934303982,0.5,1411.5145833069357,212.3527151374445,662.6049776923394,9.885028401728876,246.87213837811976,430.16927122073275,346.6002224813529,0.18162968655375616,138.13927838506288,0.4166666666666667,-244.09886,66.655975,225.1984,1.1181252,80.01777,173.33693,69.70834,-0.018220891910948195,-9.644104,0.16666666666666666,117.86097,28.87202,102.76881,3.9672956,34.517086,64.76178,46.326973,0.177128694783486,2.2533722,0.25,-2.9469516,13.147766,39.575336,-0.15222445,17.488302,34.5688,20.477003,-0.13240146991124238,-1.3176146,0.0,47.983444,17.259851,62.46615,3.4253998,15.48691,29.358944,19.92452,0.5100224996123576,16.172218,0.5833333333333334,-14.096428,11.649559,38.52247,0.28663218,12.505495,25.62257,11.154542,0.16764851686850407,2.8686495,0.9166666666666666,0.06627678148674242,0.04354705288723657,0.12528852982954544,0.0008595364152892554,0.04592590918856923,0.0796786221590909,0.06794439303168204,0.2876689831534033,0.041159889914772735,0.4166666666666667,-0.0459824478970841,/Users/will/Projects/SpeechEmotionCS3540/datasets/SURREY/Audio/JK_h07.wav,Happy
3.6163718820861677,13,0.12500535,0.051659133,0.18506789,0.000796852,0.054505456,0.098194465,0.06002413,0.003907221235155385,-0.011314392,0.23076923076923078,179.62896878924815,53.782207470947675,226.9236633721746,14.026534851313707,53.56021737272474,185.0877860022045,54.7096655993113,0.48997760204967505,59.7970656157259,0.7692307692307693,14.661970819875133,11.688957868967018,39.38448292192533,1.3405582555819642,11.855925958901336,29.935112045325706,16.08353284726359,0.5896008690968906,21.4024745668791,0.6923076923076923,0.7062937062937062,0.2624008816684436,1.0,0.041666666666666664,0.2199254298029513,0.45454545454545453,0.16825845513638293,0.41310708966618764,0.2272727272727273,0.23076923076923078,929.5174781480933,511.2981590875784,1668.611338165099,3.655506105275402,547.4191147520485,942.1057477305984,721.7068002928163,0.15015451138140187,442.7705220581041,0.38461538461538464,1594.8499132703232,963.8711748676113,3119.8674982244315,5.057040127840897,981.0278157134217,1796.554287997159,1255.9452361440299,0.17335921592166786,846.5240478515625,0.38461538461538464,1232.978241447797,266.3979811187833,884.2855810957392,4.79216787628737,329.38734184446633,565.6200229040362,464.8254663905257,0.22751016004400032,301.0190321205084,0.38461538461538464,-348.61603,95.17068,312.89688,3.1693013,92.3008,176.59308,78.06766,0.04219354652201222,6.7777405,0.23076923076923078,122.14685,28.233181,83.83096,-3.4726944,33.012753,64.84833,46.957584,-0.42157174066597247,-43.085777,0.6153846153846154,16.226692,12.882023,45.348892,0.93787813,14.747867,27.119347,21.971273,0.17790999316390443,7.4971323,0.07692307692307693,38.563725,13.322707,41.315384,-0.12888622,15.757538,30.757538,20.04015,0.42991392296105463,19.32032,0.7692307692307693,4.3182793,8.013044,33.667866,0.21287179,10.238753,17.36147,15.364927,-0.1658906909185417,-6.8217664,0.23076923076923078,0.017784705528846152,0.010158376205300449,0.03118341619318182,0.000184955018939394,0.009729497550141538,0.015247691761363636,0.010174784782307305,0.15617819345862827,0.004921653053977272,0.3076923076923077,0.5629700549789839,/Users/will/Projects/SpeechEmotionCS3540/datasets/SURREY/Audio/DC_f07.wav,Fear
2.463356009070295,8,0.1746029,0.07962395,0.23439577,0.008107932,0.07467133,0.13606271,0.07605504,0.4033916226808824,0.0923329,0.375,153.60122469599654,58.428401413349,185.34966850764448,22.875260950897417,63.31319035253448,176.867873093711,65.40974193785446,0.5404271927305889,80.60470611506395,0.625,10.36916555333508,8.186645341997073,23.26723983245271,0.18818454582306593,9.913150855167675,21.949948011691248,11.12457594374877,0.459097133478865,10.107363148858283,0.75,0.6363636363636364,0.32698851295313996,1.0,0.05194805194805195,0.29799464689827965,0.5454545454545454,0.24536567788941888,0.2805930490358623,0.34090909090909083,0.375,978.1823261822299,341.2578270188576,1104.274665025876,90.79415719771751,442.4187530494216,672.2192532012513,694.6551854421218,0.39506023795802103,243.05298824114823,0.625,1803.8951526988635,669.151035752978,2252.666681463068,247.00261896306816,839.7657793133388,1415.3187144886365,1324.429115137709,0.5276245661083662,775.9293989701705,0.625,1261.4736649289155,196.63346330476847,566.7708191668884,77.48519880641716,304.3799447387847,447.0657569605686,526.8904152165419,0.46925750148743334,185.65184907401544,0.875,-298.84863,99.1741,298.6888,23.216274,91.959785,196.77228,49.131527,0.43699362224083516,125.3165,0.5,133.7457,24.163624,87.62541,-8.112074,33.079983,67.114975,50.108852,-0.34890974297621635,-11.682411,0.375,8.0571785,11.0669155,37.712864,-3.4064128,10.954796,16.34528,16.104055,-0.7291668168627738,-26.56518,0.0,30.781305,8.489376,29.835964,-1.1914598,11.280396,23.696987,20.364899,-0.6211303379825086,-16.028517,0.25,6.1713686,8.688661,27.807537,-0.5255409,13.034434,19.510902,21.507366,0.4029329903988924,10.759581,0.75,0.022918701171875,0.011694022630417831,0.035333806818181816,0.0014109425730519484,0.01061133366439691,0.01748934659090909,0.006065978753792705,0.36990145166163846,0.010786576704545456,0.625,0.6805866399732196,/Users/will/Projects/SpeechEmotionCS3540/datasets/SURREY/Audio/DC_f13.wav,Fear
3.045532879818594,11,0.011093141,0.0033021818,0.012136275,-0.00089724676,0.004057661,0.008120538,0.0059230854,-0.46778036454153815,-0.0035199663,0.09090909090909091,212.6489685585023,164.87570013988994,491.0395913299143,-16.34154101717247,258.1882007654437,491.0395913299143,431.2851820513235,0.17328815995352237,132.62727908349743,0.2727272727272727,20.728756930184407,36.512615326081296,133.2385017482348,-0.6428261494792358,56.28661193265293,131.94697989084676,102.71861797420569,0.2494912696470646,32.79622948423434,0.7272727272727273,0.40495867768595045,0.2992945283013524,0.9545454545454546,-0.04090909090909091,0.40167521109300675,0.9545454545454546,0.6631372752391861,-0.27942536754462627,-0.28787878787878785,0.45454545454545453,1058.6934921640948,244.49902096266234,788.9247156887211,62.124842914195526,315.418077369898,453.16592446133257,424.1059645754903,0.2004556977218244,50.044270176669556,0.6363636363636364,1893.987583128874,595.1061438766069,1789.702814275568,154.01134144176137,778.765024965075,1191.177645596591,1033.272176692994,0.11449415352136301,-1.4681729403409918,0.18181818181818182,1396.021712161607,166.1806243248661,543.374070265518,43.381901847267656,239.34227804750694,543.374070265518,337.2435904321351,0.14520201528988536,9.845156012093867,0.9090909090909091,-548.16144,39.8834,161.07071,-7.7862,47.649,94.88019,63.981464,-0.6053446842910696,-60.700806,0.09090909090909091,131.08693,18.223412,49.498085,-0.4094116,29.260305,48.51754,46.24304,0.007082625315355628,5.1141357,0.45454545454545453,17.564585,19.259449,59.09223,2.2778442,11.929702,20.431652,16.208008,0.8142113796604334,39.213905,0.7272727272727273,41.893448,20.222235,57.800316,2.6277702,26.340925,48.33052,36.799496,0.04021291083043679,-4.44989,0.2727272727272727,-0.7638426,14.853389,59.71119,-0.91752595,19.795736,36.500957,30.55699,-0.34773453543938293,-20.537521,0.5454545454545454,0.023205465521694214,0.008272850001349768,0.029851740056818184,5.992542613636378e-05,0.008920391692186969,0.017533735795454544,0.012141572725041938,0.2892987757759848,0.0020123106060606077,0.6363636363636364,0.13304111812575073,/Users/will/Projects/SpeechEmotionCS3540/datasets/SURREY/Audio/KL_a06.wav,Anger
2.515736961451247,9,0.24059749,0.14663167,0.47734398,-0.0029174387,0.14748088,0.24721877,0.15219554,-0.308021438087982,-0.13529134,0.2222222222222222,169.57312418197108,112.9306781078035,393.8129158514903,0.0,161.8375734813483,393.8129158514903,219.08932746941602,-0.32551793311002697,-96.31429113974711,0.1111111111111111,18.745847397680027,15.40056463745514,49.66502695081404,-4.440892098500626e-16,21.57658932929374,45.14739564678296,33.54870123683024,-0.040482579914867874,0.6628464477228491,0.6666666666666666,0.6262626262626263,0.3961347788106581,1.0,0.0,0.3378651988026933,0.5909090909090908,0.25216217972659216,-0.009875690293727982,-0.03030303030303033,0.2222222222222222,1015.1469907991751,381.4272874902853,1217.3592832469444,95.19247075163746,385.89289777432276,726.6780949086707,492.6793081083956,0.5435714929624876,498.2815027826076,0.3333333333333333,1801.1219371448863,812.5104812132768,2673.542924360795,171.1033214222301,866.3540475494307,1632.118918678977,1096.6491628301972,0.4129009523536327,809.4526811079545,0.3333333333333333,1221.8584033202535,219.00703057950162,626.3228285227649,42.94273190760002,254.06058066900877,440.42093968191307,330.6340107725086,0.12679871262668854,50.767570379230165,0.2222222222222222,-288.40292,160.93744,431.61227,-1.8550072,154.3369,269.31442,80.77525,-0.04600149797755134,-15.891083,0.2222222222222222,132.02438,35.915367,106.41762,-4.5254908,38.106026,74.561104,51.94983,0.13770486295967305,15.924347,0.5555555555555556,-11.482961,21.518105,75.97727,-3.6092439,19.929413,32.11611,20.514587,-0.6422761643860294,-33.920673,0.0,21.659863,23.911797,82.366554,4.025443,24.552734,50.41837,29.966057,0.13785863972962856,7.3892555,0.8888888888888888,0.024928622,8.725043,24.6786,1.2813331,11.058981,24.3307,17.546068,0.05121565106612295,0.1546557,0.8888888888888888,0.04432508680555555,0.025329329272743065,0.08442826704545454,0.003462357954545454,0.027605234192197178,0.05677379261363637,0.03600694218818218,0.29528679169340927,0.018761837121212124,0.3333333333333333,0.7179135923039153,/Users/will/Projects/SpeechEmotionCS3540/datasets/SURREY/Audio/DC_h08.wav,Happy
3.085986394557823,11,0.0103210965,0.004103361,0.012246291,-0.0005284824,0.004110927,0.009205811,0.0057459357,-0.42592280961978113,-0.0045756823,0.7272727272727273,173.11121738741912,110.31342193082887,445.89356267844477,-25.011618405601524,186.9346919951266,445.89356267844477,302.1901612084302,-0.11393401195076633,5.474707049146218,0.8181818181818182,27.275854787592262,36.125445232055824,126.70169274657802,-6.734955415139561,56.72294994249895,125.85534441799003,100.90242061859077,-0.4131859945077074,-20.486664582352475,0.2727272727272727,0.640495867768595,0.29486880619688055,0.9545454545454546,-0.0909090909090909,0.2538952735230716,0.49999999999999994,0.4124132457089617,-0.7179113459940519,-0.5909090909090908,0.18181818181818182,1228.3724603513265,406.2843643842971,1102.9177375208835,62.48679713193199,379.1480498998632,694.3721457957633,427.0492556860012,-0.12032294365422624,-6.135411410971528,0.2727272727272727,2090.322346332645,749.1857401456541,2045.1649058948865,103.01680131392042,701.4982016769968,1391.8279474431818,815.4457515671475,-0.16664534907701262,-111.58114346590901,0.2727272727272727,1435.8662673413323,292.25518244518275,995.9794885891372,39.4416732991268,255.58379359848072,619.249898412661,297.22854992405314,0.060451203194667694,43.78613452904938,0.9090909090909091,-558.3478,75.36405,271.4555,-8.898511,65.00905,134.05963,49.47132,-0.49376249699269725,-93.32886,0.18181818181818182,127.14065,24.240025,92.73279,-4.089835,25.26569,51.887543,30.368168,-0.14624080765760133,-10.818192,0.7272727272727273,19.366056,17.092335,50.291634,-1.033996,14.366807,30.986532,15.426321,0.5121733471882369,18.755627,0.6363636363636364,43.235886,13.74505,47.407578,3.160551,15.544385,31.363708,22.310345,0.23795995557484664,12.589966,0.36363636363636365,-4.023385,10.859425,34.313118,-1.2088196,12.316198,24.175522,15.843616,-0.37157926972214766,-10.4364605,0.0,0.049504051523760334,0.035788819924890664,0.1128817471590909,0.0008722478693181819,0.03136344691295978,0.06192294034090909,0.029511770154745855,-0.35818620600881057,-0.019161339962121212,0.2727272727272727,-0.11391692328875964,/Users/will/Projects/SpeechEmotionCS3540/datasets/SURREY/Audio/KL_a12.wav,Anger
3.3333786848072564,12,0.28558728,0.15142764,0.472517,0.0020029931,0.1324189,0.30908653,0.119687684,-0.32236136809601507,-0.1536511,0.16666666666666666,208.08307740666342,64.09345454089386,260.12254046060264,23.647503678236603,59.79905180822447,210.94584784959102,59.44276931324678,0.5897211917557857,71.46134896722896,0.9166666666666666,15.674062691246078,8.191548074109923,29.966132716750444,0.6879700111837802,11.788481597898521,29.966132716750444,14.194432390583652,-0.023584557541763976,-1.3285102623448566,0.08333333333333333,0.8106060606060607,0.31042123103860425,1.0,0.028925619834710745,0.291549351774589,0.7727272727272727,0.20332972042131855,0.15199724494817107,0.07954545454545459,0.16666666666666666,1223.1846753689263,544.5815014366318,2092.405921613313,115.10349786686852,495.80017969463984,1059.1045542003858,677.1000069924472,0.6359122910009136,773.3387634069561,0.8333333333333334,2101.7711292613635,1129.2200011706786,4322.301136363636,218.5798077543905,1059.0650303813454,2045.6542968749995,1414.7495637344773,0.619492170617746,1597.494506835937,0.8333333333333334,1377.6932496347897,347.0619180985648,1178.7095942647486,56.3749029774131,300.60163058903964,615.4474318780165,421.4002306464069,0.5426001629601228,422.34546821429853,0.8333333333333334,-247.20152,117.18015,391.7616,8.439792,102.41484,291.16803,72.477425,-0.11488702336173888,-44.84738,0.16666666666666666,115.759514,37.858253,117.03615,-6.8644714,28.788172,66.472206,39.246017,-0.4175825996242186,-33.629807,0.5,-5.147125,24.423874,78.530396,-0.49484357,20.29827,51.573128,20.855206,0.3185636792912768,18.433823,0.0,21.786402,15.322591,55.38843,1.5370709,14.799564,26.647211,21.071272,0.5711330827128391,20.43262,0.8333333333333334,-2.220782,11.320658,37.04505,-0.23900561,9.092975,15.519052,10.1871395,0.2652313406940698,7.9083905,0.0,0.04442064689867425,0.0221244052561118,0.08718039772727272,0.002770289901859504,0.02129851842844379,0.03466796875,0.02458605361217537,0.27918361352876037,0.015175559303977265,0.3333333333333333,0.3770850229804865,/Users/will/Projects/SpeechEmotionCS3540/datasets/SURREY/Audio/DC_h09.wav,Happy
4.580725623582766,17,0.008903841,0.004262974,0.0148250675,6.618613e-05,0.0050733318,0.011764813,0.006200814,-0.23564630995921101,-0.0026479345,0.11764705882352941,117.99198645332685,115.1802312434798,473.02727628249517,-12.034687477459276,150.28845118279054,473.02727628249517,265.38972453638956,-0.5500130680203952,-141.38295273260852,0.058823529411764705,9.999222442954741,8.607654167762037,27.222685704053795,-1.0495862729555478,13.004683877353026,27.222685704053795,22.259318159624428,-0.317436584132631,-5.6305199520358835,0.17647058823529413,0.4679144385026738,0.37701482902326294,0.9545454545454546,-0.048295454545454544,0.5282486926644049,0.9545454545454546,0.8296945348260973,-0.28808286059271254,-0.22727272727272735,0.0,1152.4160791904064,509.1088452713226,1688.5127427449147,-0.049218597582999735,503.1679233058698,1175.2818665849318,740.0439286678876,0.08298993254894718,224.82260337617413,0.35294117647058826,1925.2065403576205,887.3073743001218,2945.6443093039775,13.152382590553977,878.6762218701379,1899.8157848011365,1292.2842665233866,0.14253120427703492,500.54909446022725,0.35294117647058826,1389.4195965634926,343.3961006311507,1229.2935777567805,-5.960520805603878,383.15705450589724,698.4307299375237,465.5234543961096,0.02795891790033109,76.61998000123867,0.0,-575.42444,70.0475,267.00348,0.7962265,61.422897,146.1203,59.752674,-0.08079165002411244,1.0512695,0.29411764705882354,134.48775,36.425915,125.91194,-0.67663765,44.807816,82.39361,63.015648,0.0004698257610623093,-9.935547,0.23529411764705882,23.0511,22.259518,86.62531,-0.023752093,21.991587,50.626724,30.828432,0.028963968584620255,-4.4313087,0.8823529411764706,42.829403,21.019123,89.66268,-0.029123187,22.930222,40.435417,36.94202,-0.2934495484425255,-11.238419,0.35294117647058826,-5.13588,10.91553,40.72977,0.44339633,13.018755,20.699457,20.623735,-0.35165079512228026,-11.326591,0.17647058823529413,0.0438278116644385,0.034265748776097865,0.13571999289772727,0.0003315318714488622,0.0306975977037618,0.08389559659090909,0.04377268313638117,-0.038031325081103726,0.010245028409090907,0.35294117647058826,0.061181764838798974,/Users/will/Projects/SpeechEmotionCS3540/datasets/SURREY/Audio/KL_a13.wav,Anger
1.8773696145124716,6,0.027806593,0.008336729,0.02611019,0.005222038,0.00665279,0.015474922,0.00984651,0.8713794764199201,0.01682837,0.8333333333333334,163.42446584623542,42.160067920043495,118.06527231671882,-21.471889170144447,44.02850382453092,108.94492380369215,43.94829799060013,-0.653742571713294,-57.434288446599055,0.0,24.8923125131448,28.64926586664009,82.12559106148562,-16.425118212297125,30.81874419211808,76.82172970055076,34.451462316819,-0.6554937707962313,-38.09537105453639,0.0,0.8333333333333334,0.11030469529212908,0.2727272727272728,0.009090909090909084,0.16109131951517594,0.2727272727272728,0.27367260406346133,0.1608602212533327,0.045454545454545525,0.6666666666666666,816.7395972211624,87.47259373111504,248.16113963326393,-35.93888748955387,54.42552236645707,83.1099423169228,56.98557740006095,-0.8874225490544315,-192.80878802749157,0.0,1335.3848544034092,191.03989116503934,517.2862659801137,-94.0609463778409,123.78492577570846,265.7393022017045,106.96104227516814,-0.8169948086953129,-370.9583629261365,0.0,1054.4828962877652,292.63639768496245,898.6504935031064,-153.93359489060637,215.9435434822778,540.4745664956788,185.5948308911384,-0.8411389432944645,-563.9219507302298,0.0,-461.771,64.75068,185.66888,37.133778,50.542053,126.3891,44.995884,0.787849708888735,115.442505,0.8333333333333334,165.28609,37.99608,118.19167,16.975674,31.65472,67.387474,19.34665,0.6913010552553256,57.99019,0.5,0.9955377,10.380512,31.011414,-4.9328065,11.527375,20.768238,16.304272,-0.6760596396636762,-17.453604,0.0,19.0548,18.313812,49.828186,-6.0785003,13.717716,23.121521,17.716812,-0.8647750003328395,-40.110348,0.16666666666666666,-7.8571053,17.096113,47.99355,-4.1726837,23.189287,31.35635,31.5003,-0.015957005733969715,3.5928397,0.0,0.032925692471590905,0.008072173591951483,0.022660688920454548,0.004487748579545455,0.007737655905487007,0.01970880681818182,0.00733533074119502,0.6985858851622414,0.011973987926136367,0.3333333333333333,-0.8448830745264275,/Users/will/Projects/SpeechEmotionCS3540/datasets/SURREY/Audio/KL_a07.wav,Anger
4.3763265306122445,16,0.124963194,0.03638214,0.15197647,0.0023797478,0.037024356,0.07451845,0.042746913,0.30317623247157754,0.024841301,0.4375,155.66621659257697,40.949755015880854,180.3146506831442,9.859004879512508,44.91625793819347,175.81976150049684,48.18030480851565,0.3002423729232319,23.32903623838004,0.4375,9.456404437667258,3.9800799666950066,16.34086934039881,0.33251041794547903,5.268971335990134,10.848399791161386,6.999993151602726,0.19516445914328923,2.6372259765255723,0.3125,0.8238636363636365,0.25504972372117546,1.0,0.03333333333333333,0.22966418571510805,0.5909090909090909,0.22625001805434214,0.374528361025797,0.21818181818181825,0.25,970.6603269740099,368.45479950627924,1356.6341384856646,10.37306721707749,417.81115120581745,751.0746314779459,557.7795940454271,0.1519762845941011,195.687573900109,0.625,1837.7548911354759,774.8194156413762,2754.781827059659,23.849653764204543,852.9584234063027,1653.6521218039775,1125.0363708867403,0.24547967371612894,626.8119673295455,0.625,1237.989431276201,232.44391828440513,779.9336905437657,1.3555592001967094,311.4083661258137,585.3472528111481,452.63667635820633,-0.008634031202852277,39.43889605893787,0.625,-302.38348,78.051704,308.5854,8.4501705,62.43567,151.39185,48.02458,0.40453212535363975,71.571014,0.6875,146.16972,26.345829,77.88359,-1.3823049,33.88001,57.309883,46.168053,0.11225334880593998,3.1360016,0.1875,-0.98722935,17.047863,60.81389,-0.5179774,13.134037,32.877922,18.239197,-0.7822433632688416,-33.311356,0.0625,34.393723,17.717403,66.70414,-1.1945517,23.958263,44.889313,36.06242,-0.11824866087436837,-0.90444565,0.625,14.998765,14.586888,54.008446,0.5580734,15.737935,29.530918,20.901901,0.365433664866607,14.583075,0.4375,0.021768743341619316,0.007787958402683225,0.03076171875,0.0006806344696969696,0.0073353957035461465,0.020552201704545456,0.00755442594163161,0.4692882625907096,0.00964133522727273,0.875,0.6649654917352262,/Users/will/Projects/SpeechEmotionCS3540/datasets/SURREY/Audio/DC_f12.wav,Fear
2.987437641723356,10,0.118119374,0.040754117,0.13186176,0.0038001107,0.05465724,0.097660765,0.07847246,0.48614764552896067,0.044887394,0.8,167.37916348295053,56.38286673718611,199.297771879103,20.35191706422643,58.63176905976858,184.11173867221703,60.83261298719174,0.5669279854848547,69.46917582915009,0.7,13.31896411983945,6.5606506467603944,20.73154852957469,2.2423848109096,9.530522234563577,17.16676412511682,17.333334865428277,0.5178538256650994,8.149452754136155,0.8,0.6272727272727273,0.28371793698776787,0.9090909090909091,0.045454545454545456,0.31418850535345033,0.5454545454545454,0.3949170197387533,0.4796914778085473,0.25757575757575746,0.5,1118.823312162883,318.1514611065414,1085.0455473840511,-29.503982067356294,384.164262171208,752.280890194031,422.3801619233767,0.028549820474041494,75.11646277184354,0.7,2070.613236860795,622.11600062269,2191.982199928977,-81.40203302556819,761.0005437281923,1526.4104669744318,853.7925312136281,-0.006901733025304279,84.99090021306847,0.7,1371.7121956503886,187.34252592511982,530.4998345762901,-14.727608171759888,261.6766624082944,489.6170989257291,382.33406253604653,-0.016184462397169218,24.28091129971631,0.7,-341.1045,78.24116,266.49625,12.761705,91.01659,174.49564,108.39531,0.4295742227719972,59.706177,0.5,112.17893,27.683666,90.9556,-0.33140394,40.679493,67.946396,70.069756,-0.13860058387582336,-24.010323,0.5,12.550562,8.132394,30.83924,-0.3641275,11.792754,21.771914,19.732672,-0.1405599893622606,0.70431614,0.7,33.802475,21.134129,69.26244,-3.0319479,25.92706,48.9038,38.04007,0.1230185639511415,11.717243,0.7,-2.3013413,11.358522,36.558617,1.3438182,10.419574,16.878927,15.3698225,0.6969990156663067,23.19152,0.8,0.01572265625,0.00843790324835216,0.029274680397727272,0.0008680555555555555,0.00905060603048811,0.012650923295454544,0.012293898719097189,0.42995345965421383,0.006488222064393938,0.5,0.6172184425787625,/Users/will/Projects/SpeechEmotionCS3540/datasets/SURREY/Audio/DC_f06.wav,Fear
3.6667120181405894,13,0.23375982,0.09418759,0.32862186,0.0052647837,0.11101547,0.20872834,0.14116494,0.21455442953707687,0.012658447,0.5384615384615384,191.20915928222328,116.79408133219684,480.3181781039807,40.02651484199839,121.22965187703802,303.6435166603417,174.78502676732487,0.60694251421149,136.69578375015908,0.9230769230769231,26.710897730070517,19.17648905751137,65.88444745103212,0.4743884307904877,20.278089405697763,60.191786281546264,26.467106999298196,0.6488163479146706,30.76592113739337,0.8461538461538461,0.5279720279720279,0.34779226575687283,1.0,0.011363636363636362,0.23186645367883169,0.4545454545454546,0.24502424926237348,0.4487107768783615,0.4204545454545454,0.46153846153846156,1030.4528761528595,414.7971837726009,1598.0788766245432,28.30157647976452,429.7350419176675,815.2099620361432,504.7035600008927,0.3621514561896826,437.04466694412963,0.7692307692307693,1969.572822197334,824.0746901155518,3150.6991299715905,71.0840398615057,837.2714544259604,1560.1784446022727,920.6196998519329,0.4016290404896512,940.6094637784092,0.7692307692307693,1261.4340767042527,212.54413872714932,743.7911959780657,21.95538518127583,263.71401745512225,471.92036235484056,387.16331875636223,0.3001588284498651,173.61861156452983,0.7692307692307693,-248.82016,109.66867,419.9757,15.6319685,109.57883,258.91165,97.90395,0.2892743199517632,47.29358,0.15384615384615385,133.6264,30.76411,96.00745,-3.3182838,38.850185,71.18534,65.86878,-0.2124541803365458,-20.859566,0.6153846153846154,-3.082719,22.313923,68.778275,-1.2119993,24.895802,52.148193,27.083368,-0.36834869336949777,-15.930413,0.0,42.137836,16.257566,59.626335,2.805004,16.140049,39.443172,26.09921,0.7163275075750222,32.38073,0.6923076923076923,-10.112146,13.140851,49.74545,0.80782324,14.317943,25.569221,17.372683,0.2724559645665053,9.443821,0.9230769230769231,0.030171000874125872,0.013762367569514926,0.053022904829545456,0.000945120146780303,0.014408429865247535,0.025368430397727272,0.013837520437034168,0.3562818346544088,0.012362393465909095,0.7692307692307693,0.180251789847801,/Users/will/Projects/SpeechEmotionCS3540/datasets/SURREY/Audio/JK_h06.wav,Happy
4.952834467120182,18,0.18476066,0.04308724,0.17726728,0.0019254535,0.05668659,0.14357334,0.07001911,0.005095718285032456,0.0037834197,0.1111111111111111,214.9946983122715,85.39690020553748,454.475817412958,13.377358403958013,81.13355090393287,217.7791610034213,116.54029888630559,0.35296022195138044,53.06294390514276,0.9444444444444444,32.91891697621295,18.608002886084556,70.34474213160078,0.20342605393526045,19.145706333144698,40.76421551666597,27.37048386011743,0.24854392030092518,8.939054008435296,0.16666666666666666,0.702020202020202,0.2919261821539076,1.0,-0.005347593582887691,0.3175633228365347,0.6363636363636364,0.4320330655533266,-0.0900357295988137,-0.09090909090909094,0.1111111111111111,1241.0020630845645,356.94758028508284,1351.0311870853072,-11.667012836830205,377.2657419951424,744.7369375168814,449.6993435505453,-0.04906528049841947,89.43347812697039,0.3333333333333333,2514.0286532315345,742.2467236547044,2691.650390625,-42.63459067931151,751.2032901396868,1676.653497869318,887.3701235232841,-0.10492698018936622,122.10304953835157,0.3888888888888889,1416.5168348344814,208.00663882205285,704.2964891039172,-19.831864223033985,219.7389980599208,486.7824405467668,284.5867201756416,-0.33043775171297796,-74.15345058513344,0.1111111111111111,-233.49675,51.519287,210.27768,2.372853,57.598103,164.75734,55.150337,0.11294287162986791,13.041855,0.1111111111111111,131.52617,21.571466,91.37465,1.7857549,26.002674,56.483994,36.34938,0.23369775950854535,3.7963562,0.2222222222222222,-11.009594,16.622236,58.21766,0.46139976,21.483284,57.307983,31.800278,-0.25794501476030907,-11.865473,0.9444444444444444,56.425476,13.934098,45.37613,-0.8700048,13.637483,23.998188,21.708914,0.2069355136131232,9.322876,0.7777777777777778,-3.6377742,13.7693615,50.397438,0.14101613,14.4031925,28.198818,14.76819,0.03017657889019233,-0.6150422,0.9444444444444444,0.03347069326073233,0.012057148252639503,0.04791814630681818,0.0004008084057486631,0.012833413365763824,0.02374822443181818,0.01481280599455243,0.2800313914277306,0.009780421401515145,0.7777777777777778,0.10999060123231774,/Users/will/Projects/SpeechEmotionCS3540/datasets/SURREY/Audio/JK_h12.wav,Happy
7.138730158730159,27,0.074549295,0.026026763,0.094095305,-0.00042962827,0.020115409,0.039374255,0.026375359,0.1531054432493486,0.017908268,0.7037037037037037,133.15758094823718,72.84345924175268,206.71309430132627,0.0,50.04210689866127,202.4128768293221,71.29553250197819,-0.10429434820032867,-16.695371759803464,0.14814814814814814,9.244255868608123,7.028797714940234,24.310623601858545,6.832141690000964e-17,6.9002354764127904,12.755481568391472,11.184248310558973,-0.1675564473492423,-1.7818618002482003,0.3333333333333333,0.5959595959595959,0.3712035318184436,1.0,0.0,0.28913356768430803,0.6818181818181818,0.37724534402266235,0.08908771492366149,0.14646464646464646,0.14814814814814814,609.4205682524422,331.087062800865,1407.7595463901346,2.193408627860936,287.2196978036309,708.3646015663925,369.3673492746157,-0.002447286091484925,21.64427790048387,0.48148148148148145,1068.3223839962122,751.3482563383915,3097.3555131392045,2.6540049306162663,664.8545212332251,1576.3283469460227,898.5871284838571,-0.011710691070207814,7.83025568181813,0.48148148148148145,1095.4834864835345,226.64520330619416,1041.9368535898561,3.5364013474178453,222.22246001476628,559.7465289298643,317.61290241928623,-0.07171784169447157,-41.388557988572984,0.48148148148148145,-427.32083,84.76514,258.69705,0.089754544,59.998905,144.77933,78.00387,0.08876710152516729,37.903595,0.7037037037037037,135.80971,21.262938,87.39244,0.15202625,26.208332,56.342354,41.273697,0.28553227401966036,18.116714,0.4074074074074074,26.676245,16.940062,77.20315,-0.36636287,18.358519,36.116962,27.699217,-0.11186441059822617,-5.410494,0.7777777777777778,43.521687,21.387436,89.14494,0.03185529,21.151789,49.1752,27.190125,0.08379372890044146,9.568909,0.48148148148148145,11.464469,11.435137,47.675022,-0.065652445,15.352308,30.947376,23.865227,0.06917654839055774,3.1933193,0.5555555555555556,0.011365280408249159,0.008510765145026012,0.027787642045454544,-2.5020050134280873e-20,0.007199682459922818,0.01669034090909091,0.009697906510299231,0.15060432672198448,0.004964192708333332,0.7037037037037037,0.6638562149375284,/Users/will/Projects/SpeechEmotionCS3540/datasets/SURREY/Audio/JE_sa14.wav,Sad
4.533560090702948,17,0.1060181,0.040482942,0.13850525,2.3888424e-06,0.038332835,0.070006184,0.040981013,-0.1002441418737046,-0.023994587,0.17647058823529413,160.03427254940627,92.95360316922341,461.90348757350495,-3.552713678800501e-15,144.10562244592575,461.90348757350495,207.64386387213486,-0.2411585161368926,-59.044266627445865,0.058823529411764705,15.113127046874737,7.704397822599334,28.73693985817979,-2.220446049250313e-16,9.203377975423551,21.265928579126896,12.627903907571566,-0.12273342118167559,-1.1815882521243015,0.35294117647058826,0.6711229946524063,0.3453030246669135,1.0,0.0,0.3107907802540305,0.6363636363636364,0.33098345262819756,0.15964075320651258,0.0818181818181819,0.17647058823529413,679.7646492672699,284.41151397547077,1079.7894223686258,1.5252854868235914,274.17427721738864,792.8253724602982,358.4645839066403,-0.1534138131494341,-28.166475071743434,0.4117647058823529,1240.6349222927809,645.5713893771687,2373.056862571023,8.472581343217357,609.8107586112817,1578.2859108664773,758.3871755820967,-0.054987753764030874,120.97745028409088,0.35294117647058826,1022.7529080584654,204.90218532475134,890.1065685787569,1.6314937651314452,234.66961079495292,581.2801229388019,345.0997866003701,-0.19616116531166394,-37.96184376231463,0.4117647058823529,-372.51303,91.80514,328.5699,-1.5247993,89.17719,230.34738,82.1692,-0.095506675811729,-27.09909,0.29411764705882354,146.91045,37.566406,119.045555,-1.3450861,39.77997,102.39228,53.798054,0.05553806696414546,4.277939,0.7647058823529411,15.9770975,16.453045,65.41929,0.49511188,20.037912,45.772938,27.82351,0.15332526266958382,5.25667,0.7647058823529411,30.969194,14.726552,48.35909,0.7865007,20.719305,39.109913,31.396824,-0.17021929592681156,-3.1984386,0.7058823529411765,18.684605,10.594541,36.84188,-0.06363714,13.415932,26.541435,19.88726,-0.1898472227260503,-7.2224255,0.5294117647058824,0.017246511530748663,0.009958392459657356,0.032892400568181816,4.336808689942018e-19,0.009550299575992372,0.019398082386363636,0.010352810051646674,0.11579517996758047,0.002410333806818186,0.29411764705882354,0.218998294601623,/Users/will/Projects/SpeechEmotionCS3540/datasets/SURREY/Audio/DC_d10.wav,Disgust
4.3815419501133785,16,0.075107805,0.022675836,0.06558232,4.1673582e-07,0.014983931,0.030007165,0.013086779,-0.363905556271481,-0.017707776,0.3125,122.34386520727517,72.91294243960553,199.90569470435474,0.0,86.1601520990317,199.90569470435474,127.73710227651353,-0.3785657947063023,-58.10298573150426,0.0625,12.201287933834825,10.748430572881592,32.28059458143291,0.0,10.945278541866436,32.28059458143291,16.0316533029096,0.11258026926672557,3.8550131683869555,0.625,0.5340909090909092,0.3467305977816445,0.9545454545454546,0.0,0.3437758254761643,0.7727272727272727,0.4827955920893794,-0.20440124716516267,-0.12727272727272726,0.375,746.380990577864,277.78954923743504,913.1798387192271,1.7024432463633048,248.45481724570274,579.9222681732819,296.0328795520649,-0.18140066342867006,-122.4883353514798,0.125,1477.6243036443539,693.7675500805613,2450.3806374289775,2.838467684659103,628.9499390894545,1523.47412109375,784.061072911194,-0.2827185494685272,-513.273259943182,0.125,1192.484983482477,201.9789739877817,829.0856816636433,3.925426442800623,206.5862615108396,511.7942804009333,289.9230440513988,-0.4301124871962638,-237.92073658988602,0.125,-403.27203,77.298904,221.89975,0.055936687,54.989502,118.60141,48.496773,-0.18055503134995785,-35.22812,0.125,138.36383,26.714878,88.78791,-0.7679036,23.919134,43.545174,30.684032,0.5156813143730568,33.71396,0.5625,17.544008,12.8895445,53.678276,-0.4726373,14.800113,32.215343,22.029486,-0.049205324903502934,0.07349205,0.8125,51.35152,19.494843,69.71782,0.0693395,21.427393,39.657463,27.567009,-0.18265739254652372,-4.903122,0.6875,22.168308,13.63316,49.26007,-0.12979788,16.055004,36.905815,20.479023,0.17415492436262217,8.237665,0.875,0.011487093838778408,0.005916011561212408,0.019264914772727272,2.8912057932946785e-20,0.004521035579873329,0.009965376420454546,0.004645095431516745,0.011876973511514705,0.0010342684659090922,0.75,0.7302255661200365,/Users/will/Projects/SpeechEmotionCS3540/datasets/SURREY/Audio/DC_d04.wav,Disgust
3.930839002267574,14,0.16201831,0.06284819,0.19996834,-0.0003650945,0.081575595,0.13759784,0.10859437,0.02327152916815716,0.0049007684,0.5,204.70946532614457,113.71853192899293,360.1466614897486,-19.798011675104096,83.36210978669197,271.55313114972915,121.2205135937061,-0.7145471379164521,-225.79064452609379,0.14285714285714285,21.824557415436683,19.595958830073204,71.7027652326339,-1.1783742356859757,23.787245152919702,60.78835299223343,40.59471303096598,-0.5819106823000124,-33.90620322406003,0.21428571428571427,0.6396103896103895,0.377755240542687,1.0,-0.020979020979020976,0.3002517404339651,0.8636363636363636,0.41554601362527,-0.4317547561933402,-0.4545454545454545,0.2857142857142857,1233.8497532700057,365.66181991724903,1533.7198477760949,39.53581525817914,381.3081837116928,834.9578869229655,434.75453746231864,0.24324114677187178,94.66659936028623,0.6428571428571429,2420.632657137784,789.973354365762,3122.314453125,93.2478044416521,848.0230048693719,1827.385919744318,976.2482711985109,0.19758284777926685,136.050692471591,0.6428571428571429,1452.4896867766108,266.75861531835733,1002.4121831919497,22.286195561059422,325.78582117475776,541.653901474506,436.43205793563214,0.055771048973585105,-39.28129601497244,0.6428571428571429,-271.06485,83.466,313.66025,-1.1230515,91.05126,221.42491,90.09207,0.12698707718614508,32.870087,0.7857142857142857,118.59167,30.326544,82.38858,0.14460403,30.95813,61.4273,36.02043,0.18021376199290615,23.239975,0.5,-9.984614,24.32268,97.525795,1.3980443,27.759605,58.401344,30.762999,0.013437091650732227,-2.8788152,0.9285714285714286,22.880543,13.852666,59.466812,-0.57540613,18.310719,31.97626,27.442776,-0.275671723572253,-12.424143,0.6428571428571429,-24.719011,15.918329,59.322624,-3.1724079,13.853808,23.961374,19.254148,-0.7243582576783095,-27.735195,0.0,0.028740424614448052,0.012158612861864357,0.040460759943181816,0.00018438592657342648,0.014621093954114485,0.032159978693181816,0.016669971437099248,0.20763942677823613,0.0036565607244318198,0.5714285714285714,0.035779331025747416,/Users/will/Projects/SpeechEmotionCS3540/datasets/SURREY/Audio/JK_f09.wav,Fear
4.585986394557823,17,0.06346439,0.03180643,0.1208594,-6.1958563e-06,0.032453634,0.063393936,0.03889791,-0.4163019322230299,-0.0355034,0.11764705882352941,97.62398008746197,56.400101545392516,164.4949690032113,0.0,47.368342773102206,151.5091841208952,66.61316652610626,-0.15350453117719823,-25.474163688008858,0.17647058823529413,8.445498415849354,6.838732504809506,23.04764864696397,2.220446049250313e-16,5.010438338470733,9.40678635523482,6.529618284588823,-0.3267056562821241,-5.848101364725733,0.23529411764705882,0.5935828877005347,0.3410322730160968,1.0,0.0,0.29016239397281146,0.7727272727272727,0.41725853280141834,-0.06561621183170374,-0.08181818181818179,0.17647058823529413,1107.7051276090149,682.6966684352788,2254.9043672463968,9.467842581528515,438.14303513096394,924.3058347780604,432.2702188637296,-0.4061285937757163,-689.2341640654624,0.29411764705882354,2032.0377125459554,1228.123419424388,4113.331187855114,32.024522261186064,754.1197807523072,1621.3523171164775,724.3154807195048,-0.40262250121365795,-1300.801225142045,0.29411764705882354,1252.1135894129975,355.25180563897806,1295.3301800531895,6.05315017225557,272.3376129178305,512.9028530098269,312.68169700369,-0.46697037462265245,-425.17125929632596,0.29411764705882354,-365.7665,94.7535,331.46124,1.0641861,74.02562,205.17017,53.932045,-0.30719412098339427,-77.79059,0.11764705882352941,156.67444,43.08306,159.99353,-0.14062405,35.66824,62.548492,48.376484,0.5319070746622271,57.949112,0.8235294117647058,7.034309,19.229443,63.056458,-0.021188974,19.284704,40.73764,26.83352,0.24531402368328037,10.647062,0.6470588235294118,47.60367,15.092582,49.23549,0.8983606,12.736495,34.13647,16.44354,-0.37299058020869263,-17.85677,0.29411764705882354,-4.7968054,13.872566,49.224083,0.2071507,13.386808,27.032295,17.913387,0.5576350389550117,21.76923,0.8823529411764706,0.04008475726938503,0.03460463988446234,0.13014914772727273,6.380948153409012e-05,0.023972456434529568,0.06438654119318182,0.026118834275138055,-0.3952102620432535,-0.0382723721590909,0.23529411764705882,0.6016867162038787,/Users/will/Projects/SpeechEmotionCS3540/datasets/SURREY/Audio/JK_n28.wav,Neutral
3.2797732426303856,12,0.18005134,0.12156989,0.39125386,4.4995748e-05,0.093836404,0.24039966,0.09891615,-0.37005291307344645,-0.13398081,0.25,189.29046737360434,114.3530605850107,447.76918981817545,-40.70628998347049,69.82358699935536,188.70785626821015,88.27200696464212,-0.8213533127622639,-210.78958112195573,0.0,28.442845453105516,27.317613709649883,85.93699603267143,-1.7148395587054055,30.289518406839306,67.15207317479809,46.12755441815548,-0.056884611192911286,-12.012672470415552,0.5833333333333334,0.6174242424242425,0.3662116824009106,1.0,-0.033057851239669415,0.37084330820139794,0.9545454545454546,0.5735924201580858,-0.22022865276534914,-0.13636363636363635,0.4166666666666667,1395.108990054242,388.4233157686187,1369.81810854496,25.01184254893636,374.1199730626596,691.6285008699481,556.2779251281811,0.5731363559010729,485.073883510222,0.5833333333333334,2553.9276123046875,688.537730115117,2200.301846590909,25.13690034220041,606.2081393487525,1147.1324573863635,840.5095122641245,0.5574757368745039,940.609463778409,0.5833333333333334,1534.134840347793,121.71302663558431,369.823675517679,-3.6752637781177824,124.91682316327453,286.0876403523109,189.7721002073119,0.3650647400661872,109.80573539981651,0.5833333333333334,-281.10666,132.80374,413.20587,0.033615112,107.85082,219.07669,57.813084,-0.014856791741547738,-11.701233,0.25,117.63714,20.252167,82.30651,-0.88324946,27.73279,52.90973,40.38119,0.25773297021278735,17.01133,0.75,-5.015226,11.058869,35.615738,1.2466542,13.219278,28.335526,16.246021,-0.3954801028282101,-12.810072,0.4166666666666667,45.28142,16.079586,47.030296,1.1146938,16.528883,29.179869,21.557327,0.41887319028249176,20.485262,0.4166666666666667,-7.372832,11.9058,42.036922,-0.97102815,14.835074,25.300777,22.00406,-0.3514540329587352,-6.009596,0.4166666666666667,0.05534963896780302,0.03246897341869883,0.11263760653409091,0.0023082386363636365,0.028082263365345236,0.060080788352272735,0.03975695408746001,0.4499100241634782,0.02908047762784091,0.5833333333333334,0.11204845051200778,/Users/will/Projects/SpeechEmotionCS3540/datasets/SURREY/Audio/JE_a04.wav,Anger
5.153922902494331,19,0.20207144,0.13953906,0.44610944,-2.7026463e-06,0.10481033,0.21721038,0.10921708,0.009315531817762084,0.037249237,0.7368421052631579,118.38716052012964,74.74720961068321,223.49337997386723,0.0,75.66703269353107,223.49337997386723,118.11150544722447,-0.20058703509465373,-33.23357019188913,0.10526315789473684,11.293227975032371,7.933012653906389,23.35906958713674,-9.868649107779169e-17,9.051376593371257,16.92542696767748,14.896927106703583,-0.12618723995693235,-3.5589054497398713,0.631578947368421,0.5598086124401914,0.37974277356008557,1.0,-1.5419764230904953e-17,0.38270699819136633,0.9545454545454546,0.639221999167533,-0.05175902497282466,-0.045454545454545525,0.21052631578947367,1196.190710708065,455.6455636207002,1711.224798628002,-0.24720430907926685,512.1478035277574,1233.718083808437,656.9409582891392,0.3577497669907304,330.13020855069476,0.8421052631578947,2139.8749392568775,859.7452142063511,3262.7696644176135,-2.147882634943193,934.9064938401656,2005.034845525568,1191.7302430194939,0.32127455634617386,553.5011985085227,0.8421052631578947,1418.3500374963169,174.64311304334393,741.4080808952456,-0.6568621291694777,225.08068682431784,450.74591194852474,333.7746861277845,0.3260601817503108,116.78246484396936,0.8421052631578947,-279.81696,162.52194,482.55768,-1.5243675,101.620346,261.02997,105.49558,-0.009912694890907193,8.278748,0.7368421052631579,127.57187,28.186323,98.36131,-0.5862024,33.293182,76.516945,46.056374,-0.22155731231431722,-11.564697,0.47368421052631576,-4.3641753,18.246088,68.791306,0.0618568,18.551739,42.10264,26.380486,0.22302263498095104,7.811658,0.631578947368421,46.57664,10.584817,38.398754,-0.3103733,13.679226,22.950981,19.310684,0.05537100113743435,0.8121147,0.8421052631578947,-7.6346564,15.493058,59.644073,-0.71463656,19.681473,42.85603,31.509796,-0.4400112005276627,-14.637656,0.47368421052631576,0.04686565490430622,0.031646867718782876,0.10788796164772728,-3.854941057726238e-19,0.030609474277886486,0.06309925426136365,0.044021991675867574,0.03002946458787325,-0.0018902402935606043,0.5789473684210527,0.716454599428291,/Users/will/Projects/SpeechEmotionCS3540/datasets/SURREY/Audio/JE_a10.wav,Anger
4.952834467120182,18,0.06576568,0.016938731,0.06457614,0.00011480117,0.012334903,0.027808886,0.015575971,-0.265990371272076,-0.012951631,0.2777777777777778,91.43622898929418,68.30977982258898,207.85837888496727,0.0,92.3877515067197,207.85837888496727,138.81111111760737,-0.22087527268951448,-27.85636278990023,0.05555555555555555,8.91462786188032,10.539981849271095,33.14591095017026,0.0,16.8856052415495,33.14591095017026,32.24447975160952,-0.29172342255877903,-8.036294990484269,0.2222222222222222,0.4166666666666667,0.33307496874213044,0.9090909090909091,-1.3061447348531253e-17,0.43959366043053283,0.8636363636363636,0.7119977931412544,0.04164827708568748,0.030303030303030276,0.6111111111111112,1141.823765712517,368.04878756350735,1517.7122847797282,2.823276000887852,392.7595530282236,956.8425581766064,416.44312510481126,-0.1061404446519648,-118.77693182245866,0.16666666666666666,2245.679265802557,821.9036356704429,3490.825861150568,8.895400756183161,835.7593292926723,1886.602228338068,863.7386342122547,-0.11207507095674282,-275.69025213068176,0.16666666666666666,1414.1826574044394,239.4609140894374,1012.6798111380847,-4.122894101123473,272.80240170540884,574.5001230306555,347.53650025979715,-0.13928123171942886,-82.7264466422439,0.16666666666666666,-374.91513,75.77552,290.93317,1.7227676,59.26798,127.84967,55.851166,-0.048140275392715204,-4.85495,0.3333333333333333,130.59312,20.684204,72.13061,1.2018881,18.82736,38.609734,24.031559,0.5533364093236515,30.463234,0.7777777777777778,23.34749,16.08948,55.651073,0.23960438,19.076296,41.543816,26.079193,0.24057679493375567,4.876314,0.2777777777777778,61.619026,17.387857,65.75967,0.971955,16.144129,33.63591,18.107779,-0.12765579675381805,-7.6323586,0.16666666666666666,-16.0187,12.586098,39.73749,-0.22963467,12.053666,20.186287,17.682447,-0.22836090303851836,-8.846916,0.0,0.012914792455808082,0.005970338334513278,0.021950461647727272,0.00012141753008021389,0.005511627178593797,0.010120738636363638,0.006624865132415982,-0.09597596578985397,-0.0012576941287878798,0.3333333333333333,0.47676571027439185,/Users/will/Projects/SpeechEmotionCS3540/datasets/SURREY/Audio/JK_n14.wav,Neutral
5.446258503401361,20,0.0615884,0.011671351,0.042403087,8.003982e-05,0.011351302,0.021149877,0.013548804,0.15952611337368458,0.0037199892,0.65,112.7174364004449,50.53097399722955,169.3297131461865,-2.243819165558211e-15,44.97312589598654,162.27962168457785,57.39301001345664,-0.021000860332675727,-11.300204985734453,0.15,8.428581948602446,5.240253747832131,19.210626646613118,-2.8047739569477637e-16,5.791228101338667,14.770697715129183,8.748812257449119,-0.11016797206457163,-1.6365210393898035,0.15,0.634090909090909,0.314746060570467,1.0,0.0,0.3100463701305725,0.6818181818181818,0.4342039357850636,0.32746349205448894,0.24242424242424243,0.7,664.8676772400938,260.80660576288494,997.6864584998881,2.8830180272406274,275.393971904049,618.4304601641752,371.328356808565,-0.27083202925383426,-140.8224075408017,0.35,1254.6516557173295,589.4387191871555,2262.454501065341,6.8772311415969005,613.1301343916165,1358.059969815341,806.9089612738646,-0.2324156485841086,-269.5728648792615,0.35,1056.6435269604171,169.97911639036542,589.5048425805695,1.182473004207808,213.30699355814033,517.2142301069125,348.301181247673,-0.4816861137352456,-224.9629029012973,0.1,-409.3272,61.742695,209.23645,0.6299503,58.56991,128.67844,56.841946,0.033943625637477715,8.032623,0.1,162.68204,28.024296,88.5064,-0.08012711,31.853971,65.65642,50.474915,0.5150475193882286,42.268814,0.75,9.039314,15.971468,66.26675,0.32388666,12.794552,23.313404,15.475698,-0.056990085080307895,-7.7749214,0.95,33.951946,11.104375,41.438206,0.39023137,16.690323,35.307602,27.488108,0.23369767674219746,2.2311172,0.85,23.995422,17.980873,67.75311,-0.02155806,16.556227,31.586876,24.503962,0.5851084527540382,30.825315,0.45,0.0116455078125,0.005680197137723629,0.018576882102272728,7.125635466507179e-05,0.005160713286629652,0.009721235795454546,0.006734260299834379,0.3626638253604965,0.006551106770833334,0.3,0.6370058639991232,/Users/will/Projects/SpeechEmotionCS3540/datasets/SURREY/Audio/DC_n27.wav,Neutral
3.41718820861678,12,0.13150775,0.09306541,0.2848006,8.636916e-06,0.080900125,0.19454303,0.10257454,-0.1124823781031894,-0.012175538,0.3333333333333333,80.53250306673173,69.33097596843123,169.28940685851688,0.0,65.01597917522174,169.28940685851688,99.80928870784389,0.0954456130720221,20.299665789364425,0.25,8.469680714759368,8.687282919437443,22.96342000425912,0.0,6.75793714256786,14.642621481398631,9.474593444899597,-0.040225139759095786,-0.5053553044904042,0.3333333333333333,0.4431818181818182,0.4070339701948254,1.0,0.0,0.2768286648668467,0.6818181818181818,0.33216047102627466,0.09300517546885381,0.09090909090909091,0.5833333333333334,790.7244731634,469.27192367414756,1501.0958213243441,1.3161221719036162,506.6485984633752,1278.2644011343284,742.2385488116295,-0.29184753545919473,-475.61342623810435,0.25,1425.677490234375,900.2671944632555,2716.6093306107955,4.493498999225221,966.4691800335881,2395.56884765625,1419.4544898829429,-0.2578101632034976,-833.4328391335224,0.16666666666666666,1146.1773815565152,236.8406478110714,761.9924766374498,4.478679014044174,278.7561095869565,649.9076759478264,416.06726097555645,-0.37577270537120494,-322.86306064319047,0.16666666666666666,-358.54245,152.8782,409.1152,-2.0268166,116.12403,248.77948,136.87064,-0.03783746891925832,-1.9190369,0.3333333333333333,143.33717,30.562656,109.11487,-1.7915733,29.347864,55.5997,41.043472,0.28783692961711804,33.22673,0.6666666666666666,10.417381,20.822283,60.05457,0.7912951,22.710035,47.374977,34.751423,0.007468545006243014,-5.0649223,0.9166666666666666,41.52602,11.540665,38.584,0.6019894,13.241968,31.090176,21.011864,-0.3786630647777671,-13.841621,0.16666666666666666,-6.889343,11.8003025,38.639595,0.1390974,13.867942,26.811214,18.422176,0.09560336560541093,4.962807,0.6666666666666666,0.018891305634469696,0.015228890768397724,0.048628373579545456,3.9425533544927435e-20,0.01457305703906954,0.03160511363636363,0.021039688803578205,-0.19230478065225032,-0.008678089488636364,0.25,0.8691910827276751,/Users/will/Projects/SpeechEmotionCS3540/datasets/SURREY/Audio/JK_sa09.wav,Sad
4.025487528344671,15,0.05775194,0.012035597,0.03933573,-1.8934852e-05,0.009944427,0.018261671,0.010711606,-0.2512336641815032,-0.008914791,0.6,102.37341947409169,52.46332676168261,149.49150482973977,0.0,49.96883222130076,149.49150482973977,58.92645805874181,-0.3664255495632538,-43.73316081598989,0.06666666666666667,4.976506343734981,4.32169635685772,15.736985170228541,-1.2688263138573217e-16,5.437613432003294,10.031693682824379,9.473299214926623,-0.2636992059139052,-2.8074171557147936,0.2,0.5545454545454546,0.33982656409396816,1.0,0.0,0.30491836056815314,1.0,0.4473338627054399,0.18781779683821312,0.18181818181818188,0.8,651.6932966824937,341.60693222072916,1277.6871567359071,1.385591049739572,273.49175695805786,575.8783940727351,327.3216541216943,-0.33915617106221846,-250.39122181635605,0.3333333333333333,1195.7779208096592,770.5779657049485,2874.6826171875,3.215997869318179,609.670606583342,1322.3344282670455,706.1853956812125,-0.3109556756833098,-498.6894087357957,0.3333333333333333,1029.7171077925518,260.42015053722383,984.99424079978,2.569462023681386,215.9023551023889,463.7119147277581,266.1525121103496,-0.3799258624485508,-213.25341280358214,0.3333333333333333,-429.05817,74.745575,213.7681,-0.12134661,56.684883,126.84711,54.781063,-0.3188210596675512,-58.33374,0.13333333333333333,163.18869,36.32622,112.640915,-0.26489586,32.445873,63.39682,45.75134,0.2726533367122792,20.548828,0.6,14.784396,13.584372,46.145008,-0.009142467,13.765364,41.37671,22.25141,0.40601290509807625,12.8936405,0.8666666666666667,37.160275,23.388477,88.45259,0.03772286,23.124468,41.235077,34.06736,-0.2666932820327566,-13.668102,0.3333333333333333,21.53516,9.172656,28.977531,0.093598776,11.891626,20.873552,18.337616,0.27493276239616987,5.430414,0.6666666666666666,0.011249704071969697,0.007024385876978183,0.024636008522727272,-5.421010862427522e-20,0.005290103023012161,0.010076349431818182,0.005832225993136822,0.0425138901022011,0.0005415482954545438,0.6,0.7834083960381432,/Users/will/Projects/SpeechEmotionCS3540/datasets/SURREY/Audio/DC_n25.wav,Neutral
3.2494784580498868,11,0.07440054,0.028200183,0.09182181,-0.00033725426,0.030964019,0.07138945,0.034151644,-0.5464991668313062,-0.049204756,0.18181818181818182,133.45107104639217,21.851642299706068,77.4129809106037,-7.7412980910603695,13.410364901631155,34.43230717641738,16.205129352684857,-0.7483097075615822,-48.74635659375592,0.0,9.193073073420553,4.8555334732112065,17.857940680134416,-0.17083923433210568,7.755239957476513,17.857940680134416,13.163514643647865,-0.18143865592580788,-5.816947149900976,0.18181818181818182,0.6859504132231404,0.22052337296076585,0.8181818181818181,0.03181818181818182,0.3096585696409291,0.5,0.4660715957599728,0.2844272778839864,0.12121212121212122,0.5454545454545454,737.1659832716846,268.4199971739075,994.6236951201895,28.641343978676765,263.77992935036986,477.97347170058526,342.3604159833297,0.5277784647230057,439.4063833784018,0.7272727272727273,1482.9436499225205,730.5904432814979,2487.5743519176135,93.66943359375,744.0055186917846,1068.340509588068,1016.1828522733198,0.5192850489222908,1308.3052201704545,0.7272727272727273,1106.9365702793702,240.45182272716255,815.4015197969374,20.625313050366287,265.4017303516776,415.1563922344392,394.8642324351623,0.5983177797991225,463.41800787452235,0.7272727272727273,-390.78058,55.76383,199.34067,3.834076,65.965416,110.651764,73.33242,0.010981116693389472,-2.3327637,0.18181818181818182,158.55312,31.427624,100.626396,6.7719903,42.413467,71.991425,66.20529,0.24636098631047218,18.611694,0.2727272727272727,13.141019,18.80172,59.572815,-4.6121645,16.763836,47.215652,26.826782,-0.7004045567314449,-38.7315,0.09090909090909091,36.887344,22.090248,72.2399,2.0889378,23.154593,54.527264,36.586075,0.5709319938182646,33.555374,0.36363636363636365,25.528685,16.288948,56.54908,1.2322001,16.03003,32.18055,24.031755,0.37295256644912367,14.799641,0.5454545454545454,0.01427112926136364,0.0078218377052289,0.02605646306818182,0.0003417968750000001,0.008328727889267749,0.016867897727272728,0.009568659340005446,-0.3635703976845985,-0.007819898200757574,0.18181818181818182,0.35231668246279324,/Users/will/Projects/SpeechEmotionCS3540/datasets/SURREY/Audio/DC_n19.wav,Neutral
4.150657596371882,15,0.091366135,0.032970276,0.12929627,-0.00057659246,0.037408464,0.0639745,0.04523853,-0.14113543295413428,-0.02107463,0.2,136.67063092298187,102.48760988807015,442.5736371694465,-31.61240265496047,146.30362591120567,442.5736371694465,221.6530729934946,-0.3643818316781415,-79.45715020957832,0.0,15.359118721642822,23.024051186790118,96.68765806026408,-0.34128820483552275,34.669511167107,96.68765806026408,63.462533655122506,-0.14970710121889652,-7.9576586239731,0.4,0.5545454545454546,0.3583709698986732,1.0,-0.025974025974025976,0.43791468311915227,0.9090909090909091,0.6841184078725144,-0.0939422784602042,-0.1636363636363637,0.5333333333333333,1079.82353757748,434.369651030281,1644.2889606920248,-13.157329888114138,445.4990154782767,1029.9236678767802,689.1574169298992,-0.4033734658794709,-417.5934434472158,0.3333333333333333,2064.773171164773,834.2546561391687,3136.017400568182,-34.85162908380681,801.8575721684592,1562.1360085227275,1168.0982300247492,-0.4488673605436959,-857.706631747159,0.3333333333333333,1279.6744509993619,182.84639200362548,633.507422366946,-2.768429515550013,208.54340193088265,428.730058326081,329.59273323699966,-0.5203031977024333,-207.67528129030688,0.3333333333333333,-337.4438,93.67998,356.38422,-2.8117087,88.77594,218.15903,62.159622,-0.21381896741696585,-58.191223,0.13333333333333333,137.96216,24.78492,85.08811,0.6187025,27.643747,54.639824,41.018387,0.48316655861325586,25.785614,0.8,8.589234,19.69241,76.964836,2.0750551,21.303333,43.834248,29.576921,0.6015952408287301,30.23459,0.9333333333333333,58.588905,14.589338,47.51969,-1.2361802,16.716372,29.967583,24.975973,-0.5268069400510252,-15.03326,0.13333333333333333,-9.937954,16.665691,56.755028,-0.725658,18.076513,32.230152,23.157253,-0.07853855415157007,-2.0542736,0.4,0.023909505208333338,0.013881111734910481,0.050115411931818184,1.902394480519485e-05,0.015286591975703022,0.033735795454545456,0.02046375959180918,-0.26312331461962274,-0.010857599431818188,0.26666666666666666,0.025384403257724637,/Users/will/Projects/SpeechEmotionCS3540/datasets/SURREY/Audio/JK_n16.wav,Neutral
3.962312925170068,14,0.08927065,0.034102585,0.12228727,3.6088608e-05,0.03299365,0.066381015,0.036865763,-0.39627830146218074,-0.048058756,0.14285714285714285,121.03554939130493,112.31099053673574,457.7244020000157,0.0,188.82745679321076,457.7244020000157,299.3544515702777,0.05645328402907423,-3.5161716179301408,0.8571428571428571,8.969614339948867,8.565247206590207,34.113474079376644,0.0,14.090962078642681,34.113474079376644,22.81395435657445,0.0830686342692476,1.2651584322833855,0.8571428571428571,0.47402597402597396,0.35155006970491337,0.9090909090909091,0.0,0.33874605160231785,0.9090909090909091,0.4820587354525161,-0.2932549706486595,-0.35227272727272724,0.35714285714285715,886.8395795291852,326.77240997150506,1308.9629374723163,34.46338926881994,284.2406687351861,615.7757465026335,332.88984281144747,0.056889247557608776,85.90005121969898,0.2857142857142857,1755.0259676846592,637.5743288366655,2633.4128639914775,94.37716824191435,547.9769056196009,897.0536665482957,672.1003251777809,0.21392992178271616,395.30556418678975,0.2857142857142857,1175.4679685297638,206.74065421795282,743.7814351128052,24.64573509260229,191.1279240098725,360.2730951498636,255.13680128961855,-0.012049949521229581,42.92221331172823,0.2857142857142857,-336.0725,89.855446,311.92276,4.4866405,75.71778,188.99487,50.673134,0.03212348426046453,-0.967865,0.42857142857142855,165.7056,33.562138,110.7808,-0.3438263,31.154144,61.064125,44.407936,0.5200421913238636,43.43091,0.7857142857142857,-7.740023,23.27152,81.4297,-0.8464743,25.438633,47.330948,32.435284,-0.4435746422434692,-29.25616,0.0,46.028934,11.084416,37.822975,1.2931404,11.922058,28.41304,19.045397,0.02733384839607279,3.5744286,0.2857142857142857,-5.1666937,15.724073,61.65714,-1.227357,17.362934,31.814693,24.323507,-0.021823577821425168,1.4414701,0.42857142857142855,0.020369888900162336,0.010101237613775762,0.03231534090909091,2.0487325174825223e-05,0.008271433872731975,0.015980113636363636,0.007764080152380903,-0.029141363351989524,-0.00271329012784091,0.21428571428571427,0.17416581647737484,/Users/will/Projects/SpeechEmotionCS3540/datasets/SURREY/Audio/JK_n02.wav,Neutral
4.139546485260771,15,0.14725657,0.08225856,0.3109005,-0.0029368822,0.07577965,0.19252257,0.075771675,-0.48972174438064137,-0.09981501,0.13333333333333333,117.54234358791649,85.24009263394618,319.9317258506501,0.0,113.13150614252878,319.9317258506501,163.76835801059346,-0.3840821357567052,-63.63501307569756,0.06666666666666667,19.42734933386206,26.721133558787532,108.46454086925986,0.0,34.82919997025421,108.46454086925986,48.65794156519258,-0.49187130469107154,-30.092489512410708,0.06666666666666667,0.5545454545454546,0.35528283847774633,1.0,0.0,0.38874362459989,0.8636363636363636,0.5383707125287912,-0.16977623382078103,-0.09999999999999998,0.4666666666666667,1327.6592270377505,479.689452414735,1642.919887237851,-3.6911192705703604,608.4581724620872,1471.8003119746845,774.9421282957805,0.2065728872640448,139.74087387552845,0.8,2394.85107421875,848.709241977727,2407.803622159091,-2.796519886363675,1075.662200981531,2188.556463068182,1435.9495733856922,0.10857728937455609,-0.7830255681815288,0.8,1403.6381333737004,232.73251675399473,857.6482873961476,7.988171309204972,308.8871781481786,655.7541463135641,456.87205020779027,0.004861155651145085,-88.87663178288471,0.8666666666666667,-286.6981,121.07417,415.84937,-7.380445,98.36526,237.61053,86.544266,-0.39635440727050275,-110.301315,0.13333333333333333,124.43112,35.777702,149.82767,1.5742024,48.410744,94.91699,68.78713,0.0726966988775936,19.479385,0.7333333333333333,-12.291643,21.245472,88.14109,1.0112582,24.810581,57.3613,34.27196,0.3811207490576467,15.26573,0.8666666666666667,43.491177,25.254217,92.47874,0.137337,34.045586,63.097122,47.82814,0.15451650770387032,-2.5041504,0.8666666666666667,1.1890472,10.867099,41.86537,0.3145128,13.69143,23.74253,18.633093,-0.04266339025264089,-4.2682433,0.5333333333333333,0.04576822916666667,0.0221717950208613,0.08664772727272728,-0.000531085125811688,0.02562788185437414,0.06414240056818182,0.030927869321905135,0.21882642269792163,0.010329367897727267,0.8,0.7142863080710034,/Users/will/Projects/SpeechEmotionCS3540/datasets/SURREY/Audio/JE_a06.wav,Anger
3.8397278911564627,14,0.16669536,0.08518222,0.27057347,1.3805926e-05,0.06924143,0.09906092,0.078404225,-0.17840796192782968,-0.05549632,0.5714285714285714,141.83528931616385,89.79667824566046,346.83428201395674,0.0,111.17712181947219,346.83428201395674,156.69153365731643,-0.49862355140159853,-121.22971507711,0.07142857142857142,18.565457451791325,25.088890257637313,104.76662891117677,-1.3664283380001927e-16,39.16636844254,104.76662891117677,62.89432291740732,-0.3956736009582104,-27.57618361856803,0.07142857142857142,0.5844155844155844,0.352866965433598,1.0,0.0,0.34294265273396446,0.8181818181818182,0.43221672198775496,-0.3104205803851711,-0.3181818181818182,0.2857142857142857,980.9208817639271,494.3887518666614,1596.901117853416,19.319112702409168,524.1796338118843,1123.5232838913662,627.1779674971694,0.49919083463977076,774.2914195298279,0.7857142857142857,1734.8211115056818,989.3534613876564,3249.0667169744315,60.759772454108386,1017.741968085872,2041.249778053977,1218.226175751202,0.537020119475029,1635.299960049716,0.7857142857142857,1250.4359513623751,293.6036394888323,869.1616202383797,8.217368547480383,325.975942771873,688.1817322167508,413.2618004870239,0.516074981803598,476.9476511768389,0.8571428571428571,-310.73788,109.6574,340.99628,-0.66574097,78.0156,152.91364,43.06138,0.03594878800760099,3.1116028,0.5714285714285714,129.41234,30.498442,103.67013,-0.9105395,35.979042,58.808495,47.732307,-0.0415219249631961,-5.4156723,0.6428571428571429,15.946649,15.69572,70.44222,1.1955626,20.466286,45.286415,30.751152,0.18647202790159545,11.319177,0.2857142857142857,45.642323,14.869453,45.590675,0.2963421,16.812536,31.25716,21.198399,0.28695537701382684,15.731689,0.7857142857142857,-0.43064103,12.868538,38.373856,-1.2591174,12.900015,30.839706,18.3586,-0.5332246178615477,-22.108465,0.07142857142857142,0.019892704951298707,0.010979572959593013,0.03118341619318182,-6.672013369141566e-20,0.006943748874728139,0.016268643465909092,0.005757524375195725,-0.044737286411192144,-0.000904430042613636,0.35714285714285715,0.5306340667557049,/Users/will/Projects/SpeechEmotionCS3540/datasets/SURREY/Audio/JE_a12.wav,Anger
3.7211791383219954,13,0.10493558,0.04890199,0.15254119,1.573904e-05,0.043216553,0.10235402,0.058944404,-0.22193780496072507,-0.040452115,0.23076923076923078,180.93316776123928,134.1405569702095,470.67315449634617,39.22276287469552,99.22542572368083,331.7309844733221,159.47888341184023,0.7627081061583029,221.71690048524619,0.9230769230769231,16.271947658858917,9.598704315659754,26.982540289594507,0.08459641125084971,9.821231033415508,20.037378684419348,13.838627596825027,0.32589984743588607,7.2516264397927195,0.6923076923076923,0.6048951048951049,0.304336435622223,0.9545454545454546,0.022727272727272724,0.2679505936943544,0.6818181818181818,0.3793559476868926,0.3439014617839049,0.22727272727272718,0.46153846153846156,852.6192868052213,419.0577832603041,1391.9403200659299,50.143333430446376,299.62391701809014,787.8753722526087,410.4587995893103,0.8481140901775858,868.0297262331374,0.8461538461538461,1589.918358009178,957.8710743422595,2998.49853515625,122.30696244673295,607.0389441866225,1530.8149857954545,774.5518490774825,0.8596947950660112,2026.2010054154828,0.8461538461538461,1136.5154867480394,338.49388829100394,1011.9105673157475,32.405477168556246,234.3561875049916,459.15277762159644,342.0286455152537,0.7922382717589203,703.9118170545664,0.8461538461538461,-364.09158,103.65303,309.76794,2.5665996,74.743034,181.43527,71.64047,0.172088545216177,31.751556,0.5384615384615384,147.0057,39.99489,141.91377,-2.2243826,31.25857,60.502895,46.39789,-0.4325257648036381,-49.289185,0.5384615384615384,10.877354,20.792147,67.30841,-1.5197009,18.511766,30.485493,26.229197,-0.7373792213548485,-36.52422,0.07692307692307693,31.527885,21.577705,77.52178,0.60779476,21.22306,42.7276,30.612799,0.49320632182472496,35.90437,0.6923076923076923,7.770179,10.263236,36.46579,-0.809426,15.013523,32.242733,25.0878,-0.32266079315262974,-3.7905283,0.3076923076923077,0.015206717111013986,0.010277035004383884,0.029030539772727272,-3.614007241618348e-20,0.007472503224896706,0.016268643465909092,0.008753646346459256,-0.06872948937007406,-0.004300204190340908,0.5384615384615384,-0.19694809949196743,/Users/will/Projects/SpeechEmotionCS3540/datasets/SURREY/Audio/DC_d12.wav,Disgust
3.710702947845805,13,0.061055414,0.014982996,0.04313486,1.475991e-05,0.009006744,0.0149405785,0.008571097,0.15615180061563355,0.0054740794,0.6153846153846154,135.73397089107823,75.60440703740228,200.75493082026136,0.0,80.48350312153875,200.08886964572153,105.94741958422586,0.17206818982205987,27.925567833870616,0.23076923076923078,11.279643447234347,9.066569154096861,32.760078190203764,1.4802973661668753e-16,9.44768150822371,18.782524240804754,12.314006999996765,0.404914492712146,11.209226880602625,0.7692307692307693,0.5909090909090909,0.35208939510976517,1.0,0.0,0.2820380374088831,0.6818181818181818,0.3498514130333343,0.16189999661493698,0.09090909090909094,0.6153846153846154,748.0791878524825,330.4008317052692,1121.921677624678,27.0441165714565,263.5491937210507,539.6044313509833,255.30076410999888,-0.14131810757511282,-88.34567796894976,0.3076923076923077,1482.8170242843094,780.4484827671588,2534.0664950284095,87.19315962357956,660.4328959727154,1377.6356090198863,698.6029746058656,-0.07872855309313936,-111.7034912109375,0.3076923076923077,1183.1415230005432,320.8901924552613,1012.5101231909284,26.832980173384517,270.1127624863013,614.6515906093113,309.50865015931265,-0.22545769548456382,-168.91837214289808,0.3076923076923077,-413.8527,78.59901,230.49493,0.86604816,61.46216,130.2974,64.59708,0.06440457559334731,10.715363,0.23076923076923078,149.77255,37.649414,104.44908,-2.1805973,30.761766,76.94829,39.0205,0.2996853968978696,25.749496,0.46153846153846156,14.525774,15.429611,55.641727,-0.43738452,21.449768,43.599113,34.398754,-0.28362115420979433,-14.124832,0.5384615384615384,33.045536,14.846152,54.580845,0.7175894,14.995181,25.037487,21.2983,-0.3739147973716709,-15.296633,0.3076923076923077,2.5289874,13.112234,47.860252,-0.7176861,12.648773,19.12762,18.189774,0.14527471462752456,5.005872,0.5384615384615384,0.010950475305944056,0.007012443607416643,0.020352450284090908,0.0,0.0046743047839440995,0.009255149147727272,0.0046360316255526285,0.3317190753109198,0.005049272017045454,0.6153846153846154,0.68899439120439,/Users/will/Projects/SpeechEmotionCS3540/datasets/SURREY/Audio/JE_sa02.wav,Sad
3.301904761904762,12,0.07893003,0.020984866,0.067071654,-0.001032893,0.016684797,0.035022087,0.017095499,-0.34156666347596176,-0.015437469,0.3333333333333333,109.91493760802656,64.83593781089219,172.48047238627532,0.0,69.82513727937364,172.48047238627532,86.16785089843624,-0.29833953814892433,-45.848113801528385,0.08333333333333333,12.31484651307674,11.467253448469227,33.56621414838542,0.0,14.036673763313742,29.549137929951804,21.330985820266974,0.0794895091014025,1.6580210061416096,0.25,0.537878787878788,0.3510282678243362,1.0,0.0,0.2741012223434215,0.5909090909090909,0.34643998204165877,-0.13754007692248754,-0.06818181818181812,0.4166666666666667,780.5314169738787,311.3528588648851,1129.046714097773,31.25768785039055,402.3448640688326,772.1896766429702,558.6477908727153,0.2543423840383794,151.16391046932358,0.5833333333333334,1518.2131680575287,667.1709216584568,2609.432705965909,71.98496416580578,836.9137953373385,1643.3749112215908,1153.7366615118858,0.2842338727865828,354.93080832741475,0.5833333333333334,1121.392101858107,232.6409891316052,745.3449303922993,23.304675624693996,309.70712126490497,446.5011816508643,477.18143872632527,0.3511812065843786,155.42392527232096,0.5833333333333334,-405.14096,82.16309,258.70096,2.7277443,75.55473,204.48395,58.087475,-0.11847461487950085,-26.81189,0.16666666666666666,140.14674,28.695908,86.031525,-0.33763263,27.910515,54.59546,43.82632,-0.25511983039970276,-17.58162,0.4166666666666667,23.3526,17.363573,48.814903,-2.8103085,22.209524,40.29435,28.929264,0.07558149311360161,7.4946136,0.75,42.284832,13.607822,50.883987,-0.21425177,16.346704,35.44402,25.514957,0.15783309724499694,4.5100517,0.5833333333333334,15.761517,16.476372,55.673527,-0.5460434,14.721987,20.63253,14.322734,-0.17112173546201057,-5.7635775,0.4166666666666667,0.011611476089015152,0.006642015684802914,0.021617542613636364,7.885106708985487e-20,0.0057061517636946574,0.011363636363636364,0.006100936067110489,-0.2006155595984999,-0.003134987571022727,0.4166666666666667,0.8307966925005325,/Users/will/Projects/SpeechEmotionCS3540/datasets/SURREY/Audio/DC_d06.wav,Disgust
3.5052607709750565,13,0.18723266,0.110614926,0.31419823,2.0309972e-05,0.09907383,0.20105204,0.13188873,-0.1846410768764125,-0.06328865,0.46153846153846156,137.60155128789256,100.87519990708391,267.2176735555896,0.0,90.38319163655012,208.69261208281495,121.08050403706142,-0.08851926016671875,-14.461808916563342,0.3076923076923077,20.08269574314267,21.750597288567963,65.21053001537057,1.4802973661668753e-16,26.00195508938242,47.122791895410934,47.02266521341391,-0.06101617037121479,-8.414060712584298,0.46153846153846156,0.41958041958041964,0.33693669109500984,0.9090909090909091,4.625929269271485e-18,0.35208939510976517,0.8181818181818182,0.5464866268797226,-0.1580871238333011,-0.2727272727272727,0.23076923076923078,1246.0335222905383,576.0252082977086,1886.2863627271056,1.777757367856277,509.57249567235124,877.7803811999577,545.1493244540504,-0.1773162036214075,-227.86095962680815,0.23076923076923078,2266.8590198863635,1143.8317877884413,3698.8170276988635,0.6117387251420325,1021.2400429883743,1866.0478071732953,1088.673873008048,-0.1957291364937896,-505.785577947443,0.23076923076923078,1484.4194485470164,239.27047688445612,910.9962883464673,5.799037678245706,243.38504340827419,514.4881584529962,317.5726947801917,-0.20061154716272278,-110.89704489557539,0.23076923076923078,-285.68494,159.1364,448.1767,-0.4940389,113.70797,261.07916,78.341965,-0.1535838127626555,-58.14572,0.46153846153846156,124.064316,31.541111,114.66845,-1.0130526,29.730995,71.064354,36.787296,0.34971919036798327,28.829987,0.46153846153846156,6.1549015,12.910721,42.647415,0.3542727,14.597158,29.45536,24.605637,0.26846916691934336,4.7292137,0.8461538461538461,47.241257,15.240188,52.799763,0.40756798,18.508589,35.75281,26.319149,0.017249647338279373,-1.8956604,0.23076923076923078,-17.322153,21.444962,70.89722,0.022212505,15.657798,27.051796,19.666306,0.09718462438486124,3.398802,0.8461538461538461,0.056326486013986016,0.04926538809324152,0.15822531960227273,-7.228014483236696e-20,0.04219703582113888,0.08908913352272728,0.04735359682096488,-0.24522619741171284,-0.02698308771306819,0.23076923076923078,0.8032010934896698,/Users/will/Projects/SpeechEmotionCS3540/datasets/SURREY/Audio/JK_h04.wav,Happy
3.413015873015873,12,0.22616313,0.108805016,0.39906156,0.0008938638,0.12254223,0.2598806,0.12073213,0.1640741241670159,0.056794077,0.75,214.131533728115,111.69292409915751,348.98702180095563,-26.091955835053906,159.67198518851072,348.98702180095563,268.84202607927887,-0.469601756709065,-140.05570225029967,0.25,31.487257670050997,28.87623255655216,90.99678009029364,-2.911279647351519,39.385380181385315,90.99678009029364,64.54094764623657,-0.38951095373457983,-34.79931513196366,0.25,0.5113636363636365,0.3462336708365272,1.0,-0.09090909090909091,0.40284487956872533,0.6818181818181819,0.6067117713986758,-0.3375195901040914,-0.26136363636363635,0.0,1265.578321875371,447.5589087539599,1509.075198158424,-14.699438244177646,420.2108067109004,1148.9682400732474,410.5312337593547,-0.5089464399832636,-548.8117744160702,0.16666666666666666,2280.3580544211645,847.2010092987579,2927.536843039773,-49.20603854597109,752.8405410432241,1981.0546875000002,633.1420429103729,-0.4629170231446341,-941.832941228693,0.16666666666666666,1413.9891594376516,191.52203950633483,599.4434751210961,-24.711019919471504,129.05316961285487,327.62225600690954,150.8962322258136,-0.8346751569686609,-389.19309777431386,0.08333333333333333,-254.64789,142.0007,424.63742,3.327487,130.98453,311.2954,83.90125,0.11604003596127974,43.537445,0.4166666666666667,126.37696,30.372627,130.69766,-1.9139987,34.939835,84.55668,50.332,0.3522434910389476,23.93602,0.5833333333333334,-3.8137977,29.70963,119.44124,3.3860552,23.857384,43.200485,22.333172,-0.008123196777122508,-3.1090622,0.9166666666666666,30.185724,8.908215,32.50261,-1.2327281,12.124766,21.120945,17.87963,-0.055034423231761595,2.957405,0.75,-32.11707,22.599957,72.64008,-0.04431742,19.391369,32.264076,22.917938,0.10997578242700079,8.000165,0.6666666666666666,0.05250872987689394,0.03119394544278173,0.10469193892045454,0.0006093427169421487,0.03216357366362585,0.08498313210227272,0.037418229825554976,-0.4576163593188308,-0.03572221235795455,0.16666666666666666,0.24602700405381414,/Users/will/Projects/SpeechEmotionCS3540/datasets/SURREY/Audio/JK_h10.wav,Happy
4.444444444444445,16,0.09518911,0.04510416,0.16912685,0.0011418859,0.040596828,0.10370786,0.046528365,-0.35218179027727686,-0.03772106,0.125,119.31797244582128,59.80962910903215,189.50014007624497,7.8246134535667435,72.23887007320991,189.50014007624497,121.82774604469923,0.17780993018241673,26.363489526564805,0.125,18.360642066038817,10.11042469706584,33.858351051403865,1.154687367644115,10.600214420048335,24.870978590906336,16.39594943993899,0.16804836454268451,3.8997518043949526,0.1875,0.7073863636363636,0.3650430002690841,1.0,0.03636363636363636,0.38217876191725525,0.9545454545454546,0.5717236546248088,0.2912211707852849,0.29999999999999993,0.375,1386.3669009010318,662.3776969717051,2736.0466839507085,11.980787500398332,734.6103301676427,1334.1097936186247,1024.1563272872222,0.04112700691521722,-75.13553477945493,0.625,2383.4564208984375,1130.1637636227576,4768.136319247159,26.427112926136374,1277.3837083881529,2573.2177734375,1721.0627837880584,0.0044443782329741405,-263.97749467329504,0.625,1331.3917191268333,349.63455587174747,1311.9846442532976,1.189477903578927,388.69048190799026,795.7636901628132,547.0750477092408,-0.1271257510098082,-221.74611105425834,0.625,-312.81024,98.70504,387.18433,6.630554,100.55163,259.5841,90.60574,0.0022990254605771425,9.145966,0.3125,143.73965,46.02165,167.58298,-1.6798986,51.19876,84.0629,67.10347,0.17892484754757423,34.654617,0.8125,-11.750145,34.75946,113.316666,-0.07927806,33.74098,76.09615,38.72271,-0.18387321356361283,-28.589182,0.625,38.37108,11.11603,39.138664,1.4855257,15.334271,30.790876,24.075447,0.16831100916207076,5.2972717,0.9375,-8.805986,13.182926,45.035942,1.2506422,11.143456,22.381897,16.911476,0.11280117259721557,5.600597,0.9375,0.05598865855823864,0.031597066167423,0.11414683948863637,0.0007620146780303039,0.04219750932137065,0.08988813920454546,0.06025970767857272,-0.06126532035867892,-0.005921519886363628,0.625,0.7253340445219429,/Users/will/Projects/SpeechEmotionCS3540/datasets/SURREY/Audio/JK_d09.wav,Disgust
2.67297052154195,9,0.26583564,0.11207882,0.3227264,0.0061648786,0.09791456,0.16554621,0.049447987,0.1247283187124056,0.035343736,0.3333333333333333,182.97350589013269,64.82549231948313,211.427461987328,24.82051690401263,66.91811224295063,201.15683453053717,67.2991150955441,0.5454725962248564,70.35485338818614,0.6666666666666666,8.075461624127533,5.9803255152800965,20.6787435448943,2.584842943111788,4.338426455445405,8.81301453706422,4.430008047026213,0.6799425815352663,8.047991169429896,0.8888888888888888,0.8030303030303031,0.32496379681101845,1.0,0.07386363636363637,0.2874236334077668,0.6363636363636364,0.17640360658709253,0.457466241725923,0.31818181818181823,0.2222222222222222,652.2888595267463,172.67027759470474,577.112718583373,37.61273464683538,140.69015638656128,276.2108414086898,154.105791342756,0.6600645142163565,269.51549079258064,0.7777777777777778,1045.1216264204545,410.0619525384485,1392.806729403409,110.90823086825284,353.94278038546526,576.9919655539773,562.968417824272,0.7780250337232802,722.3410866477273,0.7777777777777778,1044.8736295651506,147.02857012648715,500.61033292183333,33.989874173090755,116.56784740818098,259.64879732057034,194.97792258870547,0.8728405457177847,319.59368037363106,0.7777777777777778,-283.5498,95.01904,285.02435,10.329741,83.88058,148.78653,39.962532,0.26437838833031496,59.144775,0.3333333333333333,130.73616,27.855038,78.39571,-0.4710598,24.091124,40.235542,17.628723,-0.21166149032554976,-16.842659,0.2222222222222222,15.53833,17.179184,54.606705,-2.046978,12.889653,24.45104,11.419231,-0.3854424228549207,-16.643213,0.0,28.666487,18.904716,52.89945,4.436129,13.958429,35.183952,21.213312,0.7746964354924125,33.630356,0.8888888888888888,11.721307,5.8749394,19.94207,0.55535424,6.2970448,9.864273,9.209775,0.5808181711958798,9.338778,0.7777777777777778,0.024655737058080808,0.01177229007850582,0.03573330965909091,0.001012628728693182,0.00963228438900829,0.0166015625,0.00313784256841789,0.22538332077214973,0.005903764204545456,0.4444444444444444,0.698620919838482,/Users/will/Projects/SpeechEmotionCS3540/datasets/SURREY/Audio/DC_f10.wav,Fear
3.0188662131519273,11,0.16018486,0.0694349,0.24672638,0.00015462935,0.07147387,0.1549071,0.06583858,-0.30617771524845977,-0.06043897,0.18181818181818182,189.62357076727451,89.460116558023,238.61220802476404,0.0,102.06945985849059,230.37735316108953,94.29937787394955,0.016787394198212267,4.212129388931487,0.5454545454545454,7.416047574036917,4.482778151647875,12.680151546111295,0.0,3.766394680158624,9.21093102478483,4.057650356696258,0.27538844826510356,3.794476548767855,0.45454545454545453,0.6900826446280992,0.37070514862819515,1.0,0.0,0.306944418475166,0.5454545454545454,0.2367819832268898,-0.02114984877912186,0.015151515151515138,0.2727272727272727,1191.3685306753491,500.55278769817465,1791.7368445473385,140.7565056665882,307.0753349170719,653.6087066770242,556.1283558581919,0.9401601959895765,1129.0042705922092,0.8181818181818182,2122.0882699509298,946.7689470596889,3246.13037109375,248.4638006036932,548.9049048187225,1072.255637428977,941.6713648032216,0.926507123409803,2104.8706054687495,0.8181818181818182,1398.1199446195405,290.5730841276666,864.4305479130383,60.1725566602345,165.6109969541639,409.7462092262649,270.2546332945749,0.9131304866859571,652.6631229907539,0.6363636363636364,-319.3555,103.56246,333.22827,7.2382994,95.21289,226.44711,57.246296,0.022743103755315477,1.0227661,0.2727272727272727,112.808914,33.362724,109.54968,-6.299351,25.485691,51.271408,42.451714,-0.7682432777365463,-62.04631,0.18181818181818182,13.7421255,12.306768,39.61753,-1.4901174,13.668463,22.447039,18.435806,0.24830032211851655,10.52519,0.7272727272727273,33.780308,18.88779,59.49646,3.0490758,12.172799,22.629047,13.540858,0.8310196605561272,39.634617,0.9090909090909091,-7.0065355,8.927145,31.31012,-2.151278,9.36819,17.154514,10.352372,-0.27952776876006136,-6.480966,0.0,0.02621586066632231,0.012527564179220092,0.04629794034090909,0.0020596590909090907,0.014636117004737657,0.029496626420454544,0.019027585865522723,0.18910934683099487,0.006251479640151516,0.18181818181818182,0.8104401244121041,/Users/will/Projects/SpeechEmotionCS3540/datasets/SURREY/Audio/DC_f04.wav,Fear
2.410884353741497,8,0.011402188,0.0044049197,0.0115153855,4.078927e-06,0.0036952277,0.0061285747,0.0024177397,-0.0930531035019364,-0.0004244782,0.375,136.13276716537575,77.33261398403357,295.285372474004,13.834108235971303,109.75640369682804,173.00972752911323,180.6504514040016,0.15900809926142165,16.675741354342037,0.5,29.289289090019572,42.91926639025975,141.6548339077036,1.3887566606823012,66.93764858362039,126.97516084106363,125.43847929966647,0.1395397325833403,7.7887510874198815,0.5,0.6420454545454546,0.2796816925963402,0.9545454545454546,0.09090909090909091,0.2843829667591973,0.5,0.34955369681997966,0.5186800061355877,0.4318181818181819,0.25,871.2874713495369,247.48438395573345,657.9012752891767,6.104049636100545,285.997905320319,585.3064536399282,316.3834352300226,-0.48846765771530176,-256.9977423231435,0.25,1667.6609386097302,662.9726131611135,1938.4776722301135,18.17737926136361,794.4593140604132,1499.9833540482953,927.4739684194577,-0.4474292141782972,-594.1206498579547,0.25,1334.3679478305335,192.9269569500554,603.2268279310838,-12.80663814024797,221.5551071609151,302.98248803794127,356.84262054440376,-0.586557281983941,-327.9855738509614,0.125,-543.3115,68.48159,204.29135,3.8095703,71.32071,136.719,48.89802,-0.03037442609969591,10.416077,0.375,143.29054,29.53664,97.02201,5.939101,33.508595,56.628082,57.659706,0.7498751267937668,69.29785,0.75,6.587496,17.288288,49.478657,1.5693465,17.436352,28.538273,19.501621,0.601249644276062,18.8444,0.625,44.49533,17.681343,54.2538,-0.6742772,18.94253,31.733702,22.845158,-0.525515456417889,-19.820312,0.25,10.47283,13.63581,49.17615,3.4149497,16.023903,25.030598,21.563313,0.05228734543333339,6.094834,0.25,0.018540815873579544,0.007024398224707879,0.0234375,0.0019309303977272725,0.008002738191848416,0.015558416193181816,0.009423766589285646,0.22813533115013554,0.0076904296875,0.25,0.6862265535491293,/Users/will/Projects/SpeechEmotionCS3540/datasets/SURREY/Audio/KL_a11.wav,Anger
2.9979138321995467,10,0.011822718,0.0051154075,0.019432746,0.0004760265,0.0052393726,0.007742404,0.0073779006,0.2025836799283836,0.0014500581,0.5,219.55901363136917,131.89077213554742,444.597280086275,47.51185815904702,188.97685186405627,444.597280086275,299.99223688919346,0.3886986988494609,119.39783703862938,0.1,51.853869925534255,58.64043802517862,154.38191704198385,2.52807638246276,84.06414352393666,131.62922959981904,131.33478126418385,0.4663492916061046,89.43398707300553,0.8,0.5181818181818182,0.2466301812045552,0.8636363636363636,0.050505050505050504,0.24094667559346591,0.5454545454545454,0.29523593310833135,0.4555777145761689,0.30303030303030304,0.3,1033.8254354774108,334.39484769101404,1116.7269059942914,67.56716286329737,426.8396486032892,1068.46547096114,597.1262301499811,0.06404557955925168,-31.225501003905947,0.9,1762.3458584872158,608.2465034622637,1989.374334161932,92.82115589488639,832.2549555444552,1989.374334161932,1224.9996349214964,-0.0641902736214469,-222.50976562499977,0.9,1281.7581232605903,337.06000808594837,1178.9315368897396,-29.422815068260256,384.8439024194705,741.2205899364011,539.9861768699309,-0.3617078177399535,-282.29516635317464,0.0,-542.4562,55.239674,200.30353,11.7809925,59.562687,136.1878,64.13667,0.40739543253908517,39.36786,0.5,153.04544,37.066177,115.88375,1.0754954,46.379807,102.20933,66.79489,0.42767324725282746,38.250793,0.5,9.646204,7.040656,18.972013,-0.6918892,11.509773,18.30345,17.86489,-0.15653059436069644,-0.73144245,0.0,28.320011,18.014194,55.11585,-0.40406927,19.838913,35.732998,29.83461,-0.038879076312604795,-2.339939,0.0,2.5304089,9.100517,34.106342,-1.7045459,10.896891,16.791702,16.617378,-0.302060128651458,-4.637414,0.3,0.039346590909090914,0.016496159004954335,0.05726207386363637,0.003696634311868687,0.023263197576818828,0.05113636363636364,0.03157791978387341,0.04731065190046315,-0.005763198390151519,0.1,-0.17666743822078115,/Users/will/Projects/SpeechEmotionCS3540/datasets/SURREY/Audio/KL_a05.wav,Anger
2.767301587301587,10,0.010288241,0.007902149,0.025676945,-5.5648983e-05,0.0073124594,0.013814457,0.00743874,-0.5388967983105653,-0.011800084,0.2,143.54511282007633,87.26836358563622,292.92157864886025,-32.546842072095586,47.508040817769704,141.59564871006617,71.49416149366796,-0.8909575924101446,-191.59623966552994,0.0,21.438105488435237,17.19113436678934,55.771557593818,-4.286653853028794,15.31399290806958,28.03447888944921,24.000709672321435,-0.7787740173511698,-34.585153352958535,0.1,0.7,0.37217253619015855,1.0,-0.10101010101010101,0.3191024040188144,0.9090909090909091,0.5564411989161475,-0.7823909998043288,-0.6515151515151516,0.2,1093.4735836551306,440.01633686231287,1309.418800946337,-7.018270421044816,435.06393973669014,918.7484182692609,590.6419369952853,0.33382858443163943,240.66979330684023,0.6,1849.653209339489,738.199607661941,2309.9254261363635,-12.126020951704554,662.0010670414193,1215.157803622159,820.7852650908746,0.3633992692074912,541.266424005682,0.6,1402.232573159449,279.9108619402616,988.0568056372401,-21.346096454110214,285.42229712493827,526.9659315147273,301.1746563269038,0.1871484974032508,138.60878844624222,0.0,-572.67664,84.63785,273.3684,0.49559867,77.428154,159.13922,53.535755,-0.2576701288775092,-60.380005,0.2,137.20158,31.611399,86.87045,3.6371334,36.248955,66.61002,48.738476,0.12793638065351998,20.077332,0.3,11.87137,14.192356,46.363205,-1.0734209,11.141516,17.762115,13.410757,-0.38612705477955683,-12.382815,0.0,29.605083,16.910572,57.31844,0.9903893,12.749121,18.063349,15.485379,0.6821164328589503,27.998333,0.6,8.5578165,8.568219,29.464382,0.12034713,9.944292,14.595205,12.552316,0.42215379976671047,10.946503,0.5,0.03867409446022727,0.03233935467116018,0.09807794744318182,0.00038224037247474793,0.0315078622415225,0.06960227272727273,0.04178169090991197,0.2529778321173784,0.010535037878787876,0.6,0.2968263932298207,/Users/will/Projects/SpeechEmotionCS3540/datasets/SURREY/Audio/KL_a04.wav,Anger
3.817324263038549,14,0.01291803,0.00555985,0.019583117,0.00012379405,0.006216574,0.011742157,0.00667588,0.0873555303321584,0.0018310295,0.7142857142857143,135.5705276247418,44.82907384903941,188.68691875719819,7.0396516371496825,59.95662160736839,188.68691875719819,76.58045231846575,0.18358290695221968,22.17229106625942,0.07142857142857142,23.891876706261133,16.28152945894867,49.387609721230675,0.21272482170002588,26.129874907219385,46.62218703913034,42.54625553213766,0.08844725439615353,3.822781104712238,0.8571428571428571,0.6201298701298701,0.2522666682653352,0.9545454545454546,0.024475524475524476,0.25627247834697475,0.6363636363636364,0.24653242568595418,-0.07183651371902726,-0.07954545454545447,0.14285714285714285,1100.7988119918653,282.6117625344859,873.7967396527137,49.257135558853705,297.454843276123,573.6337035050155,390.25938982132783,0.456651485996724,208.53085386948715,0.9285714285714286,1913.2041237571025,491.79976337190345,1592.9676402698865,73.82274707714161,563.7852991533662,1169.6444424715912,736.6979314473461,0.3178162896111529,179.72883744673277,0.5714285714285714,1305.2049375043894,303.03275597402177,1029.0462458317415,-9.256788486055056,311.2522885776667,664.9902607758565,320.71163298558906,-0.11505144233628573,-132.6560565749512,0.0,-525.852,60.66537,230.86835,3.7835646,60.94798,152.71136,46.575565,0.03817590965214203,-0.9541626,0.14285714285714285,143.68976,27.523327,100.82755,-1.3043805,28.800406,63.269157,32.036835,-0.07289341881087173,-3.385254,0.42857142857142855,10.384483,21.687437,67.060585,-0.31042436,18.478832,52.112915,23.36193,0.4531555197190183,29.751616,0.7142857142857143,39.257008,15.508799,56.15506,3.083584,14.921482,31.836985,23.050083,0.5732735705595009,20.001122,0.9285714285714286,-1.1608484,22.11809,62.32834,-0.074913904,17.95935,43.76879,25.554308,-0.6286270154060826,-33.870636,0.2857142857142857,0.04513906503652598,0.018962733557554207,0.06678355823863635,0.003887469951923077,0.020430434120642174,0.040016867897727265,0.03237505990480212,0.6322029750487068,0.024142178622159092,0.5714285714285714,0.6530056854681032,/Users/will/Projects/SpeechEmotionCS3540/datasets/SURREY/Audio/KL_a10.wav,Anger
3.2914285714285714,12,0.18422402,0.07393524,0.2884179,-0.003302595,0.07573254,0.1387039,0.08109336,-0.3778145428077392,-0.075641185,0.16666666666666666,216.68844427340127,65.5977277317641,245.26128135397346,-21.299879200989565,70.9880333091436,245.26128135397346,75.24890837406844,-0.4339152414297602,-53.00704443266301,0.8333333333333334,8.269970616634957,4.280032587738787,13.55768842942528,-0.09876754520656418,6.045232212302769,11.99094000207701,9.508395384336158,0.05464619104009606,0.9808967136922915,0.5833333333333334,0.8106060606060607,0.32821483367324955,1.0,-0.02066115702479339,0.29671608381845027,0.7727272727272727,0.1769811121266526,-0.07689326610883025,-0.045454545454545525,0.16666666666666666,928.2592642515333,234.37655012346238,807.0346031502547,18.209436030936423,216.66304553746986,397.53650421878547,298.0186629358022,0.13094969062168396,63.875738453912504,0.4166666666666667,1745.0051047585227,524.7031106367637,1828.854092684659,40.975372062241725,539.1821207420267,871.6053355823863,754.9946108209856,0.10726435679132691,95.06419788707376,0.4166666666666667,1297.3834662498232,155.7227590194517,447.63297482052803,6.253925151951824,181.0179976847674,352.5236136945582,284.3137344970278,0.04696575942702722,-4.34646491094486,0.3333333333333333,-302.14853,92.48579,328.3824,-10.40306,75.97435,182.33994,44.81489,-0.3225017277348407,-68.808624,0.16666666666666666,122.27181,20.508879,73.09135,2.9836786,24.12437,55.45627,34.23432,0.2763061111551485,12.506622,0.6666666666666666,10.764847,12.346267,38.60555,-0.4268303,12.153152,25.339287,14.913948,0.2012507956200313,6.2793655,0.0,33.82813,11.863807,44.28582,0.8525526,12.846567,24.015879,16.846983,-0.1986925031383479,-8.461494,0.4166666666666667,-3.17613,11.712419,36.355938,-0.79608136,12.573008,30.578548,17.864637,-0.5100715067644651,-15.00497,0.5,0.02333762428977273,0.010717934453250465,0.033513849431818184,-0.0003430074896694216,0.010204556547014893,0.018821022727272728,0.00935161184817815,-0.08408211353790634,-0.0023082386363636326,0.16666666666666666,0.5842424931227992,/Users/will/Projects/SpeechEmotionCS3540/datasets/SURREY/Audio/DC_f05.wav,Fear
4.323900226757369,16,0.10749701,0.043379553,0.15634766,0.00071737566,0.04749379,0.08588046,0.06474946,0.33135466465339286,0.03912782,0.625,157.24318226998503,60.48735898447857,195.56242806152406,12.204025855699946,46.28190765476563,180.1643738624495,69.90486028210339,0.6230350282929127,79.67875978861352,0.8125,8.792855607534799,4.251406828846601,15.091499051781053,0.5466310290316784,4.763867494452337,14.609839242228235,7.316013220608796,0.2332337455760838,1.4226873065856473,0.1875,0.6477272727272727,0.32121122784324024,1.0,0.018181818181818174,0.29119304323721756,0.6818181818181818,0.37868891719021647,0.39331545581163424,0.3636363636363637,0.375,1024.2865164500538,439.6559851685712,1561.8522994035673,0.8489562821483522,413.66586937655916,801.1489792990453,602.8323422031491,-0.16541100430080158,-319.7797256233084,0.25,1822.7672923694959,850.3042932625619,3048.416415127841,-0.7503995028409159,822.9240103857493,1574.8601740056818,1197.2883310731625,-0.15197451119384778,-576.2089399857953,0.25,1247.8173007195346,237.7283380772793,816.5283946503939,-0.3676861840763271,262.27804099760505,607.3719876782493,414.47662112500467,-0.2884718530948325,-232.75479247734643,0.25,-340.5089,97.87547,336.1223,2.713326,95.023796,187.58673,110.01728,0.18548399751691944,48.338806,0.625,130.8671,30.774223,102.64593,-2.537762,37.034306,68.27286,49.796795,0.1298151568213829,24.202194,0.375,3.2081318,20.592583,78.45178,1.0736916,22.620117,51.12444,29.485836,-0.2976319896718244,-16.397118,0.9375,28.780956,20.556973,82.69813,0.2569397,23.820154,37.432224,33.935356,-0.34126043582087456,-26.493753,0.25,2.8218331,9.332962,37.584717,1.3806092,9.920005,19.301275,11.459397,0.3077451901020457,7.315917,0.9375,0.019837812943892044,0.012129401462512674,0.04751864346590909,0.00014204545454545465,0.01301666983462648,0.02381480823863636,0.017989509196947116,0.3743547910973695,0.009956498579545456,0.625,0.5602803736310381,/Users/will/Projects/SpeechEmotionCS3540/datasets/SURREY/Audio/DC_f11.wav,Fear
4.444444444444445,16,0.123296276,0.059226647,0.22025192,-0.00070445513,0.06428723,0.15156575,0.0776079,-0.4022285984852214,-0.055398636,0.125,159.66121264121452,105.12905204668384,377.40569866445855,0.0,108.98971336128443,261.6624953709048,150.31067003789767,-0.018327545920678274,3.4316404457517535,0.625,14.937111640638985,11.753840788366867,35.75491895595858,0.0,13.419467046587533,27.078782215203102,23.66982989030265,-0.242428150920894,-7.009979561821646,0.1875,0.4545454545454546,0.308287726505694,1.0,0.0,0.21640692207705609,0.36363636363636365,0.3138621434648566,-0.3898129346762632,-0.2909090909090909,0.375,804.6807564663732,301.199104991219,1254.069932634105,24.39726984580901,348.17851953831854,739.0608825909825,492.18077729669125,0.3326171539911852,193.06312605344942,0.5,1386.1387772993608,617.5390625636844,2566.855690696023,42.51176313920455,691.0629447621708,1213.6896306818182,992.3292564322434,0.29857219906879284,374.77561257102275,0.5,1147.4274875056717,168.18654109242001,589.828117484637,6.188667210777862,238.18976491792478,449.37840356450647,384.9295344936128,0.4022479972436778,181.3519307323984,0.5,-335.42105,85.81466,315.52118,5.5448365,90.50885,242.9367,93.97254,-0.10300055453638175,-25.833008,0.125,130.03375,30.850748,101.561066,1.8851044,33.60074,54.044815,48.35186,0.13194070837035501,5.288719,0.875,7.4789495,12.676037,42.8068,-2.4060872,14.533541,31.82253,22.592402,-0.10597347544445224,-2.0309315,0.8125,30.37448,17.466888,67.298355,-1.6988889,12.877772,23.34987,16.98679,-0.006928721012452539,1.2377548,0.5,-4.8336678,19.013556,68.39798,-1.4544673,16.031425,33.208385,18.339718,-0.2532645039034618,-8.549634,0.6875,0.02250393954190341,0.00918021333478639,0.039018110795454544,0.001180752840909091,0.00959788358424188,0.019353693181818177,0.011628808576571477,0.17984175287327614,0.0020197088068181837,0.5,0.5190074618910903,/Users/will/Projects/SpeechEmotionCS3540/datasets/SURREY/Audio/JK_d08.wav,Disgust
4.874240362811792,18,0.19964817,0.07095399,0.28105107,8.501901e-05,0.06662688,0.17265847,0.07480541,-0.2616102261866853,-0.053696945,0.1111111111111111,178.11857775960164,93.54423698211166,342.8169846259455,1.6718652606120004e-15,110.02624192062886,342.8169846259455,151.1388479452782,-0.3568508978848252,-65.59587368531876,0.05555555555555555,35.132051094032335,30.68162824578041,126.60562072263494,-1.2538989454590004e-15,44.61588403201391,126.60562072263494,69.47986360939431,-0.22887327527390877,-6.7596436884713995,0.05555555555555555,0.6338383838383838,0.32653966097360404,0.9545454545454546,-1.3061447348531253e-17,0.3786987417402185,0.9545454545454546,0.5621268275468926,-0.17067256879007403,-0.1212121212121211,0.2222222222222222,1274.4597670463595,278.6927157675655,1046.5743021334924,53.98817470017305,295.0039447225359,785.1379545098641,479.84410828826475,0.6267546086536548,345.8381229035581,0.9444444444444444,2545.458429509943,453.2740973761552,1750.0621448863637,51.12696356951871,585.6092129223059,1245.010653409091,957.0747502327062,0.47362015505807425,470.0600363991475,0.9444444444444444,1508.8549134405812,204.81639356515092,932.8134372315739,13.371453621023353,234.186971452448,429.4344338451749,345.31665278863045,0.3825955289988493,173.5480995476987,0.9444444444444444,-236.10272,76.14385,286.80127,0.19317448,64.02298,158.82281,61.980785,-0.1428913629809835,-26.499786,0.1111111111111111,134.84222,26.373608,90.0518,-0.3050721,32.056156,58.11393,48.292145,0.012202740000068539,3.4249725,0.6666666666666666,4.0094285,29.747477,112.965904,5.0347075,22.354265,54.550476,31.514498,0.7062784563662682,41.831543,0.8888888888888888,38.907776,10.102119,37.43547,-0.14284359,10.270373,22.40321,15.402782,0.43028559121707416,11.394218,0.8888888888888888,-28.057592,10.948792,38.615814,-0.335207,12.467639,22.393484,17.86915,-0.5169795901502893,-12.8586235,0.05555555555555555,0.030632250236742424,0.012541748965409952,0.055619673295454544,0.0010261739639037433,0.011608443554987606,0.02108487215909091,0.01574506562979098,0.15680065777272506,0.002578272964015152,0.5,0.6556579272617146,/Users/will/Projects/SpeechEmotionCS3540/datasets/SURREY/Audio/JK_h11.wav,Happy
4.174013605442177,15,0.17124885,0.09608812,0.3486913,2.307711e-05,0.08358294,0.14503863,0.108719595,-0.16176868836848482,-0.0653548,0.6,200.85505777477115,95.79690302882995,445.51273690364144,-31.8223383502601,42.94455466532406,120.16171903015982,38.187701612838566,-0.8270776504833737,-170.75480925283094,0.0,33.324341262532265,14.906195928168595,60.3982873298531,-0.9911271640367953,16.587688543487342,34.083000578386574,23.191906945563918,-0.3524090338564919,-10.53499357392382,0.13333333333333333,0.6636363636363636,0.24551065576398903,0.9545454545454546,-0.02272727272727273,0.22840626411638387,0.6363636363636364,0.2498960613315474,0.02856816382496626,0.009090909090909038,0.6,1502.1333698995707,462.7442684285353,1435.0883277387761,16.984154506826865,397.4927958586071,953.2975572188005,531.7355311242953,-0.13307040204709672,-144.28859433635944,0.3333333333333333,2876.5096768465905,756.2915363476014,2602.581232244318,17.653031782670464,621.0583494444369,1078.128329190341,761.1156237121502,-0.20102523050807006,-295.78790838068153,0.3333333333333333,1545.4344418601115,192.3353093912989,696.398137875203,16.54483628203778,189.03773252346514,308.6177501821369,286.6050591712169,-0.29149949596092517,-141.14971820414598,0.3333333333333333,-271.9118,133.36133,437.36322,-0.93188256,96.59181,224.5568,66.71981,-0.10838754460014234,-43.995483,0.6,116.40977,21.151127,69.62348,-1.3916043,20.364542,60.883217,25.725012,0.6332333367921327,35.656265,0.8,-1.8736789,17.606384,65.17735,2.2922134,15.942515,33.620396,20.928715,0.14662175365028352,3.478517,0.8666666666666667,48.780323,6.9943137,21.289024,-0.27761704,11.169878,19.808216,19.236662,-0.2711343568116718,-1.8666,0.13333333333333333,-6.369688,10.282189,39.280704,-1.0656729,12.729303,25.433914,21.63436,-0.35285794071014903,-7.8948836,0.06666666666666667,0.06607924952651514,0.03878072575833958,0.10700017755681818,9.511972402596682e-06,0.03538487059605799,0.08551580255681818,0.049797650834792505,-0.11029840383520914,-0.009108664772727273,0.2,0.05511037666178043,/Users/will/Projects/SpeechEmotionCS3540/datasets/SURREY/Audio/JK_h05.wav,Happy
2.536689342403628,9,0.05414155,0.014011567,0.03979006,-1.0323245e-05,0.011049857,0.016274232,0.010077639,-0.08539177494094836,-0.0032590255,0.4444444444444444,148.8284648142059,106.69442537534661,265.18691829590813,0.0,117.8570210538242,265.18691829590813,163.92101374327058,-0.18976083232597954,-47.83252012987806,0.6666666666666666,8.398732136999426,9.517950726002441,31.85875904453903,0.0,12.156717347183289,24.685322422944488,19.97620524791455,0.0020154017293604995,-3.337834555135344,0.5555555555555556,0.4191919191919192,0.37530384248806664,1.0,0.0,0.2919371040605711,0.49999999999999994,0.25449244080864186,-0.0729668274889305,-0.09090909090909088,0.4444444444444444,519.1797733942512,287.28593116904767,778.9479788031274,2.4399886210957433,334.49169448124826,694.6385264102539,512.9523894514075,-0.23560185594054134,-184.29338026274155,0.3333333333333333,880.3599964488636,695.485498304198,1907.156649502841,5.383300781250021,807.1759860363857,1651.6945578835227,1231.2255280615586,-0.245761042307075,-458.88560901988643,0.3333333333333333,1037.9039910958713,207.11704744661614,707.5179799895457,5.014773705496012,312.40654219234494,665.9666551159219,520.0345752700413,-0.1207718712898329,-57.86764386874938,0.2222222222222222,-481.91537,70.50348,191.70108,0.021614075,60.366745,99.76868,71.641136,-0.19784413806738266,-40.22702,0.3333333333333333,136.21442,23.435627,73.56053,-0.47096062,29.339758,59.59909,42.64895,-0.06619804447939308,-8.925072,0.4444444444444444,29.488443,11.872104,39.523438,-0.27666593,19.398926,32.817623,34.217037,-0.2969697414725845,-9.700647,0.4444444444444444,28.04478,8.791229,25.002405,-0.54991055,11.50736,23.661867,18.837786,-0.3810638432580273,-8.576115,0.2222222222222222,2.7282798,9.8192835,30.851114,-0.030294895,11.943218,25.138302,19.367147,-0.15903217651954552,-2.364026,0.1111111111111111,0.008850714172979798,0.009254145385004188,0.025301846590909092,0.0,0.008123792921205351,0.015869140625,0.009028163055668595,0.007740614377104096,-0.0008803858901515155,0.4444444444444444,0.7466376436026363,/Users/will/Projects/SpeechEmotionCS3540/datasets/SURREY/Audio/JE_sa03.wav,Sad
2.699183673469388,9,0.09557212,0.04542989,0.11734736,1.9440427e-05,0.044632554,0.08473386,0.061511084,-0.04512302449108823,-0.0035850555,0.3333333333333333,115.99468107803376,65.32821998561472,179.21159225154793,0.0,75.28196579822254,179.21159225154793,64.2931963804324,-0.19971631794784706,-36.62044994098436,0.1111111111111111,14.60679703476492,11.636037278602245,34.948201677969564,0.0,13.560906123424882,31.365850349325058,19.42362246247719,0.07228964310433052,3.0094543077954814,0.6666666666666666,0.5606060606060606,0.35726745825913925,0.9545454545454546,0.0,0.29979331723347546,0.5,0.2264363087553597,-0.02190014399392012,-0.015151515151515138,0.4444444444444444,861.9405462684764,465.09036163896354,1655.2077545122247,132.40572070612515,436.9171191553078,975.1349474870847,661.763456960266,0.768212223806803,850.8795101961517,0.7777777777777778,1681.7649147727273,990.8159798066006,3631.770463423295,297.67206365411937,972.4988969411766,2153.3203125,1492.530277224235,0.7600662416742285,1775.021084872159,0.7777777777777778,1192.0401043912432,349.6027271178181,1163.8322617859494,83.10929340178191,357.6882920259481,884.2647472056099,562.9695811138912,0.6072199994113006,502.5655152723075,0.7777777777777778,-395.84973,89.339905,256.53036,5.278,79.698235,125.93323,57.734818,0.08103220260578888,17.062927,0.3333333333333333,130.87288,36.399624,101.936966,-7.095585,34.445007,93.906494,53.932564,-0.4790913332569616,-38.503845,0.5555555555555556,20.679804,7.449963,22.48922,-2.226195,7.6626563,14.312752,11.283814,-0.5649984076556175,-9.297256,0.4444444444444444,40.859295,21.582958,72.62511,4.166628,25.90467,64.6012,44.62565,0.6713112172140259,34.876648,0.7777777777777778,7.827303,18.323423,53.639435,-2.8922358,18.520195,42.605408,26.847513,-0.20509279059352492,-6.8863897,0.5555555555555556,0.01255228061868687,0.009085497251420823,0.024680397727272728,2.219460227272747e-05,0.008155232872892255,0.016179865056818184,0.009776434253947353,-0.0026280994436407266,0.0008507930871212111,0.3333333333333333,0.7121114982477532,/Users/will/Projects/SpeechEmotionCS3540/datasets/SURREY/Audio/DC_d07.wav,Disgust
5.634149659863946,21,0.088551335,0.02770279,0.08910251,-8.9164826e-07,0.027499918,0.06812459,0.039631166,-0.0992653827465127,-0.010819048,0.6190476190476191,151.64626345636918,85.68396477643105,470.1192065213867,0.0,139.07456419515097,470.1192065213867,209.97446537181037,0.14105080742925707,18.506393090835047,0.9047619047619048,12.78152292615229,6.894797617074335,25.56993644317899,-1.7763568394002506e-16,9.597138791635135,18.794194381211554,15.792877867842183,0.19641418904347036,3.359372782689638,0.8095238095238095,0.6991341991341992,0.30329302155130744,1.0,0.0,0.2290836939700755,0.5,0.29380094371617244,0.06835776976354375,0.012987012987012991,0.23809523809523808,758.3720798779257,343.71929157031127,1429.1345636660476,15.314164306858249,395.4810684570407,1145.8880908128863,523.5355343859603,-0.058151979685673004,-64.52564748708664,0.09523809523809523,1376.5170010653408,672.8236394421019,2870.278098366477,44.85268332741477,762.3953516487192,2141.085537997159,997.3912344636442,0.00886607512805406,-41.458407315340764,0.09523809523809523,1048.1923257616477,228.21974902351874,889.3588825383858,12.454439428875082,246.66814885041848,521.6596367302907,357.9146190504622,0.030922626414362064,22.843394557452257,0.09523809523809523,-372.17322,71.48784,262.91577,1.24263,57.854023,119.84912,60.131058,-0.1608734642883119,-36.80371,0.6190476190476191,155.54158,33.104694,116.61733,-0.8536808,24.268574,59.148933,34.545414,0.03962122646014917,2.066986,0.47619047619047616,15.994254,22.817066,108.23781,-1.2376277,22.2546,41.88382,28.330801,0.10346250888400478,6.0839634,0.7619047619047619,29.213617,24.361526,89.75205,0.11998443,23.616516,61.346912,32.714306,0.03615581737427904,2.5120697,0.09523809523809523,13.620397,10.225743,42.908497,-0.40095878,12.245908,25.001778,17.491333,-0.09116514361872956,-3.7604027,0.47619047619047616,0.018855899959415584,0.011148477126121508,0.04605379971590909,1.7755681818181587e-05,0.012419212964584727,0.03628817471590909,0.017443765273360605,-0.22643064099911367,-0.006826425527597407,0.14285714285714285,0.04551366854971988,/Users/will/Projects/SpeechEmotionCS3540/datasets/SURREY/Audio/DC_d13.wav,Disgust
5.33092970521542,20,0.14118774,0.084555246,0.29246947,-2.1398655e-05,0.06978648,0.15524852,0.08667806,-0.1713524428096061,-0.03099072,0.3,186.83295096342613,117.44504734370709,454.2101907901199,-23.90579951526947,126.49093657696204,426.3183711386035,191.0468624085779,-0.4737653331482944,-121.23058666938763,0.0,17.099198374990163,27.153150113095645,133.96348738145775,-0.14555614332640943,39.45299570171719,123.20458044480449,69.05692529005186,-0.31834702587901054,-21.905304249574165,0.1,0.8045454545454547,0.26076017289569936,1.0,-0.021531100478468897,0.23887532854290172,0.6363636363636364,0.2932012843832081,-0.26904829281758436,-0.16666666666666674,0.2,1075.6131154257364,512.8424614294646,1830.4048895581873,-4.667009124600698,468.60063476662344,1116.917309822984,641.3018655064193,-0.06318933133071093,-72.0745434332913,0.4,1961.748213334517,953.8950259825547,3455.100319602273,-21.198356664922244,870.1255739370059,1930.6474165482955,1191.6214490968298,-0.1721655015219738,-439.47310014204527,0.4,1333.3639617447857,276.1202114420526,1047.0514724156496,1.1522176337321668,271.82780401059847,522.9680853215838,369.7888709064918,-0.17424485231271225,-140.68649632395545,0.4,-316.01883,113.55534,393.6682,-1.8328376,75.99766,216.45255,72.34662,-0.023778322668144877,-8.240967,0.15,134.47229,30.298714,116.80999,-1.8493681,32.998077,67.132256,50.077168,0.10205166462792509,8.933136,0.75,7.832279,25.800789,94.11339,-1.6510019,27.793331,68.752655,34.43823,-0.024285520839671726,-2.956314,0.85,44.219418,18.477575,75.45331,-2.0441372,19.630325,32.269066,29.187609,-0.2538726345141986,-10.938232,0.4,-1.4748828,11.981287,44.952488,-0.5810093,14.05811,32.75804,22.930786,-0.4878222133885125,-12.904682,0.2,0.039776056463068185,0.030229811958563467,0.11097301136363637,5.478074134663601e-19,0.026770841457675772,0.060946377840909095,0.0395152304904648,0.02562111539080715,0.0023193359375,0.4,-0.3517875668702914,/Users/will/Projects/SpeechEmotionCS3540/datasets/SURREY/Audio/JE_a13.wav,Anger
3.086984126984127,11,0.23232087,0.19708098,0.4872863,2.1365472e-06,0.13553059,0.2916373,0.14026445,-0.21822821433480177,-0.09941316,0.2727272727272727,258.27971875346896,163.8243746672619,475.03550492952445,2.5993497911715737,175.06140969135978,473.42469835421684,282.5726241606608,-0.10535701470699572,-53.94556564677913,0.9090909090909091,9.293287858122774,4.755809980654497,17.920405397364984,-0.11140927987167748,7.042662110851822,17.920405397364984,12.701862890881593,-0.3428379963527008,-5.6251005395587,0.6363636363636364,0.6570247933884297,0.34035140961940497,1.0,0.013636363636363636,0.37041968603416975,0.9090909090909091,0.6171130260244819,-0.11518033440636592,-0.16666666666666669,0.2727272727272727,915.1775550051076,253.1780306889476,713.5970082925337,-14.403751061005796,215.1157491551602,462.97050487065326,226.18343138996693,-0.44863374593757477,-372.5627784089414,0.5454545454545454,1650.4043452995866,575.5416213898876,2006.0136274857955,-47.2262295809659,615.8603604045256,1368.8265713778412,777.6678127726572,-0.5908797753104322,-1131.308815696023,0.09090909090909091,1388.9913630307167,135.00032093484066,469.7220386774079,-11.723915250219875,142.1354963730712,258.88949578905476,186.01069259672562,-0.6324465898256528,-289.2955188136109,0.09090909090909091,-303.80466,202.96082,523.1311,-3.0545807,134.80647,236.8436,119.96209,-0.21429058158180772,-127.196014,0.5454545454545454,133.53087,25.903652,92.0978,0.24258423,30.668955,55.17559,42.498245,0.23899323019249497,19.920677,0.36363636363636365,-9.716464,16.099382,43.366787,1.313302,12.06376,21.495804,13.809139,0.12526723452096591,3.9585438,0.8181818181818182,26.536926,13.3170185,49.53719,-1.550923,12.841475,28.041569,17.558603,-0.3598835641676308,-17.499643,0.09090909090909091,-7.4860992,15.093866,48.05459,0.24765906,17.864458,30.164642,26.812786,0.08022035665424154,2.5815985,0.7272727272727273,0.024375726368801656,0.018487359072434532,0.045099431818181816,0.0,0.013177386020076603,0.022838245738636364,0.01323930068857946,-0.08921550799694315,-0.004971590909090908,0.2727272727272727,-0.6154584967512857,/Users/will/Projects/SpeechEmotionCS3540/datasets/SURREY/Audio/JE_a07.wav,Anger
2.4947845804988664,8,0.07168919,0.048964173,0.13875417,0.00019707425,0.04276795,0.06385289,0.03891538,0.02638651909719756,-0.00024699792,0.5,85.72745199382506,67.02445729161663,152.56240444594334,0.0,68.40427712931829,130.86709383010367,79.4828665298874,-0.30692367310245555,-65.43354691505183,0.375,8.506183995213632,7.772923534776913,21.35875584814494,0.0,8.22421578633586,15.908664627965813,9.637879717195737,-0.4409164972980438,-7.954332313982906,0.25,0.4659090909090909,0.40956412024863864,1.0,0.0,0.35208939510976517,0.5909090909090909,0.3199804860900436,-0.15741971618652628,-0.18181818181818182,0.375,748.7707925241566,310.77731355350676,870.1088027212118,6.175663063313323,369.504005213456,734.221233110759,548.0084932840454,-0.05719528747623794,127.12267163543066,0.375,1296.8860973011365,671.7023577003971,1822.4920099431818,24.53946200284091,801.357814776967,1663.9293323863635,1184.8960134943013,-0.07365205496811517,265.7393022017046,0.25,1145.5571216746264,191.90685880120344,535.7607234384674,-0.284781877336757,255.23310259756317,535.7607234384674,378.81019168992515,-0.2946753785128407,-16.495815959545325,0.375,-410.74567,122.02566,337.95398,-0.91474694,105.73235,171.77701,41.167755,0.05424937275315925,18.938354,0.375,151.57303,29.579035,90.189316,-3.180252,32.28975,55.026993,35.230038,0.3587023833085755,17.85608,0.625,23.191158,12.90498,48.287518,0.40962273,19.590603,31.152245,30.091003,-0.07251051563327554,-10.530201,0.125,49.635315,14.57282,41.097748,3.9137197,18.991854,35.263382,26.684298,0.12049860660537234,14.630405,0.25,-6.454079,15.288829,46.45865,2.7375972,16.874805,28.643902,18.27788,-0.20993715000834218,-2.8443956,0.875,0.02151211825284091,0.015878391176663377,0.045210404829545456,0.00022194602272727258,0.015750230039413334,0.026145241477272728,0.01824203991463504,0.15449366370523065,0.009499289772727272,0.375,0.7696591588139616,/Users/will/Projects/SpeechEmotionCS3540/datasets/SURREY/Audio/JK_n03.wav,Neutral
3.6239002267573697,13,0.07940553,0.029796287,0.10226016,-2.102585e-05,0.029132195,0.05165124,0.034107346,-0.4097886641554616,-0.04250587,0.15384615384615385,117.51943382319433,109.47294318151684,425.5434728321016,35.4619560693418,132.19372953353994,425.5434728321016,146.52212976036952,0.11738851181109011,-13.227154467463166,0.9230769230769231,11.224727234286501,15.219543923296369,60.77028877028047,5.064190730856706,17.43613455145009,60.77028877028047,19.028466906422906,0.3249549074547351,7.307007195199974,0.9230769230769231,0.5104895104895105,0.3727672868483249,0.9545454545454546,0.041666666666666664,0.35764877913879056,0.9545454545454546,0.4917876213822096,-0.19804288649755952,-0.34090909090909094,0.6153846153846154,858.6421545717138,330.56777898612233,1245.6689993825805,26.000064452188855,261.8350718798603,501.9926249728752,251.22776911901062,-0.05069851121295217,-47.10610392974877,0.3076923076923077,1739.7472888439686,728.7114609894326,2828.1904740767045,73.89803799715908,559.6789093446265,1048.275479403409,547.5525929139897,0.006931012907469887,-26.549460671164752,0.3076923076923077,1176.1009581951466,210.509597427977,703.5523332243857,22.97334151173814,197.85842152964995,389.31780602194567,249.7428854538157,-0.02924254753397605,-1.7688427059604237,0.3076923076923077,-354.84576,94.71537,293.17618,2.1378326,77.24758,165.59775,59.077465,-0.05702448814421179,-27.887482,0.46153846153846156,166.01578,37.55708,106.899155,-1.2912432,37.04793,55.80419,52.065117,0.39548485498642366,35.92166,0.46153846153846156,-8.891237,23.823177,82.1963,-0.26262125,24.609413,43.87416,34.38793,-0.3045380578425898,-16.1376,0.0,47.417934,13.283147,45.952324,1.5421076,14.774288,30.219345,23.66583,-0.055319456886624783,-1.67836,0.3076923076923077,-5.115448,18.272514,61.446926,-0.78834754,18.558117,35.620564,23.269825,-0.028238612538210337,0.30006504,0.5384615384615384,0.018047626201923076,0.010358056484556495,0.030894886363636364,2.8912057932946783e-19,0.009459579727487344,0.019664417613636364,0.011203857421562324,-0.14779312980263826,-0.006996848366477272,0.15384615384615385,0.11556243813263248,/Users/will/Projects/SpeechEmotionCS3540/datasets/SURREY/Audio/JK_n17.wav,Neutral
1.8868027210884353,6,0.06683164,0.019937193,0.04971598,0.00028670803,0.022024896,0.028718874,0.018021341,0.017571482394555044,0.0008470565,0.3333333333333333,111.35199270958317,51.04638290938151,149.47722536117885,26.999830702309527,62.53127086057183,149.47722536117885,71.82562236986998,0.534707605580316,52.17548974248999,0.16666666666666666,12.189958991919115,5.9700039422978,18.486778074475538,2.8680281430750005,4.837781670550861,10.943061011386712,4.153118373517242,0.8015319058631173,10.941928889231914,0.6666666666666666,0.7045454545454546,0.35573808732951195,1.0,0.10909090909090909,0.37768323777892704,0.7272727272727273,0.15203509273022336,0.46760976479141225,0.38636363636363635,0.3333333333333333,545.3593612460857,183.54095260150004,508.5721249307764,6.2299410732209255,233.0799871905644,343.3196759198058,204.3149629876715,-0.0027662468392172586,16.055879772468188,0.3333333333333333,992.1586470170456,427.68615431845836,1259.6923828125,46.49214311079545,561.0034621423076,890.6915838068182,559.9679194335711,0.0772755695625442,113.53870738636363,0.3333333333333333,957.219698427596,147.82225778261494,422.45012700081327,-12.681222969257965,230.03345122414046,422.45012700081327,410.5688419402051,-0.45017589431647054,-135.75419417289845,0.3333333333333333,-430.54367,89.27831,226.66428,-4.8462524,101.49665,166.17294,40.327366,-0.004815648707113154,6.8241577,0.3333333333333333,162.39838,39.48188,104.523605,-0.87143403,47.46821,77.41077,46.795162,0.28673192280665716,30.97377,0.5,17.136337,16.06523,42.753853,-2.0671296,17.170565,27.625912,14.63843,-0.3249716086970597,-14.0259,0.0,32.49056,18.500555,49.476936,4.9652414,28.362156,47.28498,42.820488,-0.04464926930964468,-3.2160225,0.16666666666666666,32.263264,8.442571,27.056166,2.925069,10.05665,21.361864,8.04212,0.31672665197730104,5.3367157,0.3333333333333333,0.013309363162878786,0.009048474378126236,0.025102095170454544,0.0005637428977272732,0.009873745717798987,0.013938210227272726,0.006380482532264408,0.2549335326769336,0.005937056107954544,0.5,0.5043027090429287,/Users/will/Projects/SpeechEmotionCS3540/datasets/SURREY/Audio/DC_n18.wav,Neutral
4.630612244897959,17,0.058394667,0.013482941,0.046204004,1.3504643e-05,0.011746618,0.019511133,0.016173223,-0.0884638761354184,-0.007646546,0.23529411764705882,75.70259631696216,72.6665139605723,179.86500647455904,-1.7763568394002505e-15,72.19741615189537,179.86500647455904,115.40321744070613,-0.1042294823086327,-40.7470336405874,0.17647058823529413,6.190379665486977,7.963021631877863,29.76556986150109,0.0,9.87300411863282,29.116858026086152,15.630618849241738,-0.16527140182329872,-7.309776438042842,0.23529411764705882,0.3609625668449198,0.3691001909462545,0.9545454545454546,-6.938893903907228e-18,0.3870315083165091,0.9545454545454546,0.6107395147040485,0.02218042003086489,-0.08181818181818185,0.7058823529411765,773.064967972894,312.7162607963329,1065.5655420311768,1.0265562518064542,337.0840687552492,710.4105616500779,510.8656137305726,-0.12269702010942851,-73.95072576466475,0.29411764705882354,1507.8136097301137,743.3965255988862,2626.5613902698865,-4.190410267222987,787.0033695214881,1741.7424982244318,1221.3239948794178,-0.1472077025234756,-204.27179509943198,0.29411764705882354,1173.5968710387854,209.6670785917807,713.7232909330372,3.1844900524562547,272.20296863547736,536.8509918315681,466.63739548974394,-0.2696790809051951,-99.5797217677441,0.29411764705882354,-422.1704,74.889404,224.79172,0.31703568,59.898727,106.12161,68.57319,0.07084933181386949,-4.592407,0.23529411764705882,146.84619,30.237835,107.07276,-0.23728561,30.894619,80.85686,46.840317,0.4414103123302096,21.6698,0.6470588235294118,12.494804,15.458258,51.6733,0.18301463,12.20543,24.774475,16.065475,-0.38352775670031786,-10.221347,0.35294117647058826,44.43583,13.973918,46.584656,0.6299808,19.162254,43.62468,31.524786,-0.1850964226739423,-6.7441216,0.11764705882352941,18.636599,11.0667095,40.04167,0.041860342,11.713845,21.736814,16.14569,0.26580522463890044,3.7631378,0.5882352941176471,0.009210759943181818,0.005450741492026347,0.01910955255681818,4.161487926136482e-06,0.004250666302763803,0.00732421875,0.0053133764529442774,0.09074343414960821,-0.0003551136363636369,0.6470588235294118,0.8661499592639578,/Users/will/Projects/SpeechEmotionCS3540/datasets/SURREY/Audio/DC_n30.wav,Neutral
3.8676190476190477,14,0.06659549,0.023089841,0.084166825,-1.3159732e-05,0.02163601,0.051386423,0.024606813,-0.4876802469969315,-0.03630623,0.14285714285714285,112.81026105242968,48.96787361417795,164.1048061833609,0.0,55.10631154333765,164.1048061833609,54.63932924744731,-0.24411944330238622,-32.44620673452707,0.07142857142857142,10.390950274724833,7.6840596008596025,26.68480995546737,1.3664283380001927e-16,7.940580709682617,17.56743909552249,11.96593016471875,-0.2947595941943101,-7.765087501744947,0.21428571428571427,0.6948051948051948,0.31558708779799655,1.0,0.0,0.30621865798337505,0.7272727272727273,0.24766471270117466,0.11229387058953579,0.10227272727272729,0.7142857142857143,623.0531125869629,212.29741997654344,643.3547671283402,-0.846847828716464,157.44403402271243,388.4109382239541,173.24078404820523,-0.29304427517861786,-111.3620058753923,0.42857142857142855,1193.0652965198863,505.22193855243364,1648.758212002841,-8.884328562062942,349.83737413984403,767.8544477982955,354.90916286160336,-0.3249492487192988,-322.386308149858,0.2857142857142857,1038.395906834063,147.8555949834823,503.2292749780079,1.1072988541568871,142.81378386258928,291.39732072149536,191.57933459742506,-0.2737966977116424,-61.15555769121352,0.2857142857142857,-412.98117,72.737434,249.51581,0.25958723,65.06119,140.14859,57.20381,-0.24700871388697077,-46.511383,0.14285714285714285,163.36491,29.985231,113.968925,0.46062353,34.96786,61.056595,46.354652,0.3488262116929699,33.63797,0.7857142857142857,16.043474,12.215346,45.189056,0.8978908,15.564191,32.085484,21.605196,0.05767118586885983,0.4193554,0.9285714285714286,36.258823,19.30101,82.25554,0.7984079,26.188416,50.53008,40.829597,0.0027626715976592875,-10.498425,0.5714285714285714,20.345896,17.681845,64.011925,0.47042862,20.400856,39.229885,27.915552,0.124343687798439,-7.9415255,0.5714285714285714,0.012600192775974028,0.006901682349677399,0.025679154829545456,0.0,0.0069535319181995995,0.014648437500000002,0.007843701397743342,-0.2369881342694812,-0.004749644886363638,0.14285714285714285,0.641587616897566,/Users/will/Projects/SpeechEmotionCS3540/datasets/SURREY/Audio/DC_n24.wav,Neutral
3.4992743764172336,12,0.063707806,0.018467955,0.06976123,0.00015461208,0.020013759,0.037930056,0.02047405,-0.3244186328748691,-0.016986366,0.16666666666666666,111.75262854706672,52.03169435414937,156.3826099280836,0.0,57.75485685395608,156.3826099280836,56.316810429892016,-0.19627528427970595,-26.90216596677439,0.08333333333333333,8.984384916097495,5.07292175487632,18.061026572821124,0.0,5.846187712292565,12.42091195294966,8.073255959292046,-0.141554764792998,-1.841414626384875,0.3333333333333333,0.6136363636363635,0.31189680076119547,1.0,0.0,0.38618128900681237,1.0,0.40564202758769285,0.13720576651600827,0.09090909090909094,0.16666666666666666,714.9881327652173,349.4461054193333,1251.2050510810882,0.9842605881245173,295.9197170958039,459.14911678231647,363.47730485205443,-0.20076140344162013,-142.7464170456289,0.3333333333333333,1397.5782914595168,794.6535455749109,2883.981045809659,10.677621384297522,671.8971441746255,1140.7703746448863,773.4214419658323,-0.15289830677318833,-230.870194868608,0.3333333333333333,1059.1583534347003,240.17275345149665,816.043087470849,-7.808212265176177,236.70960309437743,533.0320209385678,345.3833085581152,-0.24081652180559343,-126.97980033094336,0.3333333333333333,-423.67612,74.24259,244.48703,-0.037242543,71.964554,148.33313,52.178925,-0.22805577548811526,-42.671783,0.16666666666666666,155.88802,33.671173,99.386,0.6299563,39.765137,65.32791,50.58853,0.14590762940837024,8.471634,0.16666666666666666,12.398247,17.500673,58.93918,1.6431122,13.316178,24.041374,13.314162,0.5185621393602872,20.861595,0.9166666666666666,41.37216,20.74453,63.392937,1.8379482,17.966457,40.406525,22.990847,0.4872116240324309,27.682295,0.5833333333333334,27.94079,16.161947,53.880985,0.5179211,15.870095,22.767448,18.292585,0.4146874183229344,17.8618,0.6666666666666666,0.01245487097537879,0.007543976727761921,0.02838689630681818,0.000193698347107438,0.008510602470262607,0.01504794034090909,0.008319351720429103,-0.16221256239925944,-0.003706498579545454,0.16666666666666666,0.6611844510418587,/Users/will/Projects/SpeechEmotionCS3540/datasets/SURREY/Audio/DC_n08.wav,Neutral
3.2914285714285714,12,0.06644461,0.018036677,0.054275014,-0.00012418324,0.015792204,0.03708988,0.021307016,-0.3126383443737288,-0.015164848,0.16666666666666666,150.11934065992065,104.32454878540179,468.4631497362382,42.587559066930744,112.07099875210943,360.66672158317795,125.14175670921027,0.4694916443341765,80.8118337018397,0.9166666666666666,7.936176989641648,6.9356293597374,28.321925822768943,2.574720529342631,6.91004408501,21.45690403819046,8.034490618783186,0.5283923275233104,7.1269229287385585,0.9166666666666666,0.7045454545454545,0.3211442180943431,1.0,0.0371900826446281,0.22918057229524047,0.5,0.2585720482423253,0.3792639368888628,0.28409090909090906,0.4166666666666667,752.561635779779,238.71498755905753,880.1357772232377,53.79085682009575,290.22483894509236,724.241154023508,367.64430580764804,-0.008029523626250113,-72.63986965429638,0.16666666666666666,1539.9910666725852,618.9748721117488,2161.6399591619315,159.274518982438,734.0857097939924,1725.5925958806815,983.6150290567554,0.11219947445651791,-25.325983220880516,0.16666666666666666,1136.0864736474043,250.79533626230275,711.5480773451095,47.46933004574882,289.1343281399775,711.5480773451095,441.69148244174454,0.07606975489454534,-25.72457354617086,0.8333333333333334,-405.48877,71.37114,219.1719,0.56682795,60.591908,128.64706,51.087746,-0.24511965873728336,-43.625214,0.16666666666666666,158.71114,44.353874,136.38638,-3.2097466,46.525097,105.01104,70.89038,0.11432966044376598,23.132797,0.4166666666666667,8.211373,15.691291,43.33994,-0.45233744,15.658626,36.807114,23.883759,0.2510496403645821,8.973417,0.0,37.813694,20.285393,75.387665,0.7207428,29.677015,44.589752,49.07219,0.09926032434579887,-1.5398331,0.5833333333333334,25.363663,18.208103,59.71141,-1.3078063,15.325758,31.24202,21.2535,-0.015976286055407782,-2.0873775,0.5,0.014167554450757576,0.008515616703501016,0.02587890625,-8.676071797520663e-05,0.00806879293778797,0.016845703125,0.011050326938856029,-0.18913051110557158,-0.0038341175426136378,0.4166666666666667,-0.1980718654830576,/Users/will/Projects/SpeechEmotionCS3540/datasets/SURREY/Audio/DC_n20.wav,Neutral
2.2011337868480725,7,0.18739562,0.12741981,0.3091344,4.003197e-05,0.124438874,0.17144626,0.07592023,-0.02871616325976291,-0.014508225,0.42857142857142855,165.02589776642202,120.0184088975096,334.8078753795779,0.0,199.51527464959565,334.8078753795779,271.6820485549531,0.04262894416363491,19.35270382165453,0.7142857142857143,46.228037284996795,55.259412191091116,136.1775900507424,0.0,100.24021904754882,136.1775900507424,161.09153874812938,0.03956905324306977,3.83650970756743,0.7142857142857143,0.6038961038961039,0.40049724532751363,1.0,0.0,0.4453617714151233,0.8636363636363636,0.26906633794452256,-0.12160208158603526,-0.13636363636363635,0.42857142857142855,912.7606006325935,218.63678630061756,766.2612086265685,-54.059270703222865,224.4470223528908,405.0168999050612,241.00614452509134,-0.4738702058872088,-207.4260519844015,0.2857142857142857,1782.0123845880682,410.94180576468653,1383.0189098011363,-135.8059969815341,397.9495777213029,659.6990411931818,560.2179260511778,-0.7493318802505672,-653.0922629616475,0.2857142857142857,1316.3417291148874,160.59651338878018,439.39711820249795,-73.23285303374966,124.49696658521567,287.1788386444348,215.91062772066402,-0.8681625600753927,-319.35939410741526,0.0,-319.91672,173.62921,455.63995,-11.189491,177.40082,310.2037,54.564236,-0.06327395718657358,-24.152832,0.42857142857142855,129.53468,30.063704,89.60138,1.3088531,45.10352,64.867004,71.86577,0.2502001520822674,16.293747,0.5714285714285714,-5.0947223,9.808683,30.573305,0.58936816,14.4304085,26.529133,22.265486,-0.4345213206363,-13.518547,0.14285714285714285,33.819714,13.155268,39.40442,-6.348985,9.249667,18.583,18.017494,-0.917879154930532,-27.25615,0.2857142857142857,0.30478758,10.632411,31.566154,2.777169,14.324831,22.150492,18.4488,-0.03331756179900698,1.2370956,0.14285714285714285,0.02712814529220779,0.02191689309840801,0.06119051846590909,0.00011097301136363663,0.02283597727579245,0.04250266335227272,0.025115082423366266,-0.05388856446727089,0.00146484375,0.2857142857142857,0.496978843588057,/Users/will/Projects/SpeechEmotionCS3540/datasets/SURREY/Audio/JE_a03.wav,Anger
2.8302040816326532,10,0.09053409,0.048549272,0.15724893,-0.00018976752,0.056407392,0.11818685,0.066368826,-0.48102074065059486,-0.075479165,0.2,46.68630238665978,71.6971035552678,170.6622099779972,0.0,73.56974664534543,170.6622099779972,88.56732109531885,-0.5826678100792142,-109.6519491634386,0.1,3.1446206491824205,5.6218155882972365,16.49441936461173,0.0,6.433365073347944,16.49441936461173,9.763557003791911,-0.40659231822912184,-4.983929042404159,0.3,0.16363636363636364,0.272120537219923,0.7272727272727273,0.0,0.27773186030035396,0.6363636363636364,0.35772900542493624,-0.4768731578292163,-0.3333333333333333,0.2,863.5276293905277,440.57441103837556,1243.9796587221774,7.9649479035978175,312.59349880463566,528.8124144077411,280.6674650242749,-0.017082803244085103,-47.91519159063955,0.5,1595.7082297585227,941.9729190250351,2635.859818892045,17.944335937499986,644.1207508603457,1232.2864879261365,453.00034921643964,-0.048692898210486585,-135.72443181818198,0.4,1166.8460688111663,250.21939015391834,729.9958309195309,17.234529304004973,177.5108658040669,288.8665582821641,146.42485280393345,-0.004425382024275398,-12.640170476131061,0.4,-377.6126,111.698296,347.70844,-0.90134174,109.20642,230.5842,98.33971,-0.2639217555232004,-82.66156,0.2,149.05826,19.428312,64.07845,-1.373197,24.558937,49.509483,29.747585,0.2591446018512278,14.922867,0.7,14.489352,20.537855,63.51651,-1.9242616,19.646357,34.53148,22.285471,0.31674997546234895,15.374643,0.0,35.209873,17.250114,61.08128,-1.0646441,15.852402,27.044605,21.304111,-0.4467022505825876,-19.174896,0.3,-11.278196,20.548323,57.40262,-1.088658,16.673862,34.88475,20.159,-0.5976932201829578,-28.160677,0.1,0.014601828835227273,0.008880900185338212,0.0283203125,-9.37105429292928e-05,0.009474272216749506,0.017001065340909092,0.01032727597339383,-0.22965984638181236,-0.006591796875000002,0.2,0.817166591756726,/Users/will/Projects/SpeechEmotionCS3540/datasets/SURREY/Audio/JK_n13.wav,Neutral
3.9381859410430837,14,0.10821641,0.04067859,0.14877838,0.00010083301,0.03624213,0.07587037,0.033972286,-0.38829870704526537,-0.0408346,0.14285714285714285,124.66541330212706,109.26330310861009,434.03189928062955,33.38706917543304,142.90562918900426,434.03189928062955,204.30200964897983,0.37462505555396886,76.92032850230842,0.9285714285714286,12.207141176870337,11.207528231857605,41.311986865147446,3.1778451434728803,14.29012056973259,41.311986865147446,19.697065116977047,0.28847276298736657,7.544607193482424,0.9285714285714286,0.4837662337662338,0.33911090382588366,0.9090909090909091,0.03146853146853147,0.3707283150682313,0.6363636363636364,0.5226037403439509,0.18644489785790078,0.13636363636363635,0.2857142857142857,933.7848425958865,319.85800905351675,1352.9290877394033,79.35299756148585,315.7216930912029,835.5927574226274,514.9438119897059,0.7221219907653015,514.0060140076928,0.8571428571428571,1722.5863370028405,682.3983427482916,2793.4437144886365,158.22386841673955,685.7058135440564,1725.1032049005682,1102.3175437661769,0.6316562992788934,1051.823564009233,0.8571428571428571,1126.0387162776756,216.47546325026164,696.4286844488091,44.09094690289244,239.18471349830637,658.8392714515059,391.5880862357522,0.5379860899791659,297.63856358136127,0.8571428571428571,-321.10513,99.79456,348.0643,2.7820528,92.926445,198.35855,70.78751,-0.031044797921989574,-8.907867,0.14285714285714285,163.98528,32.236546,126.0184,-3.8286803,32.62559,83.012794,43.345585,-0.12839402758092036,-9.557205,0.7857142857142857,0.033436365,25.025797,95.80566,1.7455943,26.717651,48.4701,36.806095,0.4039621319658451,29.14619,0.9285714285714286,46.77465,20.666336,64.372116,4.105512,20.518671,36.44735,23.578508,0.3601596838671314,25.320784,0.9285714285714286,-15.807399,16.332272,59.43732,-2.0464053,14.963649,31.888817,20.969027,-0.5478670005183114,-20.272018,0.2857142857142857,0.0250149020900974,0.01170912738031558,0.03908469460227273,0.0001007293487762237,0.01193967293081091,0.02379261363636364,0.01426408264348486,0.03867515476217036,-0.00023304332386363605,0.14285714285714285,-0.010282379529612319,/Users/will/Projects/SpeechEmotionCS3540/datasets/SURREY/Audio/JK_n07.wav,Neutral
6.005804988662131,23,0.08189165,0.034461133,0.09106137,-3.1524423e-06,0.023943214,0.06445991,0.026880518,-0.02289926053602916,-0.002567634,0.30434782608695654,132.24180572333017,107.90504488218065,473.70117616957197,1.2918958832001822e-15,110.388027336372,332.46544106489637,191.42525040882745,0.01164142275367647,4.45377445575312,0.43478260869565216,9.98506384468616,7.842066429182539,25.13927302809748,3.2297397080004555e-16,8.640360549159748,25.13927302809748,14.801458414377427,0.034418743856530695,0.889454268961198,0.17391304347826086,0.5217391304347827,0.3953260809052091,1.0,-5.046468293750712e-18,0.26397811989561054,0.6363636363636364,0.3304678090908954,0.2034845509088934,0.2207792207792208,0.34782608695652173,762.919406903556,509.9412160192329,1771.6106546997564,0.4790569960382036,406.8266262230516,1012.7579395284722,534.2035267119986,-0.24607463896388604,-463.6096968028555,0.17391304347826086,1315.4403988080535,1013.9865828404736,3351.8388227982955,1.7573585194989556,818.4602723823301,1965.883567116477,1086.5974122296718,-0.19930762516119013,-817.2130237926136,0.17391304347826086,1142.0326976740987,283.97460717849196,1044.1244031355614,1.1348692926110806,269.03558838251735,641.8611697072541,386.29641029156414,-0.20335285356595229,-248.35410483781743,0.17391304347826086,-418.2336,107.12712,293.2451,-0.1602367,73.10312,152.8601,76.91664,-0.14701623875760156,-52.36792,0.30434782608695654,133.1388,22.993843,114.276215,-0.07842047,29.03411,61.166428,45.905537,0.28425014191971176,22.07145,0.34782608695652173,27.196228,13.699859,52.184917,0.11307066,14.320138,36.016624,21.807447,0.45619845509183166,17.79575,0.8260869565217391,42.417065,21.857159,71.913,-0.092887096,19.975645,51.392532,27.988281,-0.05823337322408504,-7.7277565,0.17391304347826086,6.1441035,7.2111535,28.11227,-0.011547565,10.015208,20.983715,15.725071,0.0872257213369954,3.441665,0.7391304347826086,0.011819108201581028,0.008864115167230013,0.027876420454545456,1.9712766772463716e-19,0.00694721992675268,0.01604669744318182,0.008497644370328992,-0.09026522979483355,-0.0011572899756493536,0.34782608695652173,0.41291445870951454,/Users/will/Projects/SpeechEmotionCS3540/datasets/SURREY/Audio/JE_sa13.wav,Sad
2.3480272108843536,8,0.09679735,0.045963053,0.124249965,3.9967043e-07,0.042885777,0.07184714,0.04082137,-0.29053641547252174,-0.030825924,0.25,103.0185603301119,80.83410982597594,187.53063941585043,0.0,90.66050559434508,187.53063941585043,110.62062626171124,-0.35016266213046937,-93.76531970792522,0.125,12.03388814544103,11.622915073814148,33.61455449320528,0.0,14.069770320352252,33.61455449320528,22.897988297520786,0.06092096697264225,-4.068985617145835,0.625,0.5170454545454546,0.4153172017857839,1.0,0.0,0.40217824849875383,0.7727272727272727,0.46385665196489795,-0.24181474798486857,-0.29545454545454547,0.25,563.9303828776967,243.18108363103562,682.0835433758424,3.0674961514737578,238.0595361358586,455.60005670228935,285.3720677457426,-0.13255178817095079,-37.46586825311829,0.25,1019.829628684304,576.0889800254013,1647.7794300426137,14.471990411931822,538.2030030640717,1014.0181107954546,539.4925847909554,-0.13312413277879098,-72.42986505681824,0.25,977.6036087828687,108.30676653656691,410.6199273234696,10.82335607933622,157.84446711564942,263.3134268843371,259.57599370246055,-0.12073733320862155,39.97434868729806,0.25,-404.23596,127.867874,336.2822,-5.663574,115.83928,197.60693,95.283455,-0.23191990349397304,-85.75983,0.25,149.39926,36.859062,110.27207,-4.671769,36.10038,69.24818,44.3191,-0.057151718544901885,-14.733765,0.5,17.25812,16.207151,43.640316,1.4893477,17.869347,32.790333,27.370966,0.14460235837896238,6.6489716,0.875,33.29152,14.436101,55.08832,0.7352186,19.565945,31.274399,29.205214,0.16937842889080296,13.226013,0.75,20.201393,11.165602,35.441994,-0.4559048,17.113249,35.441994,20.051517,0.09446361521346724,3.2746658,0.75,0.016154896129261364,0.012566136327426246,0.03409090909090909,-1.2682629870130106e-05,0.011944584201910564,0.0234375,0.013496575174388166,0.007178475689556385,-0.0024857954545454545,0.5,0.9290652552577139,/Users/will/Projects/SpeechEmotionCS3540/datasets/SURREY/Audio/DC_d03.wav,Disgust
3.4401360544217687,12,0.06381066,0.027133165,0.07597127,6.4792956e-05,0.017690364,0.029209375,0.01638467,-0.21653613474930983,-0.014112208,0.3333333333333333,106.48683926690103,91.9049697309131,208.1018287589281,0.0,76.549316357021,208.1018287589281,112.84221726867744,-0.25127035289929345,-66.32023926796447,0.16666666666666666,8.090309121236695,7.4008460439193415,18.6678427314789,0.0,7.443759901077008,18.6678427314789,12.588475600304811,-0.259121183256657,-5.016069192211214,0.16666666666666666,0.42045454545454547,0.37350482459332485,0.8636363636363636,0.0,0.27952949628574814,0.6363636363636364,0.355011348904848,-0.12779436912730097,-0.1590909090909091,0.25,540.3240146752793,262.8462620936871,716.6465976564564,1.9524517398939762,209.62549619908913,514.6461461006631,264.0594490513031,-0.14999587940885092,-116.74378558992504,0.3333333333333333,921.4824329723011,571.6246374364139,1452.023037997159,5.160850335743796,446.61636486540147,973.8880504261363,568.6513888298073,-0.08898360032500645,-156.2380704012785,0.3333333333333333,1064.1387802637128,126.16323788373793,402.7935091413891,3.1622930296406677,152.2649520267279,281.4055627927464,227.80873232215066,-0.11429053666848438,-58.320884191505115,0.25,-457.95316,96.4093,250.92664,0.31794322,59.113853,113.5863,56.515953,-0.1665544438092081,-48.18268,0.4166666666666667,136.30946,19.99168,70.50164,-0.16840848,19.454954,35.69806,23.261536,0.10840306119673865,5.1213226,0.5,24.817457,9.297891,32.812855,-0.10252207,9.110387,16.525875,13.0198555,0.0286988942750021,2.0859127,0.75,37.53297,19.321632,58.846313,-0.061718594,25.692877,45.384403,38.564354,-0.1307156446577353,-9.341066,0.25,8.693738,5.0259085,17.832901,-0.010631908,5.0611935,10.718977,6.522192,0.07095779924221238,0.6234989,0.5833333333333334,0.008408055160984848,0.008315810487536409,0.021439985795454544,-7.885106708985487e-20,0.005040205330570215,0.009832208806818184,0.004463565727823426,-0.15276212663123667,-0.0035955255681818185,0.4166666666666667,0.8284772634119102,/Users/will/Projects/SpeechEmotionCS3540/datasets/SURREY/Audio/JE_sa07.wav,Sad
3.9203628117913834,14,0.24366076,0.097061254,0.3373074,0.0070545813,0.09266455,0.18497339,0.0955414,0.4002592382589792,0.08294758,0.21428571428571427,244.28996124684144,105.28605603732966,455.0714144946241,-35.00549342266339,96.09813458819258,205.64697215894972,140.09991876487433,-0.5180840354590004,-108.31311794557155,0.0,32.68979242112583,31.56447694886528,133.26245119536796,-0.5135156549726028,49.64869928108378,126.58674768072412,75.96001280465161,-0.3225342965713152,-22.048628844007276,0.07142857142857142,0.6461038961038962,0.27605040959740235,0.9545454545454546,-0.055944055944055944,0.313478649995705,0.8181818181818182,0.4261994902737941,-0.5412253362459379,-0.3181818181818182,0.2857142857142857,1381.025850681034,477.28540989440654,1689.8629395171934,8.113236914539304,504.87188856645446,875.4897580131976,752.8374592080735,-0.12710124550513402,-136.58685811342684,0.35714285714285715,2531.8642356178975,788.1554478659231,2928.515625,-28.798776906687042,822.8094020663052,1160.8354048295455,1211.1931500218664,-0.18435153268346297,-363.617498224432,0.35714285714285715,1466.0193978363752,177.08161247810006,670.6055255216743,-14.328751953401847,177.38427516036006,288.5464065009744,276.9626237464919,-0.33942048252750157,-142.02228751038365,0.35714285714285715,-204.43645,96.77639,355.59943,12.363317,80.82217,183.99063,67.18474,0.36694052421112405,74.72714,0.6428571428571429,120.744385,24.003275,94.00518,1.8972443,29.700937,44.241325,46.559174,0.5753214522094446,35.887726,0.7142857142857143,-12.942676,12.683075,43.844963,3.3726895,16.01779,28.325268,25.825253,0.6071930120404543,23.258844,0.9285714285714286,49.091496,15.850164,60.07907,-4.0289645,14.412867,27.960838,17.9049,-0.6351273294589546,-24.307232,0.07142857142857142,-15.802332,14.227512,48.658253,-1.9396139,13.588034,28.403645,16.900791,-0.254590728371001,-10.481993,0.0,0.054213486708603896,0.03085519987468198,0.11181640625,0.0018831266389860138,0.03526647019636528,0.07040127840909091,0.05347476825924128,-0.05685227239554636,-0.002213911576704551,0.35714285714285715,-0.09576067314155932,/Users/will/Projects/SpeechEmotionCS3540/datasets/SURREY/Audio/JK_h01.wav,Happy
5.083854875283447,19,0.17692482,0.07030154,0.28431273,0.00013360837,0.06997734,0.17824493,0.07807122,-0.21097092659544897,-0.033079,0.10526315789473684,223.5908601952579,88.40163599012239,383.4654035940084,21.30363353300047,134.3911082672312,383.4654035940084,211.74807742733606,0.19140831964016775,38.7880087956205,0.9473684210526315,36.75662246559162,24.4543594442113,80.67044958250278,1.6662064873552913,29.500461870158343,55.66751313568248,48.45455765897827,0.031960692346724204,8.872975386560523,0.3157894736842105,0.6866028708133972,0.3096584772276454,1.0,0.03787878787878788,0.3046358979224712,0.6818181818181818,0.3668075003132089,-0.15515751032491604,-0.18181818181818177,0.10526315789473684,1332.8673435238761,344.4141980693677,1320.824376897091,66.24409022163223,355.70412922464016,704.0772752659458,537.6538839415645,0.5578670785764408,403.40963519630327,0.6842105263157895,2486.750114477422,637.5733409255782,2624.1144353693185,100.40671608664775,645.9719790536948,1277.7998490767047,926.8998553882518,0.4228274969780556,577.481356534091,0.6842105263157895,1478.9595691306824,146.90876317222464,602.4179755414709,15.52519393085226,217.21255897134478,602.4179755414709,363.6320515982069,0.24525684276272486,97.60887376537448,0.3684210526315789,-264.65482,111.04212,392.0116,1.0575536,93.889275,287.8117,63.81853,-0.06874451862404496,-19.842377,0.10526315789473684,126.24074,21.254856,86.41221,-3.2326965,31.025698,65.277504,49.68126,-0.04077110899309292,-1.8493652,0.2631578947368421,2.0630205,14.730454,62.8821,-0.3097248,16.207823,38.065113,25.18338,0.3369272669557113,15.052945,0.8947368421052632,46.929226,14.342512,52.51465,0.918307,17.789135,32.218227,25.516796,0.021161484875287236,-3.7680893,0.5789473684210527,-12.325052,9.202018,33.088646,0.66814667,10.744325,29.845297,13.740119,-0.09639837000097425,-1.8854704,0.9473684210526315,0.058273680472488036,0.02892312995646428,0.11334783380681818,0.003517844460227274,0.0317521892775512,0.06607333096590909,0.04554102690382886,0.3286549878001881,0.01781116832386364,0.6842105263157895,0.30795245343803745,/Users/will/Projects/SpeechEmotionCS3540/datasets/SURREY/Audio/JK_h15.wav,Happy
5.136281179138322,19,0.18124506,0.071741566,0.27385437,0.0010943296,0.073073775,0.15237322,0.09229626,0.08468858244797825,0.020081148,0.6842105263157895,164.73705819886732,56.85916326029645,197.34262987147488,0.0,63.035609169776144,193.240134107439,61.340206397188794,-0.04309330426112362,-7.424662695322382,0.2631578947368421,7.967961063258346,4.000683842173503,14.582638834468861,9.868649107779169e-17,5.005954690016522,14.582638834468861,6.407441746732573,0.019672386927784422,-0.45430800218262224,0.8947368421052632,0.7703349282296651,0.3235949936633668,1.0,0.0,0.3064204305478285,0.7272727272727273,0.29448202999483136,-0.017547071638095012,0.022727272727272818,0.10526315789473684,893.4930318506244,296.6779526153728,1116.906269434999,26.940034594778897,348.7755185260571,857.5793692118675,495.9609222577707,0.017142928696887667,22.307564112960108,0.5263157894736842,1678.9459082498506,607.8024238484745,2322.649591619318,68.35160688920456,736.0219793501826,1587.5843394886365,1061.39286364994,0.12305114855673666,235.397061434659,0.5263157894736842,1178.266709348026,200.69837086994707,762.7445726101133,16.594934463866075,248.59501471658405,486.8929575294542,381.615261026947,0.13267287290723503,76.78239083557742,0.5263157894736842,-303.016,83.23863,352.2965,5.5450644,79.462,220.96152,77.15248,0.10242365923414931,27.717163,0.6842105263157895,133.97299,25.819622,89.84892,-1.9161826,28.472519,69.01306,37.74568,0.0695435932562508,10.883606,0.7368421052631579,13.596454,13.075649,44.443256,0.13188712,15.283566,35.365875,21.90293,0.20168629713438427,5.231124,0.42105263157894735,30.258287,14.026004,64.386086,-0.14897326,19.058826,49.45451,29.690191,-0.16691709630669965,-4.9462795,0.15789473684210525,11.267876,8.409462,33.995686,-0.8197543,9.947482,22.596935,16.800745,-0.48495100066066127,-9.074417,0.05263157894736842,0.023840507251794256,0.012509624263873666,0.05178000710227273,0.0002157808554292931,0.013618662543808517,0.03850763494318182,0.017768090140198672,-0.14905596187185413,-0.0041577888257575725,0.10526315789473684,0.6671021029184305,/Users/will/Projects/SpeechEmotionCS3540/datasets/SURREY/Audio/DC_f15.wav,Fear
3.3123809523809524,12,0.1809964,0.08365548,0.28476906,-0.0010699901,0.0831042,0.16571037,0.070219964,0.2774943900352048,0.05968365,0.75,173.84829449074036,78.23571741222538,222.55951407506055,0.0,85.40636755542377,209.23578193267008,75.15126410204049,0.06758339040065726,15.351986506030443,0.6666666666666666,9.897380964874463,5.385486885875256,18.527766434295202,0.0,8.373605545125846,18.527766434295202,11.375053074175595,-0.060573571998468474,-1.344755565556543,0.8333333333333334,0.7613636363636364,0.3674632906460886,1.0,0.0,0.3101101328808879,0.6363636363636364,0.17374104412378535,0.025381871628958167,0.022727272727272707,0.16666666666666666,873.5325809981463,319.1427258717458,1097.5102971907138,-29.325383334210766,282.6832094907101,583.0881212963142,437.37862181341916,-0.3505061504462327,-279.24593234957104,0.5,1485.8317982066765,663.5098421875908,2157.235440340909,-68.9596381069215,578.295195056255,1231.3077059659092,898.4871389722858,-0.3909070475970995,-602.8073397549717,0.3333333333333333,1177.1334415259437,142.92490155184032,420.7065802079012,-12.430976427248776,165.647101550999,278.01057599006526,286.12236959060357,-0.45265481168193983,-154.8749091327429,0.3333333333333333,-321.52084,105.24873,342.28796,-5.3766103,104.045456,268.91592,70.325966,-0.00010968931578078703,0.7513733,0.75,124.0314,20.448456,65.72348,0.61346716,29.064808,65.72348,49.98965,0.14113751948092676,6.4680786,0.16666666666666666,15.841492,8.184889,29.682032,1.2218432,10.718854,22.356197,14.975588,0.2784916999871853,5.741987,0.9166666666666666,37.077335,17.963316,59.166386,-0.8880272,21.079624,40.53418,33.13576,-0.516290342998677,-18.084332,0.3333333333333333,5.018166,10.149338,33.778656,-0.07647254,12.302197,21.13373,18.149258,-0.3740615161774518,-6.5812445,0.08333333333333333,0.022841944839015152,0.011578252140126062,0.03402432528409091,-6.05307334710761e-06,0.009418360386940891,0.017067649147727272,0.006946041463871693,0.05562245966936022,0.00091552734375,0.25,0.7672299792515717,/Users/will/Projects/SpeechEmotionCS3540/datasets/SURREY/Audio/DC_f01.wav,Fear
2.702721088435374,9,0.0051862,0.0019530987,0.006620239,0.00010974682,0.0024276471,0.0046387357,0.0024506047,-0.03869246906961465,-0.00033729896,0.2222222222222222,83.9854868097896,60.51946708817926,144.7234040772091,0.0,88.3193866606662,144.7234040772091,130.56768784413998,-0.21155240943298945,-21.422603584796434,0.1111111111111111,6.661021284799966,5.189749539656122,14.125099236767054,0.0,7.507932341305406,14.125099236767054,9.520783413915234,-0.031040592767349832,0.34835041826381463,0.7777777777777778,0.48989898989898983,0.3825736740283965,0.9090909090909091,0.0,0.5339700056577604,0.8636363636363636,0.6933775842057254,0.030677262883107816,0.12121212121212127,0.2222222222222222,948.3343421876135,215.3241382433051,607.9318097759273,-8.38497611491016,258.1799729285922,519.6166039985848,430.454318129869,-0.03554770105581461,42.161471470477636,0.3333333333333333,1558.6558948863635,397.1452912599764,1202.4336381392045,-12.234774502840892,542.7278120647316,1202.4336381392045,959.6268380734145,-0.07827012376230119,31.647283380681984,0.6666666666666666,1413.6174275035892,281.69067408066655,911.1181992301672,-33.39926690916309,334.57036203683487,643.9240639568625,356.63582877362325,-0.32244776138464903,-210.07557423438993,0.0,-630.3551,56.06906,169.03857,5.041519,56.42607,99.49823,38.733505,0.1679667881779465,22.16626,0.2222222222222222,141.96896,24.915094,83.83819,2.264823,34.94742,65.719604,47.658154,0.3604531528610133,18.419235,0.7777777777777778,22.348276,8.376861,29.249685,0.050260544,9.079034,15.345539,14.587332,0.24368335884269662,3.3432732,0.7777777777777778,41.452156,14.21825,46.913338,0.64522386,16.862757,40.974426,25.632402,0.13603550127209474,8.706343,0.3333333333333333,8.698895,5.8400254,19.94294,1.1765909,6.629918,10.29536,8.526426,-0.15128920696401654,-3.7548652,0.3333333333333333,0.02614770754419192,0.01831769840100554,0.05553089488636364,0.0006075772372159081,0.017938250734866847,0.032182173295454544,0.023883227352860626,0.07868081006935784,0.007694128787878786,0.3333333333333333,0.8508930797636081,/Users/will/Projects/SpeechEmotionCS3540/datasets/SURREY/Audio/KL_sa08.wav,Sad
4.8459410430839,18,0.009723615,0.003554825,0.013909294,1.7504743e-05,0.0036182797,0.010232582,0.0045873066,-0.44102593241342447,-0.00450958,0.2222222222222222,130.32957439198813,33.965371993262366,160.61535405652222,-7.8489350121616495,32.48465334596674,119.84128670733305,35.62106161554247,-0.5388101289641057,-38.32947642489414,0.05555555555555555,16.495546844044537,7.828931962869775,24.893159443940647,-0.2668993671988408,11.03721987221022,24.583624262978503,16.88047598015403,-0.1287745683644268,-2.041816161417964,0.1111111111111111,0.6388888888888888,0.23151208857952368,0.9545454545454546,-0.01604278074866309,0.26455729638425746,0.6363636363636364,0.38030001206094344,-0.24493250734025224,-0.11363636363636365,0.2222222222222222,1065.0407446861545,258.8416676864424,815.7467170622742,24.39582430781508,251.10901979469412,753.8572367907074,394.95977264996947,-0.19598607100390603,-211.41036018695763,0.5555555555555556,1904.9000133167615,557.1810371953063,1871.4311079545455,42.74974149816177,480.2838574485046,1227.392578125,735.8064690758855,-0.3736899786819733,-665.4901677911932,0.2777777777777778,1367.0226922190259,167.09956046136162,657.6672511785459,0.2881535863784446,173.94673974472838,392.8508295060269,250.71010977147404,-0.1385215204865122,-86.11433817341867,0.9444444444444444,-546.6654,61.402317,239.15927,2.32447,53.10862,178.78906,49.89893,-0.38478342966079476,-66.57135,0.1111111111111111,145.90785,19.891508,69.75882,-0.8326968,24.591145,55.8621,37.349144,0.00036719654044815067,7.3501587,0.6666666666666666,5.761457,14.270102,53.887913,-1.1661981,14.169616,33.894444,19.191195,0.4289375482327102,17.866585,0.7222222222222222,39.649815,12.212193,45.454243,1.7478007,11.306147,22.945919,15.010023,0.16971294387673536,2.449585,0.8888888888888888,6.770614,11.9133835,48.066513,-0.13542214,15.313852,33.82099,23.690372,0.2522421352458467,7.903956,0.4444444444444444,0.036040334990530304,0.01982991110444231,0.067138671875,0.0005248370655080206,0.017119049782240683,0.04489968039772728,0.02394135136298384,-0.171633333662184,-0.010886452414772724,0.5555555555555556,0.5525822317371224,/Users/will/Projects/SpeechEmotionCS3540/datasets/SURREY/Audio/KL_a14.wav,Anger
3.962267573696145,14,0.011525947,0.0045388965,0.015753815,0.0001739401,0.0050596623,0.013492595,0.0061731264,0.48882385895317576,0.0051838467,0.8571428571428571,167.53788228740365,93.49751532052608,425.70660112255655,11.725607839932184,135.54367004081666,281.7838744782906,239.48692114615892,0.3202097807498873,109.97846853942717,0.7142857142857143,15.749939687486924,14.22131034893098,59.55719711211229,1.1345277225179027,23.204812001743917,56.66199123011752,42.54589563517534,0.1904058492938352,9.081561358563338,0.7142857142857143,0.6201298701298702,0.28830364444143297,1.0,0.02447552447552448,0.3459948776742093,0.7272727272727273,0.4019258905415317,0.20533349888321023,0.03409090909090906,0.5714285714285714,1011.5046017252871,333.77963553716785,1217.7915073325216,-8.737430839892891,369.28323971826035,825.2840721931275,571.4778871825757,-0.3816251209582577,-253.22093994919226,0.2857142857142857,1717.7273837002838,542.7744523302621,1647.2900390624998,6.36208274147727,675.0533273362424,1185.7943448153408,1053.2239185454334,-0.2992959011286564,-395.0608686967332,0.2857142857142857,1236.5335921845892,170.07809416268947,661.749211614947,-9.662859607327706,218.79356332675115,536.1320367196868,327.28677731866065,-0.4883431939407272,-191.14821696895024,0.0,-561.4844,44.98561,178.36554,4.836947,56.043324,140.4018,69.34824,-0.01015176165088464,-11.621094,0.2857142857142857,131.41025,20.360285,77.431786,3.5962214,23.775646,38.53353,33.670048,0.45291480963644376,14.615303,0.6428571428571429,17.31949,23.479038,81.63273,0.71191365,18.263266,28.516773,24.98581,0.7251527012804285,43.207844,0.7142857142857143,51.715202,18.232431,57.742096,-0.20102927,19.506187,34.91362,27.662378,-0.25934055079837137,-10.444099,0.07142857142857142,13.964959,18.722904,67.43037,2.7156901,18.50665,38.157707,23.974127,0.12549450202008264,5.978218,0.9285714285714286,0.034572849025974024,0.02012992645330904,0.07219904119318182,0.0009321732954545458,0.01982366909548989,0.05126953125,0.031164590514644513,0.008830573205701043,0.0039007013494318163,0.2857142857142857,0.2576397574635634,/Users/will/Projects/SpeechEmotionCS3540/datasets/SURREY/Audio/KL_a01.wav,Anger
4.002086167800454,15,0.010982937,0.004293629,0.0173071,-0.00044777832,0.0029952512,0.007171292,0.0030452732,-0.7699940765315862,-0.007781299,0.13333333333333333,107.66786983656547,72.08853904298996,257.84126120214273,-18.417232943010195,41.80588197728432,138.89426139034626,58.96206565853533,-0.8452688382865049,-135.16410039350953,0.0,16.903175209924402,15.29551742687259,63.80430594554916,-4.5574504246820835,12.04997379403832,40.695404023528084,14.878743627623615,-0.7720652489393084,-25.042551265656524,0.0,0.5696969696969698,0.36206732196954783,1.0,-0.0487012987012987,0.2462614716727461,0.6363636363636364,0.377848934886672,-0.7516143615052374,-0.6727272727272728,0.26666666666666666,1020.7343707760773,286.73987832500865,1128.6761850384555,-6.854564315098222,281.41529079411725,714.4924543323355,414.1464567563354,0.349796971809471,323.9478091550751,0.6666666666666666,1872.5403941761365,461.19472935299325,2004.5454545454547,-35.445889559659086,459.43945657123606,762.9605379971595,703.0745227531069,0.255871898921702,387.4018998579543,0.6666666666666666,1291.9166571578926,255.89164593170435,810.3256451529926,-0.5219248729389067,197.77942911794884,418.15560688778146,211.64912488046855,0.35104225434524106,258.11533141212635,0.0,-554.7076,62.17344,253.98175,-7.4043927,47.880184,116.016266,40.356674,-0.6097215184880431,-83.11737,0.13333333333333333,144.5373,28.85465,86.29026,0.25921085,22.975252,49.45101,26.53934,-0.502470003747944,-42.26081,0.13333333333333333,14.140646,15.017899,53.713745,1.2248443,17.002289,38.697342,24.534729,0.4641860382658568,15.121993,0.4666666666666667,42.471443,24.80034,83.57033,1.4939796,21.855738,53.97219,30.226103,0.5153887961798341,32.100426,0.6666666666666666,13.498608,10.365531,35.29915,-0.20739147,14.56516,26.49105,22.595177,-0.1779996390965789,-5.6096764,0.8666666666666667,0.035287937973484854,0.028634728300450142,0.10242808948863637,-0.00025365259740259787,0.02944548142856574,0.08400656960227273,0.04132862773686371,0.20544815874057173,0.02274946732954546,0.6666666666666666,0.5010278700219606,/Users/will/Projects/SpeechEmotionCS3540/datasets/SURREY/Audio/KL_a15.wav,Anger
2.588888888888889,9,0.0054549603,0.0034326434,0.010651611,6.6137e-05,0.004146642,0.0070873145,0.0056256843,0.03475242512407248,0.0009908974,0.3333333333333333,74.08256820395894,53.7850925150852,129.08756703717566,10.434648663958457,46.98302362180363,129.08756703717566,75.30702823185011,0.7177443241166424,107.08915482647366,0.3333333333333333,9.670982585809096,10.213163769296296,29.71253859992946,0.37275370458694446,12.967594978449362,26.730508963233905,18.173180081961934,0.5714150932226005,18.284478646696638,0.7777777777777778,0.505050505050505,0.38655339632631225,0.9090909090909091,0.045454545454545456,0.32461038311558404,0.7727272727272727,0.4352102877952218,0.6578309433411221,0.712121212121212,0.6666666666666666,898.003265255736,284.2892741063678,818.9946170882439,-11.633375508304013,324.3607539226805,636.9502126613867,442.1349627915943,-0.6168413738732443,-523.2079822571324,0.1111111111111111,1539.950284090909,481.7081380856297,1491.6637073863635,-36.70432350852272,546.2016629777386,1011.5711558948865,791.3154831948623,-0.6782641837585812,-969.1572709517047,0.1111111111111111,1438.7084973889275,371.2036826577991,1094.3904083259695,-32.35140093317281,376.43244548264477,628.3609392356491,456.51799918300713,-0.3988875979579217,-427.7096719158844,0.0,-634.8776,67.7683,214.41675,3.5632324,72.04006,114.37988,77.04267,0.0986662390981882,23.734253,0.3333333333333333,149.38852,38.39195,117.88301,2.6256409,38.152065,62.671432,49.112934,0.4588672355566322,51.61927,0.3333333333333333,18.801128,9.092506,25.809626,0.10347462,13.164661,25.809626,20.611217,0.09376578202018235,-0.553215,0.5555555555555556,33.279743,14.108751,47.69741,-1.250659,17.63702,33.49185,25.333096,-0.5854578062702098,-24.695976,0.1111111111111111,9.207783,8.726177,27.170042,-0.056991458,12.513623,25.46167,18.559816,0.46789283945375265,12.964643,0.7777777777777778,0.023018268623737376,0.018354512473077834,0.060724431818181816,0.000613125887784091,0.021914646543380538,0.04598721590909091,0.023415856445929646,-0.3764316557653826,-0.021099668560606064,0.2222222222222222,0.4234793404565128,/Users/will/Projects/SpeechEmotionCS3540/datasets/SURREY/Audio/KL_sa09.wav,Sad
4.952834467120182,18,0.1679524,0.075137086,0.25570986,0.003013751,0.075641386,0.1543976,0.08583552,0.1935371080596909,0.047046557,0.6666666666666666,150.10570691403004,67.8291961254667,191.95748561574118,8.89991818631623,76.5205352931613,189.5148579105642,99.05196954473048,0.1404294011098707,26.416710919853045,0.6666666666666666,10.962550360819968,7.092116330964319,24.283241626079473,0.9664391484356891,8.490608110836273,19.662698710983975,13.439249119378433,0.43147398957889316,5.105571538474692,0.8888888888888888,0.6919191919191919,0.3453600201470456,1.0,0.034759358288770054,0.3385495570341051,0.8636363636363636,0.3981227741352207,0.19449175775236996,0.18181818181818188,0.3333333333333333,874.2993060134588,386.1301352456472,1429.5101138548475,12.664958660139101,380.6254993745183,756.1434283822784,561.1505822050055,-0.14641559581875518,-216.85748786680824,0.4444444444444444,1563.4138627485795,765.1480490891537,2792.954323508523,26.110448174298124,665.075721006143,1499.9833540482955,963.2868011219356,-0.1463871608114997,-369.734885475852,0.4444444444444444,1181.703599275085,230.11733366880514,827.0228792644623,1.523385337616466,218.1393078640347,436.0119452094932,334.71922025243225,-0.18962959599454846,-131.55571820621662,0.4444444444444444,-318.16486,95.85378,333.0409,9.291407,94.89079,215.97885,102.17015,0.1487675207923633,31.20221,0.6666666666666666,127.85894,29.954044,130.29375,-1.2520783,33.778816,70.53933,49.830948,0.13355887934088148,9.549438,0.8888888888888888,6.3564773,11.909402,42.91154,-1.3055344,15.032495,32.091232,23.959736,-0.23619840302233686,-5.28722,0.0,29.502716,24.779154,97.30037,-1.6333324,17.764008,38.240875,21.166784,-0.4006334674644005,-18.17569,0.3888888888888889,8.58622,11.201976,41.11605,0.083346196,11.32717,25.394608,13.787504,-0.0189665027445768,3.8375232,0.3333333333333333,0.022573143544823232,0.013132117841145511,0.04842862215909091,0.0007141439672459896,0.013937896795246945,0.025834517045454544,0.019387767928990912,0.03955307595224094,-0.00042169744318181976,0.2222222222222222,0.7572830503458711,/Users/will/Projects/SpeechEmotionCS3540/datasets/SURREY/Audio/DC_f14.wav,Fear
5.005260770975057,19,0.20671065,0.07568121,0.28647885,-0.0054743844,0.07086446,0.18933395,0.08969777,-0.24126424641078642,-0.031374514,0.7894736842105263,213.61133746333496,128.3426198017955,415.70523052146535,1.578983857244667e-15,122.89108667062624,266.9588529582313,168.77448654249096,-0.3642389188145275,-116.80401651631476,0.21052631578947367,34.17109830799672,28.637262564058883,99.44404569370707,0.0,41.15329786087786,99.44404569370707,72.45529153788964,0.21529895788177686,15.336063604291962,0.631578947368421,0.5358851674641149,0.3565636788918912,1.0,0.0,0.3830068078716527,0.8636363636363636,0.5727420021373717,0.1433216669142409,0.27272727272727276,0.3684210526315789,1274.9984656904833,422.11185708826645,1563.054646148885,-2.122362551957991,381.846064850087,650.5103740240713,463.35986185297105,0.1206092104496256,222.13411314457517,0.47368421052631576,2378.8265246523624,837.0385509830161,3007.796963778409,-9.080921519886374,735.7894283300966,1566.54052734375,814.2750764563796,0.026242556394281316,238.2518421519885,0.47368421052631576,1439.747731480879,223.1568183979577,852.2857457517988,19.375811392135606,249.53979924104772,529.4546918265875,327.53167249399263,0.05080653209624162,61.92469834896883,0.47368421052631576,-250.45593,116.871994,504.876,-16.227623,89.45374,252.82932,69.28336,-0.3811466078991771,-89.79854,0.2631578947368421,120.116646,25.931864,86.04506,2.0522869,19.233149,36.210777,21.256243,-0.36746448626247497,-32.44905,0.2631578947368421,3.7899346,19.67253,83.34029,1.7357678,18.64901,36.44338,22.015457,0.2446689076064794,8.895172,0.9473684210526315,48.38201,16.232094,60.02855,0.24269336,13.977578,36.149254,17.694763,0.5546277345080178,24.53424,0.7368421052631579,-14.591188,12.513366,43.1269,0.35773098,11.91753,23.581108,17.830578,0.49156421075813905,15.84219,0.8947368421052632,0.04106819116327751,0.021234110489953766,0.0888671875,-0.00031688959911616173,0.021544232334884655,0.04580965909090909,0.028353856640660383,0.3860343504117106,0.026344992897727276,0.8421052631578947,0.823105125116912,/Users/will/Projects/SpeechEmotionCS3540/datasets/SURREY/Audio/JK_h14.wav,Happy
3.9203174603174604,14,0.08119161,0.024233343,0.08074423,-9.028385e-06,0.021676729,0.044653095,0.02529843,-0.07550555630061416,-0.013075635,0.5714285714285714,132.82106543938636,56.03491924109117,190.62079808548955,0.0,70.14911410564024,190.62079808548955,75.15061078811135,-0.13772409163921742,-23.73441820151274,0.07142857142857142,13.504992147652588,8.531929569831613,28.659574457460607,0.0,9.361357341055424,22.133828504689955,13.251101901740446,0.475675582194464,12.395298048404253,0.7857142857142857,0.6818181818181819,0.34015067152490375,1.0,4.270088556250602e-18,0.24960235381223422,0.5,0.22676711434993585,0.14680571334346915,0.10227272727272729,0.5714285714285714,707.1372683216659,213.03857437014253,837.6423254205441,34.71837311673681,180.32876658595052,276.1606055962087,219.93105619588138,0.25842894839993946,152.6661811139519,0.2857142857142857,1361.0662286931818,568.8406043325417,2154.299094460227,105.6708062445367,469.4804695684373,794.2815607244315,601.1051545560401,0.3061230201515009,514.9616588245739,0.2857142857142857,1034.3764124496984,200.5607269089849,674.397941811962,39.8782172537209,159.89340464509274,366.9134417929836,209.98652642710456,0.2196438514715808,150.69294481664747,0.9285714285714286,-371.44232,82.336586,260.09647,2.022921,67.24969,155.81918,59.23525,0.11994765879563646,17.10138,0.42857142857142855,167.47188,36.339886,126.890144,-2.709722,31.5128,65.420235,44.936012,0.12409008977060393,3.102356,0.6428571428571429,1.40935,17.917887,61.200333,-0.07555947,21.13234,40.002415,32.599773,-0.3237437572948319,-14.113462,0.07142857142857142,24.66936,17.831724,65.32284,1.9723308,22.46059,42.341476,32.95654,-0.07604290442063787,6.0244923,0.2857142857142857,19.576616,15.023079,45.890408,-0.36284366,11.581944,28.64428,14.190189,0.47459181030702774,23.312233,0.7857142857142857,0.018261401684253248,0.009567477821875907,0.03082830255681818,2.6688053476566264e-19,0.008882321380869888,0.018177379261363636,0.011016735743378591,0.19777694969262374,0.0020197088068181802,0.5714285714285714,0.6782582206410482,/Users/will/Projects/SpeechEmotionCS3540/datasets/SURREY/Audio/DC_d02.wav,Disgust
4.4025396825396825,16,0.07757011,0.02763076,0.086556755,-0.0006848395,0.022739824,0.048482955,0.02560119,0.07170285590971898,0.0047444776,0.625,157.47093538113072,63.33173029449272,214.85435767326652,-12.366652577668145,38.92936443947093,138.80111298299525,53.62145270536676,-0.6690239854287219,-98.53015349463547,0.125,13.127949607802098,8.061386264264797,31.250234364011064,-0.48701614160699835,9.986011501412351,20.593147544874434,15.135984331936342,-0.19055270691309723,-2.1672118924357004,0.75,0.65625,0.3324591994789463,1.0,-0.018181818181818174,0.29681504940571835,0.7727272727272727,0.3897862157372276,-0.23634678514368387,-0.15454545454545454,0.3125,684.1029046799397,331.8633252991368,1014.6250353332479,-7.480864109335842,267.4902163306807,619.2677211157276,273.81628698096375,-0.5123491059199833,-460.97875669933404,0.25,1332.7951604669745,863.5670095181717,2692.1397816051135,-19.510387073863658,691.9692618212061,1467.6835493607955,732.1160644977622,-0.5296637462803866,-1253.4281782670455,0.25,1196.7380826940669,308.0891334342979,1031.6373458587427,-0.1382303778350509,271.3477165540375,619.2396276143161,348.9491003551283,-0.5331341564871286,-485.86842911074723,0.25,-414.30072,92.66912,288.12787,-5.2569947,83.07669,177.56146,99.12767,-0.23084381099846335,-53.071808,0.625,129.51047,23.68828,86.45299,0.6279836,29.74022,67.574356,46.971478,0.4025813221698275,31.391563,0.75,29.764812,11.209572,50.7858,-0.435724,14.441902,26.730457,22.641691,-0.19632786052726722,-6.150484,0.25,45.864353,21.603254,84.492226,-0.3840482,21.725225,42.15972,29.008924,-0.3961585967347488,-28.78727,0.25,6.9052896,18.601322,71.54741,-0.3750346,13.869923,24.473557,15.534083,0.3520445387317413,13.821975,0.5625,0.011176369406960228,0.007200587844036084,0.021373401988636364,-0.00014648437499999994,0.006855413143510305,0.013472123579545456,0.008997239474892305,-0.026558009318903442,-3.107244318181594e-05,0.75,0.5867081176618119,/Users/will/Projects/SpeechEmotionCS3540/datasets/SURREY/Audio/JE_sa06.wav,Sad
5.3907482993197275,20,0.0790967,0.028052017,0.089442804,-7.619199e-07,0.022057075,0.059037425,0.028933384,-0.2910455693890968,-0.02033161,0.15,126.71354704164862,74.56945642982689,201.49671734096106,0.0,54.90752260652216,185.21680048553955,77.7033267722358,-0.26332774247841395,-53.24046275945058,0.2,6.682949470404597,5.3552734050421575,17.572273580333203,-4.674623261579606e-17,5.618268852079908,11.523830669434155,9.589255386911848,-0.3985974613361187,-5.616429268057976,0.15,0.6272727272727272,0.39249151172587093,1.0,0.0,0.26911483147252646,0.8181818181818182,0.34716482537544247,-0.07531517564006276,-0.030303030303030276,0.45,668.7005548611028,256.07403054735613,840.8899899868562,5.436545202169519,245.82902661205748,647.6960151280905,365.2459743534458,0.36728129885236466,195.16981142662559,0.8,1237.2782759232955,596.6336347617488,1933.5837624289773,12.415076442882786,529.9480370528861,1353.6554509943182,784.5913023953702,0.3519052662643376,423.73102361505687,0.5,1124.2851887104093,202.9770207605252,680.4522017887324,8.48664448858976,245.16569969206046,511.4252656313971,390.2118632043656,0.47312266576670475,194.27576372954184,0.5,-418.34586,75.02266,227.57236,1.2185026,46.958313,111.22809,54.92066,-0.07663694113878085,-18.283813,0.2,141.24895,19.48019,83.68251,-0.12718762,26.122353,61.11891,40.68215,-0.1655394220325856,-6.401367,0.75,26.234964,12.050721,49.924595,-0.66640234,17.217953,37.671413,28.765959,-0.10074820060164054,-1.6739025,0.1,44.83141,17.839724,59.60862,-0.12319625,18.19963,37.896667,26.360401,0.16592821688505532,9.339161,0.3,13.59216,13.767322,52.969955,0.123066776,10.861009,24.394817,15.559733,-0.2349235036006472,-5.28333,0.4,0.011487926136363635,0.007670553444375708,0.022305575284090908,5.135694501247126e-20,0.006267591379380966,0.016845703125,0.00787370177475896,-0.0759464130817526,-0.0006584398674242421,0.75,0.8633965528646227,/Users/will/Projects/SpeechEmotionCS3540/datasets/SURREY/Audio/JE_sa12.wav,Sad
4.00766439909297,15,0.08077457,0.021182207,0.07800652,-0.00065227255,0.023494845,0.04177229,0.027450275,-0.2668258237908285,-0.008926652,0.13333333333333333,84.20667334257766,82.17060830595726,206.9987307526059,0.0,93.82920538962358,206.9987307526059,137.53627812392753,-0.5249281741229994,-98.87543266509182,0.06666666666666667,7.336978056067078,7.911708185836719,20.526631104136086,0.0,8.383455152667127,18.294117134332286,12.718406453513188,-0.5934613694713685,-11.169477260034373,0.13333333333333333,0.3121212121212122,0.31747396008991025,0.8181818181818182,0.0,0.37443385047632455,0.6363636363636364,0.5803563871572668,-0.4551051866826386,-0.3090909090909091,0.13333333333333333,995.1752588477137,566.5120027002299,2080.0906724617644,-3.2277191505314664,472.79061412844084,1066.5770072003156,497.2487981253889,-0.5793040224141704,-901.0798953087217,0.13333333333333333,1898.5433682528408,1173.3180717642401,4154.929421164773,-14.192338423295439,936.4848840094236,2082.358620383523,921.8457014731608,-0.5859778446320385,-1895.4112659801137,0.13333333333333333,1264.5910233291493,347.6339397788132,1204.489783289756,5.828442727105702,290.15194051118453,606.140828224161,331.74220437529124,-0.6178608336690244,-603.2451409280237,0.13333333333333333,-360.20654,95.79813,343.75922,-1.5921391,77.16472,210.80133,52.582973,-0.3594208975105602,-82.55368,0.13333333333333333,133.98924,25.363619,93.06511,-1.2372038,22.816095,39.813614,28.755297,0.43120604459293416,32.909637,0.8,9.225016,27.328981,94.023735,-1.1477032,21.903023,49.403187,24.048838,0.5231578063579136,37.694344,0.8,46.2166,18.17766,61.25379,-0.36839977,16.72005,31.847195,22.858515,-0.44980203891468906,-20.153675,0.26666666666666666,-11.457815,14.079059,51.36621,0.10760062,16.565435,28.345173,20.523746,0.3263145142464978,13.362775,0.6666666666666666,0.016567530776515155,0.011263046297421711,0.046209161931818184,-4.121854707792176e-05,0.011512881243054177,0.027166193181818184,0.014225742966315454,-0.4611758311400636,-0.01305930397727273,0.13333333333333333,0.5712855692770255,/Users/will/Projects/SpeechEmotionCS3540/datasets/SURREY/Audio/JK_n06.wav,Neutral
3.2756916099773243,12,0.0828348,0.043439593,0.13213241,1.5563246e-05,0.04428502,0.09759589,0.05858911,-0.4244402369419165,-0.06372106,0.16666666666666666,94.16795776743378,67.91910636766059,167.95146612934911,0.0,56.39320784917239,141.7990238581153,63.147039970201604,-0.4844031669429202,-87.73601630037453,0.25,7.107789895242454,6.116463659417671,17.518268501240783,0.0,5.6425455031406555,11.369881204191422,8.444719772255443,-0.4451476681495356,-7.837187352811691,0.16666666666666666,0.5757575757575758,0.4329464261281682,1.0,0.0,0.3390444875498515,0.8181818181818182,0.43121968093205176,-0.28385891674831315,-0.3295454545454546,0.4166666666666667,844.8211652060733,450.1686125959929,1522.7154056047118,22.51973596209781,467.6437081867256,1051.847226643018,655.8545949447808,-0.13182984845193405,-205.96148147510075,0.25,1595.0067693536932,795.891929103361,2891.3219105113635,76.3894829868285,830.6527563355562,1803.8951526988635,1155.6223616330562,-0.02279997831478501,-189.7613525390625,0.3333333333333333,1216.6825934047456,198.72660901963175,658.3342726853685,23.074986251952758,248.85471060765823,555.5317775229935,379.6693299792542,0.1168171935905323,37.69777398370252,0.3333333333333333,-387.61905,98.36461,285.20288,2.1220205,70.249985,139.12326,52.96624,-0.21332696381879312,-73.10452,0.25,143.84293,30.549568,96.39149,-0.80224746,34.440567,76.68336,53.335617,0.22918005466340508,16.551834,0.5,16.647814,13.750989,45.597584,-0.20077108,12.918433,30.150429,18.36906,-0.37518057315299125,-9.960642,0.08333333333333333,61.975567,15.360481,45.489403,0.9446217,22.111763,39.13466,34.465935,-0.13308575664106737,-7.8006744,0.3333333333333333,-9.269501,9.994227,31.05906,-0.90303457,12.851735,26.953568,21.862024,-0.22864119005188754,-4.456061,0.08333333333333333,0.01442649147727273,0.010815043525801532,0.030961470170454544,0.0,0.008464636275619558,0.015403053977272726,0.009669050905579929,-0.2959549933365335,-0.010975230823863636,0.25,0.7669742023607239,/Users/will/Projects/SpeechEmotionCS3540/datasets/SURREY/Audio/JK_n12.wav,Neutral
3.093922902494331,11,0.17470314,0.10331638,0.3422969,-0.0023556785,0.10033711,0.1870935,0.11957638,-0.42450784531336333,-0.14498076,0.18181818181818182,165.040039330496,136.10724280450384,449.7643032050065,-44.976430320500654,48.58397561212019,129.37977378534288,63.03037429077274,-0.9459386845208185,-343.8506180391866,0.0,18.642654059856486,26.327348688696503,95.52225339371451,-0.5825504736435028,35.45672429071654,89.69674865727947,55.195792283247336,-0.5968495074531195,-44.16443527856409,0.09090909090909091,0.6446280991735537,0.4073969435988839,1.0,-0.06363636363636363,0.3117532399905863,0.9090909090909091,0.45291514588778503,-0.6799903170455593,-0.8636363636363636,0.18181818181818182,1195.1303943055375,420.05305274868795,1399.167569532931,72.4310220263535,458.90333493892285,773.9546275848172,608.8372371874516,0.3641069256257363,572.9959915956989,0.8181818181818182,2182.7282613959196,715.4825363056459,1921.8383789062502,74.3874289772727,806.2343218830804,1297.8648792613637,1036.0441282372885,0.08766057233221833,488.73845880681824,0.2727272727272727,1356.0898004806195,254.77090868861717,734.7120477428563,10.903153339707638,258.109281548976,506.00604811115284,349.297863877884,-0.18365924734593747,-22.50445533164384,0.2727272727272727,-273.79407,126.26598,403.33307,-4.659419,112.327484,225.34293,69.65768,-0.18712986039627597,-67.81702,0.18181818181818182,138.10887,38.010124,109.76488,-0.6362381,32.35591,69.71852,45.729786,0.3051644971419193,21.002777,0.6363636363636364,-18.774347,11.466342,33.60012,2.4796033,14.615183,32.854668,19.29118,-0.25632516579259995,-9.801587,0.09090909090909091,34.573574,14.57779,43.943985,-0.3403942,17.771069,40.540043,20.051867,-0.4439359982313219,-14.982767,0.0,-1.947989,14.497828,45.993156,-2.920982,15.660544,31.838108,20.745949,-0.31287823255995756,-10.924981,0.45454545454545453,0.04309384684917355,0.023381312315030982,0.07881303267045454,0.0034801136363636362,0.026082329060354566,0.04296875,0.032285008013792034,0.20390255227256465,0.019190932765151512,0.2727272727272727,0.23903695017208212,/Users/will/Projects/SpeechEmotionCS3540/datasets/SURREY/Audio/JE_a02.wav,Anger
4.078095238095238,15,0.058672093,0.013399313,0.047879998,-0.00081078924,0.010735473,0.02230239,0.015673898,-0.6047864229161003,-0.017965123,0.3333333333333333,103.98606858378005,54.87886033677397,170.9652072705005,0.0,70.09384095793239,170.9652072705005,95.65739405671695,-0.295256291415574,-28.020704586925874,0.06666666666666667,7.2189929347482575,5.296158593500813,18.107756230726388,-1.2688263138573217e-16,6.59605001474904,12.112552059546768,9.415727274595175,-0.27788190850379196,-3.836623904760355,0.13333333333333333,0.6272727272727273,0.33574882386580707,1.0,0.0,0.38607705184921426,0.7272727272727273,0.5083055111251765,-0.07102595649689905,0.018181818181818188,0.3333333333333333,620.7320138660118,252.5156619093724,839.5885101703761,-0.9164582304310288,219.12611692287035,487.97966182649475,195.94737240913724,-0.43710693965458297,-266.7538881980929,0.13333333333333333,1207.9474431818182,659.1745276127572,2187.5776811079545,-12.689208984374995,562.05411810253,1123.6416903409092,512.9970220442367,-0.46121632331818035,-711.3787286931819,0.13333333333333333,1128.8016425743442,224.69171718093247,697.8325730786063,3.059629501462228,196.96793975433056,355.5322180504593,211.74791954850306,-0.4231876463776191,-248.81594865027637,0.13333333333333333,-445.06122,67.921844,215.71606,-1.500436,61.62861,107.307465,70.294586,-0.3417216261106982,-44.635315,0.3333333333333333,143.1998,25.329416,93.2487,-0.2693563,26.63939,42.93564,37.762012,0.36177409662845184,26.071228,0.4666666666666667,23.414476,7.9253025,29.352425,0.17313263,9.055842,19.996803,13.491918,0.11677342895172568,-0.7654171,0.8666666666666667,53.046898,18.945015,62.112244,-0.25338295,19.094559,36.002182,21.0034,-0.22747137592642572,-6.2699547,0.7333333333333333,28.211615,13.492324,49.113785,-0.49429145,14.053955,28.676191,17.074266,-0.029817576253992464,2.7197075,0.3333333333333333,0.00941790956439394,0.005167531751854065,0.01751154119318182,0.0,0.005291067364803672,0.008855646306818182,0.007023063586388843,-0.26350323027206546,-0.002663352272727272,0.3333333333333333,0.694673793102631,/Users/will/Projects/SpeechEmotionCS3540/datasets/SURREY/Audio/DC_n21.wav,Neutral
3.7887074829931975,14,0.063940294,0.016058253,0.06032468,6.5963427e-06,0.0152514875,0.03204817,0.018237295,-0.479270901897284,-0.021134876,0.14285714285714285,107.27475503782637,57.9415570597789,164.06534187801805,0.0,54.7254116098916,152.81101386596987,62.843675522598204,-0.35958703052483304,-59.714973421655486,0.14285714285714285,9.720519669793934,6.630491726197383,17.765740188511543,0.0,8.070667535843638,16.071557909364913,13.687800777489121,-0.4702744869502346,-8.98422651315229,0.21428571428571427,0.5974025974025974,0.35453594012256356,1.0,0.0,0.3277773886785445,0.7727272727272727,0.4157013611611803,-0.14539260157546924,-0.17045454545454553,0.6428571428571429,716.2063039536185,302.1624047534955,1007.3459620154342,3.323830850910969,332.8907279864042,620.7517870122272,466.3103705787354,-0.02380993742924516,18.91359974719569,0.42857142857142855,1275.1781116832387,669.1247946631563,2059.846635298295,5.7597553813374045,748.6701711170267,1412.871759588068,1049.0448841807226,-0.024746499908157416,73.65334250710225,0.42857142857142855,1058.7894275362821,153.221915113474,409.90421578432927,6.888147512693536,211.01153443937443,379.9246773770726,325.21884773941116,0.28966541443989496,142.0223977836631,0.7142857142857143,-405.26743,75.24874,265.99515,0.5462506,65.02344,158.60394,50.060806,-0.27800291893268986,-57.722748,0.14285714285714285,162.06113,23.470589,72.46962,-0.5284905,26.018963,45.320908,42.3411,-0.32460718439674713,-22.122498,0.35714285714285715,8.105529,16.860218,54.057266,0.1719868,19.29977,32.673035,26.04799,0.35949113826224505,14.310987,0.6428571428571429,34.78427,29.232386,97.6928,0.4298266,23.054453,39.112305,30.385376,0.5990720191136648,40.6195,0.7142857142857143,23.707886,19.87463,59.571075,-0.45033792,19.067238,43.021236,23.118948,0.4859383846358428,22.941187,0.6428571428571429,0.012409953327922076,0.006365932488394253,0.02277166193181818,0.0,0.005722182621244993,0.013383345170454546,0.006119953366017005,-0.3268031936796722,-0.006297718394886364,0.14285714285714285,0.8249620043616042,/Users/will/Projects/SpeechEmotionCS3540/datasets/SURREY/Audio/DC_n09.wav,Neutral
3.3151020408163263,12,0.062153757,0.020669034,0.06498781,2.0094216e-05,0.016905485,0.035898477,0.016783435,-0.5371403452076338,-0.033266485,0.16666666666666666,157.81572536659812,150.30148687247913,472.06653888023425,42.915139898203115,224.84647137343578,472.06653888023425,347.775877552588,0.33953814313250036,116.95397467283586,0.9166666666666666,7.025090525480312,6.873868425302387,22.793977348328905,0.5072390335852718,9.749559830622635,22.793977348328905,16.825895371380515,0.04941664965477532,2.2996952457134627,0.6666666666666666,0.5075757575757575,0.38383007699676974,1.0,0.024793388429752063,0.27435029211070794,0.5454545454545455,0.2707885637928451,-0.30017116678714656,-0.38636363636363635,0.25,815.4995063735,345.8223969959103,1221.9170074815124,18.359561389864677,276.9524379597924,496.1060797150725,327.03069280400166,0.5658427873898715,540.1055301516669,0.6666666666666666,1672.6160222833807,849.9949102893697,2815.46630859375,70.2053606017562,612.320320796985,1072.7450284090908,637.1371922824796,0.6637775779421027,1505.7336980646305,0.6666666666666666,1210.7742772997115,321.0622847365274,972.0296050192449,18.072798731597274,275.37159741052426,630.2381230918209,380.98702856755415,0.7028989396695877,640.7702915420709,0.6666666666666666,-418.93396,76.67438,233.56314,1.0513139,58.332287,129.26117,33.87664,-0.23055081457543153,-55.573883,0.25,151.22054,40.631195,109.87819,-0.7453974,38.82807,80.45152,58.573193,-0.39244073360437887,-50.675446,0.3333333333333333,13.648221,13.463747,41.10232,-0.38760272,14.323649,29.382658,21.016506,-0.010334755120858194,4.938446,0.08333333333333333,40.29369,25.222265,81.91887,0.2852988,19.09634,35.4041,21.45393,0.6916982858015869,49.7537,0.75,12.946031,16.64666,49.515316,-0.20547988,16.710253,42.73421,25.278177,-0.3157417869361729,-17.750515,0.5,0.01145056522253788,0.008962962773386304,0.026522549715909092,5.913830031739115e-20,0.007149086509548587,0.015558416193181818,0.007885248681041745,-0.3759700532853331,-0.010819868607954544,0.25,-0.02377574816757604,/Users/will/Projects/SpeechEmotionCS3540/datasets/SURREY/Audio/DC_n23.wav,Neutral
7.02485260770975,27,0.12442912,0.06734298,0.2559449,-0.00043158792,0.0563009,0.12786856,0.07343908,-0.2180961195493215,-0.041957386,0.18518518518518517,107.30830696997188,93.06252628821926,455.4049525344623,1.0931426704001542e-15,150.0489718452009,455.4049525344623,255.05392492569308,-0.33171049499522537,-71.21384434596777,0.037037037037037035,7.959401399566677,6.692088711233123,23.408046431877022,5.124106267500723e-17,8.275560231871033,16.755000777757743,13.544431108248773,-0.2172088732387641,-3.381556059315688,0.14814814814814814,0.5151515151515151,0.3872785760137538,1.0,0.0,0.4711984423021494,0.9545454545454546,0.7425531118828754,-0.09766817311218656,-0.11616161616161613,0.14814814814814814,1019.0987229057941,574.894070661512,2738.9413398473553,-2.644476657434609,479.23543099321853,1283.9886197831256,653.0145968566552,0.2241538299018618,128.66702559974397,0.5925925925925926,1958.4702000473483,1005.0039144964786,4808.755770596591,-13.119442813046327,818.839593372899,2091.167658025568,1094.6496374455915,0.2049401250473557,205.76171875,0.5925925925925926,1307.636868123462,253.01821225071376,1281.7588692848815,-6.705443971603035,279.84419473660853,651.9297256337218,399.3820787482567,0.06359856688428607,-33.38780928155143,0.5925925925925926,-332.51294,109.55005,337.4655,0.32764846,63.88873,151.66226,71.44442,0.023312377726482394,-4.433319,0.18518518518518517,128.82396,30.613243,150.4873,0.83379745,37.558678,86.687355,55.28014,0.03423186185841282,11.593056,0.7037037037037037,-2.0499833,19.317732,92.00809,-1.1350939,17.603878,39.57094,26.783262,-0.2184410385611871,-6.2478285,0.0,52.379597,17.2842,66.76095,-0.23973186,17.192547,54.684166,24.683304,0.17100208438345413,4.753895,0.7777777777777778,8.532658,18.670725,86.663574,0.4502088,18.92574,50.69156,28.00427,-0.10601741655576805,-1.4826336,0.14814814814814814,0.01709641992845118,0.009568166412876049,0.02971857244318182,6.672013369141566e-20,0.0062758368233459625,0.014071377840909092,0.007907198907848129,-0.0018751185809220664,-0.00146484375,0.5185185185185185,0.3206423560192469,/Users/will/Projects/SpeechEmotionCS3540/datasets/SURREY/Audio/JE_a14.wav,Anger
4.004172335600907,15,0.07759717,0.04683171,0.14352083,8.921671e-06,0.04468745,0.07715303,0.064643405,-0.29233109950475655,-0.04155551,0.2,98.412167205262,119.5201237770975,483.5625915401428,34.5401851100102,124.98116231291132,388.24910730315395,163.6628513009722,0.5194502752275462,100.38405639837157,0.9333333333333333,5.387185849399449,5.923795932787525,16.513260788040995,0.3888218119151891,8.7352191087709,15.469183535048378,15.02986961404303,0.12891612475740308,0.20582672935672708,0.8,0.3151515151515151,0.31380832644847556,0.9090909090909091,0.01948051948051948,0.3786332399250195,0.7272727272727273,0.5521155061255384,0.11845791405314525,-0.027272727272727282,0.26666666666666666,1301.3858357506856,653.3919563296272,2587.4287834910338,33.962898601852494,675.2618623685267,1360.0965096252787,982.0472644855018,0.051121530682066554,-33.14370020091337,0.4666666666666667,2320.6267755681815,1137.9092046872115,4611.531205610796,79.21142578125001,1171.9995560775783,2214.0047940340914,1774.6274125872987,0.07711339663508023,1.174538352272748,0.4666666666666667,1396.3659707996746,269.7884888353232,1131.3198686092007,17.026385960708208,348.48380562538665,675.6200208843327,561.666798258401,0.030906607658122233,-28.636413542708397,0.4666666666666667,-368.50882,118.3847,360.56967,0.62264144,82.75922,207.2337,87.92979,-0.14189277492031574,-49.52014,0.2,128.81764,28.779675,111.08255,-1.9128469,35.29656,75.2383,50.331604,-0.019249917061293455,5.231964,0.7333333333333333,17.168352,23.542059,84.76072,-0.5121871,28.623259,57.043663,39.21579,0.17370893377088523,9.128995,0.8,51.33507,16.744087,62.2072,1.1552641,19.931383,38.34159,32.415047,0.26796322752984053,7.478222,0.4666666666666667,-12.96054,15.266115,60.524124,0.11506993,16.36099,28.50586,23.732153,0.03501768640046471,6.0288897,0.06666666666666667,0.04459339488636364,0.04087336904006903,0.1404696377840909,4.64658073922359e-19,0.038311290082891775,0.07643821022727273,0.05261087613620301,-0.15788189605193964,-0.020707563920454548,0.4666666666666667,-0.011685225733572264,/Users/will/Projects/SpeechEmotionCS3540/datasets/SURREY/Audio/JK_n04.wav,Neutral
3.9150113378684805,14,0.092604496,0.039362602,0.12622699,1.5899252e-05,0.029829908,0.06482185,0.02727045,-0.5345250795343531,-0.06339726,0.14285714285714285,97.45330107204465,63.837282436840624,175.07445894902418,0.0,63.38752877304926,160.74002112161642,95.96481301630722,-0.07677540221938388,-17.809333799681497,0.21428571428571427,12.552193758262357,15.241406877008698,53.30755552534161,5.465713352000771e-16,22.176199855004803,53.30755552534161,38.273462923715705,0.023799674174925727,4.010263399924856,0.7857142857142857,0.5746753246753247,0.38014752886275005,1.0,0.0,0.35702023142290384,0.8636363636363636,0.5268284439610215,0.005296761739349419,-0.022727272727272763,0.5714285714285714,933.5477245664302,464.7241137943907,1702.8953446244304,61.04060435365993,455.89152009997684,874.1579016806573,542.603565144254,0.16735293752350466,116.06766050223246,0.21428571428571427,1753.5927512428977,966.091124651914,3339.6040482954545,163.56952373798077,928.53670052133,1628.203790838068,1166.3747652716197,0.2966614970978488,524.382435191761,0.21428571428571427,1202.9205361331237,333.13870985190084,1064.3013220253824,57.37210846637658,274.90934083716905,483.1681585319934,368.3840944735206,0.40272140396732975,305.12363099030927,0.8571428571428571,-365.99423,97.66373,346.05768,3.5996962,74.442795,182.37766,54.307144,-0.3343546367704652,-97.854675,0.21428571428571427,149.56604,31.76425,102.95363,-2.6761122,22.346333,42.671486,33.248608,-0.3276098140112336,-23.991577,0.35714285714285715,20.899519,21.493855,67.832085,0.664147,20.280933,43.227955,27.952892,0.5985380614047126,38.195583,0.6428571428571429,52.357426,13.83329,47.258743,1.3175225,11.6147375,23.388435,13.26013,0.5680112722345831,17.003834,0.7142857142857143,-4.036723,14.403558,50.102787,-2.016096,14.125668,33.196697,20.865917,-0.37623642092302545,-16.77861,0.5714285714285714,0.017150086241883113,0.01242170649471531,0.042658025568181816,3.336006684570783e-20,0.009063102303598889,0.02266068892045455,0.008543814274947797,-0.45745583998768613,-0.016768022017045456,0.21428571428571427,0.688444959479614,/Users/will/Projects/SpeechEmotionCS3540/datasets/SURREY/Audio/JK_n10.wav,Neutral
5.031473922902494,19,0.06288551,0.015865436,0.0516056,-4.5696893e-07,0.012749282,0.023013532,0.01608049,0.28234664486071026,0.011437617,0.47368421052631576,145.62267933460436,78.612878512168,229.051334936973,0.0,65.46908479898067,229.051334936973,88.5860047386595,0.17873783366754561,27.516648479482242,0.15789473684210525,12.34189236491592,9.206289821345681,34.06038152123555,1.9737298215558337e-16,8.5545226644816,17.678006809002706,12.736421681790489,0.49905597050336975,9.977476362602392,0.7894736842105263,0.5717703349282296,0.3459565068425879,1.0,-6.1679056923619804e-18,0.27314782389878706,0.5454545454545454,0.33689839572192515,0.4166347858244557,0.32575757575757575,0.47368421052631576,696.3543467793418,358.766305902276,1118.950832331716,1.6055740007326955,250.49999962409987,800.1911177295523,328.792445674177,-0.3548039215703974,-373.33348508895614,0.21052631578947367,1261.1347983328349,792.0785071651444,2398.9945845170455,2.4469549005681777,511.7885064453082,1630.1613547585225,651.2840390146334,-0.34897610941827106,-840.7737038352275,0.21052631578947367,1139.6980405167117,274.8948088133115,955.5089375463525,2.8751605781637233,192.91886668686445,521.8542228890692,272.5507920871631,-0.5098459809593169,-423.74059021571327,0.2631578947368421,-425.85947,74.12018,232.72537,0.56208634,45.693336,144.81784,45.22681,0.03753265973094733,1.548706,0.21052631578947367,144.77971,23.209667,80.58609,0.1958813,19.024734,37.19568,30.744598,0.6155703587803889,40.309837,0.6842105263157895,31.672903,15.269955,58.0187,0.14864762,16.205412,31.478672,24.199436,0.5310240802574075,18.025648,0.631578947368421,45.76606,16.360743,51.841705,0.084174156,11.157226,33.197212,14.091619,0.0779849436875684,3.5445633,0.7368421052631579,4.8765516,10.17036,39.80452,-0.06968644,10.389867,18.776796,14.009297,0.3554835047280468,13.825382,0.7368421052631579,0.010037800912081339,0.006956071703971303,0.023481889204545456,9.637352644315594e-20,0.004322322419840811,0.007679332386363636,0.0055266985371851835,0.35028803022585137,0.006303267045454546,0.47368421052631576,0.7174638122392806,/Users/will/Projects/SpeechEmotionCS3540/datasets/SURREY/Audio/JE_sa04.wav,Sad
5.686621315192744,21,0.09468114,0.027738832,0.095518336,7.66553e-06,0.030708052,0.07552274,0.04083051,0.07169920316537617,-0.0006816909,0.14285714285714285,143.67667305795288,63.73348477619983,267.6269178714242,0.0,68.7221356811718,187.29464867986187,100.82100784947869,0.11567713112685236,11.146747726014297,0.42857142857142855,17.426326794788743,28.468805040005066,142.004942283848,0.0,40.68023721397649,129.36263624239487,73.18774163754246,-0.0499150305461322,-0.9705095139817868,0.42857142857142855,0.7142857142857143,0.3174521184826057,1.0,-1.1102230246251566e-17,0.26852828159530784,0.7272727272727273,0.33017821050882523,0.1700282272823485,0.09740259740259738,0.23809523809523808,781.8204557608848,304.6185715198111,1258.875210499411,-2.73863704706893,242.35539436444512,633.9232691501464,327.5124616181832,-0.16018782322147812,-104.31812146033053,0.38095238095238093,1484.952059659091,649.4426345811906,2680.8837890625,-5.872691761363638,479.56790308970096,1238.1591796875,624.4781287939354,-0.09499345361194601,-142.41277521306824,0.42857142857142855,1116.6078341528466,203.76765078081777,874.0481984398485,-2.9440928827590143,215.34316428120744,507.32057282354094,323.3177461258249,-0.10471397071745848,-24.94926332731677,0.38095238095238093,-361.55594,83.6413,304.39432,-1.556662,61.131298,179.25534,55.609238,-0.03540578971173108,-14.616486,0.14285714285714285,151.26003,26.66154,97.859215,-0.37060317,29.449738,78.34055,43.86951,-0.06029591691188887,-3.9959106,0.23809523809523808,8.744618,17.007652,57.526955,0.7930792,11.300486,27.689365,14.174588,0.4496673163496589,21.580128,0.9523809523809523,29.191013,14.350847,56.600567,-0.5887731,16.9399,41.431675,25.701954,0.2524118620330379,6.9672184,0.5714285714285714,11.200373,15.696194,55.13053,-1.3022506,16.96406,45.01963,21.241411,0.044587145003913614,-0.6769757,0.47619047619047616,0.0171775652732684,0.009073265498767984,0.03133877840909091,1.7347234759768072e-19,0.007758043776174656,0.016246448863636364,0.009046204982869795,-0.0012311435996593143,-0.0020228794642857192,0.23809523809523808,0.6996359065214592,/Users/will/Projects/SpeechEmotionCS3540/datasets/SURREY/Audio/DC_d14.wav,Disgust
5.319727891156463,20,0.0656021,0.021720976,0.066268906,-1.0762952e-05,0.013766809,0.03083609,0.01972603,-0.046771418424113705,-0.0045555755,0.5,100.94819728520513,84.01347258061183,203.50621503705023,0.0,56.382345924875764,203.50621503705023,80.88247805994273,-0.072262830600601,-19.830422262645946,0.2,9.862078852108692,9.214093189738692,26.738944186733406,0.0,7.620784539794444,18.81740476254681,12.186123295293415,-0.008606786696024564,-0.8424222286136107,0.3,0.4295454545454545,0.3766081221720403,0.9545454545454546,0.0,0.21873931962990356,0.5909090909090909,0.3037869341782337,0.04447856289188827,0.022727272727272707,0.4,826.8632682727845,394.1858779861902,1230.1098109217876,1.7204488442634982,306.00271376005867,601.2530995454538,380.34709451104067,0.18486754355052232,100.40243026327005,0.65,1622.0374644886363,944.8000988455752,2814.487526633523,2.8590736206638723,736.4630767967186,1716.2941672585227,897.8663543265137,0.16863739541950085,208.88838334517027,0.2,1310.3008845183429,284.879592757276,884.5500057731165,3.576406189067556,243.36773734156995,582.7157702377467,307.17521996232813,0.20757371280908174,66.29459412783558,0.2,-426.2146,89.51717,234.4982,0.41581002,50.96826,123.03235,61.412483,0.10663350756158554,19.52063,0.55,120.16901,25.090296,81.175354,-0.12968044,26.289509,56.53279,38.060333,-0.0594733613598106,5.251251,0.4,23.224628,12.330366,42.100174,-0.03336525,14.531534,33.14462,23.565285,-0.231866373682513,-4.754053,0.3,56.399433,23.164045,73.474174,0.11831223,21.859856,44.273216,34.412693,0.3820962157068358,22.471523,0.65,2.5541472,12.916507,55.24716,-0.10660019,15.4997225,36.058838,23.036936,0.08170673751296585,2.028911,0.7,0.008289683948863636,0.006524769538521859,0.0185546875,2.282530889443167e-20,0.004124426117624447,0.0078125,0.005943431040728472,-0.01663548525919383,-0.00024044152462121202,0.5,0.8436928246644627,/Users/will/Projects/SpeechEmotionCS3540/datasets/SURREY/Audio/JE_sa10.wav,Sad
3.251609977324263,12,0.18822162,0.0953522,0.30051687,-0.00900963,0.07881318,0.15576454,0.09088743,-0.5633809297375326,-0.13593207,0.4166666666666667,181.1773860055375,160.0361861111872,476.7501311056977,43.34092100960888,168.1154539224231,464.11186798353083,262.1221928579079,0.4940111636763617,115.72250384361864,0.9166666666666666,15.963660182327894,16.01276735889907,52.32359509533005,0.5331576302546519,21.15714210728135,41.44901974058339,33.79519674090256,-0.13512745006057683,-14.95652466425439,0.25,0.45075757575757563,0.35426286977315047,0.9090909090909091,0.03305785123966942,0.37886049892403617,0.7727272727272727,0.548777755374057,-0.035619751178924394,-0.20454545454545453,0.25,1199.365635465207,302.8289807007353,983.2298247585761,2.1274167500978054,327.32181587891205,733.5923165740799,436.5766886303388,-0.2875878357957398,-315.17251484032863,0.25,2310.374034534801,440.7343902471139,1517.1120383522725,-26.20466248063016,511.8598923713949,929.842862215909,735.5684960337397,-0.3692293559267302,-537.4736439098006,0.25,1359.2954976258916,186.20541402676022,614.5021626494354,-0.22474871698560409,205.83122261686952,473.31094833314273,312.6459541844237,-0.32721660035075084,-223.3096577592296,0.25,-247.05489,122.19068,443.51492,-18.419695,95.50231,223.65546,68.288284,-0.39915692809510805,-107.79027,0.4166666666666667,141.17044,37.310413,140.27281,6.8793545,32.22634,64.17618,46.066597,0.6450614559121004,63.728165,0.75,-18.333578,25.673723,87.721695,1.9468325,28.54245,57.207626,36.86725,-0.15572893611421657,-17.52988,0.9166666666666666,31.821564,11.863925,38.32718,0.8522449,15.480951,30.898363,23.513283,-0.04512836500398663,-2.5987015,0.3333333333333333,-12.349574,14.435076,54.724476,-2.785178,17.338606,33.712566,21.865091,-0.17774555113407023,-2.6892166,0.0,0.04246937144886364,0.026816922293172837,0.09146395596590909,-0.0004741574121900826,0.02531574939352768,0.06187855113636363,0.028831820408435013,-0.32897879282252057,-0.02681107954545454,0.25,-0.32034264669893037,/Users/will/Projects/SpeechEmotionCS3540/datasets/SURREY/Audio/JK_h02.wav,Happy
3.396235827664399,12,0.14892103,0.066830955,0.18743987,3.2440505e-05,0.0465504,0.087013796,0.03946322,-0.02139929904523888,-0.008007273,0.5,184.1107555947923,82.5483937708942,229.42036274503448,0.0,95.89786465602953,229.42036274503448,92.07683573034596,0.04537113900247248,10.02297926325457,0.8333333333333334,6.5817219067535975,7.278724687126347,27.474418855887816,0.0,10.657696188782037,27.474418855887816,15.572396505959178,-0.29721757782287606,-4.22171625904075,0.08333333333333333,0.6969696969696969,0.37726968478753736,1.0,0.0,0.2629086565386259,0.5,0.14524132098791326,0.0058169691946342444,0.011363636363636465,0.3333333333333333,792.2044160701977,251.80214484704865,863.0052736860885,34.06312261969529,279.67269173496794,653.881901682376,358.38144465848364,0.3264520554797651,136.99643540981174,0.8333333333333334,1339.6670254794035,535.9053374769661,1986.43798828125,87.4675151730372,582.0045754872153,1237.6697887073865,727.1854957976232,0.3660675169013174,335.47751686789775,0.8333333333333334,1168.6132365386102,191.4074361437542,625.4304264900825,22.331822410279685,203.7243457068015,377.298896753211,258.8011069426322,0.3706109692265907,141.43401212371077,0.8333333333333334,-336.4592,108.82329,318.43713,1.4519376,84.582405,153.5661,49.51457,0.020825886272079878,5.2592163,0.4166666666666667,133.94107,24.133797,72.083595,-2.072265,22.193419,36.721786,31.217348,-0.08690696263996404,-1.1838226,0.4166666666666667,10.001025,13.52462,47.61459,-0.34116605,10.5439205,22.276535,14.028235,-0.17156862316559232,-7.114544,0.08333333333333333,25.67662,13.206969,45.710087,1.7030541,10.913603,21.66006,12.925367,-0.0552318081234359,-6.0629025,0.9166666666666666,3.972379,8.124126,35.109188,0.0837033,12.694702,25.42855,21.962622,-0.042036766579179846,0.2292099,0.3333333333333333,0.022877086292613633,0.013442800902794748,0.03513405539772727,-1.5770213417970974e-19,0.009985180893703378,0.023171164772727272,0.010332759957883887,0.015563956089221781,-0.0002829811789772721,0.4166666666666667,0.7294760507540788,/Users/will/Projects/SpeechEmotionCS3540/datasets/SURREY/Audio/DC_f02.wav,Fear
1.7610430839002267,6,0.008865521,0.0054277065,0.015416288,-0.00021167062,0.0062052608,0.009297909,0.0042289295,0.08042798475136057,0.0010978077,0.5,164.69346091945707,25.959669070520672,74.93986816824383,13.293274958702586,41.00712317560899,74.93986816824383,67.48135377815042,0.4022812886038965,13.772833863361228,0.8333333333333334,17.99777069813274,22.408103446540714,64.81412088368937,12.962824176737874,25.07982897352154,57.46297081278285,30.612195520659107,0.6060257847078414,25.657761287250942,0.8333333333333334,0.6287878787878788,0.2629781054198452,0.7727272727272727,0.14545454545454545,0.32953761746167015,0.45454545454545453,0.4601921984390134,0.5144733899806886,0.2727272727272727,0.3333333333333333,889.5377054654268,186.93549271190903,510.3446222772419,18.334068069008843,273.10822082578875,435.1286233431334,377.56545267295684,-0.3312829725794936,-175.8091844599261,0.16666666666666666,1574.1260875355113,385.4921235743319,1058.5526899857955,109.9172141335227,600.2720301660186,974.8668323863637,848.0133944014834,-0.05246856866800332,-118.92200816761351,0.16666666666666666,1468.392979857883,372.99165804029434,1116.6778231928697,43.21194534668412,439.90295653345703,688.5186151417781,393.5544928634451,-0.04392228173615126,-67.37378588586125,0.8333333333333334,-609.9381,97.43958,265.43967,-9.790564,110.08388,179.36395,22.627794,-0.10758830189501534,-22.514404,0.5,131.64937,35.077827,113.06512,-8.509134,41.353294,70.57995,37.59851,-0.15796366087313363,-10.175308,0.5,23.59989,8.6298275,29.12556,-3.0104458,11.311345,17.877756,18.95341,-0.45573925573912555,-10.87554,0.0,36.90275,13.154782,32.843304,4.434026,20.080032,31.68713,29.253794,0.04272951749463496,-0.1889267,0.16666666666666666,10.661827,9.248832,31.561592,3.3943799,12.706964,18.65466,19.594664,0.30467343753944887,7.076681,0.8333333333333334,0.026814778645833332,0.020040269167615067,0.05382191051136363,-0.00017755681818181838,0.023819463892573577,0.041082208806818184,0.01667195087267183,-0.21956645679898842,-0.01125266335227273,0.3333333333333333,-0.009661250566932891,/Users/will/Projects/SpeechEmotionCS3540/datasets/SURREY/Audio/KL_a03.wav,Anger
2.4737868480725624,8,0.009732435,0.0036342707,0.011168831,-0.00012450386,0.0039909887,0.0061963103,0.004273868,-0.026843807851991263,-0.0017839312,0.5,112.58665982291397,43.215635938013065,140.90710290287169,-19.818514494932224,39.687663881866,115.89249115996142,38.67581994850269,-0.6916218179995626,-81.8721066037179,0.125,8.441250639715264,6.4268002899241115,20.219224883558255,-0.17041482458252538,10.03702602678524,20.219224883558255,15.043760766412312,0.2010051795440364,7.331891343352934,0.75,0.6704545454545454,0.33614089676702363,1.0,-0.03896103896103896,0.34138803709337445,0.7727272727272727,0.18071000669509943,-0.03688555567816584,-0.06818181818181818,0.5,861.6323591675152,197.7576393674443,553.463799368534,-7.523170964267073,200.53844974963727,344.864752250931,225.72716533305166,-0.5937400084671998,-237.78134676514446,0.25,1459.6085981889203,406.2923799006279,1179.4322620738637,-28.45458984375,379.1096333149876,590.2055220170455,425.80722260810654,-0.6422077520961771,-526.8293900923295,0.25,1205.5167250533038,273.5567373139565,824.2490094630315,-68.76231586881957,173.52505048401923,266.21246533190333,138.0890499361486,-0.7442586235080092,-481.32182061815774,0.0,-547.98694,66.26916,191.9079,5.1107354,65.88001,134.40338,37.187878,0.020601782488343597,7.7053833,0.25,175.78632,35.66786,114.076454,11.586218,20.997719,37.19599,20.62906,0.7829878902908819,66.74577,0.5,3.7972667,20.721992,61.630108,-2.723233,18.38096,27.259583,14.815072,-0.018300250316758884,-3.2334404,0.0,16.606518,13.003028,37.58811,-1.571221,11.438997,18.93122,14.35985,-0.7024799876595851,-18.200142,0.25,1.7271035,9.6973915,27.230274,-3.2811143,12.907705,20.148607,19.288776,-0.3852171086256845,-7.982546,0.375,0.03139426491477273,0.014210517668182545,0.04991566051136363,0.0021845829951298696,0.018046993488829287,0.04057173295454545,0.0192210413422901,-0.1481724327198001,-0.0026078657670454523,0.25,0.5501428748218433,/Users/will/Projects/SpeechEmotionCS3540/datasets/SURREY/Audio/KL_a02.wav,Anger
2.285124716553288,8,0.13866086,0.07551155,0.19925593,1.4432838e-06,0.06602778,0.11975138,0.054280676,0.10636070854980538,0.008327156,0.5,168.11416062486416,97.54358789586335,237.6886747958474,0.0,115.18491186543109,223.26725593667763,92.96662871163952,0.04584102524801068,8.573334352422918,0.625,8.782204223529357,6.921891691121583,21.941366566244284,0.0,9.28351078847807,21.941366566244284,11.181318683675396,0.4026973141914296,8.418861057650208,0.75,0.5795454545454546,0.40830100507322004,1.0,0.0,0.35708382038616937,0.5909090909090909,0.20566472667421556,0.15183337304282665,0.15909090909090912,0.375,642.7937025783153,294.0171647828792,762.7591545807459,-2.9919033440602254,311.3400615492632,558.7470994372302,408.53237130839597,0.14328280643760727,162.2762030774275,0.375,1143.2785034179688,660.1416063119673,1805.8527166193185,17.338423295454568,743.7926368982196,1315.4829545454545,1033.9672396393207,0.20118641485855818,535.8831232244318,0.375,1097.0013447142314,161.2558819077916,402.3746438761732,-11.651949387225288,244.93597340053316,361.39771259097665,410.2540806305945,0.1251268133898004,111.6999377307975,0.375,-377.49023,133.32158,362.90778,-7.711286,122.70741,230.3421,47.02616,-0.004705706782632738,-7.8719177,0.625,119.436264,23.727709,76.0891,-2.645826,32.217632,52.925407,45.41885,0.02157981761971154,-0.12148285,0.5,13.858707,16.327202,48.55317,2.6742158,17.293228,28.01318,20.557068,-0.05126952846940532,-1.0638294,0.875,30.94013,12.599757,39.21179,0.9477242,19.985424,39.21179,34.240246,0.18183380370684413,15.450623,0.375,5.8989515,12.325713,36.625446,0.31670222,14.183835,25.356588,20.08156,-0.3725769126340292,-4.5259705,0.125,0.01843816583806818,0.01445547646690313,0.03602183948863636,0.0,0.012493192717506778,0.019797585227272724,0.010186256579089453,0.18737485132262702,0.005537553267045454,0.625,0.8155954337017399,/Users/will/Projects/SpeechEmotionCS3540/datasets/SURREY/Audio/DC_f03.wav,Fear
2.58281179138322,9,0.16382767,0.103119865,0.26796433,4.5351684e-05,0.08280918,0.16054572,0.066122115,-0.09890082296518593,-0.024355508,0.4444444444444444,134.294702465073,101.57828227542952,242.51407496847898,0.0,136.88018768677745,242.51407496847898,198.712542277076,-0.30468822544800717,-59.052635838961336,0.1111111111111111,20.93390444348251,23.776437769949098,68.65794432230209,0.0,41.12067741196308,68.65794432230209,81.5538474415171,0.07547739357666543,11.852728783081007,0.6666666666666666,0.4696969696969697,0.3862893570903625,0.9545454545454546,0.0,0.5325170233572719,0.9545454545454546,0.8729359676262889,0.015191090506254983,0.1363636363636364,0.3333333333333333,906.2295375080244,411.13108889793466,1242.8218068337203,-4.157013543158257,421.5026815991488,760.0144299929959,506.74569010539795,-0.3544373870216058,-379.4645720651604,0.2222222222222222,1543.865411931818,923.5938918012668,2839.446466619318,-16.700467196377872,883.7681766255125,1591.4994673295453,950.0531435950489,-0.4124018029041833,-1015.8125443892043,0.2222222222222222,1308.3466787776913,258.98661999054934,798.2187202761678,7.121468391407632,255.01844613758126,579.4798756226796,302.3727948607078,-0.4427657550977244,-302.79125085483474,0.2222222222222222,-330.2119,169.11127,460.12396,-8.456177,147.82831,268.4338,76.785576,-0.18540082349891107,-74.474915,0.3333333333333333,132.97418,35.245457,103.49285,-5.3440685,37.421772,66.04911,45.413345,0.18561099481987098,21.178154,0.5555555555555556,6.1208634,15.01022,47.1555,2.157853,15.730798,31.157715,20.673002,0.4309255599163919,13.880373,0.8888888888888888,42.666626,9.652373,36.26097,0.47742176,14.967898,29.851511,25.938374,0.4666524360671249,10.871811,0.7777777777777778,-14.671434,18.387344,55.893444,2.7369702,21.85705,53.67318,34.369698,0.1116656337721329,1.090497,0.8888888888888888,0.029829545454545452,0.021067249289054794,0.06028053977272727,-8.673617379884035e-19,0.021248491968102013,0.03726473721590909,0.024326235434856774,-0.16670026204987654,-0.008567116477272731,0.2222222222222222,0.5609847053671213,/Users/will/Projects/SpeechEmotionCS3540/datasets/SURREY/Audio/JK_h03.wav,Happy
6.05578231292517,23,0.09423903,0.028773963,0.13102277,-0.00028713097,0.029979361,0.06312711,0.03934263,0.09597952705120738,0.006781645,0.782608695652174,133.04033517389172,42.15263420746386,163.4009630295111,7.327069369714676,34.79436646329429,161.46196801276625,52.35236352905276,0.47280911786718693,40.670899668900574,0.4782608695652174,10.770934014577293,5.34859739544681,18.829923751075242,0.8121185033137877,6.126200207482117,14.683831612804303,10.174094543823626,0.2670595914986983,1.8742832595653578,0.13043478260869565,0.7727272727272726,0.302403832009592,1.0,0.03305785123966942,0.2875391778035505,0.8636363636363636,0.41331224091399243,0.3694597418743182,0.17532467532467544,0.21739130434782608,821.7414930384363,388.172092501449,1492.829167881309,-17.066306852469214,374.3099408542451,1117.3704171269862,435.181876026388,-0.5151967869825651,-395.826550158307,0.043478260869565216,1539.6240234375,884.8081824338949,3027.3726029829545,-27.62834533186981,770.0127244852085,2076.485928622159,842.2790074235382,-0.4718712556941587,-796.5886896306818,0.30434782608695654,1141.7685278885342,330.27969611930115,1146.7690775265132,-12.620055032296618,286.7119947781994,690.5387151148911,377.31851385196643,-0.5574588366341229,-372.8546041351143,0.30434782608695654,-366.34274,56.320923,239.93823,-2.4362876,58.893276,148.22726,62.245285,-0.1876722888056307,-18.115967,0.782608695652174,149.25533,31.642847,110.66856,0.32541588,33.791824,64.64645,48.261024,0.37502289800670785,26.478378,0.5217391304347826,21.350863,14.437006,54.770546,0.0143556595,13.585149,28.420345,16.909508,-0.01820493975738984,-2.1883965,0.43478260869565216,41.44229,22.71884,90.746254,0.041718397,22.999313,40.907833,31.825386,-0.42233888793552776,-27.729317,0.21739130434782608,18.53604,17.926523,74.31581,1.2686858,16.375969,44.35091,19.178526,0.38485009217690347,9.819577,0.17391304347826086,0.020111204607213436,0.007620447117953913,0.029718572443181816,0.0001694860537190082,0.0093742433005534,0.01871004971590909,0.012179136940882074,0.05599184805328907,0.0009511972402597435,0.08695652173913043,0.3193957088256699,/Users/will/Projects/SpeechEmotionCS3540/datasets/SURREY/Audio/DC_d15.wav,Disgust
5.933424036281179,22,0.078081496,0.022754189,0.0896979,-0.0005282433,0.021184085,0.046784446,0.031197483,-0.007014696173338343,0.0012983978,0.6363636363636364,163.283846728677,89.54210137950878,462.2108379212495,22.01003990101188,113.57039603314209,462.2108379212495,154.77434306306904,0.3011527881098882,47.16670879086254,0.9545454545454546,12.75798540083734,8.59457039402651,39.50719975219718,1.881295226295104,11.939543535021407,39.50719975219718,19.333819357462442,0.30684764078749444,3.26920870866104,0.9545454545454546,0.6756198347107437,0.326426665379909,1.0,0.025974025974025972,0.2893802591578856,0.6818181818181818,0.44055749805321565,0.30378992346940237,0.2662337662337664,0.6363636363636364,841.8799430323999,396.5520440553983,1328.350355702199,9.508074326504259,371.77060013652175,800.8421302228835,472.58883498352634,0.6009753258985191,600.341340648699,0.5454545454545454,1540.7362756650307,852.8780123649171,2764.569646661932,32.78919566761364,764.5943596394798,1597.8615500710225,1003.8428997039863,0.6765885504154028,1482.71484375,0.5454545454545454,1254.0105089547567,281.28445502768034,995.4474851211629,7.831418203526374,295.1828492714249,635.1865407344138,424.75650287337703,0.6069979352851922,410.94652566714853,0.5454545454545454,-402.51575,73.39114,239.04123,0.55746603,56.498165,116.70694,72.70571,0.2379198380031739,47.365967,0.3181818181818182,129.19722,22.733746,87.93101,-0.008143834,26.495132,53.355766,37.504944,-0.297991189144498,-13.090675,0.45454545454545453,30.541658,13.176171,54.363228,-0.67039096,15.383694,39.53327,22.020483,0.22695032985594524,8.767523,0.45454545454545453,45.378765,17.868082,59.395844,0.1528521,12.539038,30.798891,16.483345,0.7161688517889228,35.603283,0.7727272727272727,3.0913374,10.562452,38.286457,-0.048081987,12.572966,27.974379,19.258217,-0.38147093688788697,-8.425157,0.5,0.011578520467458676,0.007309573972339938,0.022816051136363636,1.6521175961683876e-19,0.006459575304642851,0.014604048295454546,0.00884649562288803,0.009648133461466665,0.0013126521915584437,0.36363636363636365,0.11958105844886574,/Users/will/Projects/SpeechEmotionCS3540/datasets/SURREY/Audio/JE_sa11.wav,Sad
4.832290249433107,18,0.07487401,0.018478414,0.07364169,-0.0006529954,0.019147642,0.038318425,0.02288314,0.15470442896558367,0.00866653,0.7777777777777778,137.14328109547333,62.612952079086604,200.13439784884804,0.0,57.03904241247862,180.65138012078387,71.41118005879322,0.08804519624262114,7.970477982425237,0.16666666666666666,9.465093813898973,6.842065204542668,26.812866397037705,-1.0449157878825003e-16,9.916715012336104,26.812866397037705,17.915219918506143,-0.15233541490343808,-1.7083953833333663,0.1111111111111111,0.6767676767676768,0.33018099249860916,1.0,0.0,0.3164582807596468,0.9090909090909091,0.4267703617078293,0.22701932503688835,0.14393939393939392,0.5555555555555556,715.0735088938484,394.5806768253688,1517.3502805827607,10.416893452850662,320.35967796234047,814.0997518019678,388.18272151180656,-0.2518017441083524,-335.23183935226984,0.2222222222222222,1367.3040216619318,918.2342639040393,3531.4453125,38.77703824782756,769.5269740208239,1685.4625355113635,941.4756081530081,-0.19808377853879336,-667.6108620383525,0.2222222222222222,1149.6299703980114,344.936942116432,1336.3547603717293,15.129073356943563,321.6946395361773,555.2702442975915,415.63381143602743,-0.2505147545937445,-301.0448652274706,0.2222222222222222,-414.746,71.29479,227.21204,-0.85473275,67.034454,124.199524,76.541664,0.019523822902481145,2.532837,0.3333333333333333,139.98833,34.917377,147.75902,-1.4531627,35.799416,66.30942,46.507538,0.35337000311218675,38.90586,0.8333333333333334,29.142998,14.548032,62.253796,-0.48740464,16.91187,32.32748,25.605669,0.03411878564105454,2.4852676,0.6666666666666666,44.10223,21.731556,85.72575,0.6606528,21.374796,45.149994,30.804657,-0.3330953161483081,-22.819458,0.2222222222222222,7.522773,11.680976,37.80517,-0.598824,13.491692,32.350113,18.967794,0.3011082729092604,9.914611,0.8333333333333334,0.013167564315025254,0.007030793223936325,0.024458451704545456,2.0408511482080083e-19,0.0071282589661153355,0.011985085227272728,0.008672767924180869,0.3154022704750073,0.005722508285984848,0.7777777777777778,0.5892073037768911,/Users/will/Projects/SpeechEmotionCS3540/datasets/SURREY/Audio/JE_sa05.wav,Sad
4.3605895691609975,16,0.093295485,0.026963053,0.09769224,-0.0007330296,0.030121773,0.06324433,0.036001526,-0.1381853531221909,-0.0070687905,0.125,166.2600348111344,99.466162388043,460.666190572627,0.0,139.3291698443655,460.666190572627,175.5027936150739,0.3207871471422843,76.21443705593038,0.875,21.489228942916434,31.450425192436903,140.07803759839115,2.3684757858670006e-16,47.608513890202666,129.5363405474966,84.3104306270261,0.2722901657274355,22.28263048092282,0.8125,0.6392045454545455,0.3259873550949763,1.0,0.0,0.3235478258191306,0.6363636363636364,0.3742789773810816,0.03119328112370154,0.018181818181818188,0.75,785.5822585814637,352.2301246209671,1260.5083268210958,-7.013365049263045,312.5833323194266,801.3311101871062,454.6249156548889,-0.40097024175728513,-369.5290254372455,0.25,1361.730402166193,709.0256297359963,2213.0260120738635,-24.730557528409086,556.4259907587543,1285.6301047585227,785.1674921286823,-0.4742105297842518,-861.4260031960227,0.25,1054.9321838612561,199.4689948133242,662.3043938764177,1.1565118425346024,174.0774758073481,444.36305058740436,247.15860629971823,-0.45175389561395835,-213.41582119248733,0.3125,-378.2334,75.15712,280.17957,-1.9442749,72.010506,178.83127,65.39965,-0.18252712858022532,-37.998627,0.25,142.40875,31.689943,114.918175,0.09246114,31.269121,59.018417,44.671455,0.38191566266877147,23.017899,0.625,20.446949,13.566027,50.91431,0.58729655,13.510544,28.044949,20.650087,0.6024841350705062,23.683678,0.625,44.659653,19.316242,66.75476,-0.83895886,19.662811,39.162613,27.077389,-0.4025343652354386,-10.372875,0.3125,16.6572,14.146232,46.439114,-0.65870196,16.62909,34.59869,17.98814,0.03758512179095062,7.148097,0.8125,0.017024647105823867,0.00823613576081437,0.032404119318181816,0.0,0.007811919892266636,0.01351651278409091,0.009516037373767525,0.022634230329022034,1.7755681818183017e-05,0.25,0.32733655531624567,/Users/will/Projects/SpeechEmotionCS3540/datasets/SURREY/Audio/DC_d01.wav,Disgust
5.686575963718821,21,0.07431946,0.021770105,0.09293485,-0.00054469553,0.023012899,0.05068221,0.029513642,-0.5188699957421573,-0.025908127,0.09523809523809523,137.08049765152256,132.23706556461713,446.6191831432184,-2.1316282072803005e-15,103.74993379266041,283.07364794586965,132.2311460224644,-0.3458111001171747,-143.4261419176499,0.14285714285714285,9.52592184084795,9.23193853046896,31.755998104823107,1.3322676295501878e-16,8.118167618631611,18.688577520963015,10.709750446355782,-0.38242924515466964,-10.080829243445113,0.14285714285714285,0.4891774891774891,0.36657491300510364,1.0,0.0,0.3425717032984868,0.8181818181818182,0.5121405581314241,0.30618874106767474,0.2727272727272727,0.5238095238095238,1114.0847828375458,508.3538600957657,2136.7162479410295,11.435265652749461,556.727213094953,1346.717297646218,700.1566976420355,-0.30463706205629576,-383.3022964090411,0.09523809523809523,2147.004838423295,872.4099307229523,3387.074973366477,31.272083629261328,1012.3430538254108,1823.4707919034092,1282.452759097195,-0.18786557233881632,-441.57049005681847,0.09523809523809523,1352.7384769385537,285.4253703307318,1081.0274035185819,6.472068861056357,348.995589250743,616.0776323760954,469.3389336890779,-0.15491668613223866,-101.20977077293378,0.09523809523809523,-364.3649,64.37876,293.12366,0.056268312,61.6086,172.31787,63.192272,-0.2493280284060507,-33.26483,0.09523809523809523,134.99457,39.858685,169.5791,0.1249939,36.576477,71.61466,48.898796,0.4016333890054621,39.091835,0.8095238095238095,10.92303,9.490185,37.42413,0.013850641,12.390947,26.387043,20.26164,0.1968316123244485,3.7636127,0.8095238095238095,59.1443,17.820452,65.15073,-0.019189263,18.968025,44.180412,26.480703,0.2158983037330346,6.9269257,0.7142857142857143,-7.0542936,17.702318,77.20366,0.0729301,19.160128,41.836315,26.46014,0.39354118706379276,13.347125,0.5714285714285714,0.021553072578463204,0.02655015801260167,0.1162109375,3.4694469519536144e-19,0.02791432871819327,0.08984375,0.03758477238002898,-0.4208434429524045,-0.026284750405844146,0.09523809523809523,0.28616273192266606,/Users/will/Projects/SpeechEmotionCS3540/datasets/SURREY/Audio/JK_n11.wav,Neutral
3.354331065759637,12,0.07068089,0.04006994,0.13454102,4.6660953e-05,0.041971207,0.08720288,0.050320845,-0.45058823152630356,-0.04655207,0.16666666666666666,109.27659856379456,51.32318175299449,157.68173296828158,0.0,61.61820795434889,157.68173296828158,70.61510891839076,-0.10773733154641627,-11.432348680626788,0.08333333333333333,9.811997126847816,7.059084774423867,24.29175792981608,1.6148698540002277e-16,9.56244550586424,14.059487960027406,13.948846989742389,-0.2059913278168792,-6.244477977973046,0.16666666666666666,0.518939393939394,0.29484688871846776,0.9090909090909091,0.0,0.33570406630727107,0.6363636363636364,0.4393834899488935,-0.17305138557980315,-0.21590909090909088,0.16666666666666666,1393.510924398661,676.7416236639579,2493.256063021383,-8.721748092443477,741.488952151323,1630.6752406687779,969.9246778542508,0.025372516721371422,216.0879823272544,0.6666666666666666,2372.812167080966,1249.4627510028163,4749.539462002841,-24.336078738378145,1270.4499199310378,2514.490855823864,1530.2015134427718,0.026966434423853183,342.8183815696025,0.6666666666666666,1380.1652808960205,282.2950725436542,1240.9707118637975,-1.4258253187789374,350.97745916144794,759.8177369769412,512.9803472170788,-0.010442471089029666,64.42456445416474,0.6666666666666666,-380.6387,102.179565,356.29852,-2.3041131,99.45599,244.65271,77.51386,-0.3113711634153155,-77.73007,0.16666666666666666,121.61443,32.690144,129.06726,-1.5331975,44.77857,80.27081,69.47237,-0.12125560377589195,-19.668991,0.8333333333333334,17.665083,14.187286,51.793915,0.51190466,18.590317,31.27272,27.410074,0.49055712658302036,13.707959,0.8333333333333334,51.619343,23.772835,93.821625,-0.57603925,26.562456,62.91318,36.656284,-0.03660262549393691,-2.3327026,0.6666666666666666,-14.142024,12.052889,36.43153,0.43060824,15.23274,27.894732,20.395376,-0.08292180171500348,-6.139098,0.25,0.05045757871685606,0.03131701828206312,0.107421875,-8.272533574380149e-05,0.0364259166938528,0.06898082386363637,0.045381141911663585,-0.2803289934234798,-0.018393776633522735,0.16666666666666666,0.6159491428380117,/Users/will/Projects/SpeechEmotionCS3540/datasets/SURREY/Audio/JK_n05.wav,Neutral
3.5593197278911566,13,0.23716769,0.08818902,0.34422505,0.008419332,0.0834042,0.20179787,0.084051214,0.627766115784473,0.14801721,0.7692307692307693,206.6722731140728,94.37879354480408,462.66898432734934,-38.55574869394579,103.13462974592078,279.49131628809107,119.89082074406517,-0.5171037104964183,-93.05214365043432,0.0,23.703305331713754,12.202522652368222,48.10850558178797,-0.9770602665853172,17.259818178661785,29.469805262383215,32.00774987937835,0.011634676706970295,4.329910606286255,0.6923076923076923,0.7027972027972028,0.26421168513723864,1.0,-0.05303030303030303,0.2629781054198452,0.5,0.38083842669401513,-0.2192853495982148,-0.07954545454545447,0.46153846153846156,1183.263000961822,371.4447581170644,1483.318679544028,-26.98395198911489,398.6689531925729,794.8040704712719,623.5825369192481,-0.3915171671392963,-315.3662710363351,0.3076923076923077,2212.7248483937938,648.5919950119137,2488.0637428977275,-59.70569957386365,740.0805556779994,1269.9695933948865,1182.1039295973133,-0.40611277244942556,-582.1305708451705,0.3076923076923077,1436.3666298486546,184.03611718721393,710.0966566866259,-34.34835299602361,216.80787247591024,385.3676558424529,347.44016425053815,-0.4862855188380103,-182.15559885108678,0.3076923076923077,-228.05727,61.719784,255.21803,8.664391,66.9696,159.972,66.710754,0.38404871897507437,52.183105,0.8461538461538461,119.90453,22.372551,77.27915,3.0591671,28.211918,46.009964,39.41056,0.3739210697050676,13.027267,0.15384615384615385,-1.5384501,7.951277,28.532314,0.23436706,10.134337,14.148799,15.293883,0.1230635641960209,5.5118847,0.38461538461538464,48.381855,13.56514,39.615875,-2.2524607,13.983862,29.146015,18.570978,-0.4203514370971262,-9.84742,0.38461538461538464,-4.0884266,12.719912,47.0683,0.24731524,16.116283,34.327675,24.360468,0.05017793553234712,3.1353273,0.38461538461538464,0.027917395104895108,0.00978538554380481,0.038130326704545456,0.0010634913589015152,0.00935562142674121,0.016779119318181816,0.012979557438731783,0.2561832378397199,0.007185502485795456,0.38461538461538464,-0.15820529951173334,/Users/will/Projects/SpeechEmotionCS3540/datasets/SURREY/Audio/JE_a01.wav,Anger
6.106938775510204,23,0.14202757,0.089989685,0.2762326,-2.9014169e-05,0.057244886,0.1503891,0.075156726,-0.4901000015832914,-0.1166734,0.391304347826087,163.48132407185489,117.48666762539332,466.32776099398717,-21.196716408817597,125.60590485165218,417.9609145762416,214.13332776121788,-0.45156580403771984,-108.45040030191254,0.0,11.198811666165772,12.2638757384235,64.99359202947136,-0.3801490946596612,19.33058007789815,64.99359202947136,33.776016817955124,0.05723212167539381,2.169787284262327,0.8695652173913043,0.7233201581027668,0.30533436943951175,1.0,-0.03099173553719008,0.2232648107950782,0.6818181818181818,0.3407011665792381,-0.6157108567218839,-0.4740259740259742,0.13043478260869565,1037.4753679144997,336.03924192660713,1194.742744714783,-28.09289833030671,303.8032432328989,640.5533746899569,435.34552608531976,0.12226916062427526,200.39843660489055,0.6956521739130435,2071.357962265316,737.5482157266796,2357.3963512073865,-73.43089206159607,717.9857187047978,1298.354270241477,1021.8722163612294,0.02292473826287929,279.02277166193153,0.7391304347826086,1335.0041400757616,221.45324502409403,812.2272243193948,-11.875659500218882,243.60283456520358,452.08652370470406,365.3226194534132,0.24606677410810804,187.51781082078514,0.4782608695652174,-320.3233,112.90189,407.6085,-3.0224485,64.20141,141.46103,76.72669,-0.39078428494368006,-108.91687,0.13043478260869565,138.05334,20.79907,92.464554,1.0977513,19.942478,40.789658,27.205256,0.07122861469726906,-1.2645264,0.21739130434782608,3.5552402,13.367788,61.460754,1.7369924,17.306824,31.457775,27.696075,0.42498358682573123,13.754558,0.34782608695652173,53.494728,16.417547,64.62708,-1.58772,18.421635,31.686562,27.470934,-0.19361730463998722,-8.197121,0.6521739130434783,10.892901,14.437044,52.27652,0.082303956,13.602639,31.41088,16.898487,-0.4622195520829025,-19.400208,0.43478260869565216,0.026214720232213436,0.01622541167703363,0.07148881392045454,-6.456611570247929e-05,0.013298793319295971,0.02871981534090909,0.018549518177205123,0.15777424185583444,0.007590553977272721,0.6956521739130435,-0.3000279037939549,/Users/will/Projects/SpeechEmotionCS3540/datasets/SURREY/Audio/JE_a15.wav,Anger
3.052018140589569,11,0.066887625,0.019216502,0.06045212,-5.1526724e-05,0.018422885,0.030408591,0.021984383,-0.2366457094072226,-0.013064805,0.2727272727272727,108.82722264528424,53.59519488402275,162.85895870305984,0.0,62.61839092007087,162.85895870305984,59.26563804551859,-0.2063391032844154,-32.06507392091976,0.09090909090909091,10.469659365579743,6.404878254341119,21.166833926051293,0.0,6.954768804496389,11.705168442506622,9.648377301784604,-0.2609834902136008,-3.5083269879176724,0.2727272727272727,0.6322314049586777,0.3469598269369146,1.0,0.0,0.2938769068226293,0.5454545454545454,0.23742746007157894,0.048960832515056105,0.045454545454545414,0.2727272727272727,543.5345428307674,214.75140749783444,709.7158990037588,4.127674561480956,257.7678989445933,709.7158990037588,273.0454506307152,-0.45728423938516316,-301.80073376231366,0.09090909090909091,891.8928162125517,426.40702827972694,1398.190030184659,3.9151278409090877,507.2590272175088,1398.190030184659,535.9599707755634,-0.46531861532119434,-575.3606622869321,0.09090909090909091,924.2488099903244,141.9710990796021,542.0258193889528,11.305537185452579,185.2517102773925,395.1929706261618,280.3317578492359,-0.25523342924371484,-113.2036962928554,0.09090909090909091,-435.63748,65.92608,206.87326,-1.5023438,61.39218,124.824524,46.889824,-0.12274316070703228,-20.00772,0.2727272727272727,164.24347,31.880943,100.1231,-2.3135047,35.24187,55.218117,50.209698,0.17941873349886706,25.737473,0.7272727272727273,34.51085,12.178612,40.40295,-1.7606366,14.003133,22.315254,21.984934,-0.5760296255302308,-23.184872,0.18181818181818182,29.14438,12.065452,39.71457,0.12782688,12.744779,22.037655,17.62498,-0.5643109716175706,-22.961985,0.09090909090909091,14.512204,11.281971,38.05272,1.2391115,15.509912,24.928946,26.773737,0.38938025835401013,10.355399,0.5454545454545454,0.012469331095041324,0.0072976459675111755,0.022616299715909092,-9.987571022727279e-05,0.00725528784080309,0.011807528409090908,0.008566471186755902,-0.08096230758010478,-0.0018421519886363648,0.2727272727272727,0.7177610531499391,/Users/will/Projects/SpeechEmotionCS3540/datasets/SURREY/Audio/DC_n22.wav,Neutral
