mfcc_1_mean,mfcc_1_std,mfcc_1_min,mfcc_1_max,mfcc_1_skew,mfcc_1_kurtosis,mfcc_2_mean,mfcc_2_std,mfcc_2_min,mfcc_2_max,mfcc_2_skew,mfcc_2_kurtosis,mfcc_3_mean,mfcc_3_std,mfcc_3_min,mfcc_3_max,mfcc_3_skew,mfcc_3_kurtosis,mfcc_4_mean,mfcc_4_std,mfcc_4_min,mfcc_4_max,mfcc_4_skew,mfcc_4_kurtosis,mfcc_5_mean,mfcc_5_std,mfcc_5_min,mfcc_5_max,mfcc_5_skew,mfcc_5_kurtosis,mfcc_6_mean,mfcc_6_std,mfcc_6_min,mfcc_6_max,mfcc_6_skew,mfcc_6_kurtosis,mfcc_7_mean,mfcc_7_std,mfcc_7_min,mfcc_7_max,mfcc_7_skew,mfcc_7_kurtosis,mfcc_8_mean,mfcc_8_std,mfcc_8_min,mfcc_8_max,mfcc_8_skew,mfcc_8_kurtosis,mfcc_9_mean,mfcc_9_std,mfcc_9_min,mfcc_9_max,mfcc_9_skew,mfcc_9_kurtosis,mfcc_10_mean,mfcc_10_std,mfcc_10_min,mfcc_10_max,mfcc_10_skew,mfcc_10_kurtosis,mfcc_11_mean,mfcc_11_std,mfcc_11_min,mfcc_11_max,mfcc_11_skew,mfcc_11_kurtosis,mfcc_12_mean,mfcc_12_std,mfcc_12_min,mfcc_12_max,mfcc_12_skew,mfcc_12_kurtosis,mfcc_13_mean,mfcc_13_std,mfcc_13_min,mfcc_13_max,mfcc_13_skew,mfcc_13_kurtosis,spectral_centroid_mean,spectral_centroid_std,spectral_centroid_skew,spectral_rolloff_mean,spectral_rolloff_std,spectral_bandwidth_mean,spectral_bandwidth_std,zcr_mean,zcr_std,zcr_skew,chroma_1_mean,chroma_1_std,chroma_2_mean,chroma_2_std,chroma_3_mean,chroma_3_std,chroma_4_mean,chroma_4_std,chroma_5_mean,chroma_5_std,chroma_6_mean,chroma_6_std,chroma_7_mean,chroma_7_std,chroma_8_mean,chroma_8_std,chroma_9_mean,chroma_9_std,chroma_10_mean,chroma_10_std,chroma_11_mean,chroma_11_std,chroma_12_mean,chroma_12_std,tonnetz_1_mean,tonnetz_1_std,tonnetz_2_mean,tonnetz_2_std,tonnetz_3_mean,tonnetz_3_std,tonnetz_4_mean,tonnetz_4_std,tonnetz_5_mean,tonnetz_5_std,tonnetz_6_mean,tonnetz_6_std,tempo,onset_count,onset_rate,rms_mean,rms_std,rms_skew,energy_entropy_mean,energy_entropy_std,harmonic_centroid_mean,harmonic_centroid_std,percussive_centroid_mean,percussive_centroid_std,harmonic_to_noise_ratio,f0_mean,f0_std,f0_min,f0_max,f0_skew,f0_kurtosis,f0_range,voicing_ratio,duration,sample_rate,file_path,filename,actor_id,emotion,index,dataset
-342.87372,111.94565,-521.71124,-86.65071,0.0071718358,-1.0224454,110.114586,72.57058,-91.429504,220.17163,-0.4335184,-0.57906795,16.76847,43.684715,-121.38838,108.72679,-0.3466834,0.12203479,52.864513,37.601196,-40.9688,152.17966,0.511457,-0.08315134,-9.21887,31.37409,-92.90322,59.866272,-0.4928918,-0.5756829,-13.403553,33.37925,-101.073975,52.40824,-0.57196826,-0.20961142,5.7682843,16.908155,-40.400406,53.92819,-0.080037266,0.3361063,2.0406418,14.845294,-36.146935,42.337547,-0.0686685,-0.063824415,-13.185515,17.01723,-54.69558,28.882458,0.18135329,-0.50943494,1.3136061,13.843432,-45.022648,42.064495,-0.16666767,1.5073242,-1.6630086,15.149881,-35.639954,36.510853,-0.13122462,-0.5609813,-3.3897498,11.971295,-31.92165,27.91229,-0.25732887,-0.560482,-2.2531095,10.199395,-30.010582,21.595642,-0.5588665,0.10676885,962.3006114566675,933.3248528031244,1.9991926945600258,1848.984375,1875.4903808435317,1217.6008745203637,589.0788173861193,0.01770332532051282,0.017032017103436832,1.0741928784161303,0.4791729,0.35118052,0.42156744,0.3472919,0.4203235,0.36815122,0.44385192,0.38124344,0.49205282,0.38577422,0.52312636,0.39191657,0.48591298,0.39219964,0.45857236,0.37810773,0.4987587,0.3721714,0.48625082,0.3557269,0.45002535,0.33142367,0.46795326,0.3390341,-0.0008645537925239329,0.05953201818448432,0.01134412791419441,0.07352976703055941,-0.030990156091941175,0.09362517120437866,0.00795035782055163,0.1144979094977981,-0.009124449795442495,0.028311869417173074,0.002020258819445604,0.03459398739481508,[135.99917763],20,4.432784512393703,0.098128766,0.06599786,0.8937312,25.77619583280218,13.505844919217143,450.21402797413197,261.93229222176,1684.3440785983137,1254.9354601089503,0.447159,157.5786859011022,26.496047676929805,104.42763330455712,234.43211035826653,0.6549766745469366,0.3297580251819001,130.00447705370942,0.517948717948718,4.511836734693878,22050,/Users/will/Projects/SpeechEmotionCS3540/datasets/SURREY/Audio/JK_sa01.wav,JK_sa01.wav,JK,Sad,01,SAVEE
-390.9712,104.04987,-553.8086,-164.90747,0.12877181,-1.1115522,121.663086,67.472855,-44.400974,234.95335,-0.2649407,-0.8316066,23.440643,44.927456,-103.16518,112.83448,-0.45474416,-0.19431233,51.314453,34.493942,-39.887634,137.17,0.28057,-0.27423286,7.7167425,31.800835,-89.86531,66.08095,-0.8681851,0.31591797,-15.671521,33.22928,-96.28715,72.19,-0.15254022,-0.4034965,0.9067297,14.4530945,-38.498978,39.10381,-0.34896654,-0.08798957,-0.24121526,15.828483,-40.71225,33.485012,-0.39168176,-0.28857803,-10.315751,16.044184,-51.758186,16.79897,-0.3385484,-1.0487235,3.2968495,10.138741,-23.828894,35.620388,0.115703575,0.48577166,0.10179881,13.915999,-45.40316,42.504166,-0.45136327,0.87545085,-5.2450337,11.309943,-40.60897,13.998825,-0.47467324,-0.7637551,0.8371315,8.735289,-27.568335,29.458847,-0.22952013,0.6040709,730.4521628105231,661.3404368144933,1.856115036903671,1479.7683189655172,1587.3040426494763,1067.093698914707,555.5458925064155,0.01274208273467433,0.013295767159484113,0.8006342439817776,0.52405864,0.3408423,0.43799788,0.34419572,0.4445957,0.3888201,0.45243448,0.38505867,0.48209012,0.3952874,0.48995855,0.38179305,0.4939264,0.38028252,0.50929594,0.37598363,0.56985384,0.36196178,0.561336,0.3328017,0.5335635,0.31208023,0.53179896,0.32535926,0.0188966158727007,0.07154940827548005,0.005346784095751826,0.06408767273000064,0.009853669221002228,0.13642842293030435,0.040899977683877695,0.12097382649703885,-0.012207760280612464,0.03783263298189613,0.006017432494581468,0.04423091621584738,[89.10290948],27,4.456379355514803,0.06547744,0.037768517,2.6186748,24.92403070767243,12.60398309334897,286.3677471122565,189.0846362851988,1582.1272687742658,1251.0274393066722,0.9689615,118.74959609731893,14.634924109052958,94.6606580968763,173.60841241450115,1.444347816296068,3.085870526167934,78.94775431762484,0.4367816091954023,6.0587301587301585,22050,/Users/will/Projects/SpeechEmotionCS3540/datasets/SURREY/Audio/JK_sa15.wav,JK_sa15.wav,JK,Sad,15,SAVEE
-417.85495,98.36466,-574.67566,-262.29254,-0.17456575,-1.4868608,130.0766,79.69452,-53.623703,241.27972,-0.26312885,-1.0562565,24.550087,32.850296,-59.789246,111.285934,-0.28392372,-0.054290533,27.034882,35.346046,-34.667755,115.856155,0.5481137,-0.09200907,17.153172,26.86205,-44.720894,71.02145,-0.14280276,-0.43332267,3.74248,21.58661,-55.36785,55.881165,-0.20660426,0.027595282,-14.69966,24.35379,-69.17682,28.23149,-0.30775654,-0.9431672,0.912299,11.721022,-32.26975,26.323122,-0.55490816,0.160254,1.4217697,12.37994,-42.66915,35.271683,-0.62344027,1.688673,-5.3434215,14.473829,-38.156887,25.37476,-0.3558512,-0.7165873,1.4727006,10.974552,-33.75911,29.549473,-0.49378952,0.7259736,1.2039193,12.653686,-29.51522,35.831078,0.056241453,0.019012451,-0.96966785,9.42739,-30.339092,14.574718,-1.0536178,0.8688786,653.0408287710466,737.0345678290303,2.32527901467079,1199.007901278409,1585.8400390239456,965.5231246953089,603.0810748394513,0.012041580578512397,0.013439091553026973,0.6228817670823704,0.53882986,0.3538487,0.5960654,0.34458753,0.5861976,0.3570509,0.5129887,0.389991,0.50001085,0.3974891,0.5288784,0.41907546,0.49562016,0.42649496,0.45765638,0.41994712,0.4417033,0.40687868,0.4678889,0.3525293,0.5240925,0.34248576,0.48890752,0.3035581,0.012298301903640745,0.07406222904816386,0.03440589986953118,0.07507012571214947,-0.03162382205963664,0.16297930910406444,-0.0189601985491386,0.12569767261343032,0.008731087261220067,0.05095724613590058,-0.00892659470492829,0.0361840893393889,[184.5703125],10,3.5856573705179287,0.067210466,0.034157757,1.0053024,24.446702611983945,12.597946372699326,223.06076344073875,159.9869580662816,1575.8468783916442,1299.8339138402182,1.1391221,128.52247181130969,21.30889075558544,92.4986056779086,175.62564499846297,0.5416185765857543,-0.5532009126160453,83.12703932055437,0.5867768595041323,2.7888888888888888,22050,/Users/will/Projects/SpeechEmotionCS3540/datasets/SURREY/Audio/DC_n13.wav,DC_n13.wav,DC,Neutral,13,SAVEE
-410.57117,99.90038,-564.302,-216.72339,-0.15713039,-1.3242846,140.94865,75.34694,-45.18463,263.46246,-0.24887863,-1.1705441,19.066946,36.728607,-78.45481,85.66564,-0.70216286,-0.42377996,31.453154,46.46537,-55.554092,158.6568,0.68842876,0.19478393,26.212233,27.195902,-33.976677,105.98955,0.66945964,0.13581395,-5.1055694,26.678719,-65.770195,61.348587,-0.05419583,-0.68158674,-17.431736,27.047306,-69.31819,30.14999,-0.06422127,-1.2589116,4.9226255,15.581781,-46.255592,35.06164,-0.7358359,0.43125176,0.20970982,12.658229,-36.183464,29.919022,-0.31252825,-0.18646955,-10.912573,16.006565,-46.457703,18.151943,-0.3343228,-0.83512044,2.6955423,12.582292,-26.426254,46.945904,0.5130308,1.304893,2.3360717,8.782201,-24.93393,22.291935,-0.7715985,1.0155029,-3.090999,9.038966,-22.907059,18.328806,-0.09488152,-0.5170708,592.7800127304714,531.6424651996143,2.5299840409323076,1147.658203125,1354.999112500537,901.647932857732,470.7309950170389,0.014793526785714285,0.01465125291821492,0.5707386668892852,0.5213792,0.37579006,0.49443865,0.3532069,0.48018938,0.3924377,0.50533605,0.4043841,0.5471155,0.4100976,0.48263627,0.4059352,0.47620988,0.4075941,0.4663582,0.4005898,0.50666624,0.37740707,0.52904993,0.35243806,0.47889805,0.3250765,0.5050803,0.35180867,0.021035098272310187,0.07564635577899013,0.011577231274165215,0.07183244068117818,-0.003479753753969105,0.1647163696353597,0.04538258129198585,0.12510151973390976,0.006471552580635479,0.04045016771276112,0.007106972280224572,0.04575206962598393,[99.38401442],16,3.948870631953616,0.066456564,0.034085184,1.5703177,25.360931746145194,12.196774577449306,227.82091727998485,142.5884415655513,1469.2333141583204,1062.9649821424441,0.99045897,124.45628172678983,18.324778394428904,93.57338770459413,166.7288223161438,0.6225025309112289,-0.5575872489850777,73.15543461154968,0.6514285714285715,4.051791383219955,22050,/Users/will/Projects/SpeechEmotionCS3540/datasets/SURREY/Audio/DC_n07.wav,DC_n07.wav,DC,Neutral,07,SAVEE
-360.11646,113.0306,-521.04144,-155.13452,-0.092128694,-1.3394039,120.17843,76.23259,-53.159164,233.15154,-0.20867988,-1.135464,19.079885,41.30014,-90.134964,97.3636,-0.7091691,-0.13019776,44.20682,31.543001,-36.335518,126.396065,0.53715634,-0.21001387,-4.1636925,29.012608,-75.33268,56.3548,-0.81247115,-0.061399937,-9.818753,31.231447,-80.813156,50.803017,-0.2743742,-0.7993064,2.617272,16.161623,-35.02202,53.846123,0.65080595,1.2954407,-1.1424352,14.603333,-37.46899,36.119793,-0.46184075,0.35322118,-12.144272,16.33487,-53.926548,23.063675,-0.3010182,-0.7878046,0.6654707,11.767483,-35.50921,24.26522,-0.74368036,0.54068327,-1.6641737,11.627759,-42.589573,21.038097,-1.0863348,0.7972412,-3.3504572,9.579612,-28.169853,12.0774765,-0.4859508,-0.7212231,3.6844606,7.9177327,-24.12431,29.847952,-0.0037819864,2.2216067,888.6803843089536,880.5082502894679,1.868726018343317,1733.2733154296875,1915.4097144367327,1154.6645520958293,666.8145405113513,0.01629638671875,0.016852667654245066,0.6745026701684222,0.5394272,0.33981046,0.5353283,0.36762807,0.53272027,0.39343253,0.52293736,0.38748074,0.5333965,0.39906424,0.5414178,0.40403408,0.49460137,0.39323062,0.47184902,0.3818346,0.5378725,0.359028,0.57008827,0.30999118,0.54388654,0.27320826,0.5361597,0.30786976,0.013249853554819809,0.0864922569472574,-0.005324635707899619,0.05987774125757397,-0.00593510996421014,0.1299750238101132,-0.001795594832705207,0.10934787076294833,0.00456179609387273,0.04047699427659144,0.0031586215126380417,0.03585792878366115,[95.703125],14,4.205550181872676,0.07977251,0.05346116,1.4738454,24.487518323427494,13.246396992111773,334.24480265238265,219.0608835691943,1679.6928516188632,1351.8763788245708,0.9946037,132.3816377591775,19.030456274082475,106.252996181733,164.81377845643496,0.23015918824193704,-1.5235292869972292,58.560782274701964,0.4097222222222222,3.3289342403628117,22050,/Users/will/Projects/SpeechEmotionCS3540/datasets/SURREY/Audio/JK_n20.wav,JK_n20.wav,JK,Neutral,20,SAVEE
-348.37714,112.23021,-505.66437,-73.64388,0.15881671,-0.998698,111.501854,66.373474,-17.520138,232.64546,-0.041118708,-1.283935,13.338007,41.21016,-93.7506,90.453804,-0.737255,-0.22874498,42.07546,29.78834,-27.955166,133.43181,0.8060004,0.7728677,3.3813198,27.351254,-86.58256,48.55126,-1.1593425,1.049191,-13.962217,28.621794,-77.26521,48.852364,-0.30688202,-0.98505473,1.4657276,17.156956,-44.909508,48.629772,-0.2664776,0.15785956,2.3787382,15.974715,-34.638817,37.366848,-0.24434814,-0.24592352,-9.6642275,15.381959,-50.98292,13.176268,-0.5674046,-0.5756657,-0.31959724,11.875331,-29.773973,22.71779,-0.36894682,-0.3063984,-3.1296453,11.673171,-33.328243,23.054234,-0.4680261,-0.22675467,-3.626087,8.982354,-26.21007,18.70435,-0.20977288,-0.3647511,0.89768344,7.6955924,-16.359888,19.429974,-0.15677929,-0.37667823,799.216558909509,791.0281530729737,2.218594888231513,1527.731502757353,1696.5589842700915,1106.8262113387532,529.6301632031008,0.016209022671568627,0.01875176338958643,1.335334642372889,0.6191291,0.30225992,0.6157323,0.32968438,0.5485757,0.35950133,0.4978083,0.3963207,0.4806362,0.3987742,0.5254521,0.40861148,0.48979148,0.3852668,0.45251027,0.3830471,0.4618885,0.3780686,0.45202386,0.36430347,0.45114514,0.33429253,0.5283637,0.3230782,0.004616631389056402,0.06726679551630008,-0.017097539142842746,0.09721121291188492,-0.028333942911107135,0.17510325480282973,0.021189252200712574,0.09855841440879233,-0.009640519323715256,0.05073815025269801,-0.01066770219834511,0.038110054147037345,[172.265625],16,4.514222102798358,0.09341451,0.07490231,1.6568278,24.71718042039783,13.226860593346965,345.1854133921863,232.7418918605298,1589.768588925527,1105.5818478383974,0.35189688,144.12911969062722,19.80818222031879,109.99999999999999,198.27510177438265,0.7970560381568831,-0.2159028415419728,88.27510177438266,0.48366013071895425,3.5443537414965984,22050,/Users/will/Projects/SpeechEmotionCS3540/datasets/SURREY/Audio/JK_n08.wav,JK_n08.wav,JK,Neutral,08,SAVEE
-448.68234,101.20397,-565.042,-259.67822,0.39245752,-1.5100961,99.44073,54.919754,-46.79862,203.95508,0.2606294,-0.36594176,34.675575,28.629486,-49.51848,100.2775,-0.7015335,0.24271607,43.786804,31.82637,-11.823119,157.09456,1.243224,1.1217728,7.731826,22.261463,-75.805435,48.326374,-1.3971938,2.4796991,2.7474058,16.529854,-42.496788,43.717316,-0.74375427,0.894855,-9.221355,23.206337,-67.393654,25.226547,-0.825705,-0.5065148,-0.3578953,14.657264,-47.984894,36.311157,-0.8355452,1.0178413,0.47270498,10.1539955,-32.22114,21.64624,-1.4022105,1.6653924,0.500931,9.544775,-35.207382,20.268435,-1.0963404,1.4436092,2.037295,8.199345,-21.590513,28.542025,-0.8382453,0.8466258,4.098133,8.615658,-23.419186,23.46613,-1.143545,1.2854924,5.2731495,8.299732,-18.740242,24.077785,-0.8476182,0.76252246,561.3446151340835,728.0867110490764,2.471010268728759,938.6792401361732,1629.5914514196497,1006.6920459718748,548.5257098696939,0.007875240048882681,0.01127019185985266,1.2341753896749175,0.5573973,0.35487834,0.5797087,0.37059858,0.63577324,0.36511344,0.65510476,0.3740811,0.6473184,0.40892163,0.69227445,0.4069064,0.7147108,0.35953805,0.7509591,0.338626,0.69278836,0.3264426,0.5932058,0.356678,0.53572387,0.3522826,0.5009522,0.32481048,0.02988764907993067,0.08405951109375559,0.017885882860115138,0.09599537891827654,0.054781252689992066,0.1464858121567666,0.008266372853296452,0.09815737020855976,-0.00032814804636269786,0.048504990974837243,-0.017787951429754274,0.03306160769820364,[129.19921875],12,2.903257661374384,0.067704886,0.041068103,1.1518583,24.119000924727708,13.599427239792364,227.20333384033435,199.94054135987682,1557.9839371360856,998.7756114431921,2.4834828,179.47662053277455,24.39021517921104,118.57804013471404,208.85526660911424,-1.0458860113248196,0.0587663225864854,90.2772264744002,0.41899441340782123,4.133287981859411,22050,/Users/will/Projects/SpeechEmotionCS3540/datasets/SURREY/Audio/JE_sa08.wav,JE_sa08.wav,JE,Sad,08,SAVEE
-259.73932,117.264915,-438.48444,-23.713154,-0.038157105,-1.1405952,89.841774,60.63464,-88.39865,210.10004,-0.27393636,-0.5088351,-4.058387,43.390343,-105.03961,83.02071,-0.14269742,-0.99095535,25.422482,26.30138,-36.9225,105.13199,0.47653514,0.1754198,-15.864848,30.996725,-99.294586,41.881172,-0.635129,-0.48568964,-9.065743,30.525415,-73.48764,69.52432,0.25045013,-0.4564588,-12.826354,18.031542,-52.511303,33.687298,0.0014639009,-0.8750799,-13.230508,16.981844,-67.456955,25.50243,-0.28965092,-0.40310264,-15.072845,17.271544,-69.95943,12.709163,-0.6447386,0.15082622,-3.8441727,11.612935,-44.43921,25.8054,-0.2813583,0.33542585,-12.393698,14.700683,-46.72565,19.59296,-0.30313173,-0.74970174,-5.8209777,9.975661,-31.995129,17.865019,-0.21602802,-0.45881796,0.10293717,8.0822935,-25.757734,23.00459,0.011296527,0.16458917,1343.7061239500763,1087.498711359202,2.0134729939398532,2476.9516888786766,1936.5101971126596,1409.6987988570684,553.499217390395,0.05513556985294118,0.07192988772706875,3.066553443148841,0.41905355,0.38171914,0.41574368,0.35276982,0.41484046,0.34912133,0.39091545,0.36087745,0.3210993,0.3487162,0.29191133,0.36543036,0.26859918,0.34271845,0.2763372,0.3418422,0.3106012,0.3564961,0.33316386,0.35916835,0.32790104,0.3376137,0.37045646,0.36984864,0.00015137058183234322,0.08035244745924262,0.003349707045023748,0.07857205464364408,0.013975090213923092,0.15574765639227808,0.013326443006813746,0.14489084058170837,-0.0022001202971831313,0.048486215083954426,0.002100640224913777,0.05092888224515539,[123.046875],25,4.2287068786965225,0.17313394,0.15543513,0.97063774,26.815157268866997,12.897748079932672,783.8710124631189,467.62963510908526,2018.8686350554694,1382.497382815041,0.35797414,275.73043977717316,36.45923323077996,197.13312122062953,351.2512899969259,-0.22304243727261527,-0.5895227354019581,154.11816877629636,0.6196078431372549,5.911972789115646,22050,/Users/will/Projects/SpeechEmotionCS3540/datasets/SURREY/Audio/JK_f15.wav,JK_f15.wav,JK,Fear,15,SAVEE
-242.48203,108.56871,-450.769,-14.473618,-0.4065804,-0.58205605,93.43682,62.190563,-64.506935,209.36795,-0.24999353,-0.97194576,-4.8439436,35.36714,-75.9241,70.666214,-0.011453752,-0.8654108,30.090717,28.272036,-26.65262,115.17493,0.7088699,0.21707368,-26.838627,29.852077,-98.263504,19.441689,-0.19555739,-0.80975294,-9.798754,29.331223,-76.815475,61.462337,-0.19523597,-0.2597394,-6.8075423,20.977703,-58.171425,40.525932,-0.013310133,-0.55790305,-8.780882,15.8678465,-46.2069,29.802425,-0.1340944,-0.59884214,-15.292946,16.740705,-56.697323,22.009472,0.07010106,-0.5970144,-1.0356566,14.184462,-47.047295,31.661858,-0.26268688,-0.16177201,-4.783003,13.72307,-38.643654,24.537655,-0.08633805,-0.8050895,-6.381977,10.9501295,-32.314304,13.863833,-0.11248995,-0.95175123,-4.120721,9.644321,-31.864098,22.793934,-0.32784456,-0.22572732,1362.8865307672997,1084.5129637904488,1.8456304823120548,2451.3566853613825,1920.2728831856325,1439.225256665647,526.7373623680294,0.06265275837988826,0.08384045771866991,2.634421291581989,0.4323913,0.35782215,0.4503045,0.34661195,0.48742378,0.37813586,0.43709108,0.39098606,0.38729247,0.40453038,0.383853,0.41687277,0.35155898,0.40410602,0.33757994,0.3889908,0.33848217,0.3710814,0.39530775,0.37380853,0.41986537,0.37284082,0.41343468,0.36009002,0.010569018696058958,0.07474217376328195,-0.002237258975031573,0.0654828990133711,-0.023156130977766184,0.14720970668044664,0.0008102726612714446,0.1233882548467447,-0.006218970960674061,0.03802481148060999,-0.00713402933347448,0.042237606765476554,[99.38401442],20,4.830388731283613,0.19663554,0.15540719,0.7221199,25.824976439704344,13.590000214458474,821.9991087013603,439.73341710918544,2060.053856697842,1319.1646279949218,0.76093936,261.6483347092995,45.56608397537178,139.3941668115768,335.38934511626763,-0.8672446426452896,0.3943942966243035,195.99517830469082,0.6368715083798883,4.140453514739229,22050,/Users/will/Projects/SpeechEmotionCS3540/datasets/SURREY/Audio/JK_f01.wav,JK_f01.wav,JK,Fear,01,SAVEE
-624.33124,92.09966,-762.65,-444.60516,0.033500046,-1.4034352,121.54186,70.578705,-54.483307,244.99704,-0.23581283,-0.93999004,31.729641,33.02065,-57.190384,100.474976,-0.40989742,-0.27181244,36.780975,33.90986,-18.549797,135.92654,1.2370088,0.9012196,13.08292,21.536165,-39.74799,63.372955,-0.36550364,-0.18179965,0.16262266,19.738337,-63.23117,43.95681,-0.51700026,0.22504997,-5.7345624,19.535892,-59.85675,21.054825,-0.8540182,-0.2739172,-3.5959864,15.356343,-39.70248,35.389946,-0.36201024,-0.21531343,-9.614604,16.441319,-42.780373,36.083454,-0.18256278,-0.86530185,-6.7439923,15.42045,-53.458748,27.074133,-0.75302833,0.26137114,-3.2614877,10.10019,-34.52108,13.40539,-0.80896914,0.0220263,-2.3826644,10.946026,-35.92134,23.897923,-0.69724137,0.58862853,1.4258157,8.502595,-23.212734,31.558968,0.36709738,1.3613491,981.7825933841966,830.1063367456371,2.5342004844667447,1676.2502034505208,1473.0996027957337,1422.7715977943426,595.3671706651165,0.029699254918981483,0.04412867985309541,2.7399487510115765,0.43718487,0.33530882,0.38268512,0.3050793,0.34836566,0.29742187,0.35766855,0.3355735,0.38686314,0.375983,0.47958225,0.37223116,0.5257322,0.30777922,0.5620269,0.3099983,0.5225026,0.32271835,0.53404766,0.31336468,0.54969704,0.32310593,0.46422252,0.32533193,0.02113488817571169,0.06480973120021084,-0.01202865981301087,0.07786279576823738,0.01670725885519914,0.1473310593433141,-0.012965339248897045,0.12488103515934998,-0.005479233978496526,0.03567257399058443,0.00473250850983384,0.03913392957407375,[135.99917763],20,4.0,0.0050860844,0.0046328628,1.2439694,23.440745334714926,11.725954029093478,497.4217995295924,118.59377143491308,1826.0921784321558,1324.4387244358645,0.44723177,111.8748665896196,16.630363386220054,87.81282249923149,161.9823763910578,0.4163326095874964,-0.3977058126632742,74.16955389182633,0.5370370370370371,5.0,22050,/Users/will/Projects/SpeechEmotionCS3540/datasets/SURREY/Audio/KL_sa13.wav,KL_sa13.wav,KL,Sad,13,SAVEE
-639.3562,94.14615,-742.06335,-432.49332,0.3893054,-1.1243789,127.2508,58.765728,8.559153,236.99329,0.32908008,-1.1852857,27.461794,29.115574,-51.733162,75.22938,-0.7832434,-0.19756556,34.85596,32.13182,-31.73207,127.737465,1.1020094,1.3150735,21.552778,18.18025,-9.480387,78.41172,0.7780873,0.27307653,-0.09247565,15.724343,-39.468277,20.555468,-0.8531625,-0.43783522,-5.079792,17.62979,-49.21829,19.519981,-0.59169877,-0.7550545,0.7086606,13.678575,-35.118637,27.068794,-0.7513017,-0.19046545,-6.1450768,16.086668,-39.50612,18.325516,-0.4212185,-1.1389142,-6.322969,13.571137,-37.49779,14.329754,-0.74928254,-0.3965268,0.3281511,9.664851,-25.876865,20.869438,-0.46102673,0.16108775,-4.4153743,10.953436,-37.86732,16.33553,-0.8930169,0.8289068,0.21715806,7.5187526,-20.57264,20.760384,-0.28280458,0.1576798,793.0718370139266,423.1287944616405,2.887527575114735,1260.9260559082031,1004.841399233517,1427.770843632751,526.3479434253994,0.016962687174479168,0.017700089348369884,0.7337586541524604,0.48008254,0.28070587,0.39635754,0.24603727,0.41274714,0.30488276,0.46962583,0.34186116,0.47194806,0.37286,0.47169676,0.34941873,0.5293093,0.27413192,0.6030748,0.2839775,0.58636165,0.29191953,0.5435061,0.31927028,0.5363612,0.37319446,0.48998547,0.3255447,-0.0049189270979173826,0.07272391935467871,0.025481888567105326,0.0842445875527131,0.04528194908440685,0.11785535129064705,0.04430854898722173,0.14099876127952193,-0.02535784594308507,0.04233329156433338,-0.005436097240211275,0.033618022009704956,[89.10290948],6,2.703862660944206,0.004706133,0.0044911513,1.9339482,22.77950545153324,11.351664438130328,476.9750336829979,109.75602620990551,1617.6560395028653,964.7046663559663,0.30907285,120.20996271063646,16.583917717258483,96.87324609557632,151.1349012203898,0.23042353914744657,-1.0619595200720808,54.26165512481347,0.4166666666666667,2.219047619047619,22050,/Users/will/Projects/SpeechEmotionCS3540/datasets/SURREY/Audio/KL_sa07.wav,KL_sa07.wav,KL,Sad,07,SAVEE
-414.37027,119.99835,-560.3904,-200.2075,0.24938576,-1.4844215,106.241066,59.85829,18.984085,229.05579,0.71699417,-0.81959224,25.356846,32.77172,-58.538372,89.33974,-0.78717685,0.007365942,42.25024,35.643402,-35.520218,133.28674,0.60584456,-0.013877869,-10.955668,40.03002,-102.20102,42.525585,-0.75957364,-0.72463727,-0.3915248,24.286257,-91.71574,39.05815,-1.2616416,1.9595361,9.793603,16.356668,-39.538345,47.673508,-0.2913964,1.075798,-4.534423,15.312282,-51.32802,34.63906,-0.5217699,0.05203128,-3.9656856,12.235474,-30.251,20.033161,-0.410879,-0.81101084,2.5603793,12.575393,-32.739082,33.18896,-0.23569348,0.4933331,-3.752602,13.158784,-37.81908,14.382871,-0.8320288,-0.36346483,-3.5638618,11.452947,-29.385471,11.930565,-0.6293616,-0.8955517,-1.1714684,8.325299,-22.001972,10.556225,-0.7293739,-0.5449791,625.1711282473061,617.0333194049254,2.078157874858664,1146.8353271484375,1524.5240479081265,1054.6566052739681,512.1970965638972,0.014997209821428572,0.01776249530124168,0.7846615712553766,0.5599171,0.35475034,0.64363235,0.3439741,0.63731,0.35271367,0.5381457,0.409742,0.5078769,0.4434706,0.527972,0.43979427,0.5350188,0.43271443,0.5310827,0.4203723,0.5317465,0.3911814,0.5405158,0.37752762,0.52172726,0.36794895,0.48533663,0.31960136,0.005674848971477617,0.07803868153074275,-0.00014408352916110156,0.06498860178304408,-0.05047197986277791,0.11678936138580212,0.004058317472559121,0.12599420762224828,0.002944976286007636,0.04182859219013833,-0.011394753711231562,0.037111869305717214,[172.265625],5,1.9233788663840479,0.077380225,0.051298447,1.2405559,25.136209009444205,12.584260351726856,281.70423869470744,205.20560850546727,1622.254037291998,950.9710297285844,0.96025306,220.377915153693,58.889771896177656,124.18608452867444,293.6647679174075,-0.28807232260291127,-1.4788597706582294,169.4786833887331,0.5625,2.5995918367346937,22050,/Users/will/Projects/SpeechEmotionCS3540/datasets/SURREY/Audio/JK_d03.wav,JK_d03.wav,JK,Disgust,03,SAVEE
-315.28687,99.582726,-475.51315,-112.54124,-0.38567457,-1.1099604,109.48704,67.63361,-46.33596,226.21957,-0.15461,-1.1542555,1.1209968,29.126888,-68.02399,75.18537,-0.32442436,-0.50012994,23.041533,35.985096,-46.85657,131.86597,0.25394627,0.10413575,22.141905,23.504862,-29.360989,84.07277,0.13014893,0.05485058,0.31503552,17.07055,-43.28953,50.85283,-0.25424892,0.15615273,-30.45834,29.077639,-85.925385,16.101667,0.14856642,-1.2648056,-2.2058187,14.284376,-45.257874,26.046099,-0.4145048,-0.33167648,-2.3902166,13.334934,-40.71006,19.744896,-0.45600432,-0.4485228,-15.98819,20.583673,-51.455063,17.78195,0.043005638,-1.4339585,-5.9987783,14.051972,-34.382366,28.929424,-0.12550373,-1.095212,-3.376135,11.23305,-35.917107,26.734934,-0.50156444,0.14814854,-0.62632835,9.089282,-21.026114,27.566437,-0.056686636,-0.025173187,783.0918220782199,705.1786407476017,2.4171441109236786,1436.17384577372,1510.6232191757067,1036.0509433416385,496.5870020368503,0.02035191547439759,0.016186210358837046,0.18635739088160355,0.3619311,0.38320708,0.34545457,0.3972048,0.34446192,0.40093225,0.33839187,0.4135682,0.35315976,0.41683668,0.44470933,0.43635157,0.44207576,0.430216,0.41901463,0.41091597,0.5011007,0.4070658,0.6065893,0.375146,0.55615103,0.3590692,0.38221765,0.329133,0.025381307655514558,0.13888473173962063,0.012372842610950209,0.08711783715882253,-0.09123027517954055,0.18937303646966494,-0.015508070085983929,0.1669048715629892,-0.004753295634382266,0.053529492471754585,0.019558698635307178,0.07446698446818181,[184.5703125],18,4.691766652875465,0.15821016,0.108518004,0.5289493,27.375919248731428,12.918527189922408,411.12931675037316,207.99682108359994,1595.0464227411696,957.1886129438956,2.5858421,209.00773236991853,32.43134738584426,113.22324603078411,307.5533855193843,-0.8074579781281324,1.4341089250523735,194.33013948860017,0.6686746987951807,3.8365079365079366,22050,/Users/will/Projects/SpeechEmotionCS3540/datasets/SURREY/Audio/DC_h01.wav,DC_h01.wav,DC,Happy,01,SAVEE
-294.57645,98.15253,-446.81628,-53.786263,-0.020471215,-0.9502971,101.037094,60.967327,-56.833748,205.73323,-0.4095656,-1.0272247,12.649584,30.13222,-72.7779,78.41385,-0.31028855,-0.14876628,28.86385,29.746387,-48.76593,108.09334,0.012289936,0.06511903,14.749694,23.45638,-57.062515,75.84316,-0.12434896,0.10936928,-0.08817818,18.325941,-44.515068,61.504475,0.27994564,0.66349864,-26.01231,25.724121,-85.06488,12.874527,-0.20583381,-1.0439186,-7.0000744,12.945693,-45.04918,18.664955,-0.34731093,-0.5583477,-4.511235,11.82566,-38.89126,18.744694,-0.7017193,0.07800126,-17.202034,17.722279,-59.184692,18.621117,-0.20559673,-0.8084247,-6.090884,12.759428,-33.81139,30.861744,0.29942277,-0.31270432,-5.9844713,10.060747,-31.516434,16.829016,-0.27514896,-0.59382534,-7.714867,9.377172,-34.85501,12.570082,-0.18830682,-0.69537663,888.4237685119823,841.6349469401836,2.7676510781415264,1552.227783203125,1565.6832551278294,1132.826913053446,475.4498082510142,0.03528219556051587,0.04967597535041428,3.3675468816270264,0.4172013,0.37474558,0.34075904,0.35194847,0.28680983,0.3447656,0.31736392,0.37451413,0.3878479,0.40768296,0.42194253,0.41434386,0.40890625,0.3960073,0.40318263,0.38069737,0.41536742,0.37893537,0.39046967,0.3640923,0.3568171,0.3383531,0.38724595,0.36024493,-0.005488559849882506,0.0727054936740406,-0.004706919044633207,0.07282753243822512,-0.03967887898057099,0.14874995062747196,0.04018434012005614,0.15070823619847706,0.0018787521718815394,0.05101073497749817,-0.002323207000107837,0.04530731491178907,[129.19921875],26,4.445150885463512,0.15928414,0.12810226,1.0238403,26.034098315514587,12.546482091256733,457.086627522345,189.30642082845628,1476.7764552202982,1073.8635584933486,1.0071814,214.08642227073145,41.85657218792431,124.90548719779652,293.6647679174075,-0.19000168627857253,-0.7405707311857892,168.759280719611,0.7142857142857143,5.84907029478458,22050,/Users/will/Projects/SpeechEmotionCS3540/datasets/SURREY/Audio/DC_h15.wav,DC_h15.wav,DC,Happy,15,SAVEE
-286.91412,97.96108,-446.63336,-77.2165,-0.21526328,-0.9404676,104.23176,59.634506,-29.528133,204.98059,-0.4225484,-1.181568,9.205474,29.86873,-67.28861,78.35556,-0.23273598,-0.20754719,31.47209,31.716282,-47.80201,137.6817,0.66925615,0.63383865,20.452871,23.701178,-51.649906,87.66717,-0.11486321,0.10971689,0.040530093,18.042723,-57.64035,51.811546,0.033319052,0.05168128,-30.067701,26.962826,-80.2562,20.056187,0.20731501,-1.2473608,-7.628894,13.71141,-52.00949,18.88283,-0.32526985,-0.5998392,-3.0451963,12.4720545,-41.127502,30.456795,-0.36771995,0.039744377,-16.969503,16.5564,-52.06405,10.869286,-0.03807498,-0.91287446,-4.952355,12.756394,-37.250187,22.700775,-0.1469653,-0.8653867,-4.125155,8.909463,-27.915337,19.498707,-0.1899592,-0.47433162,-5.371084,10.393215,-33.242477,22.728691,-0.17407148,-0.56561875,788.6540314264647,699.1075256769311,2.330619074914446,1517.859777360515,1496.0206190275633,1067.9679697609079,503.68366580915057,0.023881773068669527,0.022839226923216528,2.2365150734742425,0.36420107,0.37009832,0.35851428,0.36615825,0.3380911,0.38624087,0.36277807,0.40437424,0.39824674,0.41334912,0.45260566,0.43434474,0.4037948,0.41512227,0.3662114,0.39166343,0.43086144,0.39400664,0.4614126,0.37818113,0.4186615,0.3712925,0.343434,0.33337998,-0.014826030447400754,0.07667558523257977,0.010057569362332942,0.07895433698651218,-0.04206910442616924,0.1331790256068017,0.018997846091317456,0.15959733299654125,-0.010070413044557448,0.04687972356759469,0.0038072526381978922,0.04439270466858641,[71.77734375],24,4.437214918164744,0.1689627,0.121682726,1.0581996,26.86928040523838,12.472222111714823,393.5779116903115,198.4941872524419,1529.2162047538181,1066.67238848559,1.0336132,199.21891469199193,37.93470059623258,121.34967043801211,285.30470202322215,-0.01644082618001451,-0.7755198809651294,163.95503158521004,0.7510729613733905,5.408798185941043,22050,/Users/will/Projects/SpeechEmotionCS3540/datasets/SURREY/Audio/DC_h14.wav,DC_h14.wav,DC,Happy,14,SAVEE
-311.47083,108.98887,-468.85257,-61.27795,-0.13732842,-1.2231174,116.15827,62.86711,-33.146446,216.796,-0.21498483,-1.2428999,9.595988,39.280396,-82.21642,77.96624,-0.42846903,-0.8830962,18.177567,32.67011,-56.61702,96.629456,-0.13375683,-0.15203667,-11.431062,32.555904,-99.781395,34.176613,-0.8772237,-0.19131017,-10.3316145,26.106985,-84.92824,66.27757,0.0121637285,0.25509405,-3.548065,15.93681,-45.413544,40.196106,-0.38644645,0.08447695,-7.6054063,15.521602,-48.812675,32.073776,-0.42505693,-0.32880545,-9.254706,13.627134,-49.270187,13.661173,-0.52222866,-0.3811295,-0.047958463,11.806835,-28.648653,21.722893,-0.5952948,-0.2506516,-2.8856857,13.896094,-40.640247,24.981224,-0.42815042,-0.31704903,-3.2545202,9.60545,-27.556633,23.497755,-0.57121384,0.04250288,-4.465607,8.118967,-21.295021,13.993576,-0.055001594,-1.0307332,844.2872203490474,814.2213509258448,2.953401751927728,1520.2191020167152,1681.9161970848954,1092.8384788062854,570.4943904874611,0.029523982558139535,0.04341814386117084,3.997648190640244,0.48563367,0.3542581,0.48654363,0.3571453,0.48704395,0.37178305,0.49664307,0.387664,0.5457495,0.40821326,0.56644917,0.4110196,0.5275027,0.4125965,0.4879052,0.37501043,0.502948,0.3771842,0.4722486,0.35618776,0.4377019,0.3260033,0.46207783,0.33857572,0.007227947830761852,0.05737294129854455,0.006887674714508088,0.06230557674255485,-0.0164777579051339,0.1142642691341794,0.017064503061064815,0.09652335554769503,-0.007715442771937771,0.034337731706620384,-0.0024172849912564316,0.0361989535438208,[92.28515625],17,4.267903905271547,0.10698807,0.09055514,1.9215789,24.609829132694944,13.15268253919043,390.12121420635054,222.962106607735,1515.0169882152863,1127.122654214016,0.7093635,242.41281521703777,97.12170116636338,136.21039964151845,625.8586480068038,2.779737084907663,8.274726554433096,489.6482483652854,0.4418604651162791,3.983219954648526,22050,/Users/will/Projects/SpeechEmotionCS3540/datasets/SURREY/Audio/JK_d02.wav,JK_d02.wav,JK,Disgust,02,SAVEE
-635.0296,79.765076,-773.41235,-480.98444,-0.14017384,-1.1394731,132.7102,62.751408,-8.235789,239.4922,-0.006242127,-1.2302793,40.077007,25.80983,-19.66646,105.18093,0.15958424,-0.2867372,36.81821,30.771166,-35.253162,133.56522,0.72379684,0.9368408,18.786966,32.990173,-45.349037,107.14984,0.3443144,-0.09431958,2.3275652,27.116884,-74.32831,59.238716,-0.8481237,0.62847114,-3.1548202,21.383362,-65.60757,24.47158,-1.011127,0.36012244,2.3552139,17.596046,-41.86033,45.294323,-0.39073086,-0.15332842,-5.8520403,14.859425,-46.584087,16.452053,-0.6674014,-0.42777848,-9.243874,15.318995,-49.004745,20.187359,-0.36354405,-0.62110305,-2.696877,10.024896,-29.506271,16.124342,-0.7134018,-0.14804697,-2.9274576,9.503307,-30.731564,13.063177,-0.7814945,0.20533657,-1.7810329,11.002434,-32.26354,21.411922,-0.2908255,-0.03805256,551.8090461495449,378.87215976333704,3.8941597234343686,824.1084825124173,1077.103374564809,1143.0976765222392,438.37672679514094,0.010706617342715231,0.0106586845390173,0.5846913649103865,0.4636569,0.35000628,0.40502045,0.3419283,0.39590198,0.37438598,0.4114018,0.39762998,0.46746653,0.40226707,0.56616354,0.39123872,0.5896175,0.35967094,0.60958993,0.3795183,0.58234626,0.36160764,0.5887621,0.35184902,0.53441316,0.30246484,0.4558046,0.31785277,-0.007464029297743402,0.0520489093343874,0.02432801388947936,0.07497193640186095,-0.005306751522797294,0.13396947469547743,0.012596094635444208,0.0954134465981313,-0.003879865687429346,0.034687992872579725,-0.003107735184052076,0.03682151083817993,[103.359375],14,4.000777604976672,0.0072939703,0.0032889452,1.4847555,24.142705086545163,11.634673264620753,265.8249323691279,103.86267058541422,1648.71683631487,1283.9643238419062,0.9939859,121.39246091071588,17.60714237766762,84.33305895682803,161.9823763910578,0.06794038400114555,-0.1517365955237806,77.64931743422979,0.6754966887417219,3.4993197278911565,22050,/Users/will/Projects/SpeechEmotionCS3540/datasets/SURREY/Audio/KL_sa06.wav,KL_sa06.wav,KL,Sad,06,SAVEE
-658.7026,81.023254,-796.355,-497.28674,0.1144937,-1.2906777,134.85602,64.40552,-32.067543,250.37354,0.029343605,-0.8462515,26.805979,28.92669,-60.79899,112.80714,-0.5485398,1.1321826,41.988487,34.92319,-34.781273,152.09695,0.6812163,0.3188908,17.137686,33.055542,-54.650818,95.096924,0.090950616,-0.33923554,2.1455345,24.664194,-64.19576,62.15,-0.35219583,0.4183588,-8.09279,18.529198,-53.01733,26.970627,-0.37691644,-0.9343035,-4.6521277,18.135551,-47.588074,30.885597,-0.34320074,-0.5623245,-7.514637,16.308937,-58.29233,30.098421,-0.6141412,0.6469486,-5.2801356,13.764647,-45.415268,23.79821,-0.61982805,-0.19176507,-2.928037,11.345826,-36.329887,21.13663,-0.61724615,0.11208677,-4.0266943,12.755925,-46.576115,25.109756,-0.609388,0.18519783,0.24126725,10.230113,-31.048069,32.671516,0.37489495,1.1722498,922.7708920799544,647.2002721758165,2.9606112150892883,1620.5955269410438,1349.4796389558999,1466.749301410549,591.5439672762598,0.01977035679768041,0.023851867044336603,2.4513826226414492,0.43811122,0.32745084,0.42220426,0.29323277,0.40611762,0.29434618,0.40519825,0.31177694,0.44572204,0.3719594,0.38984445,0.32650262,0.42522815,0.3126064,0.51387614,0.30138916,0.5660198,0.2983679,0.53122693,0.33214575,0.4140957,0.33635187,0.40389198,0.35444945,0.016522398975392934,0.08286259725404789,-0.005232131044613991,0.07906734401432218,-0.012953789851907248,0.15582030996490207,0.036637934961730116,0.1037082225865726,0.008403145030315515,0.03255782204356999,-0.00960708830443194,0.04607140136299879,[143.5546875],23,5.107096462342527,0.0041481233,0.003146511,0.85382354,23.853905439583574,11.264893982572303,476.9645177358107,102.27053852237964,1880.1568905880501,1317.2326854499859,0.5587808,112.31679151417794,15.805276265770004,85.3129619008554,142.65235101161107,0.6516143190100662,-0.8919877910347243,57.339389110755675,0.4639175257731959,4.503537414965987,22050,/Users/will/Projects/SpeechEmotionCS3540/datasets/SURREY/Audio/KL_sa12.wav,KL_sa12.wav,KL,Sad,12,SAVEE
-252.01904,125.597115,-448.16086,-19.251656,-0.1376676,-1.0542147,96.890434,55.745632,-34.350697,199.82864,-0.20238632,-0.93273544,-9.014939,43.374153,-133.4903,90.374825,-0.40317187,-0.54183793,20.847155,26.072584,-25.987123,86.484634,0.68182003,-0.10545254,-21.257292,28.515665,-100.37668,25.69947,-0.439771,-0.39836478,-9.495193,24.494705,-60.803566,63.465477,0.3780759,0.36269474,-6.5752764,20.16159,-50.628918,49.480446,-0.13364111,-0.25097275,-13.657053,17.460812,-58.043274,22.389149,-0.12495727,-0.7993791,-15.116654,15.948489,-53.014736,20.43333,-0.010710149,-0.9156952,-4.840293,11.623058,-43.914074,16.471752,-0.758784,0.30570555,-8.543818,12.219858,-48.370213,17.796463,-0.39744008,-0.076891184,-0.58145344,9.006526,-29.026588,17.118559,-0.7093095,0.4806335,-1.3374698,8.175461,-24.808205,17.653357,-0.46775013,-0.20704746,1165.5717124308126,881.0767074436155,2.636287275233747,2119.208820049579,1660.4825125747125,1336.4573901067806,443.42704189591876,0.04755812424879808,0.0681308984306812,3.8984857466266285,0.4335938,0.36986157,0.45169207,0.3648383,0.43433088,0.363242,0.4324891,0.38021782,0.381344,0.37955347,0.35117656,0.39795908,0.29851803,0.37028754,0.27804533,0.35524476,0.28057212,0.35040858,0.3139257,0.35093805,0.3785855,0.38059312,0.382304,0.34687597,-0.01334058368759744,0.09354638043370031,0.0074249946179361925,0.0809051376785552,-0.0010224010799836198,0.16056458486739528,0.02222990189553561,0.16100380209450205,0.004705955731875473,0.04784235993451482,0.0028058999792287863,0.052913232857503524,[135.99917763],23,4.7803751531718355,0.19723079,0.19541323,1.1321696,26.122899526268046,12.565277348768873,747.2351493170298,378.98544180542166,1816.1942569958921,1140.1762666654263,0.73144275,262.0592959001081,50.692289382495225,122.75968568932456,345.2170030745703,-1.18355853062832,0.9350476310366109,222.45731738524574,0.6730769230769231,4.8113378684807255,22050,/Users/will/Projects/SpeechEmotionCS3540/datasets/SURREY/Audio/JK_f14.wav,JK_f14.wav,JK,Fear,14,SAVEE
-431.71454,98.79604,-533.8253,-168.3934,0.76984835,-0.79716516,91.870155,62.561153,-61.818375,216.395,0.29594126,-0.5509863,34.91004,24.76797,-45.281593,86.592316,-0.8482534,1.4370465,31.371357,24.700493,-22.998499,144.77377,1.8728977,5.55482,5.9429626,19.015078,-53.988724,42.8039,-1.6029984,1.7964654,3.7110934,18.44891,-47.36247,63.418076,0.052744713,1.8560767,-4.0275283,18.488903,-67.169365,33.42722,-1.4500076,1.8537107,-1.2864653,10.940125,-33.018776,15.503639,-1.2130997,0.920619,-1.0006863,12.350239,-36.12014,23.53109,-0.9838831,0.6677396,3.9972816,12.02819,-32.29681,43.720207,0.13660751,2.1203113,2.9742274,10.236824,-23.680752,36.24691,-0.2250358,1.3568215,3.3932896,9.663516,-23.156837,25.187054,-1.0382557,0.6119251,2.7944982,9.802876,-27.914711,20.034601,-1.1215551,0.3921194,520.7496649185102,759.9732941226631,3.2935901859416203,838.6509704589844,1548.965917648565,954.320130733305,540.2615795427921,0.0081268310546875,0.012006575173194844,1.3432542659774924,0.5796511,0.34317303,0.66503847,0.33727184,0.67105275,0.35183054,0.66498905,0.38148347,0.6746033,0.40690687,0.71479,0.3951547,0.73246324,0.36041623,0.688517,0.35676676,0.667031,0.3499627,0.615547,0.33775762,0.54129624,0.33289072,0.5013715,0.3295511,0.013361386746275539,0.06834115291060461,-0.030902067317714388,0.09275423565308935,-0.001561419147765794,0.10753599991534157,-0.007195638038684169,0.14308344131002707,-0.011473828626206845,0.04133160054644256,-0.0012663514818996048,0.03458106130678617,[89.10290948],10,2.706384858973415,0.070699066,0.05016165,1.5739625,23.472862841997767,13.23682971768422,187.96063376266767,156.22879656679552,1530.475554175688,1026.7745173454832,1.6836237,179.1546645472855,25.25351501933644,122.75968568932456,219.99999999999997,-0.3906242691309836,-0.6548619306875052,97.24031431067542,0.40625,3.694965986394558,22050,/Users/will/Projects/SpeechEmotionCS3540/datasets/SURREY/Audio/JE_sa09.wav,JE_sa09.wav,JE,Sad,09,SAVEE
-346.00095,110.01957,-503.90335,-120.1192,-0.1008911,-1.178168,120.06315,67.55401,-39.032234,232.66687,-0.1305497,-1.048797,15.162005,34.705708,-122.87598,80.26706,-1.0330733,1.7852902,47.141754,36.111023,-21.599598,142.86292,0.56664747,-0.46795845,2.1753566,33.431347,-88.5992,77.13029,-0.5712814,-0.15594578,-17.926851,30.13945,-87.32442,49.715958,-0.27995992,-0.84065604,-1.0310982,16.477673,-46.170143,44.3244,-0.45764205,0.6751461,1.7345173,13.188168,-38.372265,29.912567,-0.54946584,0.62740755,-12.910544,17.25887,-48.486626,13.987072,-0.22413492,-1.1950325,-4.1523056,12.001761,-44.60102,24.294367,-0.4452313,0.17281342,-1.6923074,12.987839,-36.864822,23.022594,-0.78169566,0.067249775,-4.7008233,10.673524,-32.14643,18.992046,-0.22067438,-0.5298047,0.76655936,8.033291,-25.97276,18.86415,-0.7097491,0.6527798,827.427741756533,768.3995020332206,2.155155240667962,1617.3904321755574,1711.336240600964,1124.0073191619508,573.3032263274579,0.01458001592356688,0.014241743823233165,0.5942907523683049,0.53445184,0.3328036,0.5283311,0.34299895,0.5390307,0.36983454,0.5300468,0.37578478,0.49806923,0.39524138,0.5011911,0.40355432,0.50940585,0.4063951,0.4709566,0.38396373,0.5085738,0.38739628,0.5046532,0.36814353,0.47315654,0.32329065,0.47476843,0.29023296,0.008703872354879958,0.04152081393155538,0.002857751842165377,0.06387948703110131,0.003557792146968562,0.1141960466470533,0.0306791215957061,0.10081903039385193,-0.009904098241857517,0.02980591578082583,0.008707125721629834,0.03523817624779318,[123.046875],20,5.4990273829118665,0.09202909,0.06566293,1.3515902,24.86538970335894,12.877889558611137,362.8684792383283,203.47386978608787,1536.402350211669,1162.663328110189,0.49950433,149.30035799840613,27.139722273794234,101.45478129445331,216.22053167995523,0.4578955517612548,-0.7014753977566262,114.76575038550192,0.5222929936305732,3.6370068027210882,22050,/Users/will/Projects/SpeechEmotionCS3540/datasets/SURREY/Audio/JK_n09.wav,JK_n09.wav,JK,Neutral,09,SAVEE
-350.62244,103.25348,-492.9889,-109.26168,0.38152826,-0.74612546,96.63043,58.79795,-14.437597,201.21683,0.016573476,-1.3897202,26.573265,40.983208,-107.36095,105.6508,-0.7915987,0.7514384,49.547688,24.911564,11.823816,122.72775,0.89945346,-0.057441473,0.88945884,25.230637,-66.63668,48.853683,-0.7362147,-0.036257982,-9.54698,30.173058,-73.07301,49.37606,-0.61311895,-0.7402158,-3.906416,17.73557,-57.990677,22.419376,-0.8744444,0.02363038,0.5514058,15.38623,-38.504616,35.936264,-0.35748327,-0.058107853,-6.9407763,14.989002,-42.537582,23.710688,-0.39702845,-0.67790246,1.071569,12.725064,-30.663803,33.511833,-0.25087515,0.024701118,-0.9127417,13.508577,-43.89959,31.514412,-0.86574227,0.6348829,-5.5776954,10.433601,-29.51006,15.02039,-0.3651823,-0.8470292,-2.9470174,9.437766,-23.731882,16.17246,-0.37581733,-0.82817173,928.1848342533804,872.2996765496649,1.8460859041018507,1990.01611035741,2046.1440974670472,1310.4144719496794,686.1906545015775,0.012812266092814372,0.015403151151768046,1.4260399598274511,0.55825716,0.34335586,0.5332851,0.35419384,0.47706777,0.36054173,0.46250802,0.3793183,0.5025623,0.39384073,0.5719615,0.39807886,0.57550645,0.38494283,0.5307891,0.36767155,0.57561547,0.35092387,0.5788842,0.31853148,0.51907533,0.29221907,0.49947435,0.30868044,-0.0023722132850852555,0.07328185528119799,-0.009950744887355468,0.05264727106995732,-0.03649224957150128,0.11130016615098301,0.0022484547609156825,0.09644284216398456,0.002701754452976071,0.03139559836310992,0.00046796533892571717,0.030858652524452242,[80.74951172],19,4.9041872007679075,0.085904256,0.07286807,2.183701,25.276225531066608,13.45870637291497,335.48378003727095,195.959731087094,1849.724003428122,1498.501492215578,0.27306917,144.13350530859333,31.434671193026087,98.56656061031477,219.99999999999997,0.7482187698331776,-0.4294973256812833,121.4334393896852,0.5389221556886228,3.874240362811791,22050,/Users/will/Projects/SpeechEmotionCS3540/datasets/SURREY/Audio/JK_n21.wav,JK_n21.wav,JK,Neutral,21,SAVEE
-430.18787,99.956825,-590.03876,-251.70786,-0.06161505,-1.3566264,131.44301,75.99663,-42.66858,263.5588,-0.02126952,-0.96185374,14.769497,34.564514,-68.26474,98.53262,-0.2267462,-0.78163457,33.075283,40.32392,-59.735096,138.39334,0.14992826,-0.13435268,23.29136,25.49543,-39.973,89.2281,0.102618344,-0.13653183,-1.2971165,23.016172,-46.13063,67.568214,0.28384337,-0.023536205,-19.143757,23.782606,-77.390045,27.924713,-0.008486697,-0.95235777,0.39387652,12.77929,-36.68679,27.84359,-0.6169321,0.2521124,5.861913,15.911854,-36.522217,53.973583,-0.12152509,0.29176402,-6.4679375,17.16653,-54.789524,24.09719,-0.22743876,-0.6518471,0.09337123,14.3382435,-43.807808,26.787867,-1.0875797,1.1912994,4.9741826,10.891267,-22.106281,36.03383,0.27239412,0.33229327,-1.445174,12.416122,-32.550034,27.274738,-0.18016466,-0.3522191,618.8323884713211,617.0481550334314,2.4865794965604424,1201.5648316801264,1401.5331183513665,968.2223046732934,505.1198181474176,0.009082579880617978,0.010997306211347892,1.006231167776885,0.60700774,0.29037425,0.6514807,0.32827988,0.58722925,0.3269536,0.59218156,0.3789464,0.5497704,0.39069372,0.548614,0.37683022,0.5493934,0.39397544,0.5301991,0.38742208,0.51950026,0.38220972,0.5152872,0.371335,0.49708056,0.33477348,0.5010249,0.29658926,-0.007819696393609375,0.05771491236443799,-0.0001778999418346578,0.07315355250949349,0.011582354931265026,0.13028870845354115,0.04075838341848531,0.10894568153994118,-0.004873480343539104,0.04158997862370814,-0.007400459350934344,0.038416077192640216,[80.74951172],22,5.325911531240736,0.05932244,0.023236534,1.208186,24.799828673805997,12.46761813401107,198.1833958489585,130.43461697060403,1588.4289115769604,1189.9228182707739,1.4532446,140.80183183843016,20.56604611817632,99.13755088719131,186.06888929891866,0.17716723790741998,-0.22434398762427232,86.93133841172735,0.42696629213483145,4.130748299319728,22050,/Users/will/Projects/SpeechEmotionCS3540/datasets/SURREY/Audio/DC_n06.wav,DC_n06.wav,DC,Neutral,06,SAVEE
-417.26892,85.087555,-553.51904,-256.1255,-0.10210139,-1.104529,137.70328,66.611984,-50.084274,246.81207,-0.28136376,-0.35575628,31.674505,28.960026,-50.6427,81.598045,-0.85379136,0.12569714,39.445713,43.6051,-44.419197,136.35524,0.18856752,-0.7508433,25.305357,33.183167,-40.54133,98.17176,0.24682146,-0.63396263,-8.360941,29.641935,-66.315575,64.10416,0.102403186,-0.35238075,-20.914291,26.174828,-75.37501,24.853539,-0.2992912,-1.1058638,5.3462152,14.366114,-33.538486,48.014713,0.38030353,0.99428153,-0.38267657,10.262726,-27.780296,27.91062,0.14639561,0.09209466,-14.535843,15.846114,-50.92443,8.241646,-0.5883225,-0.74496555,-2.090464,10.027692,-25.19519,26.320702,0.2891656,-0.13279176,1.7187129,9.035559,-20.799095,28.10392,-0.15948205,0.48710608,-2.2847567,10.19064,-25.969477,22.339718,-0.28040823,-0.6284294,592.967088875566,649.9406510337486,3.6364981655473625,1042.1068768168604,1372.5639950427792,931.8505993012053,514.4734680478634,0.012506056201550387,0.011758789750857779,0.5109201307019737,0.54387283,0.3641888,0.4704396,0.37580803,0.44330084,0.40446046,0.452211,0.41570482,0.48263538,0.4102596,0.49133462,0.3959072,0.47845018,0.42363995,0.44442707,0.37900218,0.49141395,0.38030607,0.5761422,0.35494977,0.56692183,0.33425355,0.5498263,0.3090826,-2.2393202197455557e-05,0.08136807589893234,0.040245021974913094,0.098776245749218,-0.022902687163229733,0.12272250017918217,0.002394226827304466,0.17861088732844504,0.011858814079213683,0.034181362759910336,0.012979330306389088,0.06477729207404508,[61.5234375],16,5.381658429434377,0.06654482,0.036375687,1.9115366,24.82357996173588,12.243459539273093,219.12239750103794,150.5350644889216,1414.9890594211479,1052.9566872132825,1.2612579,132.77085824205838,20.563763047986445,111.27813843321147,189.3213161937526,1.5254908606072206,1.6866015985221106,78.04317776054114,0.5503875968992248,2.973061224489796,22050,/Users/will/Projects/SpeechEmotionCS3540/datasets/SURREY/Audio/DC_n12.wav,DC_n12.wav,DC,Neutral,12,SAVEE
-375.21075,104.45156,-532.1807,-145.98755,0.15901263,-1.1108316,124.665405,66.829094,-54.767914,231.86497,-0.298608,-0.8411367,22.834156,40.533398,-91.65194,107.730705,-0.7085597,-0.069569826,47.398697,35.72948,-27.085327,143.30345,0.7733928,-0.044053555,6.1602283,29.745201,-83.61885,68.03318,-0.5662993,0.41435838,-17.428038,30.704762,-96.790825,51.705116,-0.24320862,-0.9156563,5.643343,13.9455185,-37.820457,49.724648,0.36782616,0.90383196,-1.3739858,16.016237,-39.43355,39.990677,0.03204233,-0.36685753,-16.350372,18.573687,-74.47923,22.389328,-0.15957503,-0.55163646,0.75708336,9.878155,-28.338203,29.182547,-0.37590986,0.18359447,-0.05206526,12.7270975,-36.654785,29.695177,-0.42048037,-0.19510818,-5.4752502,11.76931,-33.61618,23.248375,-0.18804964,-0.5469816,0.69212216,7.8902187,-23.253042,16.462557,-0.63524765,0.016057253,695.3681324820913,624.5168342460366,2.1428297527384954,1409.1919877146947,1495.042372130604,1026.1546142484628,511.4194486497796,0.013567509541984733,0.014285114337210959,0.7840551141399997,0.51888144,0.34882993,0.49663946,0.37340212,0.45154193,0.37921622,0.44428864,0.37001917,0.48049116,0.3716345,0.49600837,0.37859198,0.49628395,0.37655613,0.5458261,0.36879957,0.56836987,0.34043008,0.507268,0.31270978,0.48318055,0.3197288,0.49449345,0.3225361,0.013031036950444186,0.063617429436607,-0.012494976728180642,0.06538076913423264,-0.018733422303899797,0.12775700764690953,0.028235386314140173,0.11211082407310376,-0.006250122152341484,0.0371894408829524,-0.0005207172006666941,0.03247131376464672,[103.359375],26,4.276539084120934,0.06968184,0.04388192,2.2079813,24.8650524740743,12.462588713600292,286.13734991030793,190.29186038427937,1484.9981366524398,1125.9501018783146,0.5312377,122.96713703469034,14.895818898128843,100.87044475251382,153.77669275969214,0.46593735877937137,-0.7637478767574093,52.90624800717832,0.3015267175572519,6.07968253968254,22050,/Users/will/Projects/SpeechEmotionCS3540/datasets/SURREY/Audio/JK_sa14.wav,JK_sa14.wav,JK,Sad,14,SAVEE
-326.21692,126.50408,-485.81747,-55.69193,0.10491853,-1.4466307,115.79263,66.937706,-3.7559638,228.1954,0.065829515,-1.4731158,7.315864,43.09613,-108.48485,91.76045,-0.74971473,-0.37502575,29.961927,29.057373,-31.476212,121.46895,0.6330353,0.87959266,-4.3910484,33.01007,-94.14499,60.28846,-0.9400395,0.19741654,-11.66776,27.77815,-78.21329,48.482094,-0.48726124,-0.80574536,6.615628,16.498173,-44.876656,46.10591,0.436689,0.5625446,-0.3597961,11.7314625,-34.14975,39.029976,-0.493248,1.283381,-8.846487,15.979842,-54.494095,19.398527,-0.76386714,-0.21919012,3.3896267,11.697762,-30.746964,30.168861,-0.27534893,0.68833184,1.1112247,13.42315,-35.247475,38.023678,-0.4784596,0.36040735,-1.6488296,10.118607,-29.356674,22.598612,-0.5278093,-0.42541456,0.11953375,8.829975,-23.528477,28.566574,-0.3622819,0.06418133,759.8405540906055,686.634579942799,2.2960730194302985,1456.5756967905406,1584.496069917894,1076.6511599242901,511.3669876038693,0.018810705236486487,0.022731963525415864,1.7875470725008857,0.5564893,0.32857552,0.56161344,0.33321485,0.5486708,0.3538209,0.56002814,0.3815134,0.5818068,0.39545202,0.5800633,0.40448427,0.5761501,0.39067897,0.558277,0.37421077,0.5659822,0.35304883,0.5751251,0.3512032,0.5438781,0.3225828,0.5109668,0.29360816,0.0034416897672954476,0.06074369576395382,0.0050896626141940515,0.06689630564105983,-0.0064292686362126174,0.11091722110948354,0.022189174184726223,0.10811143080481439,-0.0039199206260472986,0.03520639052217897,9.330105086842237e-05,0.03418985665374092,[67.99958882],15,3.4956720251117663,0.11204935,0.10236032,1.5866728,24.69398468077013,13.07886575073875,340.55086352072436,225.05035775483384,1514.956506155004,1012.4248133674154,0.38215604,143.50769315924873,32.254294901155376,101.45478129445331,233.08188075904494,1.101889692733591,0.43920835898212385,131.62709946459162,0.5027027027027027,4.2910204081632655,22050,/Users/will/Projects/SpeechEmotionCS3540/datasets/SURREY/Audio/JK_sa02.wav,JK_sa02.wav,JK,Sad,02,SAVEE
-430.2339,89.226875,-567.233,-251.83195,0.053277045,-1.3219371,127.21863,72.697586,-18.364632,255.10757,0.013942899,-1.172335,33.580322,35.525177,-62.928154,92.530655,-0.5991068,-0.24392796,36.355564,35.33503,-46.760437,123.23761,0.3120849,-0.133816,20.991451,27.469736,-46.27457,83.97267,-0.054538757,-0.46278167,4.6554556,24.949154,-60.822006,61.771065,-0.13850573,0.099674225,-16.830965,25.167168,-72.087616,37.96067,-0.09162127,-0.8788712,-0.78454846,13.632012,-44.19018,36.936813,-0.36672625,0.39717317,0.18065761,12.4434395,-37.37359,24.697575,-0.5414073,0.12763333,-8.170275,15.590944,-52.25437,31.259003,-0.25957623,-0.36751604,1.0674044,10.666901,-35.43346,19.260992,-0.8093226,0.32214713,3.0293577,8.540688,-31.341923,20.021294,-0.74592,1.7870917,-3.0497904,10.95411,-33.9056,17.985813,-0.66756034,-0.35518813,635.4727183725976,654.8811658200008,2.0645290058986987,1297.7895883413462,1670.5844130957307,1007.7462646071247,646.082611298693,0.01043231670673077,0.012339164496091385,0.9777292863903673,0.5217613,0.34621808,0.51385105,0.34632608,0.55163944,0.36910108,0.56081295,0.3834839,0.51162547,0.3884904,0.5177037,0.39481157,0.52107483,0.3930743,0.5066434,0.40151054,0.5268894,0.3840533,0.5812775,0.3409664,0.59906185,0.31560236,0.53327155,0.30181947,-0.007077604894963708,0.060173834087459695,0.014309159745260404,0.07481052066034469,0.023925039206798202,0.12979234442262236,-0.007571268367032289,0.1332099679607364,0.00822228363343251,0.042852514142627376,-0.00538496827730567,0.03907177561629753,[135.99917763],16,4.437177713495158,0.058783434,0.02792284,1.7093982,24.6295012819352,12.64843052755853,187.85092394478247,138.1396660904803,1523.798425117064,1253.9199593332482,1.9460208,126.99285876885105,21.138809431726663,95.76056196257365,173.60841241450115,0.5263339820905397,-0.9676936337769453,77.8478504519275,0.4551282051282051,3.605895691609977,22050,/Users/will/Projects/SpeechEmotionCS3540/datasets/SURREY/Audio/DC_n04.wav,DC_n04.wav,DC,Neutral,04,SAVEE
-421.29938,86.30351,-562.55,-256.2953,-0.009797048,-1.2023913,124.10907,69.931656,-53.523407,253.46109,-0.22511,-0.8841944,32.0024,28.46947,-32.00392,111.85599,0.06784542,-0.0537076,40.62478,29.310886,-34.600323,110.73133,-0.09397202,0.24934602,24.401281,34.300617,-56.660397,103.44071,-0.23900908,-0.21045876,-2.0155256,26.92358,-66.82092,67.1747,-0.1591315,-0.10412836,-20.082985,25.689968,-76.79159,21.746223,-0.21146639,-1.2391639,0.301519,13.614405,-34.422173,40.782024,-0.18571705,0.544641,3.2262416,11.714586,-25.136898,29.606453,-0.08623261,-0.33688498,-9.837504,13.711288,-43.800323,11.407376,-0.37499204,-0.9762132,-2.080883,10.635627,-33.008633,19.769722,-0.44711697,-0.35282516,1.4372957,9.60505,-23.583761,27.001204,0.06120176,-0.030519485,-2.497307,9.789963,-25.618393,17.725998,-0.43166283,-0.81560946,604.2529322389769,629.5829501355528,2.3872844344404403,1186.2296594440609,1594.7475407830727,964.4110926618617,608.4400141084108,0.011559586498618785,0.012716656496944633,0.7450670056836745,0.5888639,0.3354499,0.5450527,0.35967943,0.49970588,0.38735875,0.5410946,0.41405964,0.5064535,0.40711975,0.480625,0.41351035,0.51199466,0.40942973,0.5003883,0.40769026,0.43981394,0.38943827,0.46115214,0.38079202,0.49607673,0.35644114,0.5243399,0.30904645,0.013010140279935798,0.06926073143632298,-0.023981635742180575,0.07529340556240915,0.04923455286462292,0.1416129665593824,-0.00294427923827336,0.109099619884046,-0.018639319978700893,0.04086559021108183,0.0033668392712188715,0.034007628858800557,[99.38401442],19,4.541808050475375,0.06825309,0.033849042,0.9340443,24.7517749213963,12.484479060702522,202.86815523152336,137.5030393822691,1585.782965940541,1385.9883716916818,1.3853123,134.04655052818134,21.178456080145352,103.22817963382575,191.5211239251473,0.9231072158407391,0.28332636546128365,88.29294429132155,0.5414364640883977,4.183356009070295,22050,/Users/will/Projects/SpeechEmotionCS3540/datasets/SURREY/Audio/DC_n10.wav,DC_n10.wav,DC,Neutral,10,SAVEE
-363.68073,113.884094,-510.44632,-151.89583,0.1134862,-1.3484107,105.331055,77.1744,-66.50906,216.64609,-0.29252213,-1.0157429,24.245949,37.767456,-100.73778,93.05887,-1.4038497,1.6307564,42.94255,23.828938,-50.07077,100.56491,0.010797924,1.4240551,-9.075322,29.480682,-63.253906,41.601402,-0.34020674,-1.2604369,-4.020449,31.179562,-80.86799,56.60407,-0.42789665,-0.49570465,6.791297,17.472654,-47.12796,50.4814,-0.31792966,1.0975919,-3.1907282,14.6208515,-33.09032,28.143639,-0.35346073,-0.7395072,-15.666956,20.742456,-67.787704,19.368053,-0.5453753,-0.88839865,2.8179846,10.025905,-19.097626,32.826134,0.20203255,0.3654263,2.7916348,10.752811,-32.70545,29.458092,-0.95547825,1.702848,-1.7865291,8.008582,-26.59259,19.59541,-0.5422523,0.11251426,-2.5687745,8.935661,-25.837624,20.851284,-0.36002705,-0.23080492,1006.021040786266,1112.521699954737,1.631928467560205,1866.689453125,2150.8848325462836,1234.6189795669527,730.0477819977395,0.0134765625,0.01662072100555298,1.165727400923689,0.5618177,0.31714737,0.5483502,0.33245897,0.5259484,0.3775631,0.55045205,0.39714238,0.5734557,0.37030265,0.63763595,0.38043386,0.62450916,0.3650367,0.5799905,0.37614575,0.51528436,0.3710204,0.4799365,0.34609234,0.49273038,0.328906,0.50059664,0.29422805,0.003761518627874597,0.047009310507560936,0.01846176029941901,0.07001163145158924,-0.014656673882295034,0.12551982215055027,0.02074543634360533,0.08722836495715702,-0.005346576268687752,0.03441772174428722,0.001295349859046189,0.027728408525928727,[123.046875],13,4.175771348658334,0.08065879,0.06283303,1.8635222,24.49390704593399,13.755564675252234,351.51736460886156,247.75943465971525,1795.8099533318457,1593.6929522721287,1.222123,137.69103257112087,23.14675896222633,104.42763330455712,177.66631669600923,0.47121715602139125,-1.2795745954153306,73.23868339145211,0.4444444444444444,3.1131972789115645,22050,/Users/will/Projects/SpeechEmotionCS3540/datasets/SURREY/Audio/JK_n23.wav,JK_n23.wav,JK,Neutral,23,SAVEE
-248.62555,130.05545,-445.0626,1.1691455,-0.23156443,-1.2444491,101.004326,58.795387,-17.130363,196.72653,-0.26500908,-1.3597265,-12.367321,43.512207,-130.01822,50.769855,-0.62570024,-0.62137246,23.692114,27.780706,-33.070644,104.26903,0.50004685,0.19564342,-12.018241,28.986391,-87.2269,31.663124,-0.5178193,-0.72645783,-7.581183,26.03637,-55.50856,77.77777,0.39443776,0.12872052,-6.4686203,17.397182,-54.421944,26.723013,-0.6824773,-0.10711861,-9.69503,18.265535,-66.69714,25.36054,-0.633175,-0.18278074,-12.086573,14.580604,-54.03834,14.177731,-0.3024479,-0.6563821,-2.04006,10.311508,-28.508842,25.157927,-0.31208885,-0.08469343,-5.762041,14.40123,-42.935562,17.695717,-0.85973406,-0.056289196,-6.2427835,9.616789,-42.739983,11.234037,-0.56836975,0.30356336,-4.727533,9.267635,-29.018318,10.080309,-0.7650143,-0.04758191,1210.891449469011,924.860301606838,2.290917063723139,2317.1810420866937,1688.558225568979,1352.6036045207006,503.18562422637723,0.04501008064516129,0.05578053874501185,3.4864905375325304,0.38192138,0.34392598,0.40610567,0.33976027,0.45277822,0.3655357,0.4148344,0.35453308,0.41964093,0.36086172,0.5029533,0.4088731,0.44773984,0.35419196,0.4541182,0.35741076,0.42234033,0.365207,0.36033463,0.35261226,0.3157184,0.3459938,0.3262595,0.32424068,-0.009053252761218778,0.10617393810642466,0.01865320221383021,0.08357352521829362,0.005203265384319757,0.1543762368644552,0.01168518249666449,0.15294770835588029,-0.007376340968183585,0.048067285851082386,-0.01178493336323765,0.045085784377871835,[107.66601562],17,4.735166681404191,0.19654423,0.17686017,0.82008857,25.48856371630409,12.66341377996952,701.8278026026653,355.4823297635259,1785.8466405642062,1137.3984380452425,0.8300501,362.472303727449,421.537701681188,168.66611791365605,1661.2187903197807,2.6184412932503833,4.9686967024426165,1492.5526724061247,0.7096774193548387,3.59015873015873,22050,/Users/will/Projects/SpeechEmotionCS3540/datasets/SURREY/Audio/JK_f02.wav,JK_f02.wav,JK,Fear,02,SAVEE
-627.9182,76.0135,-760.87555,-475.9376,0.0050917976,-1.2551574,129.32529,64.40971,-26.722473,241.50673,-0.22295293,-0.960372,44.069466,27.570484,-39.94387,104.94054,-0.5342413,0.20695043,31.125584,29.922314,-46.633545,114.76563,0.5039662,0.34154558,3.8449192,29.08016,-75.35041,79.195496,-0.267648,0.12806606,1.5614878,25.084602,-87.01364,79.60788,-0.84564036,2.3321228,-4.1104593,17.502062,-56.83794,30.100525,-1.0313187,0.6535075,-4.913919,17.26251,-49.183243,37.73226,-0.58650076,-0.19585466,-9.999935,14.8712,-49.552864,15.050272,-0.51333034,-0.611562,-12.361464,17.094074,-56.98073,17.84684,-0.5243972,-0.61180615,-5.8460813,11.039996,-37.512894,16.610334,-0.434975,-0.21845555,0.93164617,11.599347,-34.326576,37.019836,-0.46082044,0.86170936,2.3613853,11.734088,-39.782185,44.795204,0.025945432,1.788877,931.4967308056911,801.6254732441179,2.7629334457457193,1569.5488424862133,1530.9145582844478,1370.9191499516544,595.2640563766781,0.024038277420343136,0.032323900783665954,3.1930268124458325,0.52072495,0.28975478,0.47401854,0.30529946,0.38202664,0.29275393,0.3432202,0.31181875,0.34571996,0.34479743,0.3803155,0.3444847,0.3979841,0.29985875,0.4841583,0.32550332,0.50173867,0.31745476,0.45364785,0.3000145,0.53326964,0.33653474,0.56462413,0.31805414,-0.012836353344102151,0.06040289378581415,0.002371205826966052,0.04625986170720142,0.019001305445699567,0.09299735893643542,-0.0007376838840694711,0.10661406965352423,0.010470895075111626,0.03765068042281352,-0.004260508665431442,0.026193393188174582,[89.10290948],22,4.651809516503328,0.0045903577,0.0037330945,1.6849039,23.832708707349063,11.51148729168422,457.46358319831336,99.03872457665531,1616.8695367289315,1306.8589922598203,0.17649636,122.90891248046405,22.207344344288394,85.3129619008554,169.64319079487348,0.256736405869551,-0.8275367959547433,84.33022889401808,0.45588235294117646,4.7293424036281175,22050,/Users/will/Projects/SpeechEmotionCS3540/datasets/SURREY/Audio/KL_sa04.wav,KL_sa04.wav,KL,Sad,04,SAVEE
-655.9465,84.70733,-799.1821,-474.59518,0.13943882,-1.2070233,135.52538,68.29527,-36.825706,255.97644,0.032693554,-0.9227948,20.05706,28.018435,-50.256187,69.43477,-0.69930273,-0.41533208,40.638966,33.642803,-26.023653,149.95428,0.91490376,0.5026934,13.536482,33.301113,-65.10567,104.1815,0.30564764,0.1772821,-3.628404,25.616953,-79.03852,36.045486,-1.1038083,0.5718355,-11.547462,18.356377,-58.890537,19.462107,-0.49614364,-0.81984806,2.8436227,16.926765,-31.8534,39.06782,-0.18150538,-0.7794657,-5.342064,13.8850765,-45.473755,22.368603,-0.42276758,-0.44943857,-8.745487,15.544797,-46.389366,18.294317,-0.5339685,-0.56691384,-1.9392586,14.230824,-46.680847,19.3671,-1.1052592,0.525151,-2.289724,12.830862,-44.232018,22.74134,-1.0585713,0.93469834,2.823328,11.128656,-27.75462,34.317406,0.12839174,0.708374,947.6426601703188,648.873137569875,3.1596585842992524,1709.3032581180169,1304.752028414704,1471.4037701055877,570.4292821024259,0.02057055254888268,0.029887097483710275,3.5567325314226355,0.42365703,0.3038582,0.4044525,0.29172003,0.42324692,0.3149335,0.4424899,0.3515513,0.45243677,0.35105342,0.4323779,0.29565126,0.48307076,0.31020078,0.5180119,0.317813,0.5148304,0.30520022,0.5530666,0.34313813,0.5136218,0.3209445,0.4649468,0.3294089,0.011180245657831465,0.03498699437337741,0.0023088082527074217,0.0640795361530778,0.03515027094028798,0.11857184871743323,0.0006998760740179314,0.10210672339824134,-0.0016609755033364657,0.03146009365248926,-0.011199260584479292,0.03398111482867761,[95.703125],17,4.09278508101498,0.003885445,0.0029972382,1.2659496,23.692299700109526,11.515272643568448,511.5780286302884,98.60602779275584,1862.025524172554,1331.5414864750455,0.20168346,115.17582968586457,17.298697534380178,89.3477635991859,161.9823763910578,0.5418396858942971,-0.42657420957024517,72.63461279187192,0.441340782122905,4.153650793650794,22050,/Users/will/Projects/SpeechEmotionCS3540/datasets/SURREY/Audio/KL_sa10.wav,KL_sa10.wav,KL,Sad,10,SAVEE
-314.33682,118.94447,-482.56644,-50.58035,0.23715794,-1.133994,111.122665,67.88265,-36.243156,239.18878,-0.124165796,-1.23559,6.2989907,48.634464,-117.98727,87.57557,-0.58620226,-0.5996709,23.538893,27.300688,-28.310799,116.68699,0.79313546,0.77477574,2.995815,32.204803,-80.542015,65.89845,-0.61194843,-0.20660782,0.70288694,28.451906,-74.754135,83.140564,-0.045440257,0.2244978,-4.385667,15.128897,-47.459076,23.779562,-0.41589406,-0.6279361,-3.79222,13.111707,-41.68476,18.898373,-0.5836982,-0.23831654,-6.385193,15.781726,-50.414474,35.659184,-0.45621333,-0.39604998,-3.9723725,10.67237,-39.05418,20.209473,-0.34846324,-0.14666414,0.2658326,12.373007,-36.062073,25.120895,-0.69422084,0.0844152,-2.3253007,10.798494,-31.484661,22.680477,-0.26928058,-0.3885436,0.11793608,9.271754,-23.1268,23.62151,-0.13250144,-0.4345963,902.3079373316524,817.8046348809911,1.909339092687363,1689.4426747001844,1733.8139358110054,1150.212912690506,611.7824894354545,0.017360110124538745,0.018814528003986856,1.0335964756013043,0.500364,0.32604083,0.50987506,0.3436097,0.46837485,0.34911215,0.4756638,0.37228358,0.48844904,0.3775875,0.5336139,0.3753718,0.54855424,0.38123593,0.45088357,0.3617304,0.45110813,0.3675798,0.4748323,0.35951465,0.48029912,0.3325946,0.48164937,0.31013283,-0.0019625517806975855,0.055692457210475346,-0.00776683042219852,0.07121440833034678,-0.0027123502768388024,0.12274171642103308,0.0037289877607726675,0.09487748132595863,-0.0024403065789143355,0.03600104111567328,0.0004337191400444921,0.029783032962756768,[99.38401442],28,4.452007874299642,0.10862901,0.10306987,1.7914531,25.03665235673728,12.57208152001712,343.7533062793055,222.1549811312458,1712.821471347058,1392.7237159096305,0.22839324,152.3360403239734,34.08281980887775,100.28947374140385,244.1052838549259,0.9645887959405482,0.6066031810468431,143.81581011352205,0.4280442804428044,6.289297052154195,22050,/Users/will/Projects/SpeechEmotionCS3540/datasets/SURREY/Audio/JK_d14.wav,JK_d14.wav,JK,Disgust,14,SAVEE
-306.88614,115.8185,-489.94623,-126.231636,-0.40297034,-1.3238739,121.03308,58.242756,16.225607,205.96387,-0.46293834,-1.3128346,-7.0665755,36.257656,-81.17375,66.4097,-0.21288966,-1.1619602,11.869515,30.45582,-52.582947,79.45615,-0.3594803,-0.53343034,15.432594,23.073835,-51.158745,62.157402,-0.19095135,0.043652296,-1.3071132,17.180166,-44.104668,50.326878,-0.19056264,0.0262568,-33.333603,30.68773,-86.77685,16.567545,0.30351275,-1.2853676,1.0806376,13.262177,-35.64212,28.534258,-0.61542237,-0.060172558,-2.627166,11.850615,-28.839506,22.33461,-0.25998962,-0.78629875,-16.874249,17.691832,-47.515293,10.656661,0.1269777,-1.2978154,3.3202918,12.644609,-28.885052,30.069551,-0.3753305,-0.22925472,-0.013656824,8.035743,-23.818392,18.644272,-0.31170776,-0.16111207,-9.035175,12.43896,-33.954803,15.953234,-0.104304895,-1.1954278,758.4398707113114,517.094115647129,1.6237332321988365,1410.791015625,1236.4657545094653,1025.9858680214174,404.96532109008234,0.02604830994897959,0.022065991963930533,0.3986395038596218,0.33175248,0.37171602,0.3266731,0.3850593,0.33493945,0.4021387,0.36161238,0.4201045,0.44851425,0.42102754,0.53614247,0.43138924,0.51054764,0.4323289,0.468004,0.40953732,0.47372645,0.39106774,0.62086487,0.3498635,0.580976,0.34641847,0.37634972,0.3424911,0.035852779458619,0.16636686308524495,-0.0074311745687572215,0.11431436930380434,-0.10407688313791089,0.1941185144282565,-0.041521277555841875,0.16680477832368382,0.007351401270669346,0.05034931171953016,0.025666283030573007,0.07566859958190192,[184.5703125],13,3.827767169201597,0.15328594,0.10116711,0.30393437,26.94903945204745,12.774511889955688,468.57042196263717,278.84729789741095,1472.889790624432,725.1349692920749,1.8187464,216.423769381815,17.951318269071734,167.69467255813382,260.1187129259726,-0.7334673505795606,0.0607258332846925,92.42404036783878,0.6598639455782312,3.396235827664399,22050,/Users/will/Projects/SpeechEmotionCS3540/datasets/SURREY/Audio/DC_h02.wav,DC_h02.wav,DC,Happy,02,SAVEE
-344.6193,118.171364,-475.72485,-136.16776,0.23417065,-1.5681306,89.16523,58.18865,13.49012,205.39592,0.06472127,-1.5481905,6.782746,31.81568,-63.738503,91.71047,-0.30855227,-0.4511609,22.225763,26.332855,-35.408283,85.98034,0.2295988,-0.14443421,15.054668,23.702913,-54.26423,62.99012,-0.549359,0.46257186,-0.51425314,15.332532,-39.2872,20.096529,-0.7241639,-0.7723777,-17.431837,28.986767,-80.83792,14.997965,-0.51143986,-1.1013864,4.6794877,6.958223,-13.340431,15.382908,-0.91410375,-0.028498411,-0.14171523,10.359448,-38.06929,16.771475,-1.0967516,1.1473751,-10.900853,19.209007,-52.19491,10.352217,-0.55898416,-1.1042994,-0.55331516,13.279428,-31.115993,28.518938,-0.41933888,-0.67674136,1.2016063,6.1965785,-14.17256,11.781952,-0.5201516,-0.8473084,-2.045948,10.056271,-27.641758,14.72542,-0.6868127,-0.6743336,531.2465531940866,435.20645113818415,0.9206714534243043,927.13623046875,1045.6551231935002,931.9051173200618,355.14822768808784,0.01673110650510204,0.01939783121297422,0.7897227208500428,0.5478241,0.3871912,0.4649014,0.42099088,0.45818216,0.45127508,0.47108972,0.46470827,0.51274765,0.4668538,0.55936515,0.45508754,0.5506964,0.44828352,0.5025051,0.4283734,0.4952755,0.3971218,0.54707813,0.35323414,0.6284245,0.30970362,0.64119077,0.32158205,0.011388516086840344,0.08245327107674046,0.01536177279904499,0.1402326062924705,0.07109398072423871,0.16115594385004783,-0.002397330349539722,0.1899622987603563,-0.0063142846091305575,0.05508821680798192,0.0006908339861666874,0.06207394084292004,[172.265625],9,3.9749624436654987,0.14032337,0.115143605,0.686337,25.428732727053408,13.18441582890162,335.69383241051327,259.59320207734174,1509.9243902441194,708.4439745066113,2.894447,221.39491684182173,39.87431522637756,124.18608452867444,261.6255653005986,-1.3375805454318574,0.5254672739648885,137.4394807719242,0.5612244897959183,2.264172335600907,22050,/Users/will/Projects/SpeechEmotionCS3540/datasets/SURREY/Audio/DC_h03.wav,DC_h03.wav,DC,Happy,03,SAVEE
-300.4728,101.94004,-446.002,-58.956318,0.06467176,-1.2254376,93.83918,66.16862,-80.274475,222.6977,-0.17958543,-0.86085176,8.527953,39.631096,-100.79186,67.699066,-0.9717051,0.004744053,23.877096,27.657995,-53.970623,104.48445,0.19596809,0.9240849,5.7081847,26.616568,-76.41274,57.468246,-0.7991808,0.4500177,3.633279,31.21999,-70.49948,77.8062,-0.10642797,-0.17049551,-7.0027695,18.683987,-64.16355,26.393585,-0.53471005,-0.29487634,-4.372295,16.318129,-44.84712,38.56427,-0.085176565,-0.35730362,-8.252193,15.71321,-48.942623,23.172249,-0.48956993,-0.67960644,-3.6415262,10.105,-36.870255,25.412006,-0.467051,-0.20601988,-2.0950367,13.679107,-44.51449,32.72646,-0.4100344,0.32685566,-4.3279448,11.947927,-37.69639,35.1931,-0.10998997,0.089131355,-0.58842784,9.026946,-27.67167,27.870409,-0.38004094,0.35675216,1085.3729559584826,1168.2667791781676,1.9862268384065849,2036.3800955290842,2104.359483872652,1207.129173533133,701.7352243886191,0.030420083023927392,0.0457193471146895,3.091928833024065,0.46045128,0.35633355,0.44299763,0.36614394,0.42705423,0.36739054,0.432801,0.37560195,0.4453135,0.37100053,0.53595835,0.3897083,0.5242838,0.39288047,0.45322472,0.38745347,0.48221782,0.37389782,0.47109205,0.3507954,0.42592967,0.33539602,0.43074238,0.33261457,-0.013733362581566546,0.07053523735996943,0.011314007059505424,0.0717910062071333,-0.0166026821034188,0.1131117297709815,0.0342347684343995,0.12285357807907621,-0.017878445080537233,0.037275992866046485,-0.017647826822824987,0.03155123097719483,[86.1328125],27,3.850208241715601,0.10028176,0.0892467,2.2286732,25.180016762202566,12.660937859132517,504.0652974934827,621.031253908601,1743.1387821184705,1503.6406676172305,0.23003563,156.6009029561603,34.42020661592929,97.99885899543732,242.6993408760242,0.46058081163211356,-0.48856552276036735,144.7004818805869,0.5346534653465347,7.012607709750567,22050,/Users/will/Projects/SpeechEmotionCS3540/datasets/SURREY/Audio/JK_d15.wav,JK_d15.wav,JK,Disgust,15,SAVEE
-631.2206,90.65483,-763.4391,-469.12628,0.12335687,-1.39655,126.753716,66.1536,-43.691887,236.35744,-0.19661166,-1.0485069,35.506954,28.043327,-48.179672,83.87375,-0.65301216,0.10085726,33.000954,27.24565,-31.62185,114.4319,1.1400696,1.6661854,10.363251,24.951658,-66.96641,75.21602,-0.56239253,0.5768986,-2.721267,25.792128,-70.3575,60.525024,-0.5919312,-0.3381219,2.1209283,17.101852,-49.236828,37.399357,-0.91802424,0.40281773,3.9488819,12.901924,-34.59324,30.763298,-0.6150972,0.10721469,-10.269221,17.855509,-55.993423,18.626768,-0.53103125,-0.6043973,-10.204862,18.511381,-49.242626,27.072575,-0.1181058,-1.1130636,-4.238671,12.41793,-32.5524,28.036572,-0.2631744,-0.46923137,-1.1713424,10.090369,-36.144875,22.533096,-1.0208669,0.98226047,4.4431286,9.261616,-26.792904,41.940956,0.8046758,2.3515587,765.534707491782,668.9325836958417,3.29164005550906,1203.9673362316946,1391.734018162602,1285.849375619684,518.880499354876,0.019876520005230127,0.031770458151924814,4.470287148048935,0.45113555,0.33106923,0.37520424,0.31398317,0.3478734,0.34115443,0.35966703,0.36373016,0.4224406,0.39533427,0.4670463,0.36941987,0.514467,0.3401336,0.5358009,0.3279528,0.54489326,0.3412699,0.55047137,0.34302327,0.504708,0.31227285,0.49598408,0.3380794,0.0013493725766400048,0.063580309972072,0.005480726780954431,0.09194695102114962,0.013436572824966691,0.11415530181480081,0.0352732367525223,0.14954638527247938,-0.004986359687397928,0.039627233762000696,0.0041115451555419034,0.04480405463582754,[112.34714674],23,4.157682879839973,0.0058029923,0.0041343984,1.4053922,24.04462030774913,11.490913598286621,383.3879563491733,138.0679729835224,1741.6682447766966,1320.9131144794578,0.63817334,116.33487224843321,15.837614698970123,84.82159539743674,151.1349012203898,0.057111941741009725,-0.9029221668202623,66.31330582295305,0.5062761506276151,5.531927437641723,22050,/Users/will/Projects/SpeechEmotionCS3540/datasets/SURREY/Audio/KL_sa11.wav,KL_sa11.wav,KL,Sad,11,SAVEE
-328.7117,95.652664,-482.57986,-115.15001,-0.031403586,-0.8858435,96.60865,66.14961,-72.409134,208.27896,-0.3825735,-0.8148885,21.67872,39.20343,-71.309555,98.2096,-0.42786092,-0.38415313,36.374496,34.272404,-53.913265,121.641846,0.18835178,-0.120000124,-18.785583,30.85606,-96.8187,38.357773,-0.16286594,-0.8693936,-6.8025866,31.688797,-80.29683,66.05007,-0.20308663,-0.6987579,-1.8332316,17.339382,-58.008636,34.18628,-0.51107556,0.05451536,-8.711297,17.410929,-45.81865,35.498474,-0.17072672,-0.76738095,-10.464351,14.426975,-54.005512,15.534887,-0.49148893,-0.31300545,-4.2377834,12.5084095,-29.780743,31.774357,0.15248081,-0.3325777,-4.74161,14.232049,-42.227127,36.295174,-0.090179645,0.5650077,-3.2495832,9.421197,-31.592316,20.57079,-0.35199574,0.02119565,-2.570119,8.519469,-27.682678,24.889898,-0.07283297,0.19189739,1067.2191171303868,1107.071714061987,1.9328561600719758,1942.2076251055744,2022.3869147807359,1204.6968238453023,650.7617027698244,0.028922965934684686,0.03520826277925553,2.755647826853512,0.50902325,0.35397893,0.45168555,0.35473576,0.39611754,0.37442186,0.3913757,0.39351764,0.3983322,0.38619402,0.45591947,0.41784963,0.43929654,0.39921135,0.4204424,0.38210702,0.43191615,0.38207898,0.41071454,0.3542081,0.37890866,0.328916,0.44666016,0.3461404,0.01387457537713242,0.06777155055662318,0.002076608181581139,0.12067971787258579,0.042052893733672415,0.1546181272389513,0.05115358660580662,0.12830543960774854,-0.01462198704591219,0.04931002010440832,-0.007664141669158334,0.04990180929182245,[80.74951172],18,3.504481038364752,0.09651593,0.071313225,1.7545353,26.191102958860682,13.254317352780319,442.26378962621607,250.1810065177737,1747.8248212668261,1415.4555450006908,0.6467773,333.13204844471613,174.87032264937284,141.01384901128017,816.3400229083522,1.211066574671569,0.11192404330692352,675.3261738970721,0.5765765765765766,5.136281179138322,22050,/Users/will/Projects/SpeechEmotionCS3540/datasets/SURREY/Audio/JK_d01.wav,JK_d01.wav,JK,Disgust,01,SAVEE
-633.9764,90.55934,-770.0959,-424.45474,0.0055603296,-1.2552515,129.8023,68.078514,-36.019493,243.92923,-0.045324642,-1.1588514,34.291576,30.198582,-57.020203,100.26392,-0.0533107,0.086570024,37.24758,33.949875,-26.81356,129.5221,0.94102156,0.047032595,13.792223,29.130463,-60.16279,104.241516,0.32183692,0.57249093,-0.4119686,26.162727,-92.791565,54.753567,-0.9546664,1.358077,-5.0857134,17.568018,-52.496464,29.48728,-0.41931862,-0.746598,0.16171806,14.085642,-40.48092,34.709217,-0.6400005,0.0849359,-8.695697,15.896902,-42.59351,24.370708,0.023960354,-1.1214806,-8.526595,17.837435,-49.02415,28.316216,-0.37437114,-0.67236924,-4.41495,12.116629,-44.622288,19.31665,-0.67209375,0.22876501,-3.526642,10.14519,-36.07618,20.33695,-0.68077195,-0.0050427914,-1.747593,9.993377,-35.500805,23.614742,-0.7154237,1.4689016,913.1144765306086,739.7891661503262,2.904872858841213,1588.07373046875,1478.8981475391656,1409.9734959841196,644.0988763890613,0.02688697076612903,0.03480080704756369,2.632562869281599,0.4925688,0.33776367,0.39042312,0.2952656,0.36709177,0.3156429,0.34936407,0.3226518,0.39155054,0.3641409,0.47674313,0.37361857,0.5147796,0.3287283,0.5115769,0.32222438,0.45451105,0.31962782,0.4608904,0.3331349,0.544513,0.3602845,0.5473394,0.33310574,0.007874431845641643,0.06427483186649714,-0.0019023128243382814,0.10406385048035056,0.015711610671132383,0.12122123434146279,-0.027014838756933824,0.13618565296540516,-0.002563776854906185,0.03245444610222625,0.002240872903106169,0.0446126710832218,[71.77734375],15,3.486754024394101,0.00584486,0.005050157,1.1600162,24.092171725816836,11.455274916628944,523.7947316669604,257.2836289649202,1817.4944622737708,1314.8545249340505,0.7097095,152.039885357899,59.11630107394206,105.03257643014581,349.2282314330038,1.882549773335854,2.1999917854301767,244.19565500285802,0.5698924731182796,4.301995464852608,22050,/Users/will/Projects/SpeechEmotionCS3540/datasets/SURREY/Audio/KL_sa05.wav,KL_sa05.wav,KL,Sad,05,SAVEE
-295.78122,142.52528,-463.84286,-58.406704,0.1646394,-1.5087202,80.8123,51.74844,9.84737,199.22656,0.22687037,-1.1697431,-0.962792,33.4159,-69.82752,68.79848,-0.41208553,-0.9235771,25.463743,27.773,-28.920124,105.18612,0.96797156,0.6950846,-11.478037,28.641382,-87.926636,26.844925,-0.81244105,-0.35456562,-6.926235,21.019016,-55.071747,30.854858,-0.5855965,-0.957808,-6.4005117,17.835697,-53.869076,29.8666,-0.67387694,-0.58282423,-1.8882569,11.029348,-38.740562,21.969368,-0.69815385,0.24305558,-7.686482,13.568174,-42.041748,12.365492,-0.4468059,-0.8493931,-0.5667179,9.986083,-27.449295,16.436552,-0.69986886,-0.29015875,-5.272011,12.593686,-46.054176,17.688469,-0.6979691,0.19775867,-2.6712084,8.388788,-28.239399,9.137701,-0.6530236,-0.23078632,-4.2953506,9.157697,-27.026562,8.333782,-0.39257595,-0.95693064,881.4924061298125,676.826878866934,2.7986814002092024,1578.0911047481795,1449.9787054257165,1310.7295554278976,352.8770985780497,0.02874222542475728,0.043357340369309064,3.021365708450467,0.4704631,0.3791054,0.52770853,0.3651036,0.5705076,0.37439182,0.4835802,0.37528348,0.49866396,0.4209089,0.5493291,0.444984,0.47517183,0.42322242,0.45767796,0.42418358,0.46981472,0.41838768,0.46032715,0.38518906,0.44274598,0.3854268,0.42437482,0.36868092,0.024395094105646466,0.12728338029000003,0.021490742979670168,0.10563044436347808,-0.06062647782139595,0.1485994754166912,-0.012823944965613007,0.1652212704625026,-0.016964642610618468,0.06518583021784867,-0.02337747810801799,0.03765406182862098,[73.828125],8,3.3546963847631366,0.20032412,0.20528716,0.6014044,25.33165440183894,12.970998785375976,594.2468947349345,381.3580173562822,1668.6734127555876,805.6239754222312,1.4231172,272.344584276857,41.64909467931197,178.6955271983718,345.2170030745703,-0.42859259186728416,-0.40893277564395936,166.5214758761985,0.5825242718446602,2.3847165532879817,22050,/Users/will/Projects/SpeechEmotionCS3540/datasets/SURREY/Audio/JK_f03.wav,JK_f03.wav,JK,Fear,03,SAVEE
-389.82397,100.817444,-524.8426,-175.8116,0.20415783,-1.2809216,119.070946,70.9188,-50.689014,234.21866,-0.15398027,-1.1608964,42.741333,31.041285,-34.724174,108.07898,-0.064667575,0.22273374,36.146614,21.14061,-14.132268,107.95175,0.96878284,1.1093173,-8.720967,30.68215,-81.190796,43.828995,-0.5236937,-1.0928564,-13.514707,32.22284,-83.5052,47.019726,-0.4887638,-0.7651119,7.4120345,12.704302,-25.814117,36.125206,-0.27647474,0.23916984,1.8766999,13.201934,-31.631084,29.85018,-0.6404486,0.09934902,-10.78969,17.996181,-59.0439,13.861958,-0.592401,-0.79182744,-2.6497653,16.179886,-39.363514,35.433487,-0.51034945,-0.41561627,-2.145676,10.350797,-33.503967,15.148771,-0.7349992,-0.23604703,-4.587056,13.118152,-37.94097,14.473927,-0.8398295,-0.46432495,-1.2264662,8.241374,-24.883286,19.573393,-0.53302217,-0.12557316,560.3548869724325,802.1242294921019,4.056723769466556,816.1881510416666,1338.8238434521124,861.2047779303102,435.79443639329367,0.017588975694444446,0.028118699025995505,3.5948170941006907,0.5037617,0.34083503,0.5193314,0.34677032,0.51110536,0.3830589,0.5093878,0.4137918,0.50617164,0.4107073,0.53345555,0.41733056,0.5496745,0.40832838,0.54852897,0.37932423,0.61023873,0.365534,0.6225965,0.33359244,0.57161367,0.32571587,0.5065405,0.31441337,-0.0032196318742050358,0.0748567387657177,-0.005461392591846794,0.0490254885904441,-0.0232730158811647,0.11835018246937722,0.03173306800287025,0.10944422995817671,-0.0011761845495536674,0.030732646773440748,0.00921875900692413,0.030824708352477324,[123.046875],12,3.8545020175681386,0.089432105,0.06632148,1.2889804,25.057575636705565,12.487881926273964,236.5263512329432,165.8159222941535,1210.5409187128957,912.549185501204,0.8331398,136.18116772686102,24.43815547526975,103.82617439498627,190.41804342135148,0.7846473643224184,-0.40184617438633374,86.59186902636522,0.4148148148148148,3.1132426303854874,22050,/Users/will/Projects/SpeechEmotionCS3540/datasets/SURREY/Audio/JK_n22.wav,JK_n22.wav,JK,Neutral,22,SAVEE
-430.44373,91.94336,-593.4343,-236.66234,0.059824184,-1.0269313,131.20471,78.56726,-63.001507,266.72827,-0.2676424,-0.55396557,22.26427,35.13077,-77.27615,103.25181,-0.5191033,-0.2171998,45.01098,45.303852,-54.989494,148.871,0.28791508,-0.45387554,23.784153,32.314625,-63.733025,102.43544,0.007992299,-0.124207735,-1.5559236,27.827019,-72.36261,73.371666,0.07952467,0.20606399,-17.881847,24.31122,-68.24068,38.783096,-0.022460863,-0.96298146,4.0229526,16.613045,-55.81281,42.104145,-0.46035457,0.6570308,0.88378525,14.745941,-44.572197,43.485523,-0.08311854,0.17489982,-9.868836,16.891775,-54.563293,25.118246,-0.43302998,-0.47085023,2.4231546,12.597476,-34.861885,32.195465,-0.12670553,-0.081326246,1.5599734,9.017715,-27.717657,25.57335,-0.18889095,0.4088974,-2.9397423,11.648821,-37.179947,27.824526,-0.40213796,0.13545465,678.3185130807387,681.2698401747979,2.07889400063121,1346.8775699013158,1628.4409709842673,1023.5059857946062,613.4494012601416,0.010143767622180451,0.01143940341886627,0.9184553964578653,0.5443412,0.33096913,0.5494206,0.339224,0.5418914,0.36149248,0.51939005,0.40494218,0.48422378,0.40259716,0.50078994,0.3870232,0.5066109,0.37567455,0.48932263,0.37870392,0.52051777,0.37490058,0.53845435,0.34375563,0.5263652,0.30687863,0.5062225,0.29396313,0.006495810192816212,0.06730101091277974,-0.010038345729923612,0.0607089187653197,0.008455920470808072,0.12929479587615017,-0.004472423071756381,0.11300593966459067,-0.00789666811466616,0.03649839788738912,-0.006884416055434908,0.03838915445807694,[86.1328125],32,5.197675189498574,0.061331887,0.023989877,1.4344306,24.994831792578395,12.677295089930965,187.12035270259994,122.73252965540127,1556.548839884858,1251.895430183659,1.8172972,125.70316399159728,12.532234564205975,101.45478129445331,154.66751207845843,0.01982355589019547,-0.7399579997904038,53.21273078400512,0.5,6.156598639455782,22050,/Users/will/Projects/SpeechEmotionCS3540/datasets/SURREY/Audio/DC_n11.wav,DC_n11.wav,DC,Neutral,11,SAVEE
-441.3915,98.92944,-604.7701,-240.99678,-0.10432576,-1.095299,125.76122,80.12436,-43.55472,270.81555,0.0048703225,-1.0050713,24.78906,30.518866,-56.131866,99.97841,-0.53065264,-0.041136503,40.437126,43.17237,-52.515152,144.48096,0.27850467,-0.26145935,15.812181,31.97782,-64.78939,90.52036,-0.059072737,0.36083865,7.901157,22.388346,-48.97307,58.14566,-0.28006473,-0.07419205,-18.370964,24.16502,-73.676994,17.123358,-0.35758823,-0.75963235,2.8425593,13.324243,-41.82675,32.684258,-1.2286224,1.529953,8.117043,12.997619,-23.564194,36.94522,0.22531623,-0.01799941,-8.045973,17.833353,-46.233406,31.904724,-0.16995053,-0.86247945,-0.99943846,12.922171,-32.762432,26.655882,-0.4711795,-0.37798882,2.4688232,8.654183,-19.285797,21.751675,-0.48542553,-0.33026743,-0.23325291,10.29921,-27.409798,31.160784,-0.26668453,0.19459486,710.5540424681536,772.444396144755,1.8922141167414885,1378.7427558273566,1793.0573350876107,1055.6292734623767,655.8629054153478,0.01014584400614754,0.012188688879257803,0.9070868033971734,0.65769845,0.30283275,0.5855524,0.33048472,0.5315029,0.37518182,0.5490053,0.42060983,0.527552,0.41509014,0.49870571,0.40198892,0.528293,0.39261904,0.5027055,0.37749532,0.47823244,0.38782823,0.48006815,0.36691618,0.49528533,0.313506,0.5918671,0.298434,-0.00016451740033281845,0.08554105919534304,-0.013180813867358084,0.12493900689418518,0.08673936157624708,0.1321321997684864,0.019302466189580047,0.13632041495060607,-0.0176010121191135,0.05097171731476867,0.025110535857985256,0.04521531882871738,[71.77734375],14,4.946639746178252,0.060665064,0.026987901,1.0978161,24.77751891717613,13.00357493245355,196.31550904287687,138.88090215071423,1754.6860142988908,1373.9620189839372,1.6157418,133.19667953995418,13.576422360618526,116.54094037952247,167.69467255813382,1.007129817123189,-0.31402370271506186,51.15373217861135,0.4426229508196721,2.8302040816326532,22050,/Users/will/Projects/SpeechEmotionCS3540/datasets/SURREY/Audio/DC_n05.wav,DC_n05.wav,DC,Neutral,05,SAVEE
-338.8151,111.14614,-445.69183,-47.37414,0.8256957,-0.4988234,78.54175,61.315716,8.751589,198.83167,0.51473004,-1.3420011,22.600744,27.779217,-53.70572,103.01523,-0.01645669,1.4029946,29.420694,22.66615,-1.5652404,102.86151,1.479509,1.6232929,-2.1551752,32.664795,-83.8185,39.45703,-1.1441483,-0.08386803,-7.9237366,26.282347,-83.28986,24.709583,-1.0548936,0.058473587,5.6014953,14.006452,-36.982536,41.914764,-0.19434808,1.4326878,5.0169253,9.182441,-25.215609,24.244438,-0.76637757,0.9512818,-2.3164117,13.372247,-49.964382,19.435047,-1.4022977,1.9229622,1.8125743,7.589798,-26.30962,17.785873,-1.2877918,2.2588444,-1.1675663,11.301716,-34.31272,16.801188,-1.1167631,0.49571085,-2.7353723,10.79943,-29.49877,19.680452,-0.78118044,-0.35440445,0.82699066,6.080291,-16.499996,14.212997,-0.52487,0.02519989,628.5790806459116,595.3289766584068,3.023035422108795,1019.0317277428057,1256.946175608654,1066.763399909897,386.2828418861058,0.019327506744604317,0.028589993637736847,2.6570391361778185,0.5727953,0.35975993,0.5374312,0.3581117,0.56247663,0.3832139,0.59612775,0.38642457,0.6165374,0.39985165,0.6235693,0.38729623,0.5725678,0.39304945,0.5535273,0.38558355,0.59015137,0.35011083,0.59211004,0.34319514,0.5850852,0.32790303,0.564591,0.31539038,0.009148776064809905,0.06757480765233027,0.001853342580558197,0.05146821349845078,0.020201559191930993,0.09164917320918102,0.032076098795363356,0.10011631432280359,0.0012874548532250724,0.030708629687658157,-0.013847002973980999,0.02709872474128796,[129.19921875],9,2.79656717679885,0.095948786,0.12690485,2.3471653,24.160255407718502,12.740742748709526,401.30142843465103,355.7477691948021,1365.4151099716103,764.8193031709321,0.0922899,139.9587075281517,32.258554970395075,94.6606580968763,222.55627686642293,0.8776779164398532,-0.08234020881607229,127.89561876954663,0.4748201438848921,3.218231292517007,22050,/Users/will/Projects/SpeechEmotionCS3540/datasets/SURREY/Audio/JK_sa03.wav,JK_sa03.wav,JK,Sad,03,SAVEE
-353.3912,99.61456,-497.0837,-154.8532,0.16077177,-1.2103459,104.818886,67.89509,-49.94178,208.04932,-0.38807166,-1.0742022,23.303032,39.506657,-86.12154,107.66654,-0.3901376,-0.03834033,41.97291,27.85836,-16.136005,127.5264,0.7273597,0.33489323,4.6137514,23.366407,-76.054886,55.571453,-0.85616076,0.97624016,-8.383227,24.484165,-54.11693,49.06376,0.023739452,-1.0025277,4.011089,13.518371,-37.438835,48.42254,-0.051813364,0.97826004,-5.4326444,15.100192,-44.32659,37.761543,-0.1988868,-0.51345897,-14.662311,20.206203,-61.441383,23.179827,-0.33863273,-1.1123687,-0.03539816,11.423214,-32.85179,23.668343,-0.5288226,-0.039996862,2.15673,12.217005,-36.3657,36.729897,-0.21328416,0.44004297,0.3436611,9.520665,-24.560532,27.5633,-0.3626707,-0.060591698,0.7739598,8.513332,-24.11908,22.885319,-0.5806523,0.19687867,766.2207039431553,811.4645424490958,2.038833339869913,1481.153094951923,1736.0291764773738,1044.0726358856684,584.7901867883594,0.015086012620192308,0.015300317471009846,0.9113739178600864,0.5188057,0.3454594,0.46029586,0.36438107,0.43172145,0.39433175,0.4481512,0.39903146,0.42513022,0.41233566,0.45311803,0.40708813,0.46446925,0.39049536,0.47682062,0.3780951,0.5981706,0.37318954,0.5512491,0.33537868,0.49803433,0.34682202,0.49823463,0.34028587,-0.04334383167078837,0.12249507654098205,-0.004129498582743659,0.09066041622451018,0.0025829488196619363,0.12454291170630245,0.07636405189091722,0.18582363292720794,-0.027126023616039337,0.05914273604088076,-0.009046732516995127,0.04969464093988616,[107.66601562],24,3.988844501394438,0.07491241,0.048836008,2.6290514,25.14288433044001,12.6039196779791,316.9243903665826,212.19880530739212,1595.426298328606,1272.499583619568,0.5549341,138.31787176904015,78.85970937451538,99.71184887709214,474.31216053885623,3.5129906705022664,11.061509277375372,374.60031166176407,0.5307692307692308,6.0167800453514735,22050,/Users/will/Projects/SpeechEmotionCS3540/datasets/SURREY/Audio/JK_sa13.wav,JK_sa13.wav,JK,Sad,13,SAVEE
-348.1784,120.44168,-487.36453,-127.048,0.32600892,-1.3846531,104.51378,67.08132,-52.421104,223.04074,0.07940074,-1.3709762,13.749557,40.043423,-77.63572,88.32318,-0.5291909,-0.6264305,38.2604,30.29225,-11.984939,124.25084,0.95525646,0.42442274,7.9365726,18.647331,-48.928337,37.4002,-1.2188226,0.9300809,-8.324391,24.311502,-78.74782,27.756891,-0.64326626,-0.75933456,5.8902936,12.302101,-29.964893,34.097176,-0.23800619,0.6926575,-1.1720161,17.044163,-47.158104,31.460878,-0.97346634,0.5663383,-10.695342,16.522898,-52.01985,17.002405,-0.47302806,-1.0146375,-0.24566098,8.191963,-25.3785,12.191831,-1.1939741,0.97996783,0.106303655,13.820401,-37.105595,23.696365,-0.825398,0.05157566,-2.0420918,9.074824,-24.917358,15.132481,-0.3972066,-0.65628076,0.7995294,8.4789715,-32.221138,19.592348,-1.2179027,1.9011774,646.8071584781387,680.1792806309614,2.0710795284704604,1165.6051407999066,1421.6806698586686,939.7907346227473,428.2050680931832,0.017596344449626867,0.019798648962531216,0.7839862339513007,0.5289294,0.36789846,0.53266233,0.3624306,0.53019166,0.40038583,0.5238736,0.41634282,0.50754106,0.42479184,0.48804274,0.42995104,0.5056266,0.40979072,0.52552855,0.39940524,0.6278135,0.35198835,0.6374229,0.3155134,0.519368,0.34249872,0.4582051,0.35057878,0.03387322971453,0.09581584337967519,0.002348840450966981,0.05910342366773062,-0.042861646249779624,0.13380317381451778,0.01957741305370997,0.15364622863048225,-0.015648861956513608,0.04170383570340668,0.008972632387694714,0.04592585341887997,[151.99908088],7,2.256084192063144,0.099823125,0.100289464,1.9241555,24.178768591445632,12.655580666359468,316.8456930197792,295.28075461228053,1303.6693739617954,758.4549619584764,0.50272465,132.00313557272048,22.95976827774191,102.04250286354403,177.66631669600923,0.22922954961124434,-1.3968489204774286,75.6238138324652,0.373134328358209,3.102721088435374,22050,/Users/will/Projects/SpeechEmotionCS3540/datasets/SURREY/Audio/JK_sa07.wav,JK_sa07.wav,JK,Sad,07,SAVEE
-406.98068,97.65313,-544.19495,-258.70547,-0.24637514,-1.5883836,129.21918,71.261856,-40.917442,242.53851,0.05899734,-1.1723912,28.45214,32.71766,-63.167877,89.81807,-0.4296963,-0.27282548,36.594494,45.217804,-39.619545,151.47699,0.51340973,-0.19924474,17.481743,22.488943,-35.856873,78.33809,0.28412896,0.47874236,5.0690393,19.928171,-46.7651,55.74189,0.028789626,0.018007278,-11.623451,18.526907,-58.92271,23.038715,-0.3494347,-0.7701738,1.2020371,14.924376,-34.27259,28.950668,-0.41324267,-0.5005667,-1.9703952,11.642916,-35.836704,20.55972,-0.8193448,0.27474642,-11.478616,14.798768,-43.769604,11.930442,-0.15608156,-1.1244907,0.11185412,12.649337,-35.319103,24.61861,-0.6994695,0.02113247,2.363681,7.805935,-18.789925,21.027016,-0.44023108,0.28715944,-1.8531832,10.479641,-26.850307,21.875208,-0.15406445,-0.7220311,626.2004642380182,657.6859868438421,2.239028836916211,1204.6462367957747,1605.524836281618,969.6471598038678,570.0768122877961,0.012485557878521127,0.012668754316905314,0.5004146963495505,0.48878393,0.37491512,0.5141312,0.36742717,0.4939212,0.38315928,0.48175216,0.39702013,0.5592109,0.39040285,0.50070953,0.40053406,0.42349437,0.41745496,0.4378423,0.40497515,0.50511235,0.38132578,0.61705714,0.34934333,0.5567725,0.3038282,0.45515108,0.31199753,0.006005092984496887,0.09032809656578891,0.0296201190959312,0.07068018930099859,-0.06342188040660339,0.11328139327237452,-0.02539230735552828,0.14668226845522414,0.018932193347822073,0.03439974081222359,-0.009179037336496105,0.0444994711930454,[53.83300781],14,4.256874155382112,0.06646327,0.032486524,1.5607872,24.374628948571413,12.516578857782614,245.15149543381102,160.99431796540856,1450.6860995514196,1011.5688520387935,2.0465555,129.92822823790854,17.7532612675632,99.13755088719131,166.7288223161438,0.4816816363405174,-1.0368261645140588,67.5912714289525,0.5845070422535211,3.288798185941043,22050,/Users/will/Projects/SpeechEmotionCS3540/datasets/SURREY/Audio/DC_n29.wav,DC_n29.wav,DC,Neutral,29,SAVEE
-437.55368,88.39728,-581.4026,-244.09769,-0.08500733,-0.8466301,148.73476,71.33034,-51.70736,260.3191,-0.5785177,-0.3017168,25.258154,38.73012,-65.80636,101.90382,-0.30636337,-0.6729462,47.023136,43.562557,-38.60327,160.9198,0.5511348,-0.21026921,26.224382,32.269585,-35.550858,109.925385,0.6996508,-0.3214681,-7.270861,26.929686,-86.4711,54.415752,-0.32599315,0.07166219,-24.516655,26.66322,-81.87932,23.55173,-0.061596572,-1.1564547,1.9364709,14.950598,-34.526875,52.264595,0.18961014,0.6846485,3.504041,11.22496,-28.675251,32.669758,-0.183989,0.23051715,-10.399555,16.943974,-57.042976,29.67251,-0.4133412,-0.48008657,-4.128337,16.300817,-46.16978,32.58785,-0.3430884,-0.65272164,1.2887869,9.211734,-29.967209,18.303543,-0.795078,0.16979027,-0.7902747,10.490389,-25.301884,26.327995,-0.2572199,-0.6634066,627.0293788879915,678.2168879421642,2.583673966709523,1168.2753486867332,1475.0161541154498,919.9527791067345,533.806649192002,0.012069234087423313,0.011760428076433786,0.5926111590534872,0.45643756,0.34200564,0.4286349,0.34432212,0.50032604,0.39504838,0.47022116,0.39676493,0.44052958,0.40271813,0.49987885,0.39409283,0.5074911,0.38863578,0.45046437,0.3953416,0.43548986,0.38640335,0.48259196,0.3665883,0.5291056,0.3451887,0.5009125,0.30523348,0.005695247859814209,0.07141016090027397,0.006320385436768619,0.08171980485551324,-0.017776908478671475,0.1614740380542439,-0.04125543098691104,0.12379137884806704,0.002761064909504706,0.047427482610055936,-0.01654070129680892,0.031362477814698565,[151.99908088],18,4.7699740409576,0.06058789,0.022779629,1.0961913,25.055293136339113,12.40742900647543,223.96855908695866,131.35425574586952,1312.0768559518444,1107.3577722475995,1.5729269,128.12846891552613,20.415593701477075,94.6606580968763,179.73069985652097,0.7938504224730777,-0.02209063653119747,85.07004175964467,0.6380368098159509,3.7736054421768706,22050,/Users/will/Projects/SpeechEmotionCS3540/datasets/SURREY/Audio/DC_n01.wav,DC_n01.wav,DC,Neutral,01,SAVEE
-411.51303,95.76019,-562.3204,-223.72934,-0.08276949,-1.2541047,134.46399,68.98317,-32.330147,245.59021,-0.10306598,-1.2308564,24.413143,30.363945,-52.769547,96.12569,-0.4352419,-0.30583668,33.79955,34.18843,-48.472122,118.40181,0.17812945,-0.35031605,26.017717,28.737808,-41.05728,101.54915,0.13682134,-0.045021296,-2.6352017,25.218756,-61.059036,62.6791,-0.10109231,-0.18275881,-20.422335,25.79434,-73.524086,26.49773,-0.048905544,-1.166344,1.9939923,14.348248,-43.125053,36.199852,-0.53052664,0.075824976,0.92434704,13.212212,-36.499344,31.665806,-0.2937267,-0.053262472,-9.938032,14.945136,-46.121185,24.474834,-0.034599993,-0.97895765,0.11050771,10.392194,-28.601475,33.189243,0.031168623,0.26631308,2.164333,9.079728,-17.484112,31.59158,0.16093285,0.11150646,-2.1884024,9.084195,-27.171474,21.76321,-0.32109272,-0.5380509,569.6258660589978,564.9168193438356,3.183640563011669,1028.6208353769618,1308.9150834229752,930.171284633992,484.7917727803519,0.011823850896860987,0.012450996626669472,0.7601854325590244,0.57153016,0.34675798,0.53240603,0.3472534,0.5518983,0.39028108,0.4903999,0.40149793,0.469599,0.3974678,0.49070904,0.4102425,0.4491526,0.40022236,0.4485178,0.39716375,0.48259765,0.3823842,0.4820115,0.33787295,0.52024114,0.33746082,0.5332057,0.31055263,-0.02112986897349945,0.08530678846947362,0.0183290484330682,0.07749873044441,0.00891096993963372,0.12496058313296464,-0.006774115891952176,0.18475245847273822,-0.007415830051422415,0.04585576899665141,-0.011843687187537776,0.05476558828569763,[86.1328125],21,4.072272839202167,0.066331655,0.032224104,1.1739482,24.781670982912082,12.548435952616275,215.4690149077318,136.35861517818458,1423.5744434554294,1093.1448782669406,0.94861114,128.59348188504669,18.978906081193923,96.87324609557632,181.8190699939266,0.7967110017259696,0.2840472639888558,84.94582389835028,0.6098654708520179,5.156825396825397,22050,/Users/will/Projects/SpeechEmotionCS3540/datasets/SURREY/Audio/DC_n15.wav,DC_n15.wav,DC,Neutral,15,SAVEE
-353.74472,118.107704,-516.6465,-145.57364,0.10200288,-1.3633198,109.247665,65.51034,-19.223888,237.92075,0.17375968,-1.1483731,26.21077,38.885895,-82.13904,104.63399,-0.78056425,0.41625404,41.15906,30.378855,-44.510292,132.86612,0.47968352,1.096776,-5.783591,30.962372,-96.95537,33.617126,-0.9736976,0.060867786,-2.2956054,24.763483,-65.90522,56.115265,-0.8503192,0.25259638,1.9811232,17.54788,-42.99397,39.95681,-0.30057922,0.011343002,-1.2966765,13.478249,-34.42644,24.55759,-0.43028829,-0.500968,-10.778017,14.964995,-42.388725,13.515066,-0.2030155,-1.2662395,-2.0901725,10.612423,-35.295956,17.501877,-0.6966246,0.020233154,0.85033417,12.315463,-33.003883,19.857618,-1.038772,0.38396764,-2.1808674,10.914754,-28.955017,18.376236,-0.46370193,-0.70155716,-0.8213155,9.133864,-37.478653,15.924685,-1.3746374,2.480156,777.7459649682686,850.7485580329535,1.9819080445274533,1400.25634765625,1757.7900020007332,1089.290250098389,568.5573787215346,0.024011036706349208,0.04680940102373422,3.2124249837892025,0.5445149,0.3413542,0.5557267,0.35228813,0.50460404,0.36719516,0.5154608,0.40114972,0.5482861,0.40878582,0.5561065,0.39541915,0.55985874,0.3748192,0.60748523,0.35611087,0.677281,0.33274356,0.5629926,0.32013178,0.49772337,0.34889966,0.4919734,0.32930908,0.007189700457701174,0.047760942933151,0.010883853383796873,0.06194319441063476,-0.03057824798105773,0.11671168483544361,0.019700586034487155,0.07947062884717732,0.004841456509520405,0.02848619036241154,-0.009032261408200177,0.034770908560085016,[92.28515625],11,3.7815715622076707,0.08767405,0.06757826,1.9326094,24.165568340247027,13.607540783121477,420.8646894269306,364.8634049713784,1471.3651800821453,1057.9764402234405,0.55051196,139.84159450884619,26.446568495754548,102.63362906904881,198.27510177438265,0.7654354690444821,-0.3733478674924955,95.64147270533384,0.4126984126984127,2.908843537414966,22050,/Users/will/Projects/SpeechEmotionCS3540/datasets/SURREY/Audio/JK_n26.wav,JK_n26.wav,JK,Neutral,26,SAVEE
-278.44617,137.20708,-471.09097,-42.447964,-0.06585301,-1.4153229,92.692856,62.541546,-48.988728,196.91898,-0.39432883,-1.020506,-8.832423,45.87649,-109.94238,95.53575,-0.38163975,-0.8330965,27.823248,26.398512,-20.281141,117.53154,1.2587922,1.7606039,-17.409588,34.645267,-93.59818,40.526787,-0.4953906,-0.9704244,-4.412489,28.04242,-53.106777,70.711914,0.39304322,-0.2774837,-2.9576275,17.833286,-55.924816,35.934372,-0.56838524,-0.27070522,-13.04424,21.769094,-62.64336,32.910515,-0.12465981,-1.067674,-10.322053,15.21421,-43.050804,12.236901,-0.3719778,-0.88307023,0.77457577,8.473946,-26.288073,16.671398,-0.9523467,0.61685586,-5.989767,14.443719,-45.29623,16.022547,-0.9300046,-0.041650295,1.1684378,8.8301,-22.839298,23.250587,-0.17596538,-0.6069715,0.158217,8.7133,-24.888857,19.400948,-0.56276935,0.00087046623,1120.9625122089762,1091.8134616319107,1.9544116087642434,1990.5198317307693,1930.084765277881,1262.7689771838511,556.5912019834168,0.029691256009615384,0.030835606140018113,2.045313170358868,0.49907994,0.38668674,0.49872386,0.38849798,0.48293415,0.39358836,0.45056814,0.41432834,0.44331938,0.41395646,0.46498322,0.4368442,0.44661558,0.43156385,0.4339074,0.40010193,0.47676405,0.39005443,0.484987,0.3703086,0.42801735,0.3333113,0.41201824,0.3327263,0.0043739132742860185,0.09264913913671077,0.0019901544982665258,0.07501662541690601,-0.03553304772895738,0.1290256306810554,0.02981908485078417,0.13633480299092238,-0.006942341316507938,0.04709050558085257,0.0030584684221309642,0.04247478130715157,[117.45383523],14,3.322391433030189,0.17450598,0.15019919,0.7926443,25.819117992981273,13.336394704907923,589.6425410888438,365.9489123750558,1892.6582928879122,1357.5136142448707,0.36309564,253.85541907369924,36.81071657652356,188.23090565017245,333.4576446322876,0.21634215744596932,-0.9470383002586935,145.22673898211517,0.5494505494505495,4.213832199546485,22050,/Users/will/Projects/SpeechEmotionCS3540/datasets/SURREY/Audio/JK_f07.wav,JK_f07.wav,JK,Fear,07,SAVEE
-254.78516,134.57954,-433.58252,0.54442734,-3.1915464e-05,-1.3241405,80.80317,61.286125,-47.58065,190.81834,-0.013051785,-1.2002276,-1.9409283,37.71155,-93.64316,86.49012,-0.60360277,-0.24387789,15.835978,19.839575,-60.22095,66.809006,-0.3489865,1.6022234,-24.811602,31.704832,-102.12153,19.75266,-0.23857963,-1.1114419,0.7175452,24.81192,-56.54904,65.32326,0.065022044,0.016579628,-13.670628,19.592285,-60.980736,18.805199,-0.33306628,-0.9452164,-8.765269,21.446882,-49.662437,46.776367,0.29053974,-0.17181993,-10.343514,16.40359,-45.633957,30.580242,-0.2556437,-0.8578682,-3.814217,10.990574,-34.3941,12.224558,-0.9742905,0.14768171,-5.8122516,12.6306305,-54.687046,14.711905,-1.31167,2.3018374,0.74224275,10.433289,-24.926826,27.152218,0.18742667,0.22206378,1.1876765,8.377159,-17.58009,27.110628,0.13614474,0.4123857,1475.0141899733105,1395.5644517738074,1.7721392753312075,2487.1647135416665,2121.028198174696,1461.8229094842413,538.4862192536075,0.07857711226851852,0.11716428368886213,2.1892219768445074,0.45572025,0.35361385,0.4982675,0.37138715,0.4385436,0.358832,0.42510286,0.36944836,0.43576258,0.37829512,0.46746126,0.40020436,0.45144403,0.40986657,0.40947005,0.38730544,0.39337236,0.38079467,0.3971375,0.3849705,0.37412044,0.3747554,0.36144793,0.34674323,-0.0008506766632407089,0.0659989027350792,0.02969892861329028,0.098155841929497,-0.019873066025752024,0.12297238633516586,0.03564967782822982,0.16119133331095084,0.0015514114839075388,0.04285152213834002,0.003995002137876519,0.0535943796913993,[117.45383523],14,4.49698452932436,0.20244214,0.21323253,1.0354813,25.262609954362617,13.09543053713674,796.4921389818586,486.4189385454024,2042.6521635792365,1529.205214192255,0.46269736,394.9134509768991,178.32215357262362,210.06515286029162,954.1196458652481,1.5945580813810152,1.940971935589177,744.0544930049565,0.7037037037037037,3.1131972789115645,22050,/Users/will/Projects/SpeechEmotionCS3540/datasets/SURREY/Audio/JK_f13.wav,JK_f13.wav,JK,Fear,13,SAVEE
-271.97052,138.91008,-466.03784,1.772139,-0.14791648,-1.2464308,85.16138,73.3479,-44.81778,203.7799,0.12282678,-1.4775333,-5.382262,34.003433,-87.29056,58.773716,-0.40784094,-0.7743528,35.700565,30.30733,-22.50095,104.1433,0.38741678,-0.78219104,-15.741309,35.33925,-109.63133,28.271534,-0.9827863,0.18990421,-7.4686117,26.825447,-53.66832,63.43408,0.13394132,-0.57533216,-3.639155,21.927538,-58.48929,35.22444,-0.66826206,-0.27750087,-5.002588,18.00407,-58.17792,39.690674,-0.49321994,0.117530346,-16.953077,19.472513,-54.458908,12.213694,0.055324562,-1.3710496,-2.5313504,12.203767,-36.255394,22.695404,-0.45518187,-0.29056907,-4.0121946,13.129267,-37.773544,16.735226,-0.63585055,-0.47514892,-4.563512,10.531576,-28.8765,16.966784,-0.3231474,-1.0065154,-1.2863954,8.011171,-21.467617,19.285614,-0.49446684,-0.43644094,1318.4328244840583,1247.998937496013,1.6764104713215648,2218.4967041015625,2029.6205836461086,1360.4828393498926,507.0716976306056,0.07582746233258929,0.10079579968352376,1.7147861609071633,0.3880004,0.3628147,0.45180756,0.38308185,0.47088125,0.38736293,0.46366248,0.3925414,0.55151004,0.4082552,0.5827213,0.39185372,0.5133147,0.38188428,0.5369391,0.3760932,0.56607,0.3929824,0.44738397,0.3579167,0.36672425,0.33476764,0.35586232,0.34863147,-0.014773037149299851,0.10557387875316711,0.014204003349438842,0.07985717674098522,-0.013551411210626394,0.13846089714795357,0.012752400095840137,0.14538897660734057,-0.01291954228350403,0.05034702308943308,-0.023984197945018,0.035756280877405476,[129.19921875],11,4.258924338466401,0.17566817,0.17637919,0.85216665,24.693534010739043,13.32339323165041,931.0658143316826,673.9093713197299,1895.5315457454672,1302.382757379428,0.3160939,179.23158444564825,45.06906002399583,113.87914162255151,293.6647679174075,0.3892792695500505,-0.2319105765498306,179.785626294856,0.4017857142857143,2.58281179138322,22050,/Users/will/Projects/SpeechEmotionCS3540/datasets/SURREY/Audio/JK_h08.wav,JK_h08.wav,JK,Happy,08,SAVEE
-651.8915,74.53547,-786.8294,-483.35828,-0.15049317,-1.0084448,130.66711,68.715965,-47.442955,246.31122,-0.48064664,-0.4374516,22.24196,37.346134,-65.60065,97.26947,-0.14478177,-0.7076163,47.520935,37.38658,-22.838734,149.3525,0.7520277,-0.08027148,19.363338,31.349895,-43.81608,92.76315,0.5372322,-0.6621494,-3.3294976,30.622322,-82.214485,73.90985,-0.67312044,0.2995634,-15.513059,18.426224,-57.221565,25.087318,-0.014451131,-1.0204289,5.063542,14.4705925,-35.90503,39.900536,-0.1926023,-0.25145602,-4.9772043,15.168922,-48.689125,20.605421,-0.71757936,-0.07754469,-5.6165614,14.773929,-38.917603,40.656555,0.27443814,0.49243426,-4.052128,13.1461525,-39.832954,18.142635,-0.5872094,-0.3385887,-4.113339,12.535957,-37.28917,19.651949,-0.52902496,-0.3653078,-0.5877909,11.205374,-23.975672,21.060059,-0.17171025,-1.0748255,844.8158577972506,698.0529089732004,2.191032977024978,1463.929562452363,1496.602685372911,1338.8868657209248,574.757929438075,0.015693478467987805,0.016528623072874542,1.186488166354017,0.45345736,0.31692693,0.44085276,0.34366503,0.43145853,0.35074958,0.42480102,0.37334126,0.40735874,0.39414287,0.39108253,0.3700795,0.439716,0.35764393,0.4799366,0.34808284,0.42899364,0.35419133,0.38669062,0.33784232,0.44674528,0.3561194,0.45876795,0.32941532,0.013543444982070399,0.06262133843929243,-0.013515649565936823,0.091397576545676,0.04419477775738329,0.12659413848621878,0.0269092832657891,0.129086965214203,-0.0027379104781744537,0.040240516245475595,0.004155404914011516,0.03634490622094041,[234.90767045],13,3.430838649447643,0.0054232883,0.0027389673,-0.034257267,24.315443297393468,11.869744945231306,371.1628465783678,144.462450956076,1767.1818639531127,1293.8203866933245,1.8981354,166.62236377213398,73.80812368664466,119.26495573315601,369.9944227116344,2.085622865576993,2.6355958664070602,250.7294669784784,0.47560975609756095,3.7891609977324263,22050,/Users/will/Projects/SpeechEmotionCS3540/datasets/SURREY/Audio/KL_sa01.wav,KL_sa01.wav,KL,Sad,01,SAVEE
-285.8526,107.44829,-447.65103,-37.24231,0.20520541,-0.8497844,115.23113,60.192097,-46.25882,204.34296,-0.6283808,-0.4423406,20.791525,36.006306,-56.624275,96.05331,-0.22861007,-0.61210895,15.418659,20.842585,-38.785404,63.76151,0.029985284,0.34495568,-30.82533,36.000572,-105.39791,35.49595,0.12222102,-1.1262077,-6.4907885,28.333345,-70.143234,77.37486,0.44195986,0.9042666,0.67024344,14.819276,-38.983246,27.885727,-0.37710807,-0.65487194,-15.827302,16.542297,-67.53653,16.993828,-0.16556744,-0.5814836,-9.686593,13.6906,-47.28901,17.36761,-0.49338502,-0.38924694,-2.1951625,12.651301,-32.96263,22.195745,-0.17207447,-0.74221945,-3.199461,12.93954,-43.638412,31.990164,0.15002851,0.5271008,2.2509778,10.844257,-30.012894,26.723885,-0.2535035,-0.021304369,-1.0873102,8.592831,-27.76881,21.58083,-0.08501216,0.47096348,852.8472476055566,918.1672521740298,3.3460273675516383,1336.7663995150863,1409.2448742092292,1047.0191304466287,436.1071854776411,0.03603852370689655,0.06391613322995965,4.098127205817923,0.55462563,0.34180784,0.4836931,0.33907726,0.43894836,0.38326713,0.40019035,0.38649938,0.36892104,0.37864286,0.3657369,0.36570343,0.3455261,0.35814765,0.3558331,0.3478369,0.39655557,0.36068654,0.39784858,0.32378057,0.42950672,0.3188969,0.52420336,0.3377521,-0.018006407912198708,0.06743122412059621,-0.009750474731518048,0.0870889353934246,-0.018838844284544125,0.14014701170108454,0.03313433586394948,0.10989183812372193,-0.0008731150503373126,0.047624038956939854,-0.002157093460896388,0.0367145969726787,[107.66601562],15,4.468326555977358,0.17214642,0.15154934,1.1325263,25.313082043576333,12.773387816530924,401.8994021023677,216.88203632691807,1263.251993964516,983.971697848778,0.5400286,338.9510606757048,163.47885400756698,134.6458897635121,723.0874768354955,0.7103587448959238,-1.0830752213459065,588.4415870719835,0.5172413793103449,3.3569614512471655,22050,/Users/will/Projects/SpeechEmotionCS3540/datasets/SURREY/Audio/JK_d05.wav,JK_d05.wav,JK,Disgust,05,SAVEE
-660.3709,77.986855,-779.50494,-484.85815,0.25594452,-1.2046366,139.78882,66.61219,-26.072334,263.81696,-0.14007305,-0.800884,31.41706,29.829617,-62.46339,103.289185,-0.15223752,0.17113733,43.368095,30.386871,-32.061676,154.7138,0.8338591,1.2707381,14.543427,28.911274,-57.273987,78.8212,-0.36216274,-0.17695022,0.7717494,28.720037,-86.60164,58.143364,-0.9474828,0.75847673,-4.727754,18.40444,-49.67624,30.946938,-0.45710427,-0.6007426,0.6221978,16.258194,-35.911312,32.114204,-0.24201837,-0.92321754,-7.4965005,16.380886,-62.189323,23.29628,-0.9046079,0.72105074,-2.63328,11.729011,-37.070473,25.712849,-0.26282886,-0.25888634,-1.2008777,9.769168,-39.517727,18.68953,-0.9407115,0.86557937,-2.7708733,11.451232,-35.376564,23.273993,-0.5898368,0.07526398,1.5621346,8.979385,-21.180597,42.978916,0.6657429,2.779409,705.2582657288506,472.7694212151868,2.732346395558811,1161.8878119814713,1197.8294458660957,1306.7204936838202,530.6445527667519,0.011118120851769912,0.012004421446672577,0.8928212851947537,0.41110373,0.3326782,0.38035205,0.3159604,0.39412475,0.33030406,0.39041868,0.35229596,0.38716543,0.34551373,0.425894,0.35401952,0.46531618,0.32874483,0.55357605,0.3449716,0.5647678,0.32745856,0.58473176,0.31491038,0.55447024,0.34352878,0.448403,0.32215616,0.02333369042041999,0.05404496380830503,0.01279537105776057,0.05721089994406054,0.029430357158282426,0.11863087718728588,-0.005104007685672949,0.10724575717546739,-0.0030506455612159863,0.03591213661905817,-0.008143776013985594,0.03662607390402998,[103.359375],23,4.389692898937091,0.0051741493,0.0030484106,0.614404,23.692230977584313,11.548701026658442,358.620095657819,126.0486124549904,1641.5824621314819,1252.277622814388,0.892376,114.60902648115895,16.495650066995506,85.80717486147108,151.1349012203898,0.5176672876695602,-0.32929173263690137,65.32772635891871,0.4469026548672566,5.239546485260771,22050,/Users/will/Projects/SpeechEmotionCS3540/datasets/SURREY/Audio/KL_sa15.wav,KL_sa15.wav,KL,Sad,15,SAVEE
-349.78107,121.77111,-524.4324,-139.63672,0.14846805,-1.4121977,118.92189,65.76315,-3.085765,245.48613,0.31082788,-1.2351989,5.0271807,44.904385,-117.645645,78.67149,-0.56013036,-0.36331892,27.69603,26.620668,-50.544754,101.79581,0.04032336,0.8287394,2.9490056,36.115326,-110.03714,77.92816,-0.95767075,0.888042,5.3303924,31.566868,-60.292973,81.76918,-0.39474076,-0.5342021,-2.8680613,19.234846,-52.401207,33.90651,-0.24210773,-0.5656934,-6.4293694,14.991481,-52.549004,28.49438,-0.22298501,-0.19922352,-2.5075884,17.66402,-43.31875,35.499245,-0.06680442,-0.43133235,2.5898678,12.807362,-27.61322,30.249065,0.10159784,-0.5264604,-2.880407,12.712039,-43.692818,25.171347,-0.5620512,0.936131,-3.848684,9.822633,-31.068512,26.557812,0.15460779,0.8754418,-1.766444,10.259591,-27.944216,38.03106,0.35646406,1.3055367,835.4353234268675,747.3397765625767,1.9095069201323578,1673.1298828125,1769.7838068829622,1179.9229486935894,622.0944566321235,0.014998851102941177,0.018087758733454477,1.1235276977686595,0.48875275,0.3372055,0.5017672,0.33613655,0.50544137,0.3617581,0.5165143,0.38328493,0.55191994,0.35728082,0.6217745,0.35736772,0.63773155,0.3530634,0.5534918,0.35944238,0.53969383,0.37350273,0.5319077,0.36626935,0.51102835,0.33774585,0.47474164,0.31841314,0.002338262401903417,0.036354853277696594,-0.0012974989005684143,0.03573899069520691,-0.00014420738991618442,0.08785332664800659,-0.0016369027907362473,0.08816877836895544,-0.0037385769712317916,0.020354433269044243,-0.0010850391665692294,0.023930222212394103,[129.19921875],15,3.81597923276608,0.09034043,0.06841158,1.3875873,24.93640436897836,12.734051451619507,324.73829817496966,242.197669637131,1632.2727368591666,1224.555876634677,0.2666036,166.95448019128995,35.18745855414695,102.04250286354403,248.37216905734888,0.0912668462420309,-0.3508947398291702,146.32966619380485,0.38823529411764707,3.930839002267574,22050,/Users/will/Projects/SpeechEmotionCS3540/datasets/SURREY/Audio/JK_d11.wav,JK_d11.wav,JK,Disgust,11,SAVEE
-338.1608,101.01383,-504.68192,-148.63535,-0.34372824,-1.1195322,97.67814,66.60599,-52.487137,218.6735,-0.10708171,-1.002084,20.935747,28.912897,-46.071995,88.71447,-0.3191612,-0.3324883,42.58502,34.584717,-26.544643,130.01102,0.39484787,-0.5913327,-1.1275144,24.53858,-66.97885,59.573555,-0.2551486,-0.31276894,12.177448,22.673126,-31.1712,68.97634,0.6384445,-0.15185428,-25.790762,22.872995,-73.69618,14.437698,0.09382887,-1.027696,-3.257435,11.554638,-25.225689,28.233347,0.21624005,-0.24124885,0.7996035,10.821511,-25.714182,24.833927,-0.34977454,-0.3728094,-12.634702,16.54898,-50.135033,17.772709,-0.22362798,-1.0367414,-1.9461035,12.725403,-42.486206,33.597256,-0.18919082,0.1985178,-0.37588477,10.079221,-23.862736,28.648266,0.22813985,-0.28909063,-5.2515035,11.842471,-31.906307,28.323215,-0.16721652,-0.29111814,1134.3298935556772,1066.249000791283,1.422580178057813,2138.540125739645,2197.465349254554,1380.2595472026126,712.9501331980492,0.02092675203402367,0.020810008207331074,1.498903954993027,0.32237992,0.3515057,0.40384975,0.37670118,0.49935055,0.38712907,0.47849476,0.4016203,0.42718744,0.40702567,0.51902926,0.42552832,0.630393,0.3757812,0.7074826,0.28428793,0.5852141,0.35336766,0.38323542,0.35699874,0.2947828,0.34483096,0.27247068,0.3184971,0.013472060102485407,0.07141360972682,0.017425396726587813,0.09115095021108106,0.08928301342151244,0.12923375819786595,-0.013834476724443845,0.1344437324723889,0.00752278041046938,0.04301912677974047,-0.016539219650439807,0.044268842518761065,[92.28515625],13,3.3293842991044986,0.11283441,0.07929147,0.93714195,26.329672892423908,13.793902405726701,423.72324909588764,234.13590394333963,2083.1323583438393,1456.2715504238392,2.962343,196.419525012699,12.092140808492747,158.2826938011902,242.6993408760242,0.25613710154276714,1.8318572164482072,84.416647074834,0.6627218934911243,3.904625850340136,22050,/Users/will/Projects/SpeechEmotionCS3540/datasets/SURREY/Audio/DC_f08.wav,DC_f08.wav,DC,Fear,08,SAVEE
-314.16974,113.54365,-480.78867,-98.4644,-0.020295074,-1.2622855,96.19738,72.08114,-55.38272,219.21027,-0.2361272,-1.0651112,-1.1746243,33.043175,-80.38449,70.57648,-0.40418097,-0.5545559,28.290401,33.44527,-51.0465,111.20556,0.12328869,-0.025529623,16.3248,21.388214,-39.09675,66.988235,-0.13720015,0.00025057793,4.7912855,23.660639,-50.627182,59.596054,0.29291108,-0.27423453,-27.084785,29.482256,-92.89346,14.198461,-0.12793432,-1.1456784,0.87221944,12.112409,-26.721981,26.78529,-0.099126644,-0.5903337,1.5578496,12.070869,-25.770302,34.44883,0.21581364,-0.22899508,-14.960565,18.941807,-57.957966,14.719358,-0.26313424,-1.1129929,-2.4526513,13.168643,-30.062233,27.424728,-0.27163696,-0.66739416,-2.6634889,8.868648,-26.958076,10.85181,-0.76628494,0.28733826,-1.7637017,9.060908,-25.355461,12.118464,-0.92323947,0.31055975,954.3997188281184,887.8628502154937,1.9183771400377114,1823.9520263671875,1749.349951586792,1207.2058717249781,609.2186287260314,0.0204345703125,0.017766622836838435,0.30675068195529276,0.512426,0.3906291,0.4171976,0.3616005,0.3826133,0.38845032,0.40150353,0.40723348,0.42528948,0.40852273,0.49736792,0.4194252,0.49319813,0.38891822,0.5056975,0.38803655,0.55072445,0.38714013,0.50332355,0.3610279,0.4353099,0.33179253,0.4590113,0.34262475,0.0006740261852073076,0.060374366174852,0.016935884158429674,0.08259857611823104,-0.010162615368608864,0.12399491857980041,0.04660619986243491,0.13338593003720844,-0.00954809066801096,0.03893617199160757,0.018750051759222248,0.045012382100828974,[92.28515625],12,4.336354250315476,0.15071858,0.12565695,0.7631873,25.82806824769451,13.721168490969367,519.1206305333243,341.60609352473,1742.7821812526188,1241.242436496502,1.0109564,214.75590221532522,40.09147478872212,127.08879665595002,273.99891691894106,-0.6161099491982772,-0.5045397672474787,146.91012026299103,0.5583333333333333,2.767301587301587,22050,/Users/will/Projects/SpeechEmotionCS3540/datasets/SURREY/Audio/DC_h13.wav,DC_h13.wav,DC,Happy,13,SAVEE
-543.4333,101.88173,-695.75653,-330.55432,0.039704874,-1.1556205,113.356544,69.83367,-10.549031,220.53357,-0.12894769,-1.5029588,18.610514,38.008987,-77.69083,87.1089,-0.6201636,-0.12675858,32.383175,31.750435,-23.746578,137.50954,0.930969,0.7363677,14.026354,26.955153,-59.67157,71.17393,-0.5329865,0.19583726,-2.166471,21.987728,-52.637806,40.53925,-0.23404495,-0.86376476,-13.760072,20.774782,-52.775833,16.37286,-0.12959602,-1.3394676,-6.173291,14.390907,-37.801598,31.106403,-0.13924041,-0.95559597,-8.839563,15.32394,-42.482574,14.6601925,-0.33653075,-0.9438138,-9.644169,11.889023,-42.492657,12.793625,-0.108155034,-0.51100135,-1.7434082,12.39922,-38.861816,37.89704,-0.43959528,1.175931,-6.73668,11.709495,-42.803047,15.990168,-0.63309675,-0.32050395,-2.2786028,8.042139,-26.08759,17.942656,-0.47763088,0.21922755,1065.7038150163762,878.1445069901208,2.3130196847238005,1846.4345225087413,1573.4190723272065,1379.1492728154099,625.9950816668725,0.03798350087412587,0.05349276544554698,3.1234382308888424,0.4898292,0.32064402,0.39832798,0.29452497,0.37700492,0.32529303,0.3867187,0.35294825,0.4578472,0.37204203,0.45324296,0.3517277,0.422108,0.3210614,0.3866265,0.3117335,0.38736704,0.31677896,0.45198694,0.3753299,0.4114787,0.32033032,0.4714442,0.3369384,0.009812581921461491,0.0481776236498333,0.016344180338394007,0.05775460959354358,-0.03329082007904196,0.12745451946906014,0.02504506552188084,0.12130944987451364,-0.0007890054143734139,0.032298644508285214,0.009895135458050824,0.03318387077370414,[75.99954044],15,4.522582144859365,0.010063668,0.009766734,1.5750507,24.08104814322622,11.456377095552154,502.1373413782246,123.8101746449186,1761.386628375522,1331.485720245975,0.22366296,133.05837551476844,21.093413702484998,85.80717486147108,179.73069985652097,-0.05965536882780495,-0.203304459294392,93.92352499504989,0.6853146853146853,3.3166893424036283,22050,/Users/will/Projects/SpeechEmotionCS3540/datasets/SURREY/Audio/KL_a09.wav,KL_a09.wav,KL,Anger,09,SAVEE
-279.5612,109.07933,-434.88922,-65.75315,-0.07670034,-1.2581658,94.172615,58.928936,-17.290398,186.62398,-0.18659092,-1.4148732,6.634775,27.70651,-60.015144,70.43036,-0.28237358,-0.18631387,28.394228,30.694101,-42.74694,105.630844,0.6035584,0.07825422,13.229555,21.315744,-36.25807,72.87485,-0.024559164,0.17007637,1.4179298,14.858353,-35.427124,41.677795,-0.05056292,-0.4859593,-24.028566,25.423922,-79.48912,17.436008,0.035491683,-1.2792598,-4.4580064,13.200135,-42.511063,16.32966,-0.5749985,-0.76107335,-6.1260314,12.810427,-38.41203,15.814358,-0.41216463,-0.9226954,-14.821182,17.441133,-56.464462,11.363381,-0.15722327,-1.1206731,-2.4724247,12.377904,-29.4165,33.922592,0.24533284,-0.20328903,-2.5512621,9.548846,-26.283218,16.697815,-0.28957453,-0.89923024,-2.7156744,9.999589,-29.19172,17.65696,-0.6199789,-0.40678024,796.1645361526054,701.3938585981343,2.1108613805818615,1481.8570650540864,1540.0627171035283,1138.8864461273577,484.0186831001087,0.022151066706730768,0.01897068782028113,0.5171130581233546,0.3168,0.35313487,0.30593333,0.37536162,0.33021277,0.3954752,0.38200158,0.42967886,0.38399246,0.42510867,0.4256131,0.41340783,0.5488204,0.42622817,0.54109406,0.41041166,0.5247214,0.38519475,0.5411551,0.37244818,0.50588953,0.38483486,0.4057591,0.35970238,-0.01074964415062391,0.0947594309182659,-0.017476213280064146,0.09631327741806908,-0.013958372763740706,0.1462164156533693,-0.06112498180785591,0.15881622122760777,0.00190447774562779,0.053479607737609285,0.005477252878242821,0.054855734317996264,[143.5546875],19,5.2691485347755,0.19555588,0.17225942,1.0899298,25.984047328191576,13.143092899107243,435.5058596201765,261.5939581001851,1663.0617406483525,981.0553210490176,3.3071313,202.7827921401582,29.58443765229424,110.63722351746388,244.1052838549259,-1.3464402360861887,2.0784120267838597,133.46806033746202,0.6794871794871795,3.605895691609977,22050,/Users/will/Projects/SpeechEmotionCS3540/datasets/SURREY/Audio/DC_h07.wav,DC_h07.wav,DC,Happy,07,SAVEE
-283.90707,108.92457,-446.12152,-82.08058,-0.19147962,-1.3264384,108.71599,65.03127,-39.42198,205.08691,-0.30647308,-1.2727878,6.2920804,28.55559,-62.899223,67.80954,-0.431702,-0.116297245,21.265799,32.214523,-40.76066,99.04636,0.5670251,-0.014090061,11.847726,21.809418,-40.526688,57.31368,-0.29055557,-0.15265131,-3.6338696,18.401133,-51.508293,38.348347,-0.40849146,-0.70537376,-22.810753,24.771646,-83.9385,13.886122,-0.23970023,-0.70687985,3.0686235,13.175038,-37.846287,36.620182,-0.4990823,0.7625854,-6.7350364,15.051229,-38.61409,19.437511,-0.2901517,-1.0990496,-16.285635,20.504316,-64.68269,19.587355,-0.042691138,-1.0188583,0.4219359,13.148623,-27.83641,28.496464,0.067456745,-0.53514266,-2.979477,11.238618,-35.739975,25.82037,-0.34248835,-0.1954143,-2.772302,9.28044,-27.739662,16.22422,-0.70817333,-0.121800184,723.0805940991119,587.412203973508,2.5065708919357554,1289.1740837353188,1274.985725177138,1025.8729443783018,418.57184210766457,0.022401950503355705,0.018213225158471357,0.10885252991190847,0.35966456,0.39249477,0.36255345,0.37552503,0.36770156,0.37982073,0.41895407,0.40895712,0.4100105,0.40456474,0.46722627,0.40002066,0.58946115,0.4161052,0.55226195,0.3756628,0.51558924,0.38547787,0.44190642,0.3746064,0.3214335,0.35490027,0.2929195,0.34699306,-0.027621713128667447,0.1178900370330529,-0.016040919526887163,0.12388231797972897,0.01177040915061099,0.16983643401600332,-0.005698084612471309,0.21243167635301205,-0.02103736720668375,0.05494793377424253,0.015752118143359313,0.06146560082300785,[117.45383523],16,4.625429373049794,0.20448823,0.14783354,0.43090704,26.60026625405556,12.585445192094124,420.2099874013281,249.67919480152702,1499.416859003809,826.8974672662155,1.9442213,191.8377672717767,21.24574072455714,122.05264192746294,231.73942791006385,-1.4193963425325338,2.856897336972559,109.68678598260091,0.6510067114093959,3.459138321995465,22050,/Users/will/Projects/SpeechEmotionCS3540/datasets/SURREY/Audio/DC_h06.wav,DC_h06.wav,DC,Happy,06,SAVEE
-301.19855,107.2512,-480.0391,-116.42959,-0.34872633,-1.1554013,112.3146,64.4086,-33.828117,224.19366,-0.29045498,-1.1988539,5.274044,34.52851,-77.39754,82.139175,-0.20458798,-0.45391822,31.816008,30.845127,-42.689163,121.94728,0.327413,0.18117309,19.804037,20.844305,-32.648064,81.56232,0.2570696,0.29648685,-0.6406233,19.327898,-51.23046,56.3202,0.016291669,0.35341072,-31.868702,28.96743,-93.21768,24.43556,0.106518574,-1.0054525,-2.6320777,13.75597,-42.598972,34.06022,-0.213727,-0.024987936,-1.1207131,11.434528,-34.95942,22.845928,-0.47031122,-0.2405734,-16.664286,17.655556,-64.160126,14.286737,-0.24366164,-0.7196491,-4.1843953,12.7218685,-36.660797,31.67853,-0.02592181,-0.27678442,-1.9026432,11.116614,-30.165543,28.768307,-0.3713067,-0.28383255,-6.1650653,11.300171,-35.578922,28.677956,-0.07532555,-0.11022806,856.3421553323801,784.8002155342048,2.154674981991012,1613.8429735527664,1676.0097806083083,1114.6525865324538,570.4546617306318,0.021684490266393443,0.01782626793032787,0.4353178362489359,0.3646561,0.36214074,0.3503263,0.3583285,0.3205774,0.37548235,0.34462044,0.3969134,0.38774177,0.388208,0.46390632,0.41728047,0.47259465,0.42151314,0.42469218,0.3875728,0.45904344,0.38984045,0.45801574,0.3812035,0.4174504,0.3689805,0.3684371,0.34030417,-0.012889124308574772,0.08101180514946907,-0.00010570981929236191,0.09440134790367956,-0.01977372072163844,0.14214991298302035,0.030288008717269825,0.15974718490516157,-0.0023947847150279215,0.04650386284164307,-0.002317464141343044,0.051272402328056126,[123.046875],31,5.476636861840207,0.15563463,0.10664276,0.5093568,26.37392520500969,12.845392847730698,421.25569829017775,232.09169637824027,1577.00726639694,1181.0095949618837,0.82710344,196.3958903358358,40.71462739316084,103.82617439498627,269.2917795270241,-0.36081001913589444,-0.5253797250220131,165.46560513203787,0.75,5.6604081632653065,22050,/Users/will/Projects/SpeechEmotionCS3540/datasets/SURREY/Audio/DC_h12.wav,DC_h12.wav,DC,Happy,12,SAVEE
-540.6766,91.93257,-679.4413,-352.9765,0.03696775,-1.0643488,105.79181,72.65926,-40.50193,229.99493,-0.22353755,-1.1459765,27.975998,36.41762,-56.853516,100.50081,-0.16606805,-0.5673599,37.637783,37.0334,-57.02415,138.32678,0.10786349,0.7600205,-3.2928104,31.482704,-75.849976,64.194016,-0.14110367,-0.7945337,-10.40734,34.284798,-96.8834,44.119354,-0.87928814,-0.37178373,-13.384424,17.086096,-46.386017,19.939888,0.1476369,-1.1127899,-5.3034353,12.654746,-38.7822,28.73908,0.21790081,0.03635335,-6.1635156,14.719963,-38.23065,31.125334,0.10368434,-0.28342056,-11.84259,12.85047,-48.05647,16.766708,-0.48802254,-0.25302124,-1.8103466,10.709588,-33.052498,24.093939,-0.19526504,0.20476651,-1.6631598,10.586083,-31.77804,25.621109,-0.33046192,0.33751178,-4.258366,10.990856,-34.068924,23.125675,-0.31015822,0.080461025,1198.777795186416,994.3671280318586,1.789818891221099,2067.8255208333335,1790.4156715056504,1378.5390300496563,638.359842848924,0.044661458333333334,0.052137822787866335,2.0922359693388226,0.45207575,0.36377475,0.45080975,0.3509432,0.43800932,0.33557564,0.3592678,0.29659775,0.41255897,0.35923222,0.38214257,0.29684278,0.36584425,0.30993503,0.35931927,0.31162497,0.33798257,0.29204628,0.39717868,0.34244734,0.44327632,0.35088396,0.43198386,0.3467294,0.03993540625850118,0.10198973939442298,0.013071433488711204,0.06290623677098452,-0.012809895937917835,0.11589489724018456,-0.016212032524938313,0.17363318642482986,-0.002566303315617032,0.053200332308302616,-0.013283862990189164,0.04062161955156701,[60.09265988],13,4.154769324424216,0.012861736,0.014005703,1.353877,24.996630966467432,11.914226728859203,576.5014216425255,217.07968151127042,1789.7059719991717,1367.274537133078,0.5651197,142.57329346236344,21.414894674397658,84.82159539743674,180.77186920887385,-0.5347739070683518,-0.29005520475920665,95.95027381143711,0.5851851851851851,3.128934240362812,22050,/Users/will/Projects/SpeechEmotionCS3540/datasets/SURREY/Audio/KL_a08.wav,KL_a08.wav,KL,Anger,08,SAVEE
-335.57092,104.1714,-501.92963,-163.82474,-0.20267384,-1.3409057,106.679184,63.48269,-37.808292,205.46085,-0.22357818,-1.1993036,17.081993,29.347189,-56.356606,81.11665,-0.24162021,-0.4430797,29.321255,32.624226,-29.863293,120.849304,0.52728844,-0.13387585,3.1780584,20.58357,-48.727898,53.958866,-0.14512299,-0.5098529,10.674642,12.982657,-12.716799,50.283348,0.61430633,0.35449505,-24.78515,25.866022,-82.662735,22.618908,0.03666031,-0.8975966,-5.036017,13.462142,-43.112236,24.476982,-0.353601,-0.16827059,-0.98228747,11.753882,-33.421516,27.06944,0.014121219,-0.387506,-12.840063,18.142117,-58.96019,15.441776,-0.42008913,-0.800807,1.0054235,12.276752,-39.67816,36.05054,-0.21418893,0.90207124,1.456469,11.158587,-26.172764,29.6353,0.12581424,0.011018753,-4.2587147,10.660727,-30.250248,21.937244,-0.11999744,-0.3865919,861.2736983733852,740.6722994674974,1.785429101893101,1639.984130859375,1818.5092377393773,1239.5002940516326,608.8572821089012,0.01650274367559524,0.015838576579564424,0.5937299422105546,0.34488723,0.37251565,0.44562185,0.39037532,0.52027386,0.37522078,0.4765742,0.38663495,0.4217096,0.4139288,0.4784604,0.40726373,0.62371933,0.37115675,0.66100955,0.30162326,0.59990925,0.37041482,0.4028048,0.35233396,0.30571273,0.332125,0.30654794,0.33331487,-0.004008271404070544,0.11854978824928813,-0.006565737434736808,0.09861100459341018,0.08524658659007331,0.125872444047381,0.0009749183747247353,0.19426965561536907,-0.001541591806803202,0.05956774520999979,-0.007705819579617342,0.04634909604099417,[75.99954044],17,4.383236473766064,0.13084875,0.10275804,0.8305843,26.868626788613557,13.582535645733302,423.4570860609102,239.69129684836938,1713.0605828050652,1191.2924978893022,2.3468392,197.04926073858744,9.890321374600251,169.64319079487348,226.44649206156825,-0.13301582959634806,0.11253163730386406,56.803301266694774,0.6488095238095238,3.8784126984126983,22050,/Users/will/Projects/SpeechEmotionCS3540/datasets/SURREY/Audio/DC_f09.wav,DC_f09.wav,DC,Fear,09,SAVEE
-313.71857,103.94395,-507.86377,-110.13222,-0.15271609,-0.9538088,132.4544,62.0603,-18.21082,232.03113,-0.46829376,-0.8803513,5.067244,45.717545,-122.32051,104.67367,-0.3081179,-0.2400651,33.617718,31.441648,-35.18022,110.06105,0.3365673,-0.098474026,-7.9401016,31.769632,-96.638596,40.75109,-0.74479073,-0.25455356,-6.436862,30.984688,-61.561165,71.47746,0.1257973,-0.91931224,3.759712,13.807754,-34.219517,35.568077,-0.16421771,0.0023860931,-15.375802,15.294468,-53.417908,28.860853,0.038664903,0.027576208,-4.792314,15.172882,-40.226273,31.70797,0.03865678,-0.43315268,1.7555075,12.962837,-24.273628,36.44518,0.7857673,0.19260526,-9.255689,18.02118,-49.22029,26.701551,-0.25986663,-0.7793851,-2.9237895,8.137827,-22.224857,17.211905,-0.14399904,-0.46123743,-3.7790842,8.811085,-26.726013,27.148994,0.02164655,0.26180267,854.3281788409744,653.6243374904946,2.6772617621361254,1702.483661358173,1507.2764894566212,1132.6657715556198,544.576824998874,0.019456129807692308,0.016601471452329146,0.49603121463623534,0.3712014,0.3400826,0.42636713,0.35738367,0.43094644,0.3641936,0.3794063,0.35627794,0.39792305,0.38493332,0.4620279,0.40039426,0.44887397,0.39334622,0.40461656,0.36171886,0.42423323,0.37217668,0.37960535,0.3440021,0.34312037,0.3408559,0.3352683,0.33446825,-0.02268942708339198,0.0757670137159977,0.0008242277815437848,0.06939884430111724,-0.025633635690211067,0.13504405229675004,-0.039484031155583126,0.10894500777938676,-0.00616519138807106,0.04075771674249928,-0.0077213768381625076,0.036422810877660694,[112.34714674],19,4.500918554807104,0.11565976,0.076539576,0.9152854,26.053508262745567,11.840918311618996,388.8974068656586,166.04539665022205,1584.5777229965452,1203.5671363340577,0.65608793,164.81450296022092,32.24379364381273,101.45478129445331,241.30149553281768,0.38571869653914975,-0.23157752891979255,139.84671423836437,0.6043956043956044,4.221360544217687,22050,/Users/will/Projects/SpeechEmotionCS3540/datasets/SURREY/Audio/JK_d10.wav,JK_d10.wav,JK,Disgust,10,SAVEE
-611.24146,80.23147,-737.89905,-459.32312,-0.09730219,-1.2264843,128.6196,63.603695,-32.71628,238.42072,-0.24874404,-0.93136096,32.518833,28.626642,-57.04389,91.390015,-0.5405381,0.12809539,37.587456,34.552944,-33.266815,136.7111,1.0551543,0.48196387,22.039614,26.446272,-45.69817,90.853905,0.18129063,0.11178851,-3.5828893,21.548298,-70.980896,47.31504,-0.63578165,0.29450512,-9.958121,19.751287,-59.454987,31.41925,-0.46330923,-0.7191107,-4.6816654,18.474514,-46.02394,41.345913,-0.30544975,-0.6260452,-10.559103,16.010397,-61.116714,15.17893,-0.6898585,-0.0011940002,-9.061519,15.660501,-50.9937,18.065323,-0.8269841,-0.015109301,-7.228739,11.683985,-44.02761,17.890839,-0.5643068,0.2795198,-5.4925904,11.651825,-37.600563,16.929224,-0.42024088,-0.5264027,0.6804045,8.715298,-24.278124,33.92461,0.121839404,1.5477595,825.0029826638138,600.377950346165,2.9775165691780052,1360.2622292258523,1267.1553294656103,1287.9953970124964,576.1079964717501,0.02337091619318182,0.02283939749944956,1.6579779584101302,0.35966486,0.30696428,0.32029808,0.2924984,0.2930454,0.30411685,0.27301592,0.3054384,0.36095852,0.36208245,0.41470945,0.311743,0.48340902,0.32827896,0.4423631,0.303051,0.45617536,0.33774227,0.46354628,0.32606766,0.44383895,0.3460932,0.4320904,0.3678075,0.03519473952304822,0.08136667241960928,-0.0004341254402701823,0.07825800970072143,0.021334058122539593,0.15125473506172404,-0.011090643739920969,0.13129465108215937,-0.005212071618949271,0.03727067404099152,-0.0005769385755146173,0.04185524070701149,[198.76802885],24,4.699989342427795,0.0061444947,0.005213912,1.5094455,24.19320941269162,11.128533578381019,454.74352201190374,104.15359237376308,1512.8961816002304,1140.5565262049827,0.8717515,141.6288955125318,60.9562506066396,91.96585291173604,329.6275569128699,2.037971127149127,2.7758673162786556,237.6617040011339,0.6772727272727272,5.106394557823129,22050,/Users/will/Projects/SpeechEmotionCS3540/datasets/SURREY/Audio/KL_sa14.wav,KL_sa14.wav,KL,Sad,14,SAVEE
-326.8679,92.107956,-449.79535,-54.792732,0.37883374,-0.57788944,76.27828,54.13919,-35.184227,207.65103,0.31019408,-0.89718914,24.007408,33.395615,-70.23607,103.19232,-0.166894,0.34438705,32.548676,20.953817,-6.618293,90.46564,0.83809406,0.11614084,-9.225546,27.692152,-80.022095,28.610773,-0.7259476,-0.58924246,-3.0388927,24.497877,-57.814846,58.586468,-0.5263578,-0.12629366,-4.959552,15.262868,-50.702354,26.549053,-0.58057666,-0.39326644,-6.324596,16.470114,-55.48108,32.058327,-0.5562687,-0.050501823,-6.587663,12.256821,-37.431953,13.708635,-0.6556098,-0.43688965,-2.7064896,10.729641,-36.45982,18.511087,-0.679223,-0.011662483,-5.418316,11.689952,-38.28881,19.539875,-0.76116943,0.112846136,-5.4840164,10.178935,-30.580898,15.350943,-0.3142309,-0.9166162,-4.021279,9.446792,-27.499664,16.960049,-0.2385775,-0.939142,1136.3267173309212,1064.9090583986663,1.5075555695533926,2217.8077697753906,2176.5717592333344,1405.551157997493,686.6313582076881,0.028630574544270832,0.03790488743460266,2.926259060061781,0.5390365,0.3499472,0.5222185,0.34943935,0.49464908,0.36109978,0.43276772,0.3716974,0.4023582,0.38887817,0.4519221,0.39802155,0.5088706,0.40162385,0.48828542,0.38194385,0.4868349,0.37967926,0.5027626,0.3686059,0.5062874,0.3462719,0.5134812,0.32472417,0.01483172304877836,0.0676712526698732,-0.0021443772553081247,0.05457104571918378,-0.006273298781404389,0.11831285521538235,-0.007364635913594482,0.11839774666764452,-0.009707935728449147,0.04214437137222773,-0.005977131474840735,0.037956480589347294,[143.5546875],18,4.05,0.084382616,0.11245126,3.6057022,24.956878968590313,13.759229805483002,552.804197124051,354.63902177651653,1934.2537072449322,1441.5375329768897,0.108112656,226.95150829644587,42.49256873502358,127.82501456536235,291.9733833144849,-0.2842973796541326,-1.0137782535053226,164.14836874912257,0.4895833333333333,4.444444444444445,22050,/Users/will/Projects/SpeechEmotionCS3540/datasets/SURREY/Audio/JK_d04.wav,JK_d04.wav,JK,Disgust,04,SAVEE
-241.71611,141.32098,-439.2651,3.29289,-0.17678618,-1.3789887,101.51825,66.39998,-34.99663,202.88239,-0.2979675,-1.4472609,-7.712185,42.36135,-120.04706,70.50388,-0.69603646,-0.28992033,28.24769,25.140224,-24.467789,99.90675,0.8088928,0.6389532,-11.264217,28.20502,-75.96867,54.57991,-0.17307127,-0.7749078,-12.793385,27.81796,-74.001366,53.807594,0.02439963,-0.8828504,-6.606094,21.435333,-48.08751,39.66712,-0.20040348,-1.0032194,-7.6504474,17.637049,-49.204994,32.70217,-0.16511601,-0.7253282,-18.46854,17.063847,-52.336033,7.4860826,0.11501197,-1.3218298,-1.7484608,12.882777,-32.60093,24.075249,-0.6043265,-0.35458016,-5.4160924,12.708252,-40.127068,18.312475,-0.61684006,-0.42184162,-5.068939,10.614121,-30.65043,15.748888,-0.33627385,-0.87567663,-0.9088846,8.663906,-31.74977,16.682106,-0.8754957,0.7016692,1196.5135819298073,1114.0158618752564,2.247308329280653,2105.0980688820423,1839.5858948066277,1332.7273808771756,510.9459411710933,0.05285128741197183,0.07077438043566948,2.633370882972272,0.41424105,0.36479616,0.43432954,0.33751276,0.4697226,0.35835606,0.43227607,0.3751391,0.4652439,0.39050072,0.50150263,0.38295776,0.471089,0.37795207,0.44425285,0.36475202,0.47736987,0.3479917,0.48474443,0.34945995,0.44161874,0.36394477,0.42512688,0.3894536,0.0014931197201206359,0.08803416560441933,0.014784567353034376,0.04941371244955468,-0.013871658337630856,0.08706637010707992,-0.04614598683776827,0.12145370809288768,-0.015087046505848562,0.03274475867331292,-0.0027446408352722485,0.03255949037996368,[184.5703125],14,4.275267983270089,0.22294618,0.22245269,0.8572207,24.794222325023995,13.385289310794695,688.7823884708428,355.5791184354417,1725.8498727887995,1328.7669334868317,0.6904182,205.44710118603695,58.02629918813489,106.86851352689665,295.3659506116579,-0.008171728389123327,-1.4244533432238653,188.49743708476126,0.47183098591549294,3.2746485260770974,22050,/Users/will/Projects/SpeechEmotionCS3540/datasets/SURREY/Audio/JK_h09.wav,JK_h09.wav,JK,Happy,09,SAVEE
-240.42989,107.06234,-426.90994,-2.327519,-0.19133578,-0.7318702,87.58163,58.37822,-48.310215,207.41519,-0.37863088,-0.84602356,-2.9940395,39.77552,-109.592964,86.48413,-0.16774772,-0.5700233,22.278755,26.608267,-47.17624,110.39533,0.4080848,1.107202,-16.112644,25.732363,-80.69765,36.605785,-0.12745042,-0.86995625,-3.5512085,27.848146,-65.159134,67.01749,0.078667894,-0.09452033,-17.500296,19.396605,-75.76462,24.63659,-0.27391478,-0.56777143,-15.234006,17.26796,-51.094368,21.021122,0.06293097,-0.9764538,-13.673965,14.72499,-45.32315,29.069056,0.16005357,-0.44236302,-2.8033679,10.683901,-38.701126,22.84182,-0.28865978,-0.07552242,-10.339151,13.764495,-41.63905,23.434034,-0.13723053,-0.4709115,-8.695495,12.155849,-34.524635,18.569782,-0.043389395,-1.1007028,-3.6000283,9.650227,-27.535313,18.545792,-0.29820147,-0.6725962,1482.8011538142532,1294.8152406214497,1.668882134770458,2607.4628044577207,2130.4717487447533,1447.492385103147,570.6006703210147,0.08091107536764706,0.09754201878602359,1.9719590733737236,0.40003744,0.3840152,0.36639073,0.3614668,0.3677517,0.38206103,0.3581957,0.3751181,0.34763098,0.38389236,0.353714,0.3886357,0.34217137,0.3800306,0.3230799,0.36167964,0.35312307,0.37389815,0.3854525,0.36510268,0.3850038,0.36070758,0.37675676,0.3472834,0.007837937459911242,0.07764316092286098,0.0015373767501028592,0.0879009204900847,-0.01162826743548264,0.13438879466115197,0.005537903323737792,0.157945429046499,0.0004575886846201076,0.04295985817146249,0.0023547401108795075,0.054707889796301284,[123.046875],31,5.6331122007499275,0.1930927,0.17215271,1.0246884,26.142742888029712,13.39484315936595,892.9110976867521,631.2882637574019,2036.961148585293,1471.3376159278516,0.58468986,269.8611762564758,43.71471813543037,191.5211239251473,385.26118901858945,0.4525048652614884,-0.48781527971027616,193.74006509344215,0.7016806722689075,5.503174603174603,22050,/Users/will/Projects/SpeechEmotionCS3540/datasets/SURREY/Audio/JK_f12.wav,JK_f12.wav,JK,Fear,12,SAVEE
-304.6659,129.01328,-484.1838,-99.06896,-0.13329524,-1.496729,91.00333,68.74532,-51.981907,205.2985,-0.08066836,-1.3367608,-6.622624,46.61297,-127.86664,73.10248,-0.87629855,-0.20301604,23.656006,34.75943,-44.561146,124.8306,0.45863652,0.0118255615,-16.997826,30.564358,-76.34046,25.682575,-0.2448703,-1.2745217,6.5326023,23.449865,-59.181843,65.79828,0.06725115,0.06716204,-1.8477454,14.833399,-43.302345,17.243183,-0.9258054,0.1451838,-9.448274,19.62991,-48.167778,25.539646,-0.23330785,-1.2960858,-2.2877777,13.814078,-45.785225,23.88574,-1.0214456,0.61257005,-0.50565404,11.214012,-35.845734,27.938427,-0.34252355,0.10770583,-1.5446193,13.855295,-36.61133,30.953716,-0.4337781,-0.16149402,-2.2221022,9.900743,-27.810307,14.337889,-0.6912212,-0.5313959,-3.9275243,10.908403,-26.025677,14.991619,-0.4269621,-0.94218516,1155.7829214371814,1137.695341796723,1.5517814779767507,1957.144442471591,1994.8642413290422,1257.4130439459254,600.7551741996605,0.03463943283279221,0.03710145739967434,1.1975622109445154,0.4882211,0.34208468,0.58036906,0.34381536,0.60800946,0.38233313,0.53618497,0.39892995,0.5313934,0.39971983,0.5617728,0.40530625,0.5558383,0.4016312,0.5388107,0.39843553,0.5049027,0.38023242,0.45533744,0.33713067,0.43816683,0.32753938,0.45285094,0.3300704,0.0017608781570295632,0.07008228975252104,-0.00219405776774731,0.065751081699307,-0.0032816802078935348,0.10102455913464606,0.01620605639968168,0.11997101714959467,-0.010993184450038013,0.0323097166169998,-0.008973493875766321,0.03368545707396771,[123.046875],14,3.9318329448626343,0.11521456,0.09451808,1.6337644,25.385318025260286,13.933276635898059,560.1310091074224,370.1880125163729,1924.5347434967555,1344.8801091546497,0.35508367,228.45995981223655,64.55529448374651,113.87914162255151,329.6275569128699,-0.2500786270541533,-1.1035720780680822,215.7484152903184,0.4090909090909091,3.5606802721088435,22050,/Users/will/Projects/SpeechEmotionCS3540/datasets/SURREY/Audio/JK_f06.wav,JK_f06.wav,JK,Fear,06,SAVEE
-342.00333,98.48834,-494.52182,-119.482086,0.042303037,-0.8987818,125.21055,59.540154,-14.444567,221.00883,-0.35238153,-1.0290031,23.086853,39.584126,-79.24318,108.62617,-0.50410694,-0.21184754,33.319283,25.985514,-19.989403,105.372925,0.61276263,0.22550535,-5.283967,27.07093,-87.088776,44.0251,-0.7645602,0.073216915,-13.35253,26.528162,-66.65494,55.37268,-0.065083764,-0.8027499,0.5684011,13.001412,-51.56621,31.202488,-0.83169544,1.5910287,1.108406,13.461188,-40.086647,29.34377,-0.69739753,0.2910769,-11.790269,14.695764,-47.6269,12.914148,-0.28621098,-0.87332845,-2.8285146,10.634436,-28.65611,22.021383,-0.095122844,-0.6989188,1.6011356,14.3670025,-34.861496,37.017857,-0.17424436,-0.15264392,-2.048903,10.800744,-30.32598,26.05875,0.037004698,-0.24566221,-2.4643514,9.432151,-29.091133,32.822823,0.12805223,0.90066075,825.1724079589991,726.3755058890773,2.4434080137216134,1594.3226876570352,1616.7895653434111,1125.7531290374545,571.6284799524423,0.01636846341080402,0.016439392550623533,1.656821022361916,0.51457494,0.30720508,0.5576801,0.3237126,0.48448917,0.34037232,0.39357623,0.3618474,0.39917806,0.36768055,0.44015503,0.3733603,0.40350688,0.35843575,0.38036743,0.33647543,0.44528383,0.34694985,0.50295156,0.3430861,0.50705576,0.33246744,0.47558326,0.31786442,-0.013252317711181972,0.06761512756074117,-0.0020138729236739267,0.0789642560846007,-0.038868408818640676,0.10504544162991793,-0.05140396547808017,0.12729294630035223,0.008355965810890027,0.03576133043974466,-0.007172490472451315,0.03844639316594655,[172.265625],24,5.203642156187929,0.0718494,0.055013217,2.0295615,24.531972662878683,12.989210898514953,369.3225537503635,182.211345531081,1450.1667399231412,1129.7585477223292,0.41708165,139.0608897770839,24.549826391402565,103.82617439498627,189.3213161937526,0.8966742118022798,-0.36445703080263847,85.49514179876634,0.5025125628140703,4.612154195011338,22050,/Users/will/Projects/SpeechEmotionCS3540/datasets/SURREY/Audio/JK_n27.wav,JK_n27.wav,JK,Neutral,27,SAVEE
-434.73596,97.407875,-608.2943,-272.23987,-0.28953692,-1.2664421,124.479515,82.02552,-54.60657,276.80383,-0.09164729,-0.8012879,23.90345,30.16217,-51.52247,86.72757,-0.42120773,-0.4200542,50.655647,47.519405,-49.135822,155.47687,0.30385345,-0.6337054,16.202902,28.203903,-57.470882,79.822784,-0.098761745,-0.10330963,7.465296,27.324406,-50.282455,77.202,0.121372946,-0.16605759,-17.804836,25.296646,-90.051605,36.31829,-0.11989029,-0.36464167,3.0235167,16.21917,-43.586075,37.416695,-0.5294193,0.47147894,4.9835763,12.062559,-24.513023,47.41973,-0.20100476,0.34996438,-6.567482,15.433094,-45.85951,30.06182,-0.25100222,-0.77191186,-3.1112483,12.02529,-41.334995,19.266245,-0.80627424,0.27779865,-0.5232693,8.653351,-22.139408,26.160715,-0.026968068,0.13298082,-2.7794414,10.026194,-34.651546,23.89008,-0.2569431,0.05830002,799.5643319430209,845.8239300694528,1.6855140861315905,1606.9028792842741,1912.5999318507834,1140.525682319535,701.1183388686993,0.008903819844470046,0.01032076474353367,1.1089887880738392,0.5927954,0.33766574,0.62801015,0.3108023,0.6091552,0.3279381,0.5231993,0.3630114,0.49832842,0.38980094,0.49698156,0.3935007,0.4824384,0.3932341,0.46315426,0.38061166,0.5034026,0.36732307,0.54038703,0.3457356,0.49966347,0.31074286,0.47403756,0.28782755,0.0161437963569585,0.055949266957009997,0.015011463118972867,0.05522199613645563,-0.0379629082428424,0.12548919790091226,0.019236578657570367,0.12461633225224383,0.0007430422504070299,0.03526885167327422,0.0013782018259133597,0.04018271875066712,[107.66601562],28,5.571850153871146,0.059304513,0.023413047,1.1670393,24.769925560285422,13.171622906063002,198.7011098146036,129.39428490353347,1756.9325949122044,1481.8821429514087,1.268842,134.19199939893656,18.33201036850576,97.99885899543732,189.3213161937526,0.07034990411081746,-0.2722552055877401,91.32245719831529,0.5806451612903226,5.0252607709750565,22050,/Users/will/Projects/SpeechEmotionCS3540/datasets/SURREY/Audio/DC_n14.wav,DC_n14.wav,DC,Neutral,14,SAVEE
-416.20715,105.45977,-573.7858,-209.01587,-0.008852748,-1.3416374,129.52312,76.51722,-48.8405,270.39642,-0.044649873,-1.0737474,23.484179,36.57232,-78.19706,101.02145,-0.4692309,-0.21373487,32.734447,41.56559,-59.612217,144.76613,0.23124829,-0.19386792,22.313765,25.47716,-30.41677,98.796715,0.7793523,0.507313,2.3337688,24.089808,-61.14339,63.554565,-0.06994326,0.12685394,-17.223352,24.995634,-75.14641,25.25631,-0.1586149,-1.142345,1.2239978,15.947239,-41.893085,41.150307,-0.5437155,-0.0054602623,2.139117,11.967816,-36.708374,28.810133,-0.5517329,0.07937169,-7.9972878,16.972387,-49.82515,33.51744,-0.09680097,-0.88400006,-0.27152017,12.865321,-35.752937,42.401344,-0.049007725,0.2245264,2.1444592,11.171651,-32.831882,31.743671,-0.18373992,0.17876172,-2.3823073,10.410349,-26.438942,25.841768,-0.10000221,-0.46407413,607.5994915805525,687.3263334920903,2.8227723880270488,1096.5579262262659,1460.240970779704,929.5982232124335,514.8935946222906,0.012404816060126582,0.013539269197299591,0.8248610733046133,0.5524028,0.34712103,0.55906326,0.3584931,0.5527825,0.38899165,0.48097333,0.40984708,0.47990268,0.41815665,0.51862514,0.4052604,0.50691456,0.40651676,0.48913923,0.40517002,0.4873645,0.39244074,0.4895837,0.3743806,0.49019298,0.32540652,0.51896214,0.31340367,0.007265016966737062,0.07942325420079173,-0.011471790292917018,0.09023514960438318,0.026441680687923325,0.16876361081376418,0.0037371164840103496,0.13307598792495415,0.00042503231754951955,0.04587357689357448,-0.0134709084265028,0.04531455708580026,[184.5703125],23,4.182680412371134,0.07087371,0.038438663,1.2721717,25.215928265185656,12.25027329241031,231.23463476235344,165.31248691860358,1531.1840585968712,1121.4593124312269,0.98124194,128.3142314162644,17.63777522886969,93.57338770459413,170.6259238017108,0.4114067309646579,-0.2723148326851468,77.05253609711667,0.620253164556962,5.498866213151928,22050,/Users/will/Projects/SpeechEmotionCS3540/datasets/SURREY/Audio/DC_n28.wav,DC_n28.wav,DC,Neutral,28,SAVEE
-352.95438,103.17575,-504.41434,-155.95874,0.05529517,-1.1661384,110.968155,64.91495,-8.686525,218.39383,-0.097018816,-1.4705774,28.981956,37.11755,-94.846924,104.22925,-1.006066,1.2027698,41.33212,26.863974,-28.10345,152.42258,0.80479276,2.5638242,-4.8407507,28.904902,-82.48627,57.365288,-0.36150667,-0.55527735,-6.1024103,31.428293,-90.93257,56.38421,-0.76051617,0.1657176,2.3075612,15.072685,-39.389446,39.913048,-0.2937542,0.05478692,-3.1797094,15.812309,-43.819565,30.931837,-0.72503114,-0.022403479,-12.741975,16.866665,-58.170357,15.958442,-0.4130517,-0.8001015,2.6710644,8.860625,-24.916489,25.482716,-0.17234246,0.30442667,0.7519054,12.587506,-33.937958,30.01445,-0.49080724,0.13365793,-2.5424016,12.390114,-32.757927,28.276337,-0.05728117,-0.2086308,-2.4555132,9.648046,-27.785831,15.318941,-0.51878345,-0.64016676,844.6404551434647,790.213027146201,1.9021443630394579,1788.9025160845588,2022.719539388637,1236.1688195842835,722.2488711126177,0.014309512867647058,0.015088931387481927,0.8962877225341139,0.47281352,0.33131656,0.4660538,0.34526056,0.44005728,0.3699293,0.42991334,0.39576313,0.4623327,0.40939507,0.5324134,0.4073635,0.5767411,0.39839846,0.5616634,0.39878508,0.5146005,0.38530147,0.51002383,0.36800748,0.5320121,0.36348027,0.47112176,0.31905663,-0.011532073850397914,0.0610857290753979,0.009448676923845212,0.08744497646537826,-0.021991403943256858,0.11925522588962138,-0.014828307773261029,0.13985667050873116,0.002298666432697004,0.04002925036503608,0.007542515594019226,0.036655140583914905,[117.45383523],17,4.313281016270453,0.09153821,0.06996031,1.7139773,25.362394370897636,13.371890812806786,358.17989871078805,242.5903241383289,1750.674458129287,1486.2450152410115,0.59389025,130.78581659615048,25.337408034776566,94.11545282508624,188.23090565017245,0.7594132013040225,-0.252489582392625,94.11545282508621,0.48823529411764705,3.941315192743764,22050,/Users/will/Projects/SpeechEmotionCS3540/datasets/SURREY/Audio/JK_sa06.wav,JK_sa06.wav,JK,Sad,06,SAVEE
-410.74957,92.48188,-546.53217,-163.5999,0.56637204,-0.35045266,120.618805,66.1359,-57.353996,242.58167,-0.20018588,-0.8488164,40.07696,37.62875,-81.602295,113.10104,-1.0683134,1.4788079,42.88607,30.99688,-30.20345,125.59847,0.5208455,0.091279745,7.7314396,24.580599,-61.366898,65.103546,-0.7832256,0.65441966,-8.721094,28.39143,-76.90546,64.74344,-0.18326716,-0.18749952,0.34853163,12.939933,-40.497726,34.027897,-0.47870842,0.8783529,-0.7889702,13.440491,-32.952286,31.64334,-0.14079879,-0.25949025,-9.736579,15.995023,-54.87497,18.527086,-0.6694249,-0.43686938,1.8597176,10.187761,-31.131218,21.96915,-0.7922037,0.55123067,4.16878,13.109475,-26.512798,43.65139,-0.09053186,0.08665061,-1.1043437,11.389094,-38.0978,34.974075,-0.48194602,0.8594599,1.0349911,9.198728,-33.593918,27.749493,-0.6542446,1.4011707,579.2248782230639,657.5909884210138,2.9775718504247517,1075.967027394045,1559.5121361470306,948.3593348693921,581.1322910142583,0.010641597371244635,0.012175098707219804,0.9233855709436751,0.44183815,0.3520841,0.4483233,0.36584395,0.47778085,0.3792296,0.49804252,0.40774757,0.48147675,0.4089188,0.508743,0.41526383,0.51325536,0.40166134,0.56115454,0.38766888,0.6557591,0.33637267,0.62706405,0.31331298,0.50575477,0.33391705,0.4374209,0.32294524,0.004526782480303357,0.1120161190214928,0.010028293897556332,0.0768592503846315,0.0023709059664933497,0.16368178118540255,0.04913490154288744,0.14304719211992714,-0.01490917516404945,0.04776206691673622,-0.012484638085848569,0.05288966177729725,[123.046875],23,4.252330963241213,0.06460971,0.039627675,2.4175763,25.010393911573825,12.226969496128548,188.5056191422946,116.15262597175517,1412.030015788657,1232.8161806638702,0.8950767,111.07169838904244,12.431121668219955,94.6606580968763,144.30989148811935,1.1502841672013637,0.5897652502727269,49.649233391243044,0.4892703862660944,5.408798185941043,22050,/Users/will/Projects/SpeechEmotionCS3540/datasets/SURREY/Audio/JK_sa12.wav,JK_sa12.wav,JK,Sad,12,SAVEE
-319.72583,122.23778,-475.85416,-33.45603,0.32967776,-0.98171186,114.20505,69.14131,-43.94158,234.35767,-0.1461782,-1.2021133,21.002367,44.481148,-98.18758,112.20689,-0.5622715,-0.15768647,32.60619,25.751999,-37.220985,133.94452,0.73109293,1.6838374,-3.3629324,27.769587,-89.2032,47.08201,-0.75818515,-0.13345575,-10.411257,26.258066,-78.41403,50.785034,-0.4643861,-0.62771297,-4.049901,13.78875,-46.05263,24.375793,-0.89529,0.21223116,-1.6857067,13.10138,-44.07921,32.83673,-0.6006117,0.44134212,-10.677237,14.779234,-51.768185,13.651653,-0.62251467,-0.4437058,-2.1806355,11.555099,-42.455086,34.647823,-0.4253536,0.9186394,-1.2238181,12.515617,-38.87755,24.146873,-0.65974516,0.31638098,0.15459266,10.087765,-30.249842,26.854443,-0.06226201,0.4835999,0.16166297,8.063307,-28.62616,22.773945,-0.18933485,0.67764616,971.5517173935374,976.1941514207635,2.460156854859875,1755.9709392610143,1826.9977487473352,1183.5416850766505,575.4836358090655,0.03632892546106557,0.05593537059874213,3.3046356762981124,0.50435036,0.33678526,0.52405685,0.3310422,0.50636685,0.32665777,0.4378512,0.35037225,0.4628084,0.37547573,0.47490117,0.37233746,0.44138014,0.35956138,0.4456864,0.35825086,0.49171042,0.3695677,0.49470252,0.32030004,0.54008377,0.3453423,0.5153099,0.32719523,-0.008890902812350615,0.08178135368814707,0.0284638189382184,0.06160118332428461,0.005402301628997136,0.09589255896839752,-0.007742153228734325,0.12703253028696954,0.006766906262415758,0.03274173937944462,-0.02038117534992446,0.03851546788090311,[151.99908088],21,3.718321395304018,0.096027635,0.09994892,1.5947393,23.913501114647527,12.71720868682879,501.97759380852926,360.3271551481046,1494.7813692553232,1192.467814264405,0.15052803,128.3247607379598,24.20896726966557,95.20902171067573,189.3213161937526,0.8817962396341352,-0.05321846057890367,94.11229448307688,0.5040983606557377,5.647709750566894,22050,/Users/will/Projects/SpeechEmotionCS3540/datasets/SURREY/Audio/JK_sa04.wav,JK_sa04.wav,JK,Sad,04,SAVEE
-329.33417,105.850685,-470.9199,-46.25406,0.39242718,-0.7263179,95.70067,71.65211,-58.52024,215.15025,-0.07258108,-1.136332,16.363827,33.653225,-87.53575,86.052444,-0.9932238,0.7521744,45.116234,32.621727,-20.933174,140.99925,0.81478685,0.28836727,4.471137,29.052164,-74.85292,67.29413,-0.32069844,-0.2800107,-8.687312,30.867033,-83.106026,55.432663,-0.5917764,-0.2331078,0.6377164,14.1645565,-43.2828,42.899597,-0.3494475,0.914541,-0.034004558,13.016552,-31.871109,37.265327,-0.025194328,0.07653999,-13.857947,17.904,-57.138092,24.905622,-0.06511869,-0.806515,0.18514651,10.536918,-36.19844,27.261982,-0.7408994,0.64550877,1.5047667,12.6621065,-33.127563,32.350536,-0.4295479,0.16862726,-3.511676,13.2413025,-32.25126,26.240566,-0.26918402,-0.7781956,2.0803626,7.9019237,-21.351814,17.732042,-0.5973606,-0.16165924,990.867694989419,863.536366526463,1.6282088295440018,2031.1004485317212,1937.314782258089,1297.5873319193752,656.2604795975535,0.01675123665201005,0.02002316060919545,2.023077263597401,0.54111004,0.36118394,0.51891476,0.3702142,0.46230492,0.3661429,0.45893627,0.36966032,0.4683476,0.3674711,0.50056624,0.3903639,0.4523376,0.37995866,0.4422175,0.38773665,0.4792537,0.37311786,0.49894744,0.3430542,0.52448624,0.33017045,0.49315056,0.32546788,-0.010877093952153827,0.08654761351042801,0.017457767585225117,0.07893846296450853,-0.018442970174061015,0.13597926510244565,0.03426422781062883,0.12978423982798803,-0.006207532540263033,0.035017839664626085,-0.00039788326845225183,0.040974411175282464,[86.1328125],21,4.544919171991402,0.103810236,0.09510497,1.8316072,25.44552984152531,13.670173126569376,398.24250923715994,224.7685047407609,1842.2136918787362,1430.898438108609,0.20098937,366.7906204591504,577.4682379178588,100.28947374140385,2080.94970340778,2.428655471829899,4.148927503863268,1980.6602296663762,0.6231155778894473,4.620544217687075,22050,/Users/will/Projects/SpeechEmotionCS3540/datasets/SURREY/Audio/JK_sa10.wav,JK_sa10.wav,JK,Sad,10,SAVEE
-427.45828,84.928024,-573.19617,-237.96262,-0.119934455,-0.749151,142.86058,71.22994,-53.269363,251.84546,-0.5657539,-0.5016072,27.33194,38.010098,-61.038044,107.75448,-0.10243556,-0.6724231,47.496815,42.383793,-40.114357,155.75024,0.6243291,-0.17354608,26.732868,34.429253,-33.21282,119.29634,0.7479689,-0.3821664,-5.4153514,26.633743,-72.90318,52.275314,-0.40563875,-0.19334507,-23.68669,26.823576,-82.366486,21.089981,-0.034015656,-1.1664785,2.3317668,16.620123,-43.715336,49.91503,0.07000394,0.27618384,3.8640728,11.680474,-24.198841,30.017284,-0.23299,-0.49790406,-10.367674,19.012068,-57.23768,33.348206,-0.124868155,-0.5781398,-2.6825805,15.044605,-35.1514,28.018585,-0.055395193,-0.9382336,0.68130016,8.606226,-22.69247,17.30661,-0.638307,-0.36318278,-4.0810256,10.250508,-26.126093,28.200733,-0.06785912,-0.52109456,655.4638975425146,694.6722888571999,2.3768467020520188,1253.2976740056818,1549.3484596515987,950.412250832834,574.8360082934212,0.012511837121212122,0.01232657510553166,0.5961039453093334,0.47030932,0.32304275,0.46417218,0.34778598,0.448388,0.37380415,0.4101016,0.38291386,0.40187573,0.38890803,0.46295938,0.40082118,0.46949795,0.38499495,0.45348498,0.38790897,0.46873188,0.37548444,0.491705,0.37818053,0.43571788,0.32591286,0.4715857,0.32809135,0.0083799169081131,0.07853632760669976,0.011633414988173245,0.11288531547811205,-0.003487127011811624,0.15754984521283316,0.026235910623587884,0.16194298009311411,-0.010126936906050746,0.04332428076566034,-0.0009616381516962102,0.052782720206056545,[95.703125],16,4.193410355156183,0.06431444,0.02568895,0.7585347,25.26011259936627,12.106704715872219,221.18664324335404,130.94696696451652,1385.2436181251499,1160.2942392318498,1.5772123,128.01202385610367,18.100714045239062,93.03444464945933,172.60850153728515,0.4107483322115892,-0.2036053391174728,79.57405688782582,0.6787878787878788,3.8155102040816327,22050,/Users/will/Projects/SpeechEmotionCS3540/datasets/SURREY/Audio/DC_n16.wav,DC_n16.wav,DC,Neutral,16,SAVEE
-441.6314,102.05013,-599.75995,-239.31926,-0.05510231,-1.4533553,156.35043,70.814865,1.7788415,269.8958,0.036475137,-1.3101225,15.555733,36.358288,-61.16533,97.18181,-0.30484313,-0.9184227,26.934576,41.861855,-49.454506,124.96983,-0.06995544,-0.6182244,27.429394,32.01139,-86.59769,96.72063,-0.17956507,1.0235,-2.9147358,24.479616,-55.23095,70.91199,0.081274636,0.1398859,-19.88549,25.146711,-79.48518,28.588226,-0.2608521,-1.0877353,5.1683726,14.716723,-39.29579,43.71206,-0.42242116,0.65149283,5.879695,14.271457,-30.551506,46.323013,0.09907178,0.20660853,-9.405206,16.283587,-51.524803,36.68331,-0.09496153,-0.18619585,2.137499,11.770229,-28.200827,29.401566,-0.45749483,-0.08109832,3.9997442,10.429271,-25.861404,33.041847,0.30785894,0.66980124,-5.208797,10.196616,-28.738552,23.304945,0.040839512,-0.72455,530.1839670744866,463.95960721888827,3.2366050286212573,943.3656657400306,1132.0595479872345,892.2883511710644,403.51279437333,0.011428177722392638,0.011974288373560408,0.5410610031963727,0.5522802,0.32771656,0.5788024,0.34198818,0.5876966,0.35734144,0.5420904,0.40641803,0.5430411,0.4000232,0.65710187,0.35307693,0.64312416,0.36360332,0.5227906,0.39388993,0.47508183,0.3882594,0.5133954,0.35965034,0.56711304,0.30633247,0.5285975,0.26850834,-0.025320561078826877,0.0745144964148515,0.029029391290659443,0.10358212708958646,-0.02045931940772638,0.11295002440277288,-0.03724386015667007,0.145418463396472,0.011337758999848816,0.04165541408270655,-0.0031191955043424926,0.044263273164239066,[73.828125],17,4.504975483126623,0.055660434,0.018518468,1.0012012,24.359061139869294,12.371652791526982,209.83293506105875,143.55239953072203,1401.5451365827278,947.0365043970079,2.1151998,125.70375394164404,17.1218988199565,105.64102395561046,181.8190699939266,2.0637779765392237,3.5059831723362693,76.17804603831614,0.4662576687116564,3.7736054421768706,22050,/Users/will/Projects/SpeechEmotionCS3540/datasets/SURREY/Audio/DC_n02.wav,DC_n02.wav,DC,Neutral,02,SAVEE
-353.8427,99.991,-484.01294,-177.16646,0.03344311,-1.4418919,108.26658,69.50169,-41.86386,231.53448,-0.034377262,-1.3156729,26.64441,31.750803,-61.02162,97.40016,-0.5055794,0.21008873,36.96242,22.491285,-30.867542,90.44289,-0.2839797,0.6724105,0.793076,26.971163,-72.4798,53.941868,-0.7101594,-0.2022345,-9.861344,29.947939,-89.70955,52.24713,-0.41669628,-0.37678266,-2.14055,17.505394,-45.992096,39.56855,-0.4470547,-0.23887587,-3.41,12.441122,-34.382233,22.140835,-0.30956846,-0.77192163,-11.340921,17.707308,-63.0139,13.993318,-0.8749743,-0.16186237,-0.15637062,10.178731,-26.913555,25.32539,-0.51968825,0.45705914,0.4855107,11.003663,-33.27706,29.571728,-0.5489632,0.6572318,-4.016511,9.6873045,-28.165476,25.183462,-0.19739549,-0.20751286,-0.6541848,7.897957,-28.174618,16.16629,-0.7760696,0.21374536,777.0504862971188,848.2435849588503,2.454852626307064,1465.7855059649494,1787.3947794813823,1096.603735363681,635.6066412056263,0.01343433277027027,0.013603538845657586,0.5548112997659844,0.5323692,0.32642332,0.573944,0.32706404,0.59098566,0.35263634,0.52474934,0.3754775,0.49329767,0.39942327,0.5791122,0.3910763,0.62233144,0.36956012,0.5789682,0.3826476,0.5390173,0.3765021,0.52415466,0.36792615,0.4748822,0.33545637,0.48392615,0.32458252,-0.011881771371973689,0.051619049741087886,-0.009820996036178203,0.0773582613624402,-0.040447824269634246,0.122373882616574,-0.023811936818969884,0.11245408597732463,-0.001991458416420215,0.0369034511358791,-0.005175387478949524,0.037595959841674895,[151.99908088],16,4.658901830282862,0.085102186,0.065413445,1.9392933,24.531787749886092,13.140988715501647,280.15088990939665,176.57427891918897,1604.5992641664636,1308.0310450597185,1.861344,141.01865461854504,24.72848635372197,100.28947374140385,186.06888929891866,0.7053498270035663,-0.8052683770650475,85.77941555751481,0.4189189189189189,3.434285714285714,22050,/Users/will/Projects/SpeechEmotionCS3540/datasets/SURREY/Audio/JK_n19.wav,JK_n19.wav,JK,Neutral,19,SAVEE
-380.38858,109.92324,-559.67865,-199.4529,-0.314578,-1.2661469,144.67468,65.53184,-55.601173,255.47537,-0.59384537,-0.30797195,18.166342,43.097942,-77.84261,101.66676,-0.1724684,-0.8158381,46.576244,32.66906,-32.31642,134.97604,0.71165705,0.51765156,0.17142975,34.91018,-85.94311,55.71805,-0.73056394,-0.33793163,-18.090147,29.24926,-85.77821,35.80099,-0.10542766,-1.0414941,3.4567986,19.909897,-47.519424,53.184998,-0.008486949,0.29636717,1.1711475,12.934964,-27.343662,34.710835,-0.11909199,-0.584074,-8.915634,13.463128,-45.916603,14.849064,-0.4809212,-0.5856056,0.82274854,12.137116,-28.537634,27.269047,-0.30925602,-0.51847744,-3.4811337,14.194174,-43.33055,17.093765,-0.9868148,0.1868465,-8.251371,11.267933,-31.127712,21.299648,0.23159331,-0.5213809,-1.0822906,8.783244,-23.70871,16.878958,-0.30281335,-0.35988665,676.0189852942476,616.694894466334,2.254749512618969,1265.578125,1384.3391249668177,968.3720459249321,438.8094700293066,0.015231119791666666,0.013860732508916309,0.4621379593752983,0.52716297,0.32447803,0.5112094,0.3573398,0.45294088,0.36425456,0.42791474,0.38351342,0.48146245,0.39331454,0.5799916,0.37868947,0.5311751,0.37326616,0.46316737,0.350808,0.53401345,0.37047106,0.5109385,0.3153554,0.49135426,0.34176043,0.4509167,0.28409487,-0.03599866151387629,0.08901595013004089,-0.004448792852240565,0.09719279630098572,-0.03845701777065843,0.14644389035411548,0.0229782006392871,0.13799464059495242,-0.014190475300912896,0.04837725114124543,-0.005661923750303669,0.04053931620457586,[129.19921875],14,4.020473548487927,0.07279425,0.03954055,1.93966,25.282715036644575,12.34048418898025,308.8222260381289,190.10095497644016,1331.1739542195328,885.7467937006734,1.2174398,130.42718214793024,22.96248543961986,103.82617439498627,180.77186920887385,1.0563940709335962,-0.08590732627774633,76.94569481388758,0.5066666666666667,3.482176870748299,22050,/Users/will/Projects/SpeechEmotionCS3540/datasets/SURREY/Audio/JK_n25.wav,JK_n25.wav,JK,Neutral,25,SAVEE
-278.83188,139.0221,-466.6473,-23.87813,0.01318228,-1.4816322,98.31127,68.70012,-60.855434,217.40097,-0.0965779,-1.1710951,6.4083652,37.4904,-74.52165,80.91388,-0.27474076,-0.65196514,39.188503,36.15692,-44.468372,163.03925,0.7868603,0.8332715,6.005607,23.655872,-50.76257,62.205017,-0.2543705,-0.08909321,3.5209565,20.140413,-63.606785,65.50806,-0.022156544,1.2815619,-18.491606,20.772533,-73.47724,22.29901,-0.3012955,-0.79052114,-3.1585455,11.284102,-33.257866,21.976925,-0.34222892,-0.35807848,-8.967852,17.162,-55.3798,22.135975,-0.63688934,-0.4979391,-1.8777548,11.921395,-42.400917,22.845188,-0.45569193,0.06737995,0.8663253,11.319672,-27.92802,28.630428,-0.54659224,-0.30597067,-4.5049534,13.921739,-53.076355,21.516829,-1.0252494,1.2586145,2.0395944,7.8877006,-19.673176,22.284977,-0.3993795,-0.013035059,1099.8333244709584,1005.0570946096084,2.173848031813542,2028.58154296875,1786.1357566696604,1320.899523164711,522.3854570053854,0.040708705357142855,0.05627494772016974,2.2866795160397397,0.41004652,0.33139852,0.4684473,0.34638166,0.5214118,0.35220027,0.5330809,0.3423266,0.5093895,0.3529426,0.50811636,0.386879,0.44348922,0.3595567,0.41525578,0.35411572,0.4064334,0.33629614,0.44285452,0.3623297,0.402876,0.337039,0.36157307,0.29758123,0.018003281666057795,0.08699853515300407,0.0037520098779877283,0.08345328079265218,-0.011254449454801928,0.1252733128884424,0.039751619277965014,0.15657076938759185,0.00020954697653366094,0.048469335882041165,-0.009327822893724894,0.04822773424238083,[107.66601562],14,2.875319014176338,0.16644332,0.15571843,0.71905774,24.47127421860579,13.231144437476193,672.4091453463656,540.6618779776892,1660.1240852194173,1175.6624018231794,0.60622126,151.98267517834964,22.052858638862055,101.45478129445331,208.85526660911424,0.1502450984960703,0.32866961590631005,107.40048531466093,0.5714285714285714,4.869024943310658,22050,/Users/will/Projects/SpeechEmotionCS3540/datasets/SURREY/Audio/JE_a09.wav,JE_a09.wav,JE,Anger,09,SAVEE
-235.9732,116.925514,-425.30563,-66.29903,-0.47088474,-1.0820743,108.85037,49.451546,20.829693,182.01578,-0.73207533,-0.78293204,-16.14564,45.31696,-102.268234,81.84053,-0.09119041,-0.99483347,21.125675,24.726099,-14.971387,95.70346,1.4063853,1.4868755,-17.269823,26.329924,-65.81526,26.702192,-0.15725349,-1.2506349,-20.512623,21.22102,-58.61831,14.87879,0.23038247,-1.0642295,-1.0019109,17.225767,-44.775925,42.141808,-0.47034174,0.25924444,-18.730452,18.654514,-55.687027,10.114008,-0.14223889,-1.2265855,-18.621824,18.290707,-63.08359,8.305651,-0.32087547,-0.7172899,1.3337159,12.054005,-31.171165,30.119953,0.0033799792,0.19565439,-11.108687,12.735278,-34.99829,9.437185,-0.15458553,-1.2687606,-0.9881417,10.503488,-27.893253,24.201218,-0.22572315,0.33854055,3.8254383,8.304481,-21.713379,23.940338,-0.51035947,0.8402455,897.1375078787607,490.30980398739257,-0.22432146784437673,1656.3497403772865,1214.8497704048748,1123.2713128211349,317.1249389782082,0.03406059451219512,0.021588405417724568,-0.4096169453864055,0.41365516,0.38214177,0.35450116,0.38916773,0.34242752,0.4136262,0.2949742,0.4142786,0.26907292,0.39681685,0.32717174,0.41883147,0.3308684,0.41570655,0.32696655,0.40001512,0.3536156,0.4072246,0.38617712,0.37081388,0.45526886,0.37282714,0.460326,0.35785702,-0.008736082295805553,0.08678237327246734,0.01273325176852762,0.11683350483904449,0.027938932152010307,0.15867969393294792,0.005757087841629574,0.17800216173392147,-0.009951616117930485,0.045148755880541985,0.010255395429118045,0.06080649467754298,[143.5546875],11,5.8009662297904905,0.23891966,0.18866244,0.84909654,26.697457480733284,12.945180158944568,635.947550515702,371.127448719628,1531.363043332363,610.788242762644,3.4253974,252.18691774895655,30.93392772304805,174.61411571650194,311.12698372208087,-0.256356814450359,-0.23017939069129056,136.51286800557892,0.7439024390243902,1.8962358276643991,22050,/Users/will/Projects/SpeechEmotionCS3540/datasets/SURREY/Audio/JK_f10.wav,JK_f10.wav,JK,Fear,10,SAVEE
-257.94482,133.37962,-441.4025,-37.193924,-0.052772664,-1.434353,85.441536,66.5401,-52.17414,207.17645,-0.23757616,-1.1718519,3.8219376,35.198147,-86.57976,87.541855,-0.19466129,-0.42853785,20.431023,14.341625,-36.074112,69.59332,-0.06965693,3.01938,-17.449259,24.071365,-73.48439,33.643654,0.13959435,-1.0123175,4.333519,22.854906,-42.62886,68.99166,0.40698063,-0.05005169,-12.747088,17.559338,-51.715134,16.55567,-0.19138768,-1.22669,-9.877367,21.827023,-61.5483,30.092075,-0.20929678,-0.87002134,-16.201115,17.097055,-55.585213,13.429007,-0.1777293,-0.90331984,-2.1281657,10.533719,-30.478027,25.51853,-0.09689874,-0.13529325,-3.8640575,9.271179,-28.669167,22.52079,-0.19114955,0.17419815,-6.529123,8.800426,-29.35152,14.424839,-0.23119608,-0.6291032,-5.4222836,8.708608,-28.56628,11.7770195,-0.37449503,-0.46897912,1476.2347835580185,1443.1869405957782,1.674164804372986,2396.677174287684,2284.068825258153,1483.5418528105608,592.0804822625321,0.06839886833639706,0.0894041512851814,1.9479790707284586,0.39335117,0.37010062,0.3669487,0.3363236,0.3985648,0.33253628,0.47354475,0.3711572,0.4791718,0.3811746,0.4720192,0.40296215,0.42021585,0.3881277,0.4035647,0.3835169,0.3921597,0.3636322,0.38524258,0.34672058,0.3832105,0.34966072,0.38368967,0.3436119,0.0004930095004824516,0.08088240738931393,0.01636768985918723,0.06950777163090291,0.015939866726779273,0.11253480019542514,0.01582307222655329,0.1555880881736023,0.003470635923788435,0.0449852444434858,-0.0009915715336853935,0.03876592263144446,[112.34714674],13,4.133977502163254,0.21030296,0.20628645,0.64898384,24.78129023058125,13.663581983794161,800.7277928006375,467.15799988605056,2102.9885073458504,1669.7305441934193,1.2114358,292.7959319790116,45.90517068875197,164.81377845643496,410.5345162761952,-0.6826326846391777,0.121635701099855,245.72073781976022,0.625,3.144671201814059,22050,/Users/will/Projects/SpeechEmotionCS3540/datasets/SURREY/Audio/JK_f04.wav,JK_f04.wav,JK,Fear,04,SAVEE
-359.19626,98.80245,-504.22916,-182.69785,-0.013803942,-1.3173796,114.67685,72.88776,-43.83648,236.28946,-0.05789658,-1.3352185,19.17686,35.78045,-64.983826,93.544525,-0.5167712,-0.39728618,31.83667,40.125423,-46.419632,165.11737,0.39661238,0.25158644,22.124517,23.180672,-34.3289,87.8029,-0.0054755053,0.68666553,0.06023781,22.222368,-51.339275,52.655643,-0.07338519,-0.37835026,-21.26656,22.795382,-71.45286,17.168533,-0.123801045,-1.1955359,0.4324414,14.33299,-36.295403,24.592209,-0.7923304,0.08229709,2.295596,9.703799,-28.54552,33.02121,-0.046638504,1.174952,-9.639895,13.367183,-37.26892,18.06003,-0.26134646,-1.0166633,1.9028054,9.210832,-23.077652,27.073353,-0.37255293,0.25050116,-1.3795831,9.281915,-25.23375,20.201935,-0.15544006,-0.668257,-5.1857753,10.608048,-30.847595,13.46536,-0.44518533,-0.8779533,754.9515881293554,840.4250575974606,2.361767295622552,1390.0220947265625,1710.443806975933,1006.0581071204085,585.5569783440835,0.01764892578125,0.015922790733111248,0.47481608887423266,0.45468003,0.36983776,0.49359202,0.36418414,0.5208268,0.37569898,0.5568219,0.39790893,0.537706,0.40756485,0.54101884,0.40946648,0.56468546,0.41222405,0.4800961,0.40491822,0.40303695,0.38855857,0.3866283,0.36974466,0.37229577,0.34052753,0.38204506,0.33373183,0.01400478265467356,0.07062647216094495,-0.006906212422703573,0.07160055564794321,0.012193669241386974,0.1300556500610261,-0.008809931955766322,0.13161698195552865,0.0007997604782920587,0.04532067858205641,0.002584409081027866,0.036322779921052234,[58.72691761],16,3.4494896163322775,0.08698992,0.055040363,1.6504349,25.345349075531537,12.386830368450871,269.3510400692248,148.49445081527747,1511.5855823101692,1192.399584466311,1.0378699,155.16341671197097,25.390411734433464,107.48759652776705,213.73702705379327,0.1343784725019396,-0.8758411764535574,106.24943052602622,0.66,4.638367346938775,22050,/Users/will/Projects/SpeechEmotionCS3540/datasets/SURREY/Audio/DC_d09.wav,DC_d09.wav,DC,Disgust,09,SAVEE
-341.97156,123.71555,-497.0593,-74.15272,0.25684562,-1.4078127,93.67616,75.28801,-49.105774,242.78992,0.30534598,-1.0390741,6.5129495,40.31544,-100.58891,78.58537,-0.5464078,-0.76860094,22.136509,23.673632,-38.366806,76.48393,-0.4794957,0.65073276,4.002074,28.849485,-68.94516,63.662045,-0.5020896,-0.18135285,8.880607,27.099537,-46.26234,77.138535,0.42728156,0.30310225,-8.74336,17.725142,-44.515236,43.677986,-0.013373483,-0.70435214,-1.2841018,12.0746,-27.222599,35.182755,-0.07180447,0.1384008,-6.4338574,13.195606,-40.30692,12.781723,-0.7152431,-0.5713873,-3.8301952,10.813691,-30.35963,19.880043,-0.33293855,-0.51615214,1.7053618,12.126644,-29.033344,28.836811,-0.3851358,-0.023519278,-0.67066526,10.338283,-29.082937,22.47004,-0.83814573,-0.08074975,2.5253544,7.9045267,-18.423107,23.00278,-0.66398513,0.45024014,1064.8166093911086,1209.8350759234731,1.611966141097856,1862.1289435233778,2159.1735236874897,1208.7717879115464,712.3195259637428,0.01678420205152672,0.021729768717976293,1.9520652965014165,0.524478,0.31569198,0.55806327,0.3410345,0.5657012,0.37804103,0.57171565,0.38111505,0.62162113,0.38390777,0.699078,0.3824257,0.63396055,0.35459784,0.5776671,0.33413705,0.6136632,0.36292884,0.5201014,0.32125482,0.48550254,0.30893707,0.48663008,0.311772,0.0033915447476703334,0.047730188069492835,0.0009781960031074015,0.04213202360968111,-0.0036292492220083333,0.07989258074107258,0.015736740622811184,0.09609742546812872,-0.0014172370753454517,0.022457435949738088,0.0007037275047788278,0.02882835148947742,[123.046875],12,3.9750022534026384,0.08913402,0.0992984,2.769818,23.67985599573561,13.74673421542929,350.6974650709802,297.99856739417623,1799.7092581603567,1485.3320444961757,0.2926258,156.09656146195627,32.70054953827278,117.21605517913326,214.97519305553408,0.4700308181410632,-1.2634716535787514,97.75913787640081,0.26717557251908397,3.0188662131519273,22050,/Users/will/Projects/SpeechEmotionCS3540/datasets/SURREY/Audio/JK_d12.wav,JK_d12.wav,JK,Disgust,12,SAVEE
-653.2912,83.325806,-769.8523,-484.2523,0.115685955,-1.4013206,154.6829,61.418823,40.664635,241.47754,-0.10882736,-1.6406493,31.077827,26.03807,-43.911217,85.521576,-0.521779,-0.12736177,18.990705,21.415218,-28.41515,90.53219,0.53458613,1.72468,6.728171,21.854357,-53.429333,58.153236,-0.46425754,0.0436244,-0.7891637,20.383554,-57.241302,38.339592,-0.52718174,-0.3281827,-2.8970783,14.499738,-52.722446,24.99593,-1.0620705,0.9114952,1.6982939,13.788337,-34.04551,39.65853,-0.46233666,0.15043473,-6.146889,15.70168,-57.582214,37.938576,-0.6806691,1.1105342,-8.206448,14.329778,-42.189796,17.652689,-0.7116154,-0.36890292,-4.9659905,10.858078,-34.416126,12.172853,-0.7241372,-0.15403533,-1.8860636,10.4163685,-42.88453,21.351753,-1.3024503,3.117498,5.900813,9.145362,-13.913297,27.71413,0.31301856,-0.35389972,757.8025105065784,370.2595644082602,4.298459591637283,1227.7606670673076,797.3201377502747,1357.3871407993113,580.7946530140491,0.017219217414529916,0.016831879228114025,0.6680515413192946,0.4815021,0.34168115,0.404734,0.3190221,0.36608657,0.25530118,0.40470636,0.32625282,0.43178737,0.38131493,0.40987083,0.33973137,0.37048775,0.28476572,0.4173923,0.3070314,0.45196262,0.31019676,0.48770157,0.29610127,0.5583615,0.35536832,0.5121187,0.3349005,-0.018854355901544075,0.08663984709135607,-0.0020352455465346727,0.10602642228832838,-0.017000393981799058,0.15489127799758243,0.007513309558295789,0.15497606765092872,0.0008334231079619503,0.055430720343607985,-0.012325357058698375,0.04000315201800643,[107.66601562],10,3.69470509383378,0.00425303,0.0033352235,0.82226145,23.115951606992873,11.304909556859727,478.5598104412626,104.03389442250935,1545.5733985960997,1004.8447545180754,1.1056458,114.83527399364027,15.649967497656531,80.0609250563203,139.3941668115768,-0.41538420297438,-0.6225906934514298,59.33324175525651,0.5555555555555556,2.7065759637188207,22050,/Users/will/Projects/SpeechEmotionCS3540/datasets/SURREY/Audio/KL_sa02.wav,KL_sa02.wav,KL,Sad,02,SAVEE
-331.9374,120.09299,-490.84888,-20.219913,0.3205913,-0.809505,96.55134,69.311104,-64.0513,203.87662,-0.2711968,-1.0546343,18.143082,44.68231,-97.46173,98.04057,-0.7199327,0.041306734,37.00621,20.606256,-6.6933045,107.81605,0.7891817,0.6364112,-5.370149,33.57207,-102.224144,54.31492,-0.7688233,-0.5527904,-0.0025058533,38.85422,-81.22917,83.54077,-0.011466854,-0.5617802,-5.37118,16.16617,-45.809513,26.784498,-0.5375959,-0.57814956,-5.4214797,16.176588,-51.763115,27.122429,-0.49746564,-0.08916712,1.4724017,11.007259,-30.811348,26.588118,-0.6007614,0.24845433,1.6083245,9.206391,-27.084946,22.959637,-0.37775397,-0.016065598,-3.2958841,13.933422,-38.31561,24.785969,-0.7180328,-0.080387354,-0.90113956,10.001424,-23.803345,23.727066,-0.25914222,-0.2531886,-1.3698492,8.494267,-21.449184,14.919319,-0.59744847,-0.65661454,1033.4036048669288,1169.087431599879,1.8504421228734087,1830.1216457201087,2048.338896399598,1187.1523963087284,650.9451670659043,0.024887179736024844,0.04067691459871147,3.7469059564273377,0.45023653,0.34089062,0.4690838,0.36182323,0.53659904,0.3865921,0.57183176,0.38840213,0.56212837,0.38177514,0.5871337,0.37828204,0.55683243,0.3917897,0.47889668,0.3777616,0.48957217,0.3846696,0.50507087,0.36833873,0.492929,0.33061033,0.47261018,0.31881422,0.002367561777230261,0.062236443022620574,-0.0020760828882390686,0.06107171867517403,-0.001012384879941286,0.11117260151466557,0.016266598233154354,0.0993641241278192,-0.0022890955445074774,0.03703393712289762,-0.01178722212420808,0.02909423500311391,[184.5703125],16,4.2876414326167005,0.10515853,0.10012518,2.5519602,24.791398202614975,13.062188631379508,327.23711469589705,211.2097409871255,1803.4936550587445,1516.0782836461083,0.17021233,150.15191801312704,31.085801835455463,95.20902171067573,230.40470702053787,0.5487483554352665,-0.24641676438441662,135.19568530986214,0.422360248447205,3.731655328798186,22050,/Users/will/Projects/SpeechEmotionCS3540/datasets/SURREY/Audio/JK_d06.wav,JK_d06.wav,JK,Disgust,06,SAVEE
-281.55338,104.14622,-448.6925,-116.121376,-0.5310981,-1.2023649,104.34319,60.95711,-34.324425,203.55151,-0.3385291,-1.3155675,5.8347535,27.203835,-59.662594,74.48396,-0.0033247205,-0.36840367,22.226063,37.04696,-43.65384,118.0031,0.43135977,-0.27207255,6.4884014,27.114223,-46.959732,86.374176,0.35555035,0.18776822,2.1383295,15.716861,-31.12022,41.966927,-0.12200303,-0.4754734,-22.657032,26.531898,-74.55442,19.392052,-0.16423197,-1.1914526,-4.03868,14.237448,-39.680454,18.707775,-0.7572545,-0.46241617,-6.9949265,14.162801,-48.341953,12.046932,-0.7057008,-0.282403,-15.953908,16.92082,-47.28813,10.73958,0.13413613,-1.317598,1.0151087,13.696357,-28.42786,31.530687,0.09875634,-0.7215886,-2.3346088,9.473441,-27.203354,16.713484,-0.5703962,-0.65376425,-5.6295533,10.608043,-31.12967,12.342911,-0.49370894,-0.5205102,837.983465991285,742.7229093587438,2.0713256216601756,1539.6240234375,1614.7533517679597,1123.071200316727,532.410953965307,0.02998744419642857,0.02705857309367104,1.5122933506121792,0.4045878,0.37016773,0.33728817,0.36655125,0.32749543,0.39396638,0.37079337,0.4194386,0.42140126,0.4394414,0.46015942,0.43988228,0.4916652,0.4284356,0.45509642,0.41671237,0.45082426,0.40327427,0.47699127,0.37500784,0.5144448,0.3753053,0.4814717,0.3442474,-0.019143847103782898,0.08593674682283257,0.0032763026874038947,0.0872621391762837,0.015154290816280495,0.14563350328474586,-0.03753832383413991,0.16029243283621344,0.002167235732312092,0.0541603611334717,-0.004393780314629536,0.040404177858416844,[107.66601562],15,4.646082962255405,0.17021762,0.12165471,0.94790894,26.1279736101359,13.22692591442925,484.73225252406866,273.74784229938547,1534.09960366698,964.6597038214625,1.8062828,206.08764412589483,39.39553797730488,109.36644661993022,254.17759331190004,-1.0237395798882647,0.12001321644602259,144.81114669196984,0.6714285714285714,3.2285260770975057,22050,/Users/will/Projects/SpeechEmotionCS3540/datasets/SURREY/Audio/DC_h04.wav,DC_h04.wav,DC,Happy,04,SAVEE
-240.85585,130.39827,-437.13467,-35.030594,-0.46712852,-1.3318079,108.99865,68.92392,-49.88627,211.96872,-0.49954337,-1.2521404,-9.617419,36.665295,-86.08754,74.41272,-0.17861141,-0.7337837,6.608226,24.693426,-55.09063,76.06107,-0.15467486,0.40193677,-10.806248,21.311438,-72.033516,33.445534,-0.6056081,-0.1792686,-4.1385236,19.061314,-45.561356,48.336914,-0.059192665,0.29177403,-23.741804,24.410118,-78.659744,13.274676,-0.07976387,-1.0195293,0.21885712,13.9251795,-36.16555,26.574783,-0.6269411,-0.41253042,-6.3606863,11.851821,-34.700687,16.648842,-0.40613687,-0.7483847,-11.355515,14.475001,-59.332874,11.371502,-0.6343589,-0.032942057,2.5735784,12.318981,-25.100327,31.522224,0.03788465,-0.4270382,-2.950864,9.496489,-33.583145,14.342331,-0.83535916,0.3504374,-7.285122,12.736896,-35.88702,14.059425,-0.61558145,-0.7987273,1016.278496035579,886.8319347760665,3.0494525908689827,1611.8280157342658,1509.7401065570307,1215.8368823492888,425.4117691075094,0.048063264860139863,0.05604957731653493,2.6350992869870127,0.36075604,0.36911476,0.3095572,0.35952535,0.3320419,0.34780982,0.3974099,0.3944445,0.34827963,0.36758405,0.3763959,0.39729732,0.42118505,0.3913332,0.45229733,0.3897569,0.50226796,0.37036097,0.5065426,0.37545833,0.48661762,0.37154916,0.4543336,0.3893893,-0.01405325213164846,0.10452185306389913,-0.02024809184937324,0.12484474070038273,0.03629098325915635,0.17632307898919397,-0.034102969343768066,0.15222713841996297,-0.011914961740593817,0.05747204482645743,-0.01219125983054528,0.05504210861437214,[117.45383523],15,4.528464634847613,0.23709491,0.19790655,0.3931115,25.49855208929311,12.917697990219882,707.6583125787888,352.56650255277475,1707.0697913373824,1108.5412341837023,2.3282888,204.92488754339684,32.58322050773864,110.63722351746388,244.1052838549259,-1.2576452476394795,1.1818995382120425,133.46806033746202,0.6713286713286714,3.3123809523809524,22050,/Users/will/Projects/SpeechEmotionCS3540/datasets/SURREY/Audio/DC_h10.wav,DC_h10.wav,DC,Happy,10,SAVEE
-292.60773,96.550674,-451.82837,-120.703476,-0.35883704,-1.1058478,114.70441,62.282227,2.7671669,206.69821,-0.4209257,-1.3059927,11.0117855,30.7004,-70.804695,99.047134,-0.24936138,0.21193862,18.629145,27.183882,-44.93321,112.59471,0.29928026,0.355757,10.294061,19.854427,-38.766777,58.918755,0.0854699,-0.2063899,-3.6606197,21.172398,-58.466164,56.162407,0.35663277,0.09982991,-27.260475,24.512516,-83.184105,13.910658,0.120378226,-1.0371748,-4.050952,12.646926,-42.634224,22.933289,-0.34635293,-0.48773456,-5.7255516,12.399276,-43.082085,17.472675,-0.49542087,-0.32935715,-17.39229,17.995554,-64.061386,14.604078,-0.036847908,-0.86171865,3.328806,14.05414,-30.428963,38.601105,-0.07127859,-0.07402372,-0.20061204,11.610267,-31.263208,30.009672,-0.15184548,-0.106503725,-9.354787,13.426336,-41.424683,17.701832,-0.15165402,-0.95435286,772.0465577026145,569.8469654488006,1.8597536715843632,1519.5514057957848,1529.8116845558413,1084.6161372336635,576.2869393972884,0.021240234375,0.016857109498127507,0.15231174957213633,0.31019533,0.33952776,0.31641802,0.3565342,0.3552407,0.37069663,0.43967748,0.40798202,0.4367317,0.38500035,0.47292048,0.4174993,0.4867799,0.41478616,0.46647716,0.39714646,0.45873755,0.38655508,0.4292623,0.38722154,0.35633767,0.34623656,0.3128626,0.32910106,0.004136173261982563,0.11787631365237336,-0.007115316947302868,0.09098034138708447,0.022438849528254538,0.1691818146932225,0.01611078926001065,0.16209102767228392,-0.005750707129174563,0.052849691145873894,-0.0015431522904324395,0.059320442512658306,[184.5703125],27,4.518957076169873,0.16054007,0.11325926,0.84545636,27.191638539624936,12.907931854400424,401.0957767855169,194.11246864224742,1543.8874763025333,1085.2321147108282,1.7666062,185.01878295412902,30.861012612603666,113.87914162255151,286.9574553484241,0.26446294283695104,0.7545324061325864,173.0783137258726,0.7286821705426356,5.974829931972789,22050,/Users/will/Projects/SpeechEmotionCS3540/datasets/SURREY/Audio/DC_h11.wav,DC_h11.wav,DC,Happy,11,SAVEE
-287.5741,105.87772,-462.58664,-104.52708,-0.4691418,-1.2444141,106.91714,64.93032,-27.871902,213.3594,-0.22393648,-1.192451,3.5167472,29.264633,-59.230553,84.80176,-0.045089103,-0.33093047,25.244198,30.910547,-41.1687,100.10503,0.041392058,-0.073167324,13.543227,18.117548,-38.68091,55.795853,-0.2560166,0.14444876,1.684692,18.668016,-40.334312,53.7952,0.33279887,0.18941808,-35.102062,29.853758,-89.56099,23.915209,0.12841803,-1.2332546,-3.9620218,14.2329035,-38.83271,37.56026,0.04088314,-0.07264972,-4.514194,12.53791,-47.028587,34.381676,-0.16678862,0.8177147,-14.739713,17.8321,-54.701866,21.272346,-0.21143892,-1.0718936,-1.401649,11.81528,-28.630678,29.063198,0.3811301,-0.16972303,-3.8738482,9.321464,-30.629213,12.96805,-0.5204516,-0.2778597,-4.0002303,11.586088,-31.449757,19.724297,-0.31882507,-0.604789,944.2504113159824,845.7341558611623,2.1460356938111214,1829.0623441655584,1786.4596796534368,1201.5036259125277,608.083236812205,0.02599318484042553,0.026253860631492633,2.0564695727557556,0.31008816,0.35211146,0.29714808,0.36125052,0.2986441,0.37905145,0.32238075,0.38754842,0.35219282,0.39409438,0.39760143,0.38948607,0.42907217,0.40318468,0.4554703,0.37832338,0.5555267,0.39554083,0.53834945,0.36472374,0.4997914,0.3785635,0.37677813,0.35437894,-0.012109468179458018,0.07508043617431287,-0.010248842752670986,0.07429113096973856,0.009673626014734375,0.11857881069853228,-0.036758252800977886,0.15004003444269304,-0.00334312760968772,0.04844364136668345,-0.010440190304739395,0.03704155617963509,[107.66601562],22,5.045189337604393,0.1776264,0.13472682,0.5453944,26.650491034561377,13.20345684494236,475.0565116314137,264.1642535277815,1747.9294463057252,1292.7658023713072,1.473403,213.5019566591691,26.416410398271733,134.6458897635121,252.71363809934766,-0.8927826401327968,0.2778485358212919,118.06774833583557,0.648936170212766,4.3605895691609975,22050,/Users/will/Projects/SpeechEmotionCS3540/datasets/SURREY/Audio/DC_h05.wav,DC_h05.wav,DC,Happy,05,SAVEE
-342.1377,127.79143,-485.38193,-58.13883,0.4246711,-1.3123808,93.802795,83.6399,-85.02689,257.6413,-0.031364698,-0.7119515,15.039956,41.31375,-108.23167,96.18721,-0.67899966,-0.10093331,32.116188,35.445164,-51.856438,140.32092,0.56596065,1.4102664,-1.0118612,27.681032,-71.436165,44.982388,-0.94175094,-0.20472956,13.282714,25.073544,-31.004208,83.75515,1.0362226,1.0157561,-0.5603172,12.247785,-27.38112,29.037853,-0.057582308,-0.549,-6.700651,17.757954,-52.739296,17.050312,-0.9592198,-0.021198034,-0.40777925,16.687756,-39.08181,36.03991,-0.44605437,-0.043770075,-1.0960153,8.603888,-19.678415,23.7273,0.032724824,0.005414963,-3.4124207,14.078884,-37.593914,20.422834,-0.4672995,-0.8843708,-0.40338787,9.98467,-25.134909,20.923008,-0.36722836,-0.57332087,2.6583521,8.2785015,-23.97459,25.250254,-0.16896269,1.4032369,973.1455856305051,1152.8486872662993,1.9270253660666659,1682.5486044847328,1972.3621479109643,1124.7242205817556,653.9150741997854,0.02164465052480916,0.027334859036820095,2.0069498987801935,0.52349573,0.34939668,0.5203053,0.34106404,0.53429455,0.36893976,0.5378795,0.39599723,0.5568616,0.42439798,0.55275345,0.4111332,0.5288117,0.3913535,0.5415667,0.4021363,0.55255044,0.3846702,0.53613096,0.35940957,0.5055714,0.35443762,0.48343173,0.32818154,0.004437412946956855,0.0420982526888693,0.018710893407127577,0.056057504185702774,0.017520179445961473,0.09602163166884685,0.03401805200962345,0.09052173099718269,0.0024747791485400785,0.03047631777212332,-0.008464929375811675,0.025843906542630204,[184.5703125],11,3.618583001387459,0.12073857,0.118838705,1.2990515,24.364678638892887,13.005986868292267,309.6046141824569,250.26564627088598,1708.8496930824733,1501.6649729663768,0.35081175,163.54244560399871,42.44562223948966,100.87044475251382,227.75828324510303,0.22677487971827082,-1.5077346667369989,126.88783849258921,0.3282442748091603,3.0398639455782313,22050,/Users/will/Projects/SpeechEmotionCS3540/datasets/SURREY/Audio/JK_d07.wav,JK_d07.wav,JK,Disgust,07,SAVEE
-678.64966,95.30136,-795.4801,-490.81705,0.5912241,-1.0121317,126.42708,60.395443,48.87421,245.15796,0.5192107,-1.1055362,24.05832,22.80765,-23.122482,96.39859,0.09404357,0.5615747,36.35813,25.560219,-19.254644,101.232956,0.7979656,0.5991459,15.572845,31.401688,-63.63412,76.411644,-0.35156554,-0.07934809,3.604083,30.467392,-94.62944,42.493095,-1.7171633,2.6398168,-6.4351435,17.004637,-47.51789,22.580265,-0.70192856,-0.1537385,6.3641744,11.229073,-25.724312,37.749878,0.16168508,1.4055305,-0.45991045,12.461382,-21.887856,34.24326,0.5614789,0.45125842,-4.221951,10.976696,-35.959747,10.253275,-1.0819374,0.37037325,-3.3129196,9.367575,-30.835922,11.217212,-0.9265832,0.37192726,-6.9868774,10.853745,-38.109303,9.467699,-0.9518568,-0.069553375,2.2515032,11.790283,-21.617,41.437187,0.9078567,1.3305988,829.6581232171151,470.69730069747794,4.059117571123619,1464.5374644886363,950.2279527382269,1541.8611971876342,558.8184747385934,0.01556158685064935,0.02013025231511975,1.4033968770388592,0.4754597,0.3117504,0.4583186,0.26743075,0.56135297,0.30529433,0.6332762,0.26323473,0.612005,0.32513967,0.51046795,0.37861192,0.37675673,0.30323574,0.37274486,0.30176988,0.38465345,0.30300474,0.43975854,0.33685392,0.57436067,0.36335912,0.5675357,0.33360636,-0.018091366923798015,0.08648914596405748,-0.01107226430215533,0.03907466169922318,0.08967540682861896,0.11452527153996486,-0.013563201653880287,0.0866542751920933,0.0006172244761079733,0.02723669967848149,-0.00880419843612452,0.04345665288472337,[151.99908088],6,3.396749595625048,0.0038945142,0.0033560693,1.2382013,22.975412269656587,11.52542835969526,464.8603092084625,131.2848283818568,1997.578102294356,1145.6293668404637,1.1535538,181.50747813513527,70.69830319714545,95.20902171067573,311.12698372208087,1.0041378723505379,-0.516882254676652,215.91796201140514,0.6103896103896104,1.7663945578231293,22050,/Users/will/Projects/SpeechEmotionCS3540/datasets/SURREY/Audio/KL_sa03.wav,KL_sa03.wav,KL,Sad,03,SAVEE
-312.4663,114.84283,-513.095,-124.42343,-0.3551507,-1.2378958,134.96222,73.9326,-57.713654,244.22003,-0.5308269,-0.7490046,0.9530311,47.33655,-117.3658,90.60864,-0.35061783,-0.4129715,21.967764,27.322443,-48.8854,117.273735,0.5401331,1.7196531,0.6187244,26.766008,-74.05616,47.317444,-0.4507139,-0.5302868,-4.805526,34.228542,-95.34533,82.61963,0.031849075,0.15655279,-5.450498,17.777617,-55.476006,44.27465,-0.51268923,-0.27108097,-4.704773,16.40895,-38.13944,47.660812,0.06515684,-0.34475327,-6.45105,16.998766,-41.927837,30.72675,-0.18349443,-0.7686143,-3.4405844,12.503898,-35.553566,25.244713,-0.07539442,-0.7286794,-5.6299644,12.484791,-42.990654,21.481457,-0.47001722,-0.33758545,-1.5229647,10.360147,-30.945747,29.38255,-0.26642242,-0.25277948,1.3461404,8.990181,-23.573227,20.876492,-0.4529909,0.027821302,900.7251970500953,960.7549266778914,2.7018884784439203,1569.345272288603,1655.443028968674,1028.4635832037993,558.3916309884474,0.02541729582457983,0.03012888944769978,3.0986532024256053,0.4921809,0.36095852,0.4360853,0.3520538,0.40155554,0.3777627,0.393062,0.38432154,0.41173843,0.40073863,0.44829154,0.40241557,0.44646245,0.39973024,0.40916583,0.36717913,0.47218907,0.36946908,0.5029983,0.3578029,0.44736013,0.33718368,0.4373262,0.32272914,0.001961328510643682,0.07753782093455376,-0.0003848521542337238,0.08355863001999853,-0.037627435731506405,0.12505302855102346,0.04534924281526209,0.13410799851119187,-0.010904838776108814,0.03963007778386994,0.001567271908846926,0.042975851469165306,[103.359375],23,4.179405826362849,0.11334416,0.08270263,0.9817278,25.40650850232452,12.472168993501382,404.93734116851573,251.90186456896777,1476.6989009082608,1227.7795906462215,0.39324352,150.50462842019596,38.29693533528695,101.45478129445331,248.37216905734888,0.8318894703773481,-0.058174176371650343,146.91738776289557,0.5378151260504201,5.503174603174603,22050,/Users/will/Projects/SpeechEmotionCS3540/datasets/SURREY/Audio/JK_d13.wav,JK_d13.wav,JK,Disgust,13,SAVEE
-396.50375,105.2433,-545.4312,-221.24345,0.019598998,-1.4581804,134.46835,68.16168,32.784546,268.3546,0.16402844,-1.2661631,22.930454,32.577496,-66.4604,90.20491,-0.5473842,0.11503148,27.449005,35.201046,-54.161964,136.81561,0.06722246,0.38394237,22.15878,21.819273,-48.19069,72.698135,-0.31125024,0.08900261,-4.026021,19.638487,-58.195396,28.474113,-0.4584706,-0.6786349,-16.068197,24.267849,-74.20856,21.874554,-0.30199033,-1.0296355,2.9516213,11.323686,-40.78308,29.497013,-1.1871705,1.949007,3.6026073,9.628421,-23.716385,31.973415,-0.123625584,0.45362067,-9.298768,19.179726,-57.442055,33.84045,-0.36492556,-0.62175894,1.5110468,13.0947075,-27.303179,32.66137,0.27903122,-0.018211842,0.50045645,9.9421215,-19.430601,29.24551,0.19941582,-0.10659456,-6.630406,10.136201,-29.1641,8.791696,-0.3050143,-1.077779,454.73602637333954,322.81421303275874,1.326987143427715,736.6622121710526,883.8449483894755,806.913887763396,324.40520461641984,0.014974814967105263,0.015511354874559806,0.7131768622502415,0.50043696,0.36063933,0.5377262,0.36295012,0.58078265,0.3647152,0.586504,0.38216898,0.5437555,0.38867858,0.5825523,0.4099786,0.504442,0.41105834,0.426448,0.42420608,0.38965437,0.40687728,0.3733723,0.3775747,0.395788,0.343784,0.43937537,0.33488065,-0.006945034890363383,0.07845921286125432,0.022544871052323393,0.10237583565077887,-0.013338164541576712,0.16778929032905474,0.014779912599509042,0.1164472645398403,-0.009999385730021067,0.04742175889776987,-0.02343433091453718,0.042061097511599845,[198.76802885],12,2.7256994519757716,0.0851046,0.05012229,0.79826653,24.650640770735638,11.881437159285506,217.0038981707311,132.773430016747,1261.5472634417063,850.196719232873,0.7759124,149.22160376657862,25.028551688970257,98.56656061031477,192.63059450929475,-0.3903145628303949,-0.7697338512173184,94.06403389897999,0.6157894736842106,4.4025396825396825,22050,/Users/will/Projects/SpeechEmotionCS3540/datasets/SURREY/Audio/DC_d08.wav,DC_d08.wav,DC,Disgust,08,SAVEE
-244.39516,130.81161,-436.2644,-30.288078,-0.2029347,-1.3417052,94.00654,56.068886,-35.603596,208.53525,-0.12460309,-0.9489083,-5.147182,40.60622,-85.86467,86.44052,-0.14900811,-0.793658,21.367422,22.487844,-29.006275,74.872284,-0.06504662,0.11642432,-20.584063,26.24705,-88.063675,33.92362,-0.11290334,-0.80819774,-7.4738336,23.258663,-70.617966,54.92098,-0.3016906,0.3363881,-10.208006,19.45822,-58.348038,31.075584,-0.30652702,-0.7101145,-12.7596655,16.164373,-46.98555,16.222935,-0.20883727,-1.2923611,-14.938503,15.552639,-51.05207,11.163673,-0.16782707,-1.2531888,-1.6610124,10.808784,-27.37286,26.14341,0.054359674,-0.39382982,-6.1267815,11.721753,-42.27661,17.853138,-0.74182427,0.37249136,-4.467612,10.213433,-35.960594,15.662237,-0.61281836,-0.29920554,-4.8668017,10.536872,-27.47372,12.882888,-0.38170484,-1.1547052,1187.0924380845925,888.7036040844555,2.066227798282211,2234.3324242568597,1838.494613155254,1408.0646295925058,521.4616201460634,0.04731862137957317,0.053377792253341626,2.85812383973356,0.5030759,0.37347594,0.5081752,0.36013046,0.4776813,0.34876236,0.44640192,0.379377,0.3847012,0.39223796,0.34612036,0.38978088,0.30117634,0.3568686,0.30679527,0.34767708,0.33364332,0.3588635,0.3692646,0.3795848,0.39472088,0.37331828,0.42373177,0.34940666,0.018133363351080505,0.10448452325105671,0.0033894808264534203,0.08816021340639912,0.009081752610210797,0.1600263819890996,0.012972210221582788,0.1407571006344945,-0.0033006404629545944,0.051360032897222255,0.0024680292351659913,0.04720290358819623,[71.77734375],17,4.473951184579579,0.21904917,0.20602502,0.7535366,25.080401793867487,13.053690926564945,766.8833520236648,462.616066101321,1798.0910349425096,1018.9294754526557,1.7319375,254.25771134839914,55.96513854514129,110.63722351746388,337.3322358273121,-1.262759620068972,0.8549411819896164,226.6950123098482,0.6646341463414634,3.7997732426303856,22050,/Users/will/Projects/SpeechEmotionCS3540/datasets/SURREY/Audio/JK_f05.wav,JK_f05.wav,JK,Fear,05,SAVEE
-252.24533,121.88458,-426.2446,-31.997871,-0.005021738,-1.3605005,85.952705,63.312283,-60.511562,212.28943,-0.1073718,-1.1669647,-7.4543343,38.441975,-114.44717,78.80655,-0.56562656,-0.09719467,16.026972,23.884974,-33.142117,86.264854,0.27918234,0.006197214,-23.11159,32.657394,-115.0403,33.897133,-0.5389626,-0.3691194,-4.5503902,24.93728,-66.27344,59.06834,-0.2815147,-0.12864637,-7.796617,20.016941,-54.045883,32.879875,-0.3831846,-0.73673725,-16.97554,17.951208,-60.03823,14.137163,-0.13543476,-0.9036782,-10.930139,15.892951,-41.279366,21.473558,0.11471966,-1.0304656,0.4971561,10.689379,-39.78833,26.676607,-0.56054753,1.0676265,-4.928347,12.190479,-46.71637,20.033981,-0.98355776,0.7176516,-4.440654,10.318326,-30.972004,15.578972,-0.51805997,-0.43903518,-2.281505,8.264942,-20.970924,16.884302,-0.041850567,-0.51956296,1347.5669601219658,1159.0441210440515,1.8322488099726175,2346.56982421875,1920.7970867948627,1366.992000146697,508.3128982385191,0.06056182238520408,0.08070080413310739,2.3210204522582907,0.46218577,0.34338778,0.5358844,0.37151042,0.4904999,0.36674318,0.41701278,0.36549652,0.41107443,0.39067736,0.45860392,0.4184693,0.419403,0.3917499,0.37095517,0.37954217,0.37173772,0.3779073,0.3734567,0.3645242,0.34452936,0.3283213,0.3887094,0.33471733,-0.004358052975717808,0.06315168508881984,-0.0029271609642984894,0.0875687306825273,-0.012973294954519316,0.14318265874355876,0.0395899908759684,0.11754846771654757,-0.0071661125405651106,0.04493358235640939,-0.005872468189668973,0.040513520082666864,[99.38401442],18,3.9750022534026384,0.18168138,0.17419548,0.90606695,25.034297201076924,13.017173830330666,937.4995017696973,578.2343696640537,1992.507845746915,1421.7903499393874,0.25876585,266.9311833817911,65.30650748533299,99.71184887709214,401.1578949656154,-0.8298824835640521,0.9431583707006683,301.4460460885233,0.5357142857142857,4.528299319727891,22050,/Users/will/Projects/SpeechEmotionCS3540/datasets/SURREY/Audio/JK_f11.wav,JK_f11.wav,JK,Fear,11,SAVEE
-394.77493,105.93599,-533.1639,-197.58185,0.09850442,-1.3613111,114.407974,64.41317,-42.769226,227.68756,-0.2301844,-0.49042535,22.805626,38.861626,-73.5029,82.074844,-0.7476749,-0.57622147,48.61431,33.520786,-6.854748,159.7356,1.2717438,1.2522073,0.09051766,26.031494,-96.520996,74.36565,-0.9239809,1.6762295,-9.419874,29.490261,-84.55185,59.823097,-0.19920291,-0.37345433,-2.3794322,18.925406,-62.116882,49.098175,-0.69947517,1.1258826,-3.7553377,14.884627,-43.413036,32.734756,-0.4900258,-0.40665078,-12.101008,15.045899,-45.11403,22.01183,-0.39190704,-0.89557123,-0.25962958,10.891452,-30.633663,37.588875,-0.083853625,0.356189,-0.7730202,13.727887,-38.279713,36.883186,-0.42075473,0.70072126,-1.3194011,8.853883,-23.456898,26.529842,-0.13650423,0.34230375,-1.418055,8.396044,-22.573523,24.288456,-0.26290324,0.7039223,1089.5889007903802,1115.3219634350103,2.2013297487931403,2027.7502852879213,1970.1849215304449,1302.6155031283897,562.0900786668536,0.031066208742977528,0.04813911837775734,3.084862287546881,0.58460706,0.35245502,0.49973443,0.3151362,0.45246425,0.31854773,0.44618398,0.3247271,0.44185424,0.32986578,0.5094558,0.37081578,0.4889481,0.33565417,0.46062702,0.30816367,0.45385486,0.3149116,0.47177944,0.333063,0.5046259,0.3529434,0.54418844,0.327409,0.0032457511197087263,0.04979834784680566,0.023442341350498205,0.06316102027835256,0.014389472443275146,0.11063577621065274,0.04006784826810059,0.10090942129964917,-0.0084962440562824,0.03415175093741369,0.007136278811925948,0.03476845290864229,[143.5546875],21,5.104222930146938,0.043874554,0.039274085,1.4815505,24.00149440607566,13.170534493490521,479.20115453937876,253.76853366182132,1677.5370542621508,1370.3105180252724,0.27791804,134.01506127858897,20.018551286436097,103.22817963382575,192.63059450929475,1.1631852548292714,0.9994436946663896,89.402414875469,0.34269662921348315,4.114240362811791,22050,/Users/will/Projects/SpeechEmotionCS3540/datasets/SURREY/Audio/JK_n30.wav,JK_n30.wav,JK,Neutral,30,SAVEE
-334.99188,105.023796,-521.24695,-118.33389,-0.42601913,-0.7137339,128.4864,70.575905,-52.9001,227.12509,-0.4287886,-0.82394505,17.946945,41.040554,-92.808014,83.91153,-0.73900366,-0.001335144,47.252605,32.199802,-31.709839,111.15358,0.027655574,-0.25719523,-8.331957,32.46753,-84.03653,41.931374,-0.49266368,-0.8711629,-10.571289,33.659836,-90.01553,63.697388,-0.33989856,-0.7176814,3.1859179,15.590734,-27.437231,48.643486,0.5297562,0.066429615,1.3476198,14.687795,-33.013054,43.95861,0.23325409,0.53716516,-16.393883,15.265245,-54.632233,11.751434,-0.00052663323,-0.8057983,-0.27609852,12.626362,-32.594975,32.33728,-0.08900869,0.13408422,-2.9784174,15.419647,-41.683117,35.50192,-0.059813876,0.030777931,-5.1299067,11.661163,-33.084976,25.611683,-0.30650154,-0.11943388,0.31588927,10.215006,-24.918991,26.06192,-0.23309821,-0.08123541,992.3168727248668,915.1648630474996,1.8877268780621796,1975.7769416360295,1959.9587800115887,1254.471696832763,676.7298744896567,0.017348345588235295,0.0151859053955603,0.6568370708169498,0.4743437,0.33870906,0.4423088,0.33689713,0.4288736,0.35280946,0.44481853,0.38308328,0.41566664,0.36582854,0.46717218,0.38771862,0.4891581,0.38233474,0.4536375,0.36419627,0.50195014,0.36527947,0.5388834,0.33243018,0.5161156,0.33283016,0.47873864,0.30942565,-0.006429277788492141,0.061691696304692074,0.006635510194070667,0.0626491344836703,-0.007820939669519904,0.12283517809565492,-0.0019565280131221205,0.12279578920475431,-0.013691392865026568,0.03839654188307072,0.003086953324241456,0.036072704316715706,[287.109375],14,3.9655726122422763,0.094637126,0.061659046,1.0304981,25.476743344554734,13.68088283815457,422.8100090591077,223.40002301904036,1664.2210899438446,1319.4819825308095,0.64094955,131.8428525666426,19.78604055603375,102.04250286354403,178.6955271983718,0.6705113528503492,-0.35541086105488606,76.65302433482776,0.5751633986928104,3.5303854875283447,22050,/Users/will/Projects/SpeechEmotionCS3540/datasets/SURREY/Audio/JK_n24.wav,JK_n24.wav,JK,Neutral,24,SAVEE
-267.25952,126.14076,-419.67084,-20.629618,0.20253521,-1.4204433,76.300224,63.98125,-61.308823,194.5886,0.016792502,-1.227462,6.8996725,37.35195,-87.839874,101.70924,0.10536263,0.16651487,32.54663,30.20579,-31.670982,115.96746,0.8311118,0.123226166,-1.1074721,20.49986,-61.37832,62.97181,-0.53803045,1.3871422,3.3756633,17.371347,-49.49711,52.55413,-0.4060236,0.80486155,-16.98255,18.911469,-66.36972,12.396845,-0.29633313,-0.9663615,-6.816001,12.407471,-45.19299,13.736228,-0.97629297,0.5579884,-7.312434,18.04863,-58.205276,30.018864,-0.54830635,-0.16218948,-6.0145497,12.052905,-54.960148,20.475101,-0.8010865,1.1893015,-1.5912073,8.4655695,-31.864075,21.27775,-0.32381102,0.5793383,-2.5095866,9.58669,-28.75436,18.935593,-0.46690136,-0.4580722,-1.8323753,8.606411,-24.178356,19.644583,-0.38412443,-0.5015445,1205.666664962475,1102.6807716820474,1.8919264176916535,2127.764423076923,1833.8489133418461,1376.1444451532168,470.3800926271219,0.04904275412087912,0.06966955609655316,2.2121914905145057,0.42308077,0.35175622,0.43063322,0.36887833,0.4336594,0.36848375,0.43065816,0.3433057,0.44145593,0.3690604,0.45996565,0.4055894,0.43059397,0.37977743,0.3876938,0.34071022,0.45201382,0.36665314,0.50632393,0.37132835,0.4365701,0.32787445,0.4049904,0.31977686,-0.005648685959797023,0.09267780784692485,-0.006780116935922532,0.0851849693160401,-0.025816179384672455,0.13541288712586969,0.04532771687801094,0.1756058753783119,-0.012645499857433245,0.04812169958481144,0.011888594884082572,0.05723228320867162,[80.74951172],13,3.077790304396843,0.21390589,0.25027815,1.1649985,24.530864992170233,13.588377510279933,694.1635495952485,490.29725151673307,1854.6214358892264,1176.790183311399,5.668512,183.62004432173163,32.46136121271853,122.05264192746294,238.52991146631203,-0.10188021479146565,-1.2423086407545472,116.47726953884909,0.532967032967033,4.223809523809524,22050,/Users/will/Projects/SpeechEmotionCS3540/datasets/SURREY/Audio/JE_a08.wav,JE_a08.wav,JE,Anger,08,SAVEE
-407.8276,118.42864,-549.66833,-144.77513,0.39523003,-1.1284698,117.04913,63.640324,28.076956,231.28241,0.32115597,-1.3579528,31.88679,36.14447,-70.6566,112.93349,-0.4914268,0.4361632,43.596825,29.3393,-7.633438,128.38864,1.0234481,0.71904516,2.801639,34.42002,-88.93547,46.987083,-1.1465483,0.051990747,-14.2342005,28.02949,-72.28996,22.063648,-0.36016032,-1.3611804,6.364575,13.812555,-39.969086,39.641846,-0.45446086,1.4374995,4.9693027,11.32662,-29.101547,31.18656,-0.5569016,0.637625,-4.408331,12.474979,-33.977623,13.767864,-0.72104794,-0.48130178,3.6741574,10.000852,-15.793249,37.1226,0.8693785,1.6044188,-2.5618699,14.822143,-44.191574,28.063225,-0.83968437,-0.039152384,-2.5522625,11.4717455,-38.959244,18.35973,-1.1814957,1.0850725,2.4434068,5.1987305,-11.148312,16.504562,-0.012242791,0.6510465,512.7826953937598,515.8115962818831,2.826112692345857,922.08251953125,1231.791994028685,924.7505031274555,417.4189969474165,0.011987802933673469,0.014009558995616608,0.840722456951339,0.64257514,0.32550484,0.60077065,0.35537097,0.6095875,0.37615216,0.6528785,0.3832927,0.66055936,0.4082458,0.62745064,0.4009106,0.58772194,0.40194407,0.5475688,0.4073668,0.559482,0.39223143,0.5777768,0.3705832,0.5690223,0.32185695,0.60928416,0.29479563,0.027079123171653223,0.04925040758782009,-0.023446069309661782,0.06252356920292719,0.017178391505564525,0.11395985504497799,0.029181671514156404,0.09439974539811745,-0.01659715475941991,0.038639845767819016,-0.006411392594526096,0.030824004348565703,[215.33203125],7,3.1050090525045264,0.07536496,0.05395176,1.7004795,24.294299568298207,12.879214571983828,240.96442086209973,206.51277441576045,1424.5047252990773,805.3968063254156,0.6871845,134.7637183007037,18.472701012071276,105.64102395561046,186.06888929891866,0.7196015578531966,-0.30730450051285896,80.4278653433082,0.5306122448979592,2.254421768707483,22050,/Users/will/Projects/SpeechEmotionCS3540/datasets/SURREY/Audio/JK_n18.wav,JK_n18.wav,JK,Neutral,18,SAVEE
-454.4249,113.025734,-588.4442,-221.60538,0.38905153,-1.3423243,127.19622,72.62279,30.29699,251.3339,0.37989864,-1.3768007,27.712996,34.198433,-57.11081,100.52791,-0.6733227,0.04778409,26.813951,31.018806,-50.15496,117.963684,0.24519295,1.6956224,25.628374,25.215921,-17.933643,93.93186,0.9554557,0.33666348,-2.2037475,21.486967,-58.05862,25.029148,-0.9035611,-0.28549194,-11.5920105,26.706953,-70.63287,18.552807,-0.5222586,-1.2975491,7.431889,9.290608,-16.112587,32.591873,-0.07836311,0.9787855,3.164435,10.307403,-22.358276,30.812935,-0.30785978,0.6165292,-6.5005755,14.0749035,-36.67131,12.967459,-0.6163953,-1.015889,0.17664556,12.449385,-36.864067,28.873758,-0.6311798,0.38965535,2.1004207,8.674984,-22.46563,19.751896,-0.7310336,0.27956033,0.29365575,8.923918,-21.035301,12.536583,-0.88133115,-0.35212636,388.1356222218456,339.5975144240526,1.665938566411994,628.3340282654494,950.0723460466152,807.0740748431084,369.95426463122976,0.010352659761235955,0.012660485721861105,0.6477418182977172,0.59971344,0.3416263,0.64312994,0.35371536,0.68431604,0.35551554,0.68196106,0.36864644,0.6600009,0.40555996,0.7005239,0.4052034,0.6359357,0.41565248,0.5799234,0.419606,0.5657189,0.41308263,0.5521495,0.36775336,0.55105156,0.3393856,0.532622,0.3107234,0.009763153750746618,0.05340357131781709,0.03807171607179472,0.07103960283522145,-0.004537083689919066,0.10596846713107141,-0.00010117348492855448,0.10843404589767844,-0.01190744333492663,0.031098520669863298,-0.005021790916288489,0.0426655814654799,[234.90767045],6,2.92040086530396,0.062161665,0.030168096,1.0477026,23.096949649002454,12.445939970756942,191.2635109594257,171.0137863395777,1447.9517794917026,1018.7424668623564,1.1530842,139.3981099985953,23.80509788941962,97.99885899543732,176.64303400994282,-0.3043933152941766,-0.8292800551283892,78.6441750145055,0.48314606741573035,2.054512471655329,22050,/Users/will/Projects/SpeechEmotionCS3540/datasets/SURREY/Audio/DC_n03.wav,DC_n03.wav,DC,Neutral,03,SAVEE
-412.19522,100.15088,-584.58014,-223.68794,-0.28953865,-1.2254287,164.24515,67.28448,13.941252,267.0638,-0.25123206,-1.2903948,12.686332,39.25823,-68.528946,77.301025,-0.34545988,-1.1012704,26.180801,39.44831,-54.25841,113.62573,-0.10125942,-0.76358676,30.607252,35.31814,-84.005844,97.28278,-0.4146165,0.3888297,-5.716393,25.966974,-62.778748,65.65633,-0.073330835,-0.20298028,-23.281475,25.26159,-82.273026,22.711874,-0.09233774,-1.0272515,5.492261,14.410722,-35.904484,43.039406,0.118947186,0.10382438,2.6172743,14.089021,-42.672462,35.092125,-0.15841293,0.36712766,-14.370024,16.50218,-47.98551,26.22468,0.028525801,-0.8353989,0.7554355,13.429209,-41.48197,30.43978,-0.43932763,0.07959628,3.221874,8.67158,-26.012999,28.294987,0.1745681,0.751951,-5.4953566,10.054858,-29.969803,18.287086,-0.16054808,-0.6220176,559.1778378343488,397.09771884498565,2.6750522133702175,1090.750675073406,1079.8369636327466,881.528840896827,391.2613205753513,0.014494415897651007,0.013643298148993862,0.4674301773532185,0.5106573,0.3256251,0.559982,0.34812903,0.5379433,0.36892268,0.46964234,0.4028629,0.4657043,0.39397478,0.5601938,0.3814913,0.56625664,0.37630925,0.4805585,0.38557756,0.43233234,0.3660563,0.49702173,0.3441688,0.52541757,0.321115,0.4980354,0.30197564,0.00955024381735466,0.06826085978197131,0.0004916252260319434,0.10067687512271672,-0.02116375971248025,0.1625469480733534,-0.026375469020349557,0.12782669982249656,-0.00023407095063459685,0.04800289107050688,-0.001119054663276267,0.04079517051923997,[73.828125],16,4.625429373049794,0.06460322,0.025823625,0.852562,24.67642915109312,11.75666556654741,248.1180037246702,146.95833853122454,1280.9912127308444,854.1769472422379,1.4458966,125.6651652552578,18.60464779166044,93.57338770459413,181.8190699939266,1.4645216181325833,2.515746401954387,88.24568228933248,0.6778523489932886,3.459138321995465,22050,/Users/will/Projects/SpeechEmotionCS3540/datasets/SURREY/Audio/DC_n17.wav,DC_n17.wav,DC,Neutral,17,SAVEE
-400.31665,103.06365,-536.77966,-169.6919,0.36589217,-1.0068616,130.02682,70.2106,-34.98123,249.5122,-0.41512024,-0.6729965,34.799488,45.980896,-74.04333,108.573395,-0.7299929,-0.27462006,41.85745,25.37377,-21.57077,104.62273,0.4158679,-0.35186386,-2.1396554,30.467598,-85.67865,60.26781,-0.7790385,-0.13099575,-8.758046,29.255013,-89.010376,59.47695,-0.19938412,-0.34954023,6.1448298,14.312985,-36.248573,59.8909,0.23370591,0.76985645,0.09102815,14.053474,-38.774555,29.572105,-0.519363,-0.090037346,-11.699721,19.25127,-67.1056,22.367815,-0.39197505,-0.73301077,-0.39646164,11.021401,-33.564415,26.434002,-0.37909323,-0.057043314,4.0208964,11.623266,-44.866943,31.091822,-0.4330432,1.665195,0.503856,10.592408,-32.77417,20.146248,-0.9243558,0.8033931,0.17692918,8.700152,-24.112473,27.968784,-0.13880022,0.07977986,681.6709128686874,737.4804583209846,2.1785605009151428,1309.723059218169,1653.0185578026208,991.7306299190336,620.638713225266,0.011239544609665428,0.012414017781719435,0.9165520439326741,0.46886337,0.35550293,0.48348692,0.35686085,0.5103136,0.37379128,0.45734674,0.37320328,0.43020424,0.38001806,0.4680851,0.40041417,0.4631008,0.3866611,0.49470684,0.38179532,0.5693184,0.3563768,0.600437,0.31915048,0.553785,0.31099102,0.4650535,0.29921237,0.014247791320078234,0.07058201490887554,0.006734712237759547,0.05739185100143017,-0.023479456410892708,0.13176759351400225,0.03283102060131474,0.131986909780804,-0.005929236008179969,0.035206867634411665,-0.0034910742804532126,0.04739281051360506,[151.99908088],27,4.32544554958987,0.06577435,0.035916846,2.3865852,24.903922440219624,12.494913921051314,212.73208596343213,140.73357256616427,1408.266732996035,1251.0724526291403,0.90804565,117.25081293192882,13.242305225266081,96.87324609557632,154.66751207845843,0.7665990616953008,0.010415655840495752,57.79426598288211,0.4758364312267658,6.242131519274376,22050,/Users/will/Projects/SpeechEmotionCS3540/datasets/SURREY/Audio/JK_sa11.wav,JK_sa11.wav,JK,Sad,11,SAVEE
-316.22678,120.53777,-468.31802,-8.577887,0.3072845,-0.9141519,106.39595,71.08738,-48.83918,223.5668,-0.05911183,-1.2021606,15.956039,39.305557,-79.74359,104.3271,-0.57319903,-0.097557545,36.489895,31.28515,-31.02914,122.773384,0.406019,0.017055511,1.1409109,25.04963,-75.36241,50.619347,-0.7409266,0.014616728,-9.345896,27.00394,-70.61409,61.081787,-0.32068866,-0.66509414,-0.51534975,12.474553,-31.706276,31.05984,-0.47246742,-0.21417761,-2.1958618,11.92863,-33.796352,25.42081,-0.41126135,-0.15344739,-15.823411,18.988638,-68.00224,20.628983,-0.365057,-1.0149527,-3.327893,11.904066,-37.133553,41.31944,-0.24676615,0.90620136,-1.9719807,11.53702,-38.724564,35.09768,-0.46449634,1.001471,-3.6592753,10.362429,-28.622786,23.926971,-0.25909773,-0.32385588,0.09521364,9.049271,-28.206293,20.907162,-0.32887024,0.044943094,977.376601324267,986.3342915504109,2.439224076883798,1750.828148159585,1780.7609491664793,1176.7630978288682,524.9117809979518,0.038365782485177864,0.05585137635063468,2.951642984195894,0.5050213,0.3488485,0.43182626,0.34885117,0.38702792,0.33692133,0.39110395,0.35018346,0.44284365,0.38020507,0.47890702,0.39106435,0.46828535,0.37193066,0.45530388,0.36223683,0.4880502,0.37476176,0.44962955,0.33741632,0.43878084,0.33886588,0.49340802,0.34711167,0.00206491560202613,0.07212151653833694,0.004773375469894858,0.0822551302381753,0.020417680435633145,0.135328596362399,0.04177867748181883,0.12384895006643411,-0.006345055518016722,0.04293904182625212,-0.0032955235456532195,0.04032454359199729,[80.74951172],25,4.259980525803311,0.11074046,0.12543146,1.609705,24.72873456719001,12.653193464431554,560.6225653083059,460.7919593730078,1500.3190837338473,1150.2339570705594,0.30959624,131.83236768044011,21.81897197941704,94.6606580968763,177.66631669600923,0.4567906197783563,-0.6024422956081423,83.00565859913293,0.5810276679841897,5.868571428571428,22050,/Users/will/Projects/SpeechEmotionCS3540/datasets/SURREY/Audio/JK_sa05.wav,JK_sa05.wav,JK,Sad,05,SAVEE
-602.69586,94.119774,-748.96796,-455.19427,-0.16101268,-1.4197108,146.85825,66.59205,-1.0506091,243.35294,-0.30694854,-1.4084588,23.684914,27.83941,-38.42545,71.73336,-0.40088674,-1.0355766,14.765232,28.343376,-40.467888,94.88811,0.60397464,0.48496127,10.216235,24.911482,-49.108437,71.61456,-0.101447985,-0.06779623,-3.4006715,20.751465,-48.298206,45.642803,-0.1379654,-0.6627605,-5.588107,15.12125,-54.04995,18.763533,-0.5179652,0.12239647,0.4793186,13.784128,-34.73572,22.922428,-0.58817184,-0.3127973,-9.614233,18.797056,-55.752975,30.286652,-0.4647164,-0.67656827,-10.256951,14.473385,-43.41117,21.220325,-0.30232123,-0.69403386,-4.0592384,11.931536,-30.418116,21.301325,-0.19353804,-0.66558695,-2.0815446,10.249528,-27.914804,21.223124,-0.49120635,-0.26758575,7.982771,11.356037,-19.660849,35.557724,0.3886833,-0.49054766,821.6456240016909,516.1268304792295,4.6515787009792255,1363.737771363385,986.4390842872903,1279.1644545354727,553.5507578003226,0.023843680862831857,0.02704690937376347,2.5968343755023042,0.3715734,0.32768592,0.35881907,0.28865913,0.39977613,0.3183363,0.4468813,0.34184122,0.45318353,0.3739803,0.4319784,0.36621135,0.3941258,0.3184666,0.4010906,0.34567404,0.40271372,0.3117914,0.5460379,0.3284732,0.5736492,0.32130155,0.4373599,0.34903288,0.033647404733892335,0.08604174849297405,0.021776769480505404,0.06810075086174952,-0.05908141167323457,0.14423038887623027,-0.03414867918905494,0.1417375935724801,-0.00940125180285253,0.03951403793397213,0.006699978460483639,0.04037985716534184,[83.35433468],11,4.2166475435485555,0.0057376074,0.0047591,1.0920805,23.599052808106677,11.09805584923125,515.2884840676296,110.88714317427738,1503.1810907286226,1062.5505324809133,0.48964167,117.4155942169083,18.961736999198273,86.80420620725057,148.5384940785009,0.2150873894996369,-1.0482181045032568,61.73428787125032,0.5575221238938053,2.6087074829931973,22050,/Users/will/Projects/SpeechEmotionCS3540/datasets/SURREY/Audio/KL_n17.wav,KL_n17.wav,KL,Neutral,17,SAVEE
-674.02515,94.01394,-800.39514,-481.7381,0.2552905,-1.3247671,132.5262,69.47579,35.4731,257.24237,0.3876191,-1.2977917,28.483725,26.133389,-32.235523,102.2468,0.048995942,0.63616824,36.879562,30.20967,-31.904839,123.21341,0.857909,1.5618382,17.763693,32.96907,-63.399437,94.69058,-0.49342546,0.52265406,5.322146,25.69572,-76.67548,40.434776,-1.3343278,1.4988799,-5.6977167,18.426432,-49.252525,21.486536,-0.61977637,-0.8293817,2.7110372,15.24024,-39.273094,25.141552,-1.1559417,0.545594,-0.6605352,13.025416,-30.809067,31.918352,-0.46220562,-0.2555585,-4.248822,12.58678,-39.978973,11.029697,-1.1007056,0.42149448,-5.5437064,11.0929,-36.55882,12.469357,-0.789814,0.16427326,-8.558814,10.084427,-32.85371,6.23435,-0.66497827,-0.40627933,0.3815883,11.661153,-22.970097,40.053474,1.0219886,1.9122677,825.5197991058134,496.4229315915191,4.018729586245524,1457.8277587890625,1007.4968178447914,1490.9472940459991,629.2340774199014,0.015346950954861112,0.016646147333287852,0.6153408725050946,0.503898,0.33397526,0.46038792,0.3000588,0.5049563,0.31374925,0.5277782,0.30977178,0.5827802,0.3380309,0.49523047,0.32813728,0.41044205,0.3182054,0.37444252,0.29073253,0.35744703,0.2997758,0.4469684,0.37235177,0.53228843,0.37205005,0.53812987,0.33907866,0.0019273044216968375,0.06070222899220466,-0.01356637478258544,0.06557758907363652,0.06113277047148136,0.08273461456618682,0.025279910303651936,0.0896522188636587,0.012529531354762674,0.034097068439966974,0.011001614032365017,0.034753341115077656,[198.76802885],5,3.0254383798468756,0.004577958,0.003603971,0.6668241,23.03503143251702,11.126604831091186,479.3724086162808,129.58100430125728,1922.1945811491726,1280.7847358520464,0.4445212,205.14050373761268,68.45562489556772,113.22324603078411,323.96475278211557,0.34902469422735555,-1.450470569147728,210.74150675133146,0.8055555555555556,1.6526530612244898,22050,/Users/will/Projects/SpeechEmotionCS3540/datasets/SURREY/Audio/KL_n03.wav,KL_n03.wav,KL,Neutral,03,SAVEE
-327.44287,117.741165,-534.87744,-113.02722,-0.25928,-1.1906322,106.09715,61.69783,-26.00401,228.47897,0.100018054,-1.0540628,8.601558,40.84591,-99.53961,108.98689,-0.14805394,-0.47662306,54.747337,33.994556,-37.515495,154.16733,0.40708646,-0.1882143,9.5293,25.966787,-68.49951,66.1453,-0.7598383,0.42076564,0.86044484,23.862795,-71.9357,65.754105,-0.2581277,0.19195962,-24.094347,23.73883,-89.02309,33.67204,-0.04645607,-0.67933846,-6.7588725,15.519943,-51.221382,35.476486,-0.027547589,-0.37885356,-9.989119,16.426788,-48.408752,23.440899,0.019319778,-0.67976403,-2.9216216,13.26657,-44.502735,28.679703,-0.46706057,0.234694,-5.615778,11.96793,-32.259064,25.726143,-0.10125695,-0.72014976,-5.735524,12.54582,-35.197514,22.99886,-0.16130504,-0.59115744,1.706425,9.430294,-28.43161,25.170246,-0.1945253,-0.026070356,1192.070910375949,934.2761318167269,1.7622166443933354,2387.6941018853304,1859.4748933199714,1424.293561438589,566.5846871289469,0.039800974948347105,0.04679222746499862,1.8870182616128421,0.36556005,0.3295358,0.38659015,0.34239468,0.39910755,0.33058226,0.3643903,0.32680574,0.31813896,0.31033838,0.37888563,0.3532516,0.41725308,0.35436365,0.42868188,0.34130418,0.48265365,0.3388659,0.5031284,0.33526507,0.4783696,0.35280457,0.41891682,0.355296,0.00019962753394384434,0.08443760407963062,-0.00887994151498569,0.06305571248660385,-0.01932388363590841,0.1164693862380569,-0.010058927619137608,0.11504040107307058,-0.004470824405771464,0.036093382107332934,-0.011121194040949193,0.040861138596298426,[151.99908088],25,4.450625307809687,0.101335965,0.08609449,0.6807559,25.476407355488533,13.618546464182318,678.1650686077121,378.66607409374046,1803.7048679844743,1226.0643508082292,0.72807336,180.10832049326572,40.35680393753022,104.42763330455712,278.7883336231537,-0.22613288495459882,-0.9923892300096373,174.36070031859657,0.640495867768595,5.61718820861678,22050,/Users/will/Projects/SpeechEmotionCS3540/datasets/SURREY/Audio/JE_h12.wav,JE_h12.wav,JE,Happy,12,SAVEE
-317.98645,114.365234,-476.21664,-109.52897,0.0196097,-1.3680009,97.8532,67.6381,-43.24788,223.07565,-0.031787585,-1.215354,13.772433,33.87602,-69.12465,80.434654,-0.43398142,-0.2660482,33.6133,30.588043,-23.044327,114.84517,0.8694695,0.010901213,4.7822437,24.41318,-60.360886,46.352623,-0.6659949,-0.36736727,-5.683374,22.0272,-55.590908,53.554222,-0.31759363,-0.23708534,-18.489012,21.415672,-77.02695,12.476488,-0.48722,-0.6970265,-1.6480106,12.959274,-39.246597,22.16198,-0.9034755,0.28726387,-6.8984013,15.596045,-43.140823,22.795706,-0.5026475,-0.7149577,-5.4959073,14.857672,-42.407677,25.76382,-0.20361634,-0.9068403,-0.40255135,11.579253,-31.899765,23.119335,-0.48911422,-0.2995186,-4.2897606,12.569061,-33.81192,17.721931,-0.5237216,-0.78560996,-0.6292889,10.512818,-30.444954,25.056328,-0.6521614,-0.07417321,860.7246848736127,786.8269700348792,2.596105967931387,1484.2450420673076,1565.430408359079,1201.4691443008169,484.8991342712718,0.028610777243589743,0.03812150659180898,3.8321553002560926,0.521595,0.36326572,0.5531208,0.36104074,0.4860983,0.37271637,0.4638489,0.39902923,0.47576058,0.42132595,0.49970758,0.42532697,0.47644576,0.4087253,0.45542142,0.3877747,0.48639762,0.3778847,0.48640904,0.3723847,0.45769754,0.35677624,0.41713005,0.33071923,-0.008214509867504093,0.08585956103673921,0.014386213842317088,0.08454189349504511,-0.024270000110547987,0.10262541136514153,0.05931918763865981,0.1482328149237809,0.003750326073194326,0.03715771905666468,0.00358800403952888,0.04569257275010686,[83.35433468],18,3.9848997500025103,0.14027412,0.116710424,0.60049933,25.405039481932523,12.98601193526007,506.7537471552272,377.1492286161179,1587.0174981956313,1084.0690826329687,1.0165778,204.55279767784427,54.641442671799226,98.56656061031477,309.33502415691686,0.1660473270529866,-1.1154334913887631,210.7684635466021,0.6102564102564103,4.517052154195011,22050,/Users/will/Projects/SpeechEmotionCS3540/datasets/SURREY/Audio/JE_h06.wav,JE_h06.wav,JE,Happy,06,SAVEE
-322.43286,102.957794,-459.81042,-99.62626,0.15277882,-1.3386482,89.352295,64.64404,-19.76709,213.16013,0.2209326,-1.3364352,16.440556,30.18952,-57.472008,81.341446,-0.20060602,-0.07529354,24.283628,26.471222,-42.840546,117.64013,0.7353441,1.9221873,-2.9486425,24.24551,-61.866844,51.412407,-0.29294303,-0.7039509,-2.8751318,20.570498,-61.142517,41.932037,-0.45667118,-0.53031445,-16.774689,22.068958,-67.90263,14.2919855,-0.39329425,-1.0847268,-11.292301,16.051964,-44.229507,17.769188,-0.20109886,-1.1977073,-8.652929,16.559439,-43.762184,19.210972,-0.37713516,-1.0759834,-1.9925126,10.960512,-29.969181,27.625996,0.021447744,-0.32132626,0.21177109,11.281585,-34.61235,21.384228,-0.91856635,0.57953906,-2.9391088,10.370852,-27.563734,20.284657,-0.28293562,-0.75201774,-2.9740603,10.537705,-35.764618,20.801975,-0.73813367,0.13124013,887.9088250679046,836.4875153052366,1.739993853371598,1675.1285447600137,1900.6436268228272,1221.2193622690718,661.5984121698335,0.016304816988950276,0.017568273779526928,0.9608378111982335,0.5475177,0.3431495,0.54167974,0.36927497,0.5024968,0.39688894,0.47508192,0.4122764,0.44451144,0.41580698,0.4503835,0.41661137,0.45301145,0.4081377,0.4335422,0.38713935,0.5012996,0.398351,0.51548326,0.3732891,0.48461273,0.33954796,0.48596418,0.3209332,-0.0003340834919377803,0.07568679422642262,-0.0034559634352916762,0.07267955163204956,-0.004339448467041512,0.1300921361870775,0.03166081492778753,0.15420819129654093,-0.011992470260141672,0.04458721549843725,-0.0003518622850314784,0.04817718299362711,[172.265625],17,4.053133514986376,0.12161221,0.103455916,1.4972174,25.81241234468194,13.734018354558403,413.42056344982524,266.0230526199665,1807.132142653958,1297.7600602802906,0.88689023,242.22897764633223,34.670490235910734,139.3941668115768,300.528856485967,-0.715084142608914,0.4567869779486511,161.13468967439022,0.5469613259668509,4.194285714285714,22050,/Users/will/Projects/SpeechEmotionCS3540/datasets/SURREY/Audio/JE_f09.wav,JE_f09.wav,JE,Fear,09,SAVEE
-453.28384,88.77956,-600.5536,-266.17444,0.07912384,-1.2684382,110.983795,72.00015,-50.78415,259.93713,0.10237278,-0.4819014,37.794987,30.43599,-42.132973,117.32643,-0.1651013,-0.009772301,52.80882,44.105854,-33.920372,158.3742,0.6406793,-0.645257,6.5037284,29.51273,-82.43517,68.04155,-0.4033913,0.19682264,6.656642,26.267736,-67.50319,74.49315,-0.14183539,0.41844296,-14.10971,22.801643,-68.8432,31.063868,-0.52402914,-0.61395144,-3.4474757,16.493282,-68.80347,34.61567,-0.76975876,1.3027382,3.7602394,13.058395,-31.43612,40.911987,-0.07994411,0.44101715,0.1308801,13.347883,-35.968933,27.413675,-0.4971197,-0.47697186,0.12585159,11.9936,-30.016174,29.654942,-0.16277471,-0.39162612,2.172895,12.17396,-38.418182,26.870584,-0.88775635,0.41963506,2.313703,10.486405,-33.101532,27.35199,-0.4644231,0.3364253,742.5326033366247,836.1070150804978,1.7218142895568214,1451.8944691803497,1973.7975192771285,1150.6358075993307,705.0832911546387,0.005739373675847458,0.007509312758676306,1.3391048139277903,0.6453081,0.31170586,0.65549767,0.32888973,0.62404346,0.34256122,0.59538096,0.3721016,0.6034645,0.38139683,0.6162931,0.38054782,0.554404,0.38626912,0.5259255,0.37454042,0.5576727,0.3325468,0.6167944,0.29957855,0.60872495,0.26267603,0.6088701,0.28977162,0.0032568826661761485,0.046552460796532344,-0.019595256934178178,0.05552951239677782,0.0025986240884695766,0.12037804305401462,-0.03770491212480194,0.09491168391980753,-0.003291730544458532,0.03312856049755517,-0.012654815530167635,0.03165322348477173,[123.046875],28,5.129696405722926,0.05456551,0.020461606,1.5873418,23.99368374528071,13.308783860610733,171.0241752757175,131.53128759401062,1791.574192641481,1409.0875251372113,1.4842395,132.5118630671546,17.15783581074758,107.48759652776705,174.61411571650194,0.503403357489238,-0.854714227751479,67.12651918873489,0.4533898305084746,5.458412698412698,22050,/Users/will/Projects/SpeechEmotionCS3540/datasets/SURREY/Audio/JE_n14.wav,JE_n14.wav,JE,Neutral,14,SAVEE
-196.34373,134.65851,-435.8374,63.22804,-0.40298393,-0.96072817,106.983955,63.890263,-44.431644,217.5079,-0.7382468,-0.59989953,-6.502774,39.762146,-73.661224,84.34794,0.31379214,-1.0552987,40.163536,25.256506,-4.500947,109.330246,0.65539765,-0.47658086,-14.198974,31.601603,-89.62726,55.45909,-0.18853997,-0.4328649,-8.439372,28.733501,-63.019623,64.81375,0.18831167,-0.22770643,-18.540127,18.271053,-50.728313,29.014727,0.4122292,-0.8017013,-6.1657515,15.626557,-47.004475,30.478607,0.23133542,-0.4360373,-13.001153,15.721618,-54.07707,19.914112,-0.21469532,-0.6947019,-6.547795,11.704655,-37.122887,18.38131,-0.10733965,-0.64258957,-5.6668067,11.833517,-32.028313,21.25812,0.048152417,-0.6219902,-6.652596,11.155633,-33.353897,18.712385,-0.45361695,-0.21049833,-3.2544022,7.2997417,-24.30835,11.729227,-0.65878963,0.07068443,1431.8567413876453,1178.8981989736062,1.9055476656596821,2531.6645111908783,1857.7609747132149,1407.2146202886302,487.1290743975925,0.06654085726351351,0.07513565425630421,2.3786037506379305,0.36349177,0.33515924,0.35616633,0.3387424,0.36456966,0.33500916,0.3879788,0.3538569,0.44163892,0.37722194,0.43288958,0.37409788,0.32575643,0.3113766,0.31226522,0.32965922,0.33425298,0.32625085,0.32432258,0.3197612,0.35812098,0.33726016,0.38585165,0.359291,-0.018397128670572818,0.06105502686559554,0.0012600532850552395,0.06855322161015047,-0.002843087176616653,0.11190554161567227,0.027583749698021427,0.12017432485088349,-0.004317728931976192,0.033885914099932246,-0.0017387203985472456,0.03590094300428076,[123.046875],19,4.442641725520137,0.29203075,0.22705325,0.29742992,24.409879751855126,13.121070429343796,875.7460038825202,394.9416297740564,1779.004343576589,1384.4803505909638,0.62355685,236.69960674785517,112.04353977818032,86.30425076864258,535.48154601506,1.4284899796613986,1.242904028199499,449.1772952464174,0.6378378378378379,4.276734693877551,22050,/Users/will/Projects/SpeechEmotionCS3540/datasets/SURREY/Audio/JK_a10.wav,JK_a10.wav,JK,Anger,10,SAVEE
-447.83594,109.50682,-625.316,-226.12999,0.06406659,-1.1889707,135.00479,73.24317,-23.227964,267.7111,0.05728904,-1.0691596,25.399952,36.17214,-56.18619,115.753006,-0.28910175,-0.34883022,44.705242,41.289074,-39.180313,164.17407,0.9057546,0.1453166,14.829339,29.169975,-60.98502,100.0338,-0.0106400205,0.6271241,6.4731493,23.254808,-55.279922,79.616425,0.1418228,0.5850606,-13.461767,22.133509,-66.491394,24.19724,-0.34241068,-0.8277769,-4.131276,17.428427,-51.19525,38.734425,-0.49251422,-0.35369492,2.880012,15.0287075,-36.546127,38.92656,-0.23087154,-0.28396368,3.7177448,12.417092,-43.361603,33.676056,-0.68184024,1.0686293,1.1582144,14.024902,-35.286118,48.195793,-0.15301858,-0.0770545,1.0788978,10.971264,-31.767445,24.43621,-0.2981359,-0.3287084,2.3700764,11.646573,-39.100983,25.018883,-0.72099274,0.6568694,589.154200391825,616.9557611339366,2.275188615143992,1128.622909330986,1621.0302369501333,1014.2513703401031,609.2794940007966,0.00933006895539906,0.011105259367135493,0.9538337504896266,0.68199337,0.28700823,0.6318657,0.33837327,0.5491837,0.37010527,0.5232518,0.40646607,0.5387002,0.4046254,0.56608146,0.39356777,0.57289475,0.390167,0.5344788,0.38309288,0.5198915,0.37013403,0.53978705,0.3589594,0.5783639,0.314485,0.62323284,0.26541036,0.0031879851790924825,0.06344547633953315,-0.008224315460956666,0.0652658451484274,-0.005659033386955311,0.13758669368132653,0.028254856722769995,0.12298534705049817,0.003202115539230601,0.04063245909695464,0.007027193804450817,0.034247430911633216,[135.99917763],23,4.655998677977305,0.060510725,0.024589548,0.9741758,24.702033314068498,12.658993947021424,188.7033789020181,135.3973016088198,1674.567185466863,1261.8199038413893,1.7569736,125.77060913410058,11.572089759507335,99.71184887709214,163.86452094349724,0.7363821374321119,1.4257950016778285,64.1526720664051,0.5539906103286385,4.939863945578232,22050,/Users/will/Projects/SpeechEmotionCS3540/datasets/SURREY/Audio/JE_n28.wav,JE_n28.wav,JE,Neutral,28,SAVEE
-274.2816,126.7406,-431.34558,1.5184083,0.12832788,-1.2523493,95.02235,67.353966,-66.12323,203.08939,-0.23155199,-1.2798866,3.9687378,38.05305,-94.94589,81.53705,-0.5170178,-0.43518162,31.620506,20.722313,-31.923767,85.88429,0.045686044,0.10439229,-2.1230462,25.984495,-83.30366,42.402256,-0.87961036,0.23159456,-13.323511,31.168339,-77.727615,43.51785,-0.3008699,-1.0491095,-8.593956,19.045513,-55.273975,37.66278,-0.20735796,-0.51514363,-3.362275,14.241917,-36.94318,34.143024,-0.2501494,-0.11926818,-13.791077,16.908392,-63.860176,12.830521,-0.7415327,-0.135571,-2.7636356,11.91107,-38.00057,22.433392,-0.38550168,-0.22595048,-4.8396072,10.315134,-35.417458,23.342442,-0.49282616,0.24923563,-9.037755,11.059621,-48.536285,5.9341145,-0.69418794,0.0181489,-1.3618733,6.9145207,-20.864435,15.9159565,-0.31137678,-0.10530186,1161.363629763085,1057.4637536245507,2.2187721025852105,2202.6200143914475,1946.642262127284,1354.2973264480147,557.206370087657,0.04351806640625,0.05958222113026292,3.0504385986856586,0.4177153,0.34465265,0.4713713,0.35399833,0.47189483,0.32060748,0.49244207,0.36002108,0.47650567,0.3683023,0.50975525,0.38658822,0.54184383,0.38115707,0.45253652,0.3481376,0.39558086,0.34648395,0.4084714,0.35863513,0.40787324,0.33969522,0.388263,0.32001027,-0.011189868593189526,0.07211068192229333,-0.007677603690748203,0.07589814291754723,-0.003599088191741448,0.11735918124001918,-0.027335059914836413,0.12173979863307054,-0.00040593543955018863,0.03390436118538709,0.0116103309938856,0.04075287508138957,[161.49902344],18,5.110673310928266,0.15821494,0.17048055,1.3008231,24.681363052912275,13.187801593235564,600.2449456887325,350.7508961410231,1748.9209566157078,1325.193057288274,0.5100645,180.91942209360394,48.633854442244846,83.3644111580719,298.79793764201077,0.8269541696814585,0.22358578377130778,215.43352648393886,0.5657894736842105,3.5220408163265304,22050,/Users/will/Projects/SpeechEmotionCS3540/datasets/SURREY/Audio/JK_a04.wav,JK_a04.wav,JK,Anger,04,SAVEE
-601.705,95.52367,-731.6005,-377.5161,0.23010592,-1.2293336,125.60514,67.348434,19.10506,244.83237,-0.050755844,-1.5263883,37.353157,29.612572,-39.23269,99.98123,-0.3610672,-0.043189764,28.419569,23.696299,-9.1163645,127.84161,1.661943,4.453042,9.882489,28.024076,-58.161873,63.417625,-0.66416425,-0.15990543,-11.79379,29.920313,-90.1631,25.128868,-0.7357048,-0.52811027,-3.8527505,17.062737,-41.81703,28.166504,-0.40312934,-0.89143586,3.4348226,14.931005,-43.224514,34.171482,-0.7427722,0.7178924,-6.344024,14.935443,-54.19583,12.321527,-1.0081154,0.2747078,-8.179432,13.583286,-45.74509,18.668755,-0.78125805,-0.024443865,-3.4812148,10.045118,-32.74649,21.513424,-0.39865857,0.5700841,-4.7174735,12.984039,-40.805313,24.788502,-0.5760446,0.40146065,1.4257349,8.779895,-18.319918,31.404243,1.0190679,2.0126715,732.7363059541993,310.62233651345286,5.32366672458395,1170.8300093529929,733.9468433499538,1310.6401561673172,580.8027486565295,0.018121423855633804,0.017739107006711732,0.8166484899530366,0.48883873,0.31950727,0.41806978,0.29114047,0.41243786,0.33479163,0.36408,0.33061957,0.42523903,0.39473692,0.40951496,0.3253504,0.4748748,0.345202,0.5276052,0.34782767,0.4723739,0.30278718,0.5212124,0.3508188,0.49853268,0.316979,0.47772276,0.30879322,-0.0028889122938847256,0.07331984866722265,0.024159018070820104,0.0910312775877431,0.03726313072978145,0.09254365441758929,0.01440493353891708,0.14912782830594792,0.012011656945590279,0.03842832696537837,-0.006609393890396102,0.044989487775940855,[75.99954044],12,3.6473409974361095,0.0076713376,0.008523054,2.1243134,23.448485513675593,11.148517725507611,467.3125375656478,96.40968226216567,1585.1290985064043,1299.389688109888,0.090090215,115.89041084436194,17.154440513866007,76.88834637984607,142.65235101161107,-0.5349121248134173,-0.621505738228167,65.764004631765,0.5352112676056338,3.2900680272108844,22050,/Users/will/Projects/SpeechEmotionCS3540/datasets/SURREY/Audio/KL_d08.wav,KL_d08.wav,KL,Disgust,08,SAVEE
-401.84552,91.83229,-542.76794,-225.74487,0.120787114,-1.2460741,114.76579,68.148506,-45.123,237.68335,-0.2455565,-0.8831241,29.883942,32.112225,-62.31121,110.85408,-0.4141022,0.14970756,32.080765,33.094177,-44.855637,134.66779,0.6609087,0.44713593,13.276664,22.383793,-56.64044,69.45155,-0.49306765,0.37726426,5.565358,20.331457,-51.085342,72.83966,0.5691722,1.4472971,-16.113312,22.081675,-73.15755,28.43615,-0.33183745,-1.0075712,-4.4277153,13.352644,-40.55214,30.832747,-0.3446297,-0.45791793,-2.8442152,15.471154,-55.192913,29.349174,-0.64456683,0.22564173,-10.223745,18.164951,-52.334747,29.073076,-0.10341066,-0.79215336,3.9858816,12.2668705,-34.91857,39.051895,-0.3359231,0.99881506,1.9615129,11.132953,-23.405176,38.31228,0.30236197,0.39352465,-4.7933846,11.358722,-38.335274,15.944577,-0.46845627,-0.50860167,643.1849657641307,767.3287274760955,2.6572909670464795,1094.0708316391729,1595.7378202239393,958.1432290320055,576.5300057637796,0.013818903926579926,0.013926500173993026,0.6315300495143307,0.47318527,0.38134733,0.4472929,0.38183525,0.5042276,0.39135918,0.60355717,0.38550982,0.66002446,0.34572762,0.6345104,0.38512596,0.5087992,0.4198378,0.39383316,0.41078684,0.3610027,0.3976312,0.35529503,0.3738255,0.37589306,0.34386948,0.42221993,0.34894565,-0.015071229140814064,0.11150902993154023,0.006556488325842879,0.09534689381618694,0.011269418714865235,0.16928476664463263,0.05274014269974607,0.14622654920651892,-0.0012774399593294683,0.05174385236293754,0.009812936508339108,0.051790718620596275,[161.49902344],23,3.6939246720517436,0.07824641,0.041019708,0.95558983,25.696893344603115,12.487683879292582,222.40568951877032,134.56059574673876,1549.532714866048,1213.808251364377,1.9749609,167.45061491447052,13.482041973574608,133.87038650376502,204.08500572708806,-0.29315224279061475,0.29033776303144876,70.21461922332304,0.6282527881040892,6.226439909297052,22050,/Users/will/Projects/SpeechEmotionCS3540/datasets/SURREY/Audio/DC_sa11.wav,DC_sa11.wav,DC,Sad,11,SAVEE
-386.48218,88.856125,-552.8212,-232.11197,-0.48156384,-0.95806265,122.9787,66.12952,-37.215805,234.39877,-0.28904974,-0.98147774,22.28749,31.293734,-43.526215,99.898575,-0.009833455,-0.559459,36.344246,42.449177,-55.83851,142.4808,0.11414051,-0.40678573,17.711973,26.006485,-34.26458,83.883385,0.54110414,-0.09817481,8.001889,22.092056,-37.506874,79.53575,0.62831455,0.66623044,-24.505316,26.451433,-73.133835,31.869926,0.08129987,-1.1300645,-3.8078654,15.929635,-47.470036,23.368368,-0.28861323,-0.805655,-1.4897029,14.545146,-33.42266,28.167099,-0.15440784,-0.8585465,-15.909811,16.651669,-47.572884,21.134754,0.39397228,-0.8504858,-2.8956828,12.387509,-33.08359,33.543617,0.07132845,-0.25131345,-0.8778928,11.61631,-30.68245,29.291998,-0.18312204,-0.3275869,-2.5538118,10.344033,-38.355286,20.115383,-0.35686046,-0.07849836,716.3951044947112,708.4912132971317,2.539263247621323,1312.6325504954268,1603.7545130103128,1035.5667329249607,594.3388605374681,0.01861185213414634,0.013756052374456254,0.061002387262234885,0.36578816,0.386329,0.34897155,0.37464207,0.38422158,0.4051325,0.42310604,0.40725344,0.5404418,0.3877096,0.6222544,0.37373164,0.51465565,0.40478104,0.3779616,0.40262812,0.29936147,0.38582394,0.25790837,0.35117373,0.24986647,0.3256242,0.30706564,0.35803625,-0.005465974736944801,0.10083088961364743,0.01603226629779872,0.15374940498932282,-0.03795328192503768,0.21949048188169806,-0.00916447936125705,0.16839493920189735,-0.01646430356877514,0.05928901716182278,0.0012262812111435801,0.06866484946621172,[135.99917763],23,4.849258483692378,0.095724225,0.05027204,0.56315875,27.21231928370562,12.377062098985082,313.7319928281807,179.97787753833688,1677.056502299174,1138.2704495780285,4.744798,177.13305399209312,13.132876016995324,144.30989148811935,211.28204791122093,0.0005827924597742124,-0.1401488947197853,66.97215642310158,0.7609756097560976,4.742993197278912,22050,/Users/will/Projects/SpeechEmotionCS3540/datasets/SURREY/Audio/DC_sa05.wav,DC_sa05.wav,DC,Sad,05,SAVEE
-561.9682,82.673546,-700.52893,-409.71265,-0.2254965,-1.135713,104.74758,66.13384,-40.430305,215.62265,-0.23332965,-1.1376469,23.319616,34.383305,-78.92898,89.611694,-0.49356145,-0.07819271,33.440807,31.648464,-37.522484,122.67944,0.7158043,0.34852624,10.903937,31.70836,-82.08818,82.034225,-0.508797,-0.12843204,1.2679287,23.202278,-74.13373,53.58565,-0.54740614,0.78887177,-9.99038,18.483469,-48.64283,23.26236,0.003248296,-1.1478696,-6.257069,14.721782,-50.424957,27.884422,-0.47889927,-0.16609788,-11.178595,16.312914,-55.666595,14.23271,-0.37355292,-0.80263925,-13.274662,15.141609,-48.121925,25.147732,-0.08141954,-0.54290676,-4.405633,11.2274475,-29.028275,23.417599,-0.02680572,-0.59839344,-7.1154766,11.369089,-36.985306,18.476547,-0.40719762,-0.54888606,-5.6319985,10.838906,-40.344704,20.082668,-0.25778195,0.11663675,1107.0570931068337,977.3054921957507,2.320725504334911,1939.3894143300513,1609.7218681282861,1365.5249884537632,591.576927252563,0.044550647474315065,0.06379032211288277,2.5014212984495168,0.3406695,0.29015118,0.38035685,0.32562843,0.39174345,0.336648,0.38335514,0.34291098,0.39985943,0.36048642,0.4467739,0.33455715,0.4399224,0.32670224,0.4279713,0.34102175,0.4535453,0.33682021,0.4601279,0.34696072,0.4646769,0.37363932,0.38890013,0.33750895,-0.009174795102680685,0.07876126750608205,-0.0040747646839726665,0.08067723839388308,-0.02052455603413027,0.15682013402668543,-0.030614759832021537,0.10610351959589713,-0.006220192009585418,0.04803254632762598,-0.005361784869495561,0.03364108000670704,[95.703125],20,5.923756817021734,0.008988651,0.0087485695,1.5113862,24.415476700951867,11.535628844571976,541.0154484916121,133.64851499455244,1766.5066598594465,1438.5962479918403,0.74841887,188.62794488142973,68.63360086266384,123.47082531403102,389.7377084050387,1.6997993331088803,1.9243447987537792,266.2668830910077,0.6164383561643836,3.376235827664399,22050,/Users/will/Projects/SpeechEmotionCS3540/datasets/SURREY/Audio/KL_h05.wav,KL_h05.wav,KL,Happy,05,SAVEE
-562.0524,102.716415,-735.59424,-348.66135,0.044297744,-1.1189915,132.06874,69.336044,-33.22677,236.7984,-0.25919923,-1.2803347,24.468596,37.82038,-69.2596,116.336624,-0.15426739,-0.06408477,33.756466,34.637245,-50.646523,125.373856,0.54232574,0.12741137,5.992806,29.50234,-65.41049,83.47644,0.0631214,0.17098212,-11.155396,27.083788,-94.18762,49.74255,-0.43311208,-0.126302,-9.933923,18.575382,-51.440586,25.423927,-0.4251142,-1.0185353,0.46461773,15.289417,-34.52658,40.856194,-0.13778757,-0.24770474,-7.5472064,17.027937,-48.527084,36.19746,-0.41858754,-0.41416144,-11.970891,14.277625,-43.83452,15.600235,-0.17422085,-0.8494673,0.24027187,13.234049,-34.609486,44.748627,0.16565056,0.62539124,-3.9106865,14.171057,-44.39614,29.74215,-0.41232917,-0.1459012,-1.9342513,10.87204,-30.503204,22.899136,-0.22070844,-0.07011461,846.5317296184305,651.6481576527502,2.453480208287493,1499.0803355452406,1423.789369820246,1214.3411514158113,561.6432024604545,0.02364180177824268,0.023427328650548696,1.6645794962511926,0.40613878,0.33679938,0.41549024,0.3282358,0.44097006,0.33187324,0.46303913,0.3597729,0.41056427,0.33771163,0.44521588,0.3718059,0.4505239,0.35233107,0.45601627,0.34227777,0.42949998,0.34562555,0.41098267,0.35799074,0.4297487,0.3456511,0.42978483,0.34390324,-0.0033250426313743827,0.06165516801592825,0.01715564860689929,0.06879517098553352,0.019317173843259868,0.1312762202382405,-0.0008729187787269587,0.10449572480543605,-0.0026053611752530357,0.03222098906158159,-0.009446692771851093,0.0359376206186376,[198.76802885],27,4.8843620014931615,0.011170152,0.009608054,1.0848814,24.031804602647387,11.482839810873907,429.11870293568717,147.10878172082585,1607.7572931430552,1245.3713005811721,0.29962558,143.08001391944867,38.531650744726264,79.59980805922079,241.30149553281768,0.6533950300929674,-0.31480962141977686,161.7016874735969,0.4895397489539749,5.5278458049886625,22050,/Users/will/Projects/SpeechEmotionCS3540/datasets/SURREY/Audio/KL_h11.wav,KL_h11.wav,KL,Happy,11,SAVEE
-543.2795,101.53627,-698.9133,-367.8635,-0.22586589,-1.3869753,127.86979,71.94847,-49.750343,224.70523,-0.46956608,-1.1784995,27.801771,31.573412,-61.810528,102.50052,-0.5524348,0.72433305,15.186371,24.526611,-55.470642,87.478226,-0.18458888,1.0534277,-11.403942,25.116415,-61.96309,22.956509,-0.30014923,-1.1993655,-13.974689,30.05035,-87.03166,51.567627,-0.39506844,-0.33990788,-6.9610896,16.349142,-53.783157,23.164707,-0.4814755,-0.3655436,4.1952634,12.662691,-25.561098,31.380566,-0.26299426,-0.4903474,-12.36051,17.743713,-52.97975,16.825146,-0.3098298,-1.0055225,-17.991188,17.590904,-52.17984,10.731562,0.19901955,-1.2784562,-1.8693181,11.028604,-30.204136,19.87098,-0.57555604,0.06656933,-1.6780553,10.64948,-26.425667,20.183243,-0.32010424,-0.46784353,2.594457,9.875847,-26.880613,26.513638,-0.53014606,0.68994737,943.9430306435793,772.0126540300175,3.8770514400469938,1591.483154296875,1373.1863535263624,1273.8414693299903,636.1316301102324,0.0386474609375,0.05072086950461856,3.2797212727745033,0.37555206,0.34404626,0.40104753,0.3413945,0.33687818,0.2998435,0.31523332,0.30665943,0.37104544,0.35285914,0.4527465,0.37379155,0.4566653,0.36034447,0.47030023,0.34604102,0.4682403,0.33267874,0.41809165,0.3422146,0.40585575,0.39496675,0.3646167,0.35767436,-0.012052698099395433,0.08722327093736156,0.0042234357115675325,0.07592265173917616,-0.004898364841938531,0.14555077838042077,0.022997995287489918,0.13661727355880943,0.015135059548157878,0.04645219695401364,-0.010013142216484932,0.037269439162524946,[107.66601562],13,4.690721649484536,0.012462074,0.010712036,0.7248555,24.43066254733194,11.201287658202816,546.7166647370888,114.47177063733845,1607.2518994585232,1251.897243977335,0.8850109,270.91382339778033,127.44209829208329,133.09934981412218,520.2374258519452,0.7019426749569346,-0.9977040912259434,387.138076037823,0.6,2.7714285714285714,22050,/Users/will/Projects/SpeechEmotionCS3540/datasets/SURREY/Audio/KL_h10.wav,KL_h10.wav,KL,Happy,10,SAVEE
-538.90405,92.671455,-705.00037,-417.91956,-0.6834648,-1.085601,112.62507,70.732124,-13.021885,219.91191,8.6306965e-05,-1.5436434,19.489199,26.710487,-68.624374,82.69388,-0.45093015,0.8124075,34.99197,37.311707,-27.331501,131.34348,0.7687413,-0.3045187,-2.7990422,26.595757,-64.86158,60.314713,-0.2066164,-0.6721859,-8.701179,30.207499,-81.40146,46.79812,-0.6089108,-0.5444894,-5.814309,15.22974,-42.342278,21.439169,-0.36784726,-0.88923,2.9799726,16.283892,-36.6709,36.158936,-0.23397256,-0.4366758,-10.277689,16.32833,-48.93518,13.049604,-0.45101947,-0.9900751,-14.031946,16.708033,-55.7264,22.440197,-0.11879238,-0.63373685,-1.9492289,11.493305,-36.628883,23.590534,-0.5850764,0.2458818,-9.130963,11.683022,-36.090065,22.287857,0.059923284,-0.4779315,-4.088925,9.138779,-25.622292,30.302645,0.6911913,1.5702934,1169.9165797605542,886.6830959626975,1.668005937346505,2075.6337132947197,1685.094308053629,1416.5142751349035,642.6436615166839,0.05166099811422414,0.052346321856664796,1.1243318670473084,0.38834757,0.33405375,0.42769364,0.33117756,0.4536355,0.35623795,0.39898163,0.33932823,0.3998933,0.34379932,0.44064996,0.36598817,0.40545723,0.30971113,0.43465,0.35222355,0.41106904,0.30745876,0.42843774,0.34044245,0.41764215,0.35467637,0.3769379,0.34313136,0.010970505452478596,0.07446722987947751,0.012615461811278508,0.061004139442185586,-0.016943818937730636,0.14346150115084438,-0.04083368909175978,0.08948153828945528,0.00195009601359893,0.038168633199887295,-0.001977520207031408,0.04421382685789329,[151.99908088],13,4.833487901526009,0.010276986,0.00963342,1.3206623,24.36630505889304,11.591590105626116,676.6769727336549,329.9246417485774,1889.871541455077,1364.8014016610405,0.25943354,185.47015424911896,77.69172664634866,86.30425076864258,391.9954359817493,0.9812313078904081,0.022057355620420438,305.69118521310673,0.7672413793103449,2.6895691609977326,22050,/Users/will/Projects/SpeechEmotionCS3540/datasets/SURREY/Audio/KL_h04.wav,KL_h04.wav,KL,Happy,04,SAVEE
-385.07715,94.855835,-527.1572,-186.52095,0.03430499,-1.2359207,110.81326,57.1078,-18.185574,225.2204,-0.0671489,-1.1733133,21.040567,30.696348,-66.76309,84.72771,-0.42989895,-0.16143084,30.78526,27.098305,-39.553154,103.010056,-0.004543295,0.16745281,16.34134,19.387068,-58.114555,61.796333,-1.1070515,2.251494,3.731771,14.242624,-36.7116,63.66489,-0.10559658,1.2116122,-22.29022,25.41294,-83.435135,16.242325,-0.3391906,-1.0793865,-4.276761,12.806471,-43.02775,19.722803,-0.62204033,-0.1910789,4.2074137,12.104985,-28.562584,37.743176,-0.26446757,0.08517623,-9.116016,17.085953,-51.324596,34.967934,-0.19384499,-0.54551244,2.3409863,12.046363,-34.04426,31.395733,0.03710435,-0.20517564,1.3094156,8.943838,-22.398575,24.416235,-0.1513874,0.24496508,-3.8237143,11.782541,-35.867996,30.290068,-0.2296635,-0.48481154,603.097962855709,533.4622707308706,2.7739709185063726,1036.8070380632269,1255.611473682422,998.765681033615,438.84215148480854,0.01351100714631783,0.013982742678987668,0.7362901250439344,0.36757827,0.36480257,0.4729328,0.37423858,0.50484085,0.38879138,0.46603063,0.41210875,0.46723258,0.41405928,0.57028145,0.38714072,0.726329,0.3381402,0.6476059,0.3299599,0.4796453,0.39029652,0.38401833,0.38655317,0.33535105,0.3634958,0.30648845,0.33706242,0.01271597740828071,0.07203394740185837,-0.03271457994090068,0.1373960995824094,0.022487128897056945,0.1438859478385883,-0.0940855454812337,0.17499916502235124,0.010703342125025576,0.048457102833099376,0.013221501902489493,0.06209707459990295,[161.49902344],21,3.509549795361528,0.08221029,0.04929829,1.1519531,26.35498243215268,12.204467636261683,267.2622668384264,144.01937521319215,1632.5133265998215,968.7669372631424,2.6694958,187.42743298330487,12.217942085712192,141.8307339283537,226.44649206156825,-0.3638533414343529,2.3496761850753867,84.61575813321454,0.6201550387596899,5.983673469387755,22050,/Users/will/Projects/SpeechEmotionCS3540/datasets/SURREY/Audio/DC_sa04.wav,DC_sa04.wav,DC,Sad,04,SAVEE
-364.83212,79.39306,-513.7323,-211.06934,-0.3499487,-0.8389754,99.94336,65.74018,-69.06334,209.84305,-0.41958362,-0.6408329,13.105081,23.354715,-41.447407,78.49461,0.19602877,-0.62446594,43.297417,40.054127,-29.871664,155.23154,0.24711545,-0.52774334,19.399101,25.247326,-39.278164,85.838135,0.39349738,-0.13415432,7.049075,18.71948,-32.49176,59.703342,0.69207203,0.6989875,-25.207287,24.690447,-71.4286,27.91146,0.052327406,-0.9461467,-5.6981206,13.176772,-38.84754,23.297848,-0.36545378,-0.5147674,-1.1738907,12.431041,-35.27801,32.30958,0.16732197,-0.043048143,-11.702493,18.040539,-49.53531,25.515045,0.058165953,-1.0920633,-3.9587507,13.836035,-32.274,23.67537,-0.045577798,-0.8905258,-2.9207997,11.202665,-38.084,25.069786,-0.45176545,0.094070196,-0.41151157,9.40066,-21.411999,30.282127,0.16910131,-0.329329,914.1504992805403,902.7587781653984,2.0642867798401157,1759.920654296875,1805.7225260581279,1192.4552640361678,616.2001598205311,0.017154947916666666,0.01707909818426013,1.7185005416249008,0.33447593,0.3784123,0.37893894,0.38177663,0.38819876,0.38569057,0.3610833,0.3807385,0.40811014,0.39065197,0.5184768,0.40138307,0.63950396,0.34854785,0.6256373,0.3491844,0.5027867,0.3917321,0.3762217,0.36110058,0.29421976,0.3386515,0.2840207,0.32049826,0.007119137658209571,0.0845106027309854,-0.03085563905040437,0.1206987476114194,0.021597945146882878,0.13527912764239958,-0.03571327736653031,0.1847713959893938,0.002983750241518558,0.05724182243021925,0.002033876315949352,0.05584452310199975,[99.38401442],20,4.806015693112467,0.09318835,0.057386078,1.1534325,26.678498752623646,12.976790355228674,353.3029336808284,158.50703759169778,1850.468984700521,1305.254874130555,3.327125,191.8289053782796,16.670630099667772,138.59131548843604,252.71363809934766,0.4815498951874514,1.780093092325214,114.12232261091162,0.6777777777777778,4.161451247165533,22050,/Users/will/Projects/SpeechEmotionCS3540/datasets/SURREY/Audio/DC_sa10.wav,DC_sa10.wav,DC,Sad,10,SAVEE
-608.6696,116.60307,-790.8975,-391.1301,-0.1667959,-1.3808744,135.86084,80.3264,-37.528305,256.63187,-0.24099742,-1.2996074,15.116699,38.089577,-72.312485,92.87735,-0.3820297,-0.7624655,30.998182,35.80856,-46.704338,128.70761,0.8916,0.8222821,11.571654,26.359583,-62.461624,51.55488,-0.7697618,-0.10667658,3.522617,25.478853,-50.191235,60.22592,0.054369908,-0.6295893,-8.00377,18.378082,-47.792175,19.32655,-0.3024646,-1.1651092,-0.9559014,12.590808,-31.362152,25.137608,-0.5091021,-0.59102535,-8.547881,14.320915,-41.952263,17.020506,-0.3740314,-0.8147726,-9.040341,14.243826,-50.51873,24.17221,-0.45987448,-0.1347096,0.1926889,11.075532,-33.509052,27.281824,-0.55217564,0.31797528,-3.8354244,10.678795,-30.353748,24.679619,-0.6693625,0.04879427,0.55295366,8.248033,-16.223713,20.128403,0.18919334,-0.40634942,1064.120686234869,897.339516843319,2.3744555615869247,1874.4202025636228,1551.9448576670757,1424.2802254114317,664.7747402080525,0.03257742327844312,0.04152764744496142,2.359700036435607,0.5223258,0.3344709,0.46598196,0.3296455,0.43694374,0.35422242,0.45379853,0.36251423,0.52816945,0.38718328,0.47241914,0.3548288,0.40051782,0.33678755,0.36740303,0.3140775,0.4169855,0.33262533,0.49241784,0.3656273,0.45345682,0.34517667,0.43722862,0.31252822,0.0149386313084313,0.07551327080685627,0.001845567355990514,0.07890180275547587,-0.014573951106808933,0.13537100684294168,0.020974742650182163,0.144892467421177,-0.004761715240107143,0.036393058583241836,0.009599451311657646,0.044449002128580634,[103.359375],15,3.8787189379991323,0.0067376075,0.005348949,0.70123404,24.118855125953484,11.26952843328262,524.3594296676048,160.6811040751137,1987.1555543229517,1621.2846265116104,0.46148112,143.00978110960304,30.25227556778088,93.57338770459413,244.1052838549259,0.9646695628844042,0.8888488382265582,150.53189615033176,0.6586826347305389,3.8672562358276643,22050,/Users/will/Projects/SpeechEmotionCS3540/datasets/SURREY/Audio/KL_d09.wav,KL_d09.wav,KL,Disgust,09,SAVEE
-439.51648,95.69011,-581.0331,-258.62787,0.11390996,-1.3445921,122.83074,70.04032,-23.492744,243.25058,0.05980555,-1.0875444,41.411674,33.47251,-45.739227,128.97714,-0.03785994,0.1303103,44.697678,40.561523,-27.781166,141.5297,0.8545128,-0.511698,0.5007838,29.145664,-72.83323,70.51514,-0.4886547,-0.36050415,6.424248,24.226309,-51.35652,70.85958,0.32806945,0.37811494,-4.6765056,24.584705,-61.756615,54.680138,-0.36174497,-0.28286576,-3.095846,13.590626,-40.90635,21.468552,-0.34183165,-0.18050909,-1.5006359,14.244732,-32.9827,24.97977,-0.36198363,-0.70779634,3.295466,12.783752,-30.855396,31.621233,0.015751187,-0.09278059,1.39361,10.803299,-33.089394,25.361534,-0.45757148,0.7472563,-1.7666782,11.837457,-38.563408,19.57204,-0.64902776,0.2631073,3.1634302,12.054907,-31.42025,28.225266,-0.6849102,0.06301522,647.1075316772643,691.7293948164984,1.88882565803936,1270.1619746767242,1791.0070132568576,1075.776811676889,663.402194322698,0.008189655172413794,0.009563118699909225,1.0385072668881874,0.6103946,0.28750288,0.6143792,0.3241755,0.6196251,0.34409901,0.5834595,0.3825087,0.51283073,0.41005018,0.53704,0.3926435,0.53273356,0.39232376,0.46056902,0.4027901,0.48175433,0.37749234,0.524149,0.33489636,0.6177262,0.31551054,0.6438969,0.29206324,-0.03546510480371351,0.0789822774389223,0.0195750531583681,0.069095365940877,-0.017710134187906262,0.11407433227248734,-0.0592210390958297,0.15493849486277583,0.011879917438544,0.03903879856855688,-0.011922181664227333,0.04513213802611073,[135.99917763],15,4.480371704911815,0.060210157,0.027158434,1.6695064,24.6321948335214,12.848220678278539,202.4149724258486,161.4146867140274,1685.9512843212522,1304.1820126220255,2.1869094,128.80581154198802,12.318064375192607,113.22324603078411,165.76853496220332,0.6998890669491066,-0.33769844315103015,52.54528893141921,0.5310344827586206,3.3479365079365078,22050,/Users/will/Projects/SpeechEmotionCS3540/datasets/SURREY/Audio/JE_n29.wav,JE_n29.wav,JE,Neutral,29,SAVEE
-260.50754,125.521935,-440.5967,-25.141842,-0.19448398,-1.3564237,94.55997,75.387856,-58.136276,208.1167,-0.29434323,-1.2219168,-0.2535561,35.804775,-79.64389,66.73865,-0.5162441,-0.8976526,35.14978,25.314201,-5.8233833,101.83838,0.8695127,-0.11225653,-10.751618,31.101307,-82.94125,56.28739,-0.47680718,-0.70250034,-11.914339,32.537876,-93.32158,51.686806,-0.27230388,-0.79992676,-8.156198,19.902134,-51.185913,42.18583,0.0953503,-0.59128785,-2.4269083,16.884453,-46.45125,39.482445,-0.3304855,-0.12136507,-13.594192,17.123024,-63.99572,22.775927,-0.21539658,-0.51629686,-6.76628,12.379523,-38.004044,15.995668,-0.40508774,-0.7953973,-5.18446,11.745295,-33.960854,20.355326,-0.1764334,-0.5209396,-7.3468018,9.976645,-29.626736,13.199892,-0.35412273,-1.0740311,0.19888692,7.19952,-17.066566,19.674612,0.10373455,-0.22794247,1356.843130964154,1305.3166810820144,1.9205837342962557,2372.4064877158717,2015.9328483077527,1335.2717859701497,521.2062849859211,0.061924984580592105,0.0955453607249629,2.7362704109462213,0.39798713,0.34880668,0.42622626,0.35372055,0.39159518,0.35577083,0.41681194,0.38635772,0.43795595,0.3781572,0.4740619,0.39263815,0.45506728,0.3851928,0.40711883,0.3351612,0.4747712,0.3724404,0.4372643,0.3739132,0.38046765,0.3714759,0.32462308,0.3183187,-0.026038075899483818,0.07698513494362419,-0.02342501960484562,0.07862726216096637,-0.04296687429182675,0.11989002730536506,0.008526370379656627,0.14339828287499887,0.0030405609406047086,0.04408254630329794,-0.0027426021283884225,0.04370270502632744,[172.265625],16,4.542879217100181,0.18732071,0.18222857,0.9371254,24.82064344460245,13.2226433989153,699.1865029205861,413.33076684014287,1909.6511784357772,1465.5437290263499,0.55580527,211.37118618859546,74.10771620291234,127.08879665595002,460.8094140410758,1.9226937754647235,4.00156273012001,333.72061738512576,0.6381578947368421,3.5219954648526075,22050,/Users/will/Projects/SpeechEmotionCS3540/datasets/SURREY/Audio/JK_a05.wav,JK_a05.wav,JK,Anger,05,SAVEE
-218.05168,146.48882,-434.61298,32.997307,0.068783276,-1.31336,93.797745,51.192696,11.631145,182.40897,-0.039436564,-1.3594905,-9.587428,33.505703,-67.90227,67.47223,0.27565402,-0.948848,33.09833,23.60459,-29.409039,91.19197,-0.00071004854,0.11783481,-14.388737,21.45752,-57.135002,37.33593,0.35974678,-0.6498852,-5.6877656,17.368244,-43.05328,34.68654,-0.04804631,-0.7499454,-7.079932,22.09795,-56.898834,35.65349,-0.26083657,-1.0033237,-8.239539,18.26609,-56.482086,19.448645,-0.53693414,-0.57585454,-13.339173,17.87007,-57.898247,18.405128,-0.28566918,-0.98918104,4.7376423,13.967278,-23.138279,38.043434,0.20548823,-0.50081563,0.9940646,16.212063,-38.218174,37.888138,0.08230606,-0.080268145,-2.1149905,9.016517,-25.80677,15.262497,-0.5009039,-0.38837337,-6.904652,8.185828,-28.544674,9.451508,-0.2438723,-0.7553346,1169.4973720250955,588.8748579986218,0.32808813841473766,2505.6896484375,1501.9148315400923,1486.4259582994907,454.3035407844435,0.027796875,0.025602196646860823,0.7914397133921769,0.47987834,0.33707187,0.43558797,0.3173259,0.4235063,0.3478253,0.3726759,0.330015,0.43392614,0.3526389,0.5319028,0.3951691,0.46393654,0.36298472,0.4204013,0.35638198,0.43860626,0.36046457,0.40356123,0.32566634,0.3905502,0.32854295,0.4104826,0.32309645,-0.011479065378858618,0.05665801614203265,0.021076966029895245,0.05237034596907207,-0.020011396475136726,0.0957051214895214,-0.0051974014379088974,0.09644585820979977,-0.011038696570607175,0.027244061852036858,0.001310521890409316,0.03894859040318179,[184.5703125],9,3.113576101793307,0.2537321,0.23834842,0.6932227,24.1397334622723,13.203200617023773,869.1849764060382,440.2345522892163,1719.4577701673925,903.4717935787983,0.37854412,200.50742572631177,62.12123225692168,90.38593460443693,307.5533855193843,0.03283647600230578,-1.0605029275283469,217.16745091494735,0.48,2.8905668934240363,22050,/Users/will/Projects/SpeechEmotionCS3540/datasets/SURREY/Audio/JK_a11.wav,JK_a11.wav,JK,Anger,11,SAVEE
-434.77554,100.01712,-595.90466,-210.04878,0.21557048,-0.9632435,127.2238,73.47971,-50.125168,251.57468,-0.22762048,-0.8995881,27.859394,35.334038,-65.83914,125.94898,-0.08947169,-0.16040516,42.17926,30.835617,-19.215073,113.58602,0.5525974,-0.6015558,11.466843,28.014616,-59.90074,86.62331,-0.097347155,0.1771853,-0.74729055,23.855806,-52.774635,63.258717,0.07176583,-0.35976982,-14.802548,22.287111,-62.936275,30.02177,-0.22292098,-0.889107,-1.2899873,13.574721,-46.546284,29.17021,-0.69527215,0.35905957,4.203446,12.3844795,-33.35088,34.443283,-0.21017867,0.08842683,0.35854292,11.583106,-32.481033,37.357124,-0.13286097,0.45137596,1.2154591,11.267555,-27.44791,27.77547,-0.09227833,-0.31562042,2.1593,10.400861,-28.45005,28.33957,-0.30463162,-0.22148418,1.6052713,9.712649,-25.859947,23.62035,-0.073597394,-0.33964252,616.8155306628055,659.048520646142,2.5939757919732687,1217.5384004237287,1613.6356756973557,1031.9661909639547,601.6534311363775,0.008404230667372881,0.009979664868060732,0.915283537185832,0.6502872,0.2858841,0.61281973,0.34715605,0.5507365,0.38342607,0.52389234,0.40126243,0.5342962,0.4100072,0.54379815,0.3960617,0.5166283,0.39385572,0.5020936,0.36814147,0.5379594,0.35667932,0.53037095,0.31459734,0.58426267,0.30798796,0.6590294,0.29639998,0.014517138301822958,0.0787493675243036,-0.023738183158689908,0.09616931789016617,-0.018596822482739313,0.17331100052039253,0.022840851649515274,0.14064476111698948,-0.008922547387389132,0.0459365505076914,0.0005138732277851334,0.05353513099280329,[75.99954044],23,4.213679190415261,0.06040223,0.025478363,1.1742867,24.349757256440302,12.757284756523912,200.4302137238898,137.14740096547803,1704.8257544295323,1381.564858786795,1.6353252,129.8173193245888,15.429981971127368,105.03257643014581,180.77186920887385,0.9067448454294413,1.236574399302273,75.73929277872804,0.5550847457627118,5.458412698412698,22050,/Users/will/Projects/SpeechEmotionCS3540/datasets/SURREY/Audio/JE_n15.wav,JE_n15.wav,JE,Neutral,15,SAVEE
-411.96368,87.62727,-574.56305,-235.76945,-0.053007435,-0.8391881,123.77134,72.07678,-63.74614,225.66202,-0.48203367,-0.631511,33.478954,39.06182,-52.969246,135.01364,0.5138553,0.08244109,55.819958,38.8698,-5.6154656,152.21033,0.73292834,-0.43820143,15.575427,29.771542,-66.309006,85.25376,0.008534809,0.07339525,-0.06345196,28.247566,-82.28407,71.0206,-0.181349,0.1563611,-24.484283,25.621132,-91.7576,29.371525,-0.07377721,-0.24694705,-5.43672,15.283513,-54.303368,32.076843,-0.62424874,0.7261412,2.5813353,15.070514,-45.252754,34.329567,-0.28893468,0.48767757,-2.7760148,12.058673,-35.502384,30.787542,-0.21903877,0.43132782,-1.623064,13.401753,-34.252815,27.388317,-0.16766837,-0.4210403,-0.22193217,12.460361,-35.57762,25.722113,-0.5306775,0.2237463,-0.10333691,11.294678,-26.365099,23.03182,-0.5748048,-0.3400147,763.029025559031,800.4011633566298,2.0999485110553318,1471.3233947753906,1772.2199200583811,1091.2599475594739,673.1270991473027,0.0106689453125,0.011251175077316251,0.9087826753590597,0.5967198,0.32810175,0.55336434,0.34854683,0.46126786,0.38456833,0.43980855,0.3853013,0.48047996,0.37885562,0.5170081,0.3907048,0.4758246,0.37547892,0.4615408,0.3570779,0.5311324,0.35501486,0.5009593,0.31837228,0.4720254,0.3132642,0.5259102,0.31747705,0.010230065110536441,0.08985488401327509,-0.022043910909794677,0.08266201868002193,-0.04319210482353853,0.15031983023073517,0.03253045989840707,0.13117793496342953,-0.012869264272135961,0.040997617816514835,-0.0010988559391989852,0.038397609612776974,[151.99908088],20,5.408388520971303,0.06935647,0.031403642,0.7637696,25.33721066514376,12.865645375260048,245.29746518546852,149.64553233535656,1589.6592291156733,1341.447961690526,1.3603073,131.20534197490437,17.545910213049662,103.82617439498627,179.73069985652097,0.7219144622832186,0.33761168323891066,75.9045254615347,0.60625,3.6979591836734693,22050,/Users/will/Projects/SpeechEmotionCS3540/datasets/SURREY/Audio/JE_n01.wav,JE_n01.wav,JE,Neutral,01,SAVEE
-361.53937,116.29878,-525.4988,-126.5859,0.08244525,-1.3110653,86.00365,63.708946,-52.689545,224.49066,0.19092932,-0.7110231,16.394068,35.560215,-80.62802,90.01984,-0.6795593,-0.14125633,45.353085,32.380962,-10.623409,138.15405,0.82895696,-0.17360044,-8.936279,29.173615,-91.92203,43.00512,-0.28210667,-0.9715607,3.3034632,24.11933,-72.94394,65.34294,-0.16915786,1.2935576,-20.301632,22.425238,-71.77577,11.932106,-0.3157099,-1.1477349,-7.9817843,13.589206,-48.89165,15.017267,-0.8655777,0.13988447,-2.4322228,11.832932,-35.251114,29.267357,-0.17763403,0.16212296,0.8366485,10.863061,-35.945484,22.521992,-0.6720448,0.20444083,-1.5253944,11.773408,-35.327816,21.537672,-0.66107816,-0.267812,-4.4566364,14.49302,-53.03472,23.189949,-0.5993494,0.017483234,-2.5410106,11.333504,-36.460136,22.163017,-0.3004095,-0.55824566,1117.283008416939,1096.0780113575038,1.2622829919239174,2068.4815626878003,2208.7765505464513,1380.2167758673095,678.946130990362,0.012918325570913462,0.020062930549308064,3.388063977498706,0.61319005,0.34290823,0.559294,0.36534745,0.5353562,0.37594828,0.52793527,0.39023584,0.5352962,0.39499867,0.55155134,0.392972,0.5528363,0.37905732,0.55897987,0.357264,0.59187084,0.36059532,0.5451406,0.3466047,0.51028913,0.30299336,0.5855266,0.31903163,0.007690329873332466,0.05188058763324815,-0.008301463999436522,0.04384573396812937,-0.011837585524727998,0.08544630893663709,0.04763182231601133,0.07912319896651732,-0.012401738699012519,0.0284090091134885,0.00462551460301397,0.027810129519524093,[172.265625],19,3.9475171958918307,0.08735563,0.05846869,0.9507869,24.573345349656034,14.311354377925179,495.4333549269793,364.5233678992829,2083.14342359883,1472.9263296777615,0.6238932,406.46712079450396,493.6209410339664,165.76853496220332,2068.9643150591514,2.85020639059742,6.209956833921732,1903.195780096948,0.5384615384615384,4.813151927437642,22050,/Users/will/Projects/SpeechEmotionCS3540/datasets/SURREY/Audio/JE_f08.wav,JE_f08.wav,JE,Fear,08,SAVEE
-311.7134,112.93039,-453.9805,-99.13275,0.14123246,-1.5010988,74.82706,58.276115,-27.459063,197.03046,0.3817676,-1.3107126,9.948983,30.683882,-78.095474,88.35431,-0.15077396,0.6220226,31.47664,27.257357,-11.641501,102.80362,0.858561,-0.13870692,2.7473342,24.680286,-65.07943,53.50923,-0.6017774,-0.075022936,2.7162392,16.150227,-37.138992,47.73114,-0.035999287,0.24549937,-17.186813,21.771873,-79.92293,15.946863,-0.5809845,-0.43313742,-3.3585484,11.225714,-34.047714,19.465055,-0.54878265,-0.48452163,-7.3299303,19.763723,-61.54075,20.21443,-0.97044724,-0.038398743,-5.025129,14.816305,-42.05893,21.723148,-0.42448023,-0.72866225,0.33346772,10.904693,-32.64554,20.679148,-0.95683545,0.4734187,-3.9342997,13.45893,-44.662544,19.743855,-0.7903557,0.051364183,-0.8543776,9.891726,-31.995543,21.414444,-0.6553269,0.33291626,1139.86524183453,996.641577710988,1.6113999663914054,2107.423828125,1930.120537283752,1413.7598397652753,529.334435771882,0.04331194196428571,0.06307073814262293,2.2926860136252247,0.49815404,0.34374425,0.4937617,0.35841236,0.44048217,0.34919906,0.39219004,0.35251412,0.40075824,0.37525964,0.42960575,0.39360604,0.4294744,0.38029486,0.40395412,0.35688522,0.4536031,0.35808054,0.55743563,0.3685601,0.5485747,0.35645115,0.47070512,0.31219164,0.015906612205851874,0.05878288447888221,-0.0029694832182311486,0.06336254481719061,-0.03590117325208067,0.12762451788215412,0.025970921143888877,0.101828942562872,-0.005641288748509988,0.031642223063257494,0.004293770485424601,0.046096950514416445,[151.99908088],17,4.199294236262813,0.112576336,0.13240221,1.4714887,24.815520662483983,14.107148948891874,718.1011782721441,607.3186317310648,1849.9166992900664,1206.0963667811143,0.98070323,483.27475053549557,606.3692874861171,107.48759652776705,1975.5332050244967,1.8117689736175755,1.3549232378027085,1868.0456084967298,0.6285714285714286,4.048299319727891,22050,/Users/will/Projects/SpeechEmotionCS3540/datasets/SURREY/Audio/JE_h07.wav,JE_h07.wav,JE,Happy,07,SAVEE
-315.73474,112.92175,-446.8075,-106.23386,0.31323162,-1.4907128,79.16929,67.36958,-40.06617,210.69086,0.23342188,-1.2311641,7.120504,29.676582,-62.25401,78.877975,0.108104184,0.09640503,30.964172,21.684275,-14.867322,105.287674,1.2691315,1.8413072,12.12322,21.83252,-65.491684,54.4712,-1.1163782,1.709146,3.3877172,20.44568,-46.354424,53.27009,-0.00554353,0.2085619,-12.130028,18.28085,-55.81369,18.776222,-0.5810482,-0.69558764,-5.3470297,12.774739,-47.959217,15.336607,-1.0348563,0.8289261,-1.98532,15.159837,-60.19196,19.5336,-1.3820128,2.0774808,-1.3921965,13.185964,-32.383347,36.400963,-0.091292396,0.12254524,-2.2230997,9.455112,-31.904812,14.259699,-1.0498004,0.7808461,-0.1569575,9.40567,-32.93703,21.210573,-0.88798803,0.7896483,3.9683642,8.599831,-30.19389,19.372517,-1.4622318,3.0523386,1101.9517416036879,1021.9958082989431,2.1254568885320544,1981.4019972278227,1772.2126929228523,1342.334177500421,494.92600574924023,0.027615454889112902,0.030690713664135973,1.1475535827072905,0.48456654,0.36553147,0.48512307,0.35697833,0.44649577,0.3442377,0.4022278,0.3439472,0.41116098,0.37332222,0.4822517,0.39314848,0.48124397,0.37493926,0.48927513,0.35825664,0.55767035,0.32706925,0.56637704,0.30871204,0.53579736,0.3498839,0.4856913,0.3332564,-5.070613862363057e-06,0.06437386668028304,-0.002669622114417926,0.03603604097187552,0.002008364513335655,0.09508959551446203,0.011293794817080403,0.08819308130039692,-0.004102027131953938,0.03593408868994362,-0.005404476919436724,0.028497391912881972,[135.99917763],12,4.182804027885361,0.12796699,0.16185847,1.3381538,24.157072495327288,13.554442100815246,665.7308712348279,459.9546630420783,1782.1864262257716,1246.6320786776594,2.1523721,193.28727811478052,42.84011265571265,106.86851352689665,252.71363809934766,-0.7902527386268086,-0.4848453679561677,145.84512457245103,0.4274193548387097,2.868888888888889,22050,/Users/will/Projects/SpeechEmotionCS3540/datasets/SURREY/Audio/JE_h13.wav,JE_h13.wav,JE,Happy,13,SAVEE
-619.33386,98.16798,-782.0902,-448.77896,-0.23689373,-1.3030398,160.86607,71.490456,7.1964836,268.9309,-0.33561125,-1.3122408,20.259645,27.394375,-45.419346,67.51169,-0.58736646,-0.6982262,16.52319,32.929184,-45.739594,98.871605,0.3543716,-0.006114483,9.585866,27.82447,-63.110542,70.35073,-0.20500854,-0.53428435,-2.8189538,20.874426,-56.819527,37.87244,-0.11151412,-0.63164425,-5.5267377,14.713967,-37.33199,22.104366,-0.2206611,-0.79143,-1.5813725,15.392917,-41.100853,40.96363,-0.24538298,0.42831182,-9.757534,18.85891,-57.062798,29.67312,-0.33411527,-0.57674766,-10.764264,15.040434,-54.171906,17.302803,-0.45016724,-0.5508268,-4.099236,13.600784,-33.39684,25.029358,-0.28416368,-0.68767285,-2.1636043,11.521136,-38.539886,27.098408,-0.7797892,1.1881905,7.859639,14.396944,-20.485615,43.072968,0.6539627,-0.076159954,800.0347514689165,457.59331657768917,4.7285552939069335,1349.183584790711,937.3925449398123,1262.9410921490357,589.1686130561922,0.023222477064220183,0.022213036234106705,1.618874468215966,0.39288422,0.31913635,0.44854298,0.3024248,0.45464602,0.34573808,0.3996441,0.36732465,0.35908833,0.35294768,0.2966381,0.27625972,0.32101145,0.30908376,0.39736855,0.32452706,0.49413407,0.30580956,0.55741894,0.3481943,0.41284034,0.32050657,0.35140833,0.31845844,0.0030900253248477027,0.07337395555723031,-0.005231716176256285,0.084021585100061,-0.05290041349554876,0.16424419434022905,-0.03852358283560542,0.12805733491174295,0.004088408675734513,0.04590523243951651,-0.007929483069739143,0.034887838442676344,[89.10290948],10,3.966683456861193,0.0060296548,0.0045796046,0.6848259,23.757842818269125,10.865440893306523,502.40300710841535,93.95034328521123,1502.686619145836,1058.7396858853228,0.6214486,119.16131324206287,16.25226927438975,96.87324609557632,148.5384940785009,0.5244163448345828,-1.2435684876580273,51.66524798292457,0.44036697247706424,2.520997732426304,22050,/Users/will/Projects/SpeechEmotionCS3540/datasets/SURREY/Audio/KL_n02.wav,KL_n02.wav,KL,Neutral,02,SAVEE
-626.4598,81.13737,-759.7449,-457.08994,-0.06514829,-1.0322721,124.92933,66.18216,-38.92208,226.07768,-0.47530857,-0.61032104,29.86268,39.5827,-54.74012,124.173195,0.15042022,-0.49411726,50.52847,37.832535,0.27628314,156.3405,1.0488162,0.16182399,19.979599,30.962511,-44.878838,97.94742,0.37193736,-0.40507364,-6.7450757,31.61243,-98.18111,59.7247,-0.654352,-0.037365675,-10.006531,20.044552,-63.170708,37.89576,-0.24338256,-0.4576273,2.061323,17.319103,-35.3842,39.681267,-0.23173803,-0.6927724,-9.46627,15.357167,-47.561283,17.702671,-0.05556709,-0.87988496,-6.7338705,14.7701845,-44.155293,20.565357,-0.34405988,-0.69871426,-0.479749,12.693472,-44.2489,25.919071,-0.5967672,0.05474353,-4.4765463,14.030253,-43.468967,21.720646,-0.4312651,-0.5497899,2.5786006,11.378723,-21.262577,27.557804,0.06637757,-0.622488,744.3823704117813,709.9651238887761,2.4267012877421936,1262.4329723011363,1531.7605242487575,1198.7461057441067,484.45911044730514,0.013458806818181818,0.012931261243933989,0.456069561331289,0.4606579,0.3621215,0.44902182,0.3548754,0.4580308,0.38362,0.4300514,0.386234,0.39709333,0.3886389,0.45972618,0.39299086,0.49043602,0.3798537,0.47817475,0.36740485,0.4702156,0.36140293,0.48220056,0.34215558,0.5509256,0.31553113,0.4962689,0.32543868,-0.009457964944748884,0.08619211871912585,0.020593282188097403,0.07300752841692572,-0.00977370985078129,0.1063711989742489,-0.02621658676388635,0.16348273221514437,-0.001260381407140221,0.03527898180897287,-0.0044579745891192984,0.04078403555178067,[129.19921875],15,3.92041817793898,0.00738378,0.0036479067,1.5258541,24.538884819255216,11.765398701539828,283.64210453681767,106.85401376694452,1655.981064566126,1214.6407299979007,1.1681767,125.79034135234694,14.026341869575663,100.87044475251382,155.56349186104043,0.3833216137546463,-0.750970092554291,54.69304710852661,0.4484848484848485,3.826122448979592,22050,/Users/will/Projects/SpeechEmotionCS3540/datasets/SURREY/Audio/KL_n16.wav,KL_n16.wav,KL,Neutral,16,SAVEE
-627.0976,84.65346,-761.9111,-465.33444,0.05082811,-1.3920542,111.28905,71.31643,-51.6002,246.93721,0.038862877,-0.822103,31.600212,27.983368,-32.175938,112.75605,0.11244929,0.101370096,47.786118,41.773846,-27.976492,138.84863,0.6732069,-0.6610131,15.896329,30.757534,-56.889923,101.37764,0.15313311,0.30684662,1.1018302,23.717672,-63.56562,57.273376,-0.7319901,0.40254045,-5.236639,17.62872,-54.109337,26.35362,-0.38233787,-0.6742809,-3.0174918,16.63683,-40.613068,30.265034,-0.307924,-0.9570894,-6.152157,15.210574,-38.636124,32.208042,0.06091897,-0.54785323,-6.0241814,13.70357,-39.332245,27.87833,-0.37239197,-0.40899062,-6.154369,12.957695,-45.972206,19.980934,-0.68636584,0.036007404,-5.323658,14.685669,-43.272408,20.047869,-0.7780748,-0.20276928,0.39387745,10.699811,-21.178661,34.21633,0.611427,0.45014977,1078.0334657292594,846.7531139025696,2.044113986481097,1946.9191028225807,1633.168768969834,1489.1024181729454,606.550858960677,0.02529161866359447,0.03312804211771528,2.745201438220617,0.47376254,0.3237731,0.4116226,0.30191892,0.3884351,0.31473294,0.3584229,0.29374543,0.3744415,0.34771985,0.40769535,0.3471829,0.4004227,0.27863312,0.46097055,0.33210546,0.44996822,0.32753122,0.40823498,0.29916835,0.43918204,0.34008282,0.47760198,0.33247527,0.002215295311455305,0.06660290454209761,-0.00816717745799385,0.07660207935316383,0.02042980968291188,0.09509045301153272,0.0339716365517966,0.12710109264461542,-0.011734442563776206,0.03651431948423363,-0.0014414302999376548,0.0355044873851594,[99.38401442],27,5.3662207960773,0.005059034,0.004494532,1.734513,23.78327549098115,11.698796536701748,506.2641147225517,133.24355549793907,1909.5205217943633,1418.6271146429651,0.2357012,153.63211287388498,77.49736346740625,82.40688922821748,339.28638158974695,1.5196276176095624,0.5540155840944991,256.87949236152946,0.6036866359447005,5.031473922902494,22050,/Users/will/Projects/SpeechEmotionCS3540/datasets/SURREY/Audio/KL_n14.wav,KL_n14.wav,KL,Neutral,14,SAVEE
-603.3172,95.98223,-785.6394,-426.41165,-0.4950392,-0.99250484,148.42943,68.34142,0.68260485,257.35822,-0.28439134,-1.2601221,21.988478,34.718548,-55.06285,115.71318,0.11886307,-0.40552378,39.57047,31.216454,-21.370213,146.6742,0.7994108,0.5139091,14.945561,30.643639,-53.67743,99.9309,0.043728396,-0.22436595,-3.6534789,31.244005,-81.038826,60.07692,-0.41875497,-0.3195474,-10.713936,17.629335,-48.750122,28.66251,0.0155520635,-0.9971633,-5.34266,18.751041,-55.061428,40.562668,-0.048133038,-0.38505912,-14.262077,14.909861,-50.200428,17.07816,0.022955569,-0.7349105,-11.245313,17.24527,-47.229244,24.01738,-0.23302539,-0.98164964,-3.9705255,10.0946245,-31.62328,23.865793,0.057333447,0.19308877,-4.160445,12.658202,-36.28306,40.77861,0.055130396,0.6231327,-2.1495755,10.281809,-24.99841,20.818129,-0.23994912,-0.49910426,920.2781403429889,698.3361055003046,2.658967389420006,1609.6391689277696,1414.5411676287358,1324.30368867387,629.280267056858,0.03019741766467066,0.03388957994974589,2.453118934094529,0.46448097,0.3403261,0.35716897,0.31055075,0.28946918,0.31608897,0.29403418,0.33288574,0.38138074,0.37055522,0.43902948,0.3452246,0.51487935,0.35949227,0.47440687,0.3524554,0.34824345,0.3123803,0.38212308,0.34680635,0.4270651,0.32662207,0.43309066,0.2986732,0.014330667424485558,0.05483053198979269,0.011036886123413652,0.09707892928667089,0.026917000513099584,0.13741380770209302,0.01175931967449086,0.14796852666667148,-0.006844062955295458,0.03782197200524621,0.0226778060742961,0.04123746819419171,[86.1328125],22,5.703234301703564,0.0072997194,0.0051232646,0.59686786,24.66251497910843,11.089443555406758,524.0253052330181,225.26998433074525,1711.6657408226072,1380.080292038491,0.5842126,124.46204015963804,19.674749238019782,82.88426748110167,175.62564499846297,0.08353907306671936,0.3479497648620584,92.7413775173613,0.6467065868263473,3.8574603174603173,22050,/Users/will/Projects/SpeechEmotionCS3540/datasets/SURREY/Audio/KL_n28.wav,KL_n28.wav,KL,Neutral,28,SAVEE
-364.92365,110.63049,-505.01794,-175.84444,0.11271003,-1.5854162,112.09573,62.717308,3.0635421,215.91891,0.08058053,-1.6110727,18.025604,31.60968,-71.251,82.877335,-0.68594563,-0.051537037,28.761435,28.892014,-44.69116,123.08141,0.78841335,1.8467469,8.016907,28.620117,-75.64549,55.73917,-0.89836526,0.47200847,-7.284558,24.373718,-76.00246,45.0318,-0.72236836,-0.28835392,-3.2880583,16.34711,-50.777893,29.370005,-0.72399795,0.02324295,2.2697241,9.88211,-29.693123,26.533346,-0.28207445,0.4563234,-2.1099548,12.776513,-47.214314,26.430292,-1.2500585,2.068973,-1.2025173,11.738624,-34.036865,21.498861,-0.57591456,-0.54024506,3.2716768,8.606014,-21.24902,30.762165,-0.17375088,0.5499351,2.1221597,9.05147,-30.905676,20.41627,-0.7917269,0.82734656,-0.68477124,9.349328,-26.320515,19.608246,-0.56734234,-0.55079675,536.7643211726527,401.57788049735245,0.8633039952354925,914.9283414273649,1090.708231391463,935.9753653969846,381.51904190044405,0.014416173986486487,0.016405721355568465,0.8183149047678336,0.5087784,0.32953575,0.53153676,0.3643801,0.5386308,0.3884619,0.5322528,0.4076298,0.55548465,0.39594892,0.65071064,0.3785396,0.63007987,0.3914588,0.5715775,0.40371564,0.5799803,0.37219897,0.6074028,0.33424866,0.61131763,0.2940364,0.512654,0.28640386,-0.00413829248781063,0.0704641683135988,0.018097314282184234,0.06939393733930277,-0.03673814971604103,0.11815395295464108,-0.014686591324170469,0.11617025751504002,0.008840268997658633,0.036671273776719394,-0.009436356584616933,0.03667242514999229,[143.5546875],10,2.3317294982287318,0.075536594,0.056320786,2.8307538,24.299021161040034,12.875871209452242,243.36534491686285,170.74052660606623,1310.2885643114364,713.9608508892899,0.5453978,120.10063022034078,11.311442333145298,102.04250286354403,154.66751207845843,1.2309737892447334,1.0740468303580961,52.6250092149144,0.4648648648648649,4.288662131519274,22050,/Users/will/Projects/SpeechEmotionCS3540/datasets/SURREY/Audio/JE_d08.wav,JE_d08.wav,JE,Disgust,08,SAVEE
-319.58258,91.46859,-443.83212,-147.16463,0.073451914,-1.2953622,79.14904,60.51207,-38.176292,204.27411,0.16097069,-1.2503715,17.607368,31.613073,-70.138336,86.92029,-0.325427,0.06264067,43.27091,29.779222,-2.3531933,119.364944,0.9283234,-0.16093302,15.146773,24.344318,-42.358585,63.236206,-0.09205715,-0.4636705,1.345242,21.047277,-47.82506,49.41134,-0.14220218,-0.440706,-15.406519,19.023083,-68.27675,11.518713,-0.53261817,-0.7198465,-6.8075914,11.109303,-35.306587,11.325033,-0.6806644,-0.49455023,-6.6789746,11.5170145,-35.662445,16.443058,-0.6234725,-0.39825392,-7.183868,12.126959,-40.946484,17.050041,-0.6646968,-0.17041612,-1.6680084,9.924329,-27.501698,21.236328,-0.32725963,-0.30189466,-5.0070524,10.896354,-32.402706,24.495098,-0.32581472,-0.5308802,-1.0531904,7.909914,-26.454542,12.563755,-0.9440058,0.2492392,1159.4703105939361,1057.165923659681,1.7442881314672931,2141.6854366179437,1971.8300992169252,1392.3007071255836,573.5496642712493,0.03376228578629032,0.03836117593534359,1.8841562663838238,0.46071312,0.35137528,0.46622655,0.34810016,0.49947506,0.34294835,0.5272968,0.33839443,0.5169539,0.36112618,0.5224148,0.38420478,0.5091976,0.371012,0.48242515,0.35887498,0.49856886,0.3497105,0.50583714,0.35474893,0.44631606,0.30042318,0.43414456,0.30606657,-0.008848023215355024,0.06584910932567217,-0.0013955824590186502,0.06745493812979715,0.03757866080324564,0.12912023564900188,0.01649608831572234,0.1240611125693094,-0.009476318052603936,0.04540287047046143,-0.006055402899003232,0.039568374858224085,[103.359375],21,4.877650553548292,0.09421502,0.11681771,2.5517876,24.699301908374615,13.905175989963288,604.2481943961776,418.34644447439564,1770.2883202460637,1326.3908257257358,3.0145705,162.7584668354876,28.089675203474854,119.26495573315601,221.27444703492776,0.39118454399116076,-0.9287007481909977,102.00949130177175,0.5376344086021505,4.305351473922903,22050,/Users/will/Projects/SpeechEmotionCS3540/datasets/SURREY/Audio/JE_h05.wav,JE_h05.wav,JE,Happy,05,SAVEE
-307.1539,108.62636,-481.20734,-119.38469,-0.16004251,-1.217459,107.92453,67.7908,-70.08882,221.9101,-0.37181878,-0.90848017,14.741735,39.94363,-86.537,105.17828,-0.29254,-0.17788577,43.033142,31.658772,-18.249687,164.26657,1.0098845,1.3932748,5.0140376,25.283669,-73.864944,71.77809,-0.24230103,0.28427863,2.6589084,27.941826,-75.6229,67.62669,-0.45161867,0.29101443,-17.943295,20.034624,-78.59802,12.535282,-0.61190385,-0.30648208,-8.117384,16.418337,-64.18586,27.210876,-0.77306104,0.46410346,-9.297753,17.84292,-71.70686,24.502653,-0.558516,0.11016512,-1.3250216,12.888327,-37.28573,28.191792,-0.2933819,-0.19532323,-0.84562933,10.934454,-30.13345,30.512228,-0.038012654,-0.18918753,-6.7923145,13.928222,-44.48993,18.085289,-0.271032,-0.81863856,0.31674415,11.152541,-34.810806,29.24359,-0.5072494,0.02508998,971.3067719586267,831.0580218433669,1.8122992295631972,1851.4413686899038,1859.3338482140482,1297.7145976831687,623.6740421339153,0.018640241052350428,0.01622462256217759,0.5718959888215881,0.38827085,0.36460805,0.41537166,0.3742221,0.42751098,0.36516273,0.4401187,0.36655122,0.48309547,0.37255126,0.57444644,0.3840973,0.5749388,0.3824714,0.53019655,0.35440648,0.5236276,0.37002072,0.47520426,0.35036743,0.41762444,0.35397807,0.36782512,0.3324812,-0.016067520154729942,0.0787192860887482,-6.656646721050874e-05,0.0699924995900348,-0.01571351083584634,0.0991783741383936,0.0075165668689504885,0.128567900906748,-0.007572985700354648,0.04081584588310311,-0.006360644244282407,0.031907914573337866,[99.38401442],27,4.988102619099485,0.13629553,0.09771421,0.82451516,25.539039696085517,13.79661485169991,459.6609355799157,269.48563331037883,1695.0850745430685,1260.6154865161914,1.3833363,181.90370663520235,33.3006793108673,100.87044475251382,245.51937137864914,-0.26529857311240224,-0.7705480597581382,144.64892662613534,0.6025641025641025,5.412879818594105,22050,/Users/will/Projects/SpeechEmotionCS3540/datasets/SURREY/Audio/JE_h11.wav,JE_h11.wav,JE,Happy,11,SAVEE
-427.56555,107.915375,-621.4663,-219.47772,0.006974096,-1.1327683,150.75284,74.78381,-22.11071,264.86768,-0.24506265,-1.1479769,17.181574,38.216164,-56.20912,111.07456,-0.08190879,-0.5875411,34.989815,30.358215,-20.446964,102.846176,0.51665574,-0.46662092,11.203197,29.922766,-67.49745,70.77944,-0.5972847,0.021510601,2.0841782,23.236399,-42.248024,58.58652,0.15836947,-0.5148177,-19.285347,23.02751,-75.19133,28.935993,-0.06998356,-0.66416883,-3.5081744,12.990945,-34.36857,37.641388,0.22830866,0.51766133,4.250264,13.962827,-23.086447,36.296204,0.11636695,-0.26320314,-0.22983545,12.484153,-36.69941,30.413502,-0.5699593,0.20334983,2.2776701,13.327818,-27.889791,32.02929,-0.13480774,-0.5988219,1.6814258,9.548638,-26.832645,24.587336,-0.31037098,-0.111864805,0.8982344,10.814649,-29.936853,21.013414,-0.43454874,-0.33917594,618.9829988488084,559.644329062182,2.243385250673954,1230.7053786057693,1465.9356896370214,1003.2881293183303,583.9863892041316,0.010531850961538462,0.011321864084049428,0.5726045202396466,0.5203794,0.3226712,0.6117981,0.33165684,0.6475715,0.31967083,0.70733786,0.31226024,0.69257027,0.34523863,0.603675,0.36511216,0.53173965,0.37579104,0.48444232,0.3749867,0.4817553,0.3569756,0.5302865,0.34139252,0.5490359,0.31975034,0.50391024,0.3136468,-0.017183278381509258,0.06826921890315601,0.003481759921479337,0.05157816595338988,0.01200911704307517,0.11649849969742546,0.017688921122596412,0.08200770555461451,-0.0063945388461481515,0.026470518914952654,0.006976380265461151,0.031084245499233533,[135.99917763],11,3.6632332507702534,0.06398542,0.027203739,0.7935327,24.388788502360477,12.59954942129277,219.1615230063793,143.25057831251286,1530.1347168950745,1177.6072625362772,2.6157982,148.63636554672297,20.418005026793267,91.43616857570666,182.87233715141332,-0.9649065874856547,0.5677109602554946,91.43616857570666,0.49230769230769234,3.0028117913832197,22050,/Users/will/Projects/SpeechEmotionCS3540/datasets/SURREY/Audio/JE_n17.wav,JE_n17.wav,JE,Neutral,17,SAVEE
-449.9926,101.18833,-581.9027,-238.88765,0.30665904,-1.2457243,124.107864,66.78954,-0.090388164,251.7722,0.36993894,-1.1824163,28.735186,30.942656,-50.395554,106.60661,-0.28856304,-0.068853855,38.157467,30.427326,-17.462624,125.68218,1.0237914,0.8522799,15.709058,24.987364,-46.89131,65.58717,-0.49111634,0.22628117,-4.048008,21.359774,-49.773834,46.453705,-0.44470638,-0.77944875,-9.77579,20.189165,-61.971157,23.04927,-0.38102457,-0.82894063,-0.17333649,9.366136,-17.90768,24.977272,0.24476607,0.07582593,3.460299,17.083666,-34.247765,38.799744,0.2492751,-0.23689032,0.30349714,13.714646,-34.849335,32.05137,-0.13430253,0.029851198,1.603676,10.413837,-18.804129,25.218193,-0.13468544,-0.70430565,2.389187,12.896837,-35.17137,25.474836,-0.99930483,0.5531688,3.3267832,9.582574,-19.955265,22.692116,-0.53400266,-0.33449864,457.88572213193976,486.62249421320564,3.77348954575791,767.7415114182693,1158.439718727658,904.4498621175846,466.2018053831033,0.009186126373626374,0.011432184412492333,0.7018215982569314,0.52786523,0.3364057,0.62603736,0.30703107,0.6927009,0.30384684,0.73578167,0.31693622,0.72128075,0.3687138,0.6271451,0.40665838,0.56343323,0.42814812,0.543084,0.42199275,0.60656005,0.36802417,0.66214997,0.334922,0.56327933,0.33691075,0.5065454,0.34025943,0.012609943164670389,0.07480417080448418,-0.030483326739512175,0.06192302031401184,-0.05480602652776092,0.13935783525502038,0.014610728279656324,0.1246555239196686,0.0008501841454618441,0.03709151811663502,-0.0020132613084330106,0.04207476302476999,[215.33203125],7,3.339174454828661,0.06428458,0.032725535,1.1246153,23.990250273329018,12.277635977376516,187.0893703029257,162.68026676375842,1598.9192170755337,1036.3548179258512,2.2931414,141.8620236484162,17.2128166072831,106.252996181733,165.76853496220332,-0.7929712103378833,-0.21132145369612365,59.51553878047032,0.4725274725274725,2.0963265306122447,22050,/Users/will/Projects/SpeechEmotionCS3540/datasets/SURREY/Audio/JE_n03.wav,JE_n03.wav,JE,Neutral,03,SAVEE
-207.3406,174.38452,-438.81033,49.447033,-0.14618883,-1.5885468,104.20024,62.31266,9.822269,206.90533,-0.2749484,-1.4745691,-12.422425,41.039875,-109.170166,76.19629,-0.26597157,-0.8901081,25.536858,21.892902,-11.563853,116.142395,1.8487383,3.6300397,-14.764608,30.374859,-88.77937,37.603848,-0.48796114,-0.72543836,-11.784516,20.536753,-63.331844,17.628273,-0.45006981,-0.7830174,-12.416578,19.610067,-53.850082,36.981842,-0.12321479,-0.83317375,-3.173658,13.953573,-40.733223,19.291943,-0.8367731,-0.39999843,-9.950233,16.470978,-53.979782,27.49561,-0.46248397,-0.46115685,-0.4953486,12.939413,-34.81829,22.512177,-0.6539295,0.22741675,-3.810837,10.046745,-32.385365,19.41755,-0.46686056,-0.018346548,-3.5865047,11.443009,-40.75038,15.25625,-0.9590793,0.42276168,-1.2742057,6.978544,-18.98907,14.319871,-0.39579868,-0.28120947,977.2428678207082,415.64066396411215,0.20185450130188273,1829.4324638429753,1045.3158429970108,1340.3990743128174,280.7939865879996,0.031237893853305786,0.025199111636202594,0.2054900167776202,0.38551515,0.34425706,0.4534234,0.3549974,0.46084845,0.35803443,0.44393593,0.3634851,0.45179987,0.38530442,0.48966378,0.4069691,0.475581,0.38938677,0.5146198,0.36620322,0.52496874,0.3635693,0.44891393,0.36408925,0.36979556,0.3499442,0.32277083,0.313668,-0.0019966931985542953,0.08131314659489718,-0.0007416780185521204,0.06788000735334933,-0.022132905330971328,0.12950588601362092,0.03342618535403573,0.12690575724739525,-0.0006684891586596926,0.035300511040749674,-0.015755103672046387,0.039087721879229986,[143.5546875],10,3.58647386997609,0.32037976,0.27884236,0.24170801,24.13892584490085,12.035633001490764,726.0343311914381,302.7880033164124,1498.5629147320833,656.4016600113266,0.7171723,178.31252096449694,56.16166308950476,92.4986056779086,285.30470202322215,0.4304225182337055,-1.0378399669346183,192.80609634531356,0.4380165289256198,2.788253968253968,22050,/Users/will/Projects/SpeechEmotionCS3540/datasets/SURREY/Audio/JK_a07.wav,JK_a07.wav,JK,Anger,07,SAVEE
-199.50247,129.76634,-426.90155,32.96668,-0.267389,-0.9055352,100.13009,64.45342,-70.20362,193.00674,-0.6365277,-0.7865174,-1.1517578,40.828354,-97.18524,102.91286,0.14388055,-0.46796608,35.173416,24.48908,-15.324768,112.55759,0.65883106,-0.34219956,-16.54952,29.63957,-83.90746,41.06652,-0.3854248,-0.8425319,-6.8208346,23.93921,-82.55987,50.910824,-0.33454323,0.46004486,-12.385877,17.030333,-48.449398,26.439892,-0.10161027,-0.9740379,-4.4607596,16.277668,-48.450645,28.886683,-0.41132304,-0.29739857,-15.095415,14.393423,-49.692436,22.540993,-0.11442087,-0.6589985,-3.7575898,9.827148,-29.337114,24.637367,-0.15624021,-0.04526329,-6.5464644,12.840549,-35.864185,20.480083,-0.2652936,-0.8668208,-6.8365073,9.913672,-34.44055,13.526065,-0.40145677,-0.6049571,-5.6722984,10.35352,-28.463093,15.182426,-0.23069689,-0.84589577,1412.882484261946,1221.0636193753726,1.7469029251759265,2443.6680141715115,1962.6939730075028,1402.2189707064097,496.0449174496128,0.071875,0.09548110388902091,2.1149162016901206,0.38022617,0.34288126,0.3691807,0.33697423,0.34165692,0.3255848,0.33972168,0.32643273,0.42194352,0.38643867,0.45055878,0.39326096,0.3968787,0.36204317,0.41240492,0.35222772,0.4345915,0.3663028,0.3655435,0.3207875,0.35517362,0.32365355,0.36656827,0.33451533,-0.01380369505448587,0.05297875652984748,-0.0008010230153734172,0.05575707229675282,-0.02683045912620685,0.09718319338810749,0.022930132116862005,0.1270282704245036,-0.004708807944684133,0.030651045550800792,-0.004588182431883908,0.03775752614708037,[123.046875],24,4.822395159379613,0.26023412,0.2270933,0.73705584,24.645039233912517,13.09195871347471,927.0415589998655,597.626713674952,1800.7932020557546,1432.4463101137192,0.38914686,199.4255426021647,49.81571495413402,99.71184887709214,298.79793764201077,0.07306673749088616,-0.8966537479057619,199.08608876491863,0.6558139534883721,4.976780045351474,22050,/Users/will/Projects/SpeechEmotionCS3540/datasets/SURREY/Audio/JK_a13.wav,JK_a13.wav,JK,Anger,13,SAVEE
-401.45752,86.54675,-518.9296,-233.77565,0.0813788,-1.3646479,100.268234,58.29669,-13.021761,207.86456,0.19335136,-1.4034334,26.386253,21.97884,-32.712162,67.65849,-0.42735487,-0.14990926,28.901379,27.71529,-23.130363,96.962105,0.66109365,0.040944576,20.107967,20.680075,-31.576523,83.29579,0.23840237,0.98933935,7.6385155,17.989874,-49.5564,53.424328,-0.95264256,1.9281096,-17.442781,25.499228,-78.89989,16.395346,-0.35840356,-1.1539776,-3.8865159,12.649256,-40.12712,25.709543,-0.4900443,-0.42340255,0.31058374,12.568168,-41.684742,20.59568,-1.2385448,1.2241063,-7.9629574,17.247784,-44.066956,27.29494,-0.30336624,-1.1252084,2.1621475,12.827547,-31.522476,30.868477,-0.22778076,-0.09607744,2.093386,7.6009626,-16.510632,21.568878,-0.20331548,-0.040803432,-2.9044027,10.459553,-31.620594,15.198057,-0.5658482,-0.4678321,503.31216929377246,422.964113935866,2.569731441427561,898.4063652124298,1215.475101138871,962.698334885036,481.324754969939,0.013424991221910113,0.014903366698067282,0.7249605025838411,0.36113277,0.38383532,0.43468174,0.39403534,0.5104376,0.4087395,0.47998047,0.43382537,0.4978121,0.44978726,0.5536524,0.4366918,0.6855177,0.35935467,0.7783246,0.29716286,0.631853,0.38447285,0.4533262,0.38008592,0.35805243,0.37500092,0.31789407,0.34678414,0.02027622085153931,0.11472826291752648,0.01882765417048157,0.10416705418187955,0.09309365672027896,0.13886093685765385,0.013615284742933472,0.18153113099801307,0.0063940883027135175,0.06414624225140521,-0.019799311177051533,0.048068118178690854,[107.66601562],15,3.6319812004480263,0.08828259,0.060144283,1.3359237,26.23865676042477,12.514257816655226,255.27485280319965,160.3924557465076,1682.6347928119908,1014.9579307173904,6.807823,191.49448408343352,11.443905450539285,150.26442824298348,210.06515286029162,-1.0889716993882157,1.558605363833781,59.800724617308134,0.5786516853932584,4.129977324263039,22050,/Users/will/Projects/SpeechEmotionCS3540/datasets/SURREY/Audio/DC_sa06.wav,DC_sa06.wav,DC,Sad,06,SAVEE
-397.1952,84.9786,-524.9802,-234.52434,-0.0056275995,-1.2534086,103.97355,60.402527,-33.113968,223.19275,0.08003989,-1.1540008,24.624622,27.1105,-53.110878,88.918785,-0.53577626,0.19529223,37.432796,31.695705,-36.15316,124.79719,0.33596733,-0.23779416,21.761908,21.936102,-34.269672,81.164986,-0.075586736,0.25668073,6.7893834,19.11604,-33.390945,64.491196,0.62649494,0.48714352,-21.27326,23.791151,-75.21947,14.805747,-0.28192437,-1.1757469,-8.263502,15.027808,-48.520103,22.634462,-0.6272909,-0.25543833,0.9339821,13.086279,-38.511116,35.99239,-0.48722115,0.35324073,-8.496327,14.958056,-39.758667,19.002537,-0.02839128,-1.1320986,-3.755143,12.102979,-35.12446,23.25534,-0.42882267,-0.39755154,-0.6869083,8.998919,-23.990757,29.406544,-0.102885686,-0.07978392,-2.1168308,10.369155,-31.13466,19.751682,-0.6090204,-0.24044204,662.2392136050638,675.6346325827462,2.4964135958403957,1209.943258351293,1593.2909299358837,1055.006529565577,570.1762374020306,0.012726882408405173,0.013379432795462528,0.6469829307022592,0.4088948,0.35071486,0.4465822,0.3776648,0.44943744,0.4038765,0.48971507,0.40004995,0.6347488,0.3751934,0.76978576,0.32570502,0.6713962,0.3660823,0.5107478,0.405705,0.43595788,0.41122666,0.4057952,0.39812535,0.37420997,0.37614942,0.347767,0.3200847,0.016444768420507773,0.10077693123349009,0.00604769391598153,0.10558921420141519,-0.04605023472586003,0.16495005878891636,0.060434757671639514,0.16824445180631686,-0.008593113297811154,0.06222338019500297,-0.018490574521349813,0.051233793442026165,[117.45383523],24,4.463148661983116,0.08145003,0.049097918,0.9123614,26.49354217653095,12.387648934932411,257.31684836378986,136.93826441348259,1694.2976844336326,1182.3140520149516,4.094893,175.0089760757887,12.42177912670317,145.14587018501834,208.85526660911424,0.6162279696442156,0.5001950584815491,63.7093964240959,0.5991379310344828,5.377369614512472,22050,/Users/will/Projects/SpeechEmotionCS3540/datasets/SURREY/Audio/DC_sa12.wav,DC_sa12.wav,DC,Sad,12,SAVEE
-571.39954,99.176926,-753.56555,-357.49915,-0.24778536,-0.9909537,121.3285,64.25847,-52.37697,229.47441,-0.30383843,-0.9207959,12.110502,33.384537,-58.888077,93.01427,-0.1751523,-0.8154762,38.317646,36.237617,-45.87541,131.98315,0.7438633,-0.061603546,12.896623,27.217913,-64.32844,71.39643,-0.5337717,0.13874984,-1.5964327,24.766745,-63.68991,57.3369,-0.30094182,-0.31248713,-16.15066,19.760967,-59.887856,20.055214,-0.076849334,-0.93762803,-5.354871,14.91931,-38.66476,28.794704,-0.25813693,-0.6682124,-9.161958,15.407981,-53.38466,21.590916,-0.38553572,-0.27136302,-15.591173,16.372818,-48.76358,15.136368,-0.05657687,-1.0123241,-4.400025,11.923057,-38.272087,20.385292,-0.6332382,0.136029,-7.1824656,11.816249,-42.30531,30.210121,-0.36567727,0.14751935,-2.5164642,9.521884,-35.389374,21.53957,-0.2605582,0.81382537,1060.4284717783282,765.8286155789883,2.3785938315593698,1989.142517381878,1541.576397992989,1405.977022860693,567.2326770461333,0.0358057341507177,0.04753252995904618,3.6233553386259327,0.34284133,0.31405282,0.3462865,0.32085848,0.36130047,0.32933345,0.40048012,0.3627586,0.39692366,0.34079403,0.4558183,0.3773696,0.41393608,0.33141956,0.4022995,0.36087874,0.40226826,0.34244248,0.4414405,0.35374427,0.45077837,0.36326346,0.3695759,0.32924944,-0.009600805666825892,0.07222663186083988,0.015451870017157041,0.06167606281356223,-0.03198713377456826,0.11508970373318307,-0.018406218234182828,0.12818904123859204,-0.006703799514483203,0.037272624720518586,-0.005013452953119763,0.038351725351686045,[92.28515625],26,5.3605991752924345,0.008209972,0.0073540574,1.1408192,24.144733603331737,11.541212130784752,577.9686832595614,151.82034667171146,1749.46853464444,1297.7755845323466,0.2523968,188.54750044164226,67.53790669837439,83.3644111580719,347.21682482900223,0.8267159554328539,-0.010867792207573945,263.85241367093033,0.7416267942583732,4.850204081632653,22050,/Users/will/Projects/SpeechEmotionCS3540/datasets/SURREY/Audio/KL_h12.wav,KL_h12.wav,KL,Happy,12,SAVEE
-291.5663,110.270805,-431.4964,-71.416,0.117279716,-1.2932132,81.004585,73.390015,-71.07354,204.75723,-0.09843699,-1.2334545,9.12933,32.354176,-88.20488,86.12421,-0.2939441,0.32374334,24.474808,30.76915,-47.39746,131.86694,0.8872331,1.7523904,-3.5764258,22.45296,-61.274742,37.9325,-0.7770212,-0.21721458,-2.6612124,24.688433,-73.69998,48.013023,-0.76033056,0.40168667,-20.21081,23.852882,-73.97371,14.005739,-0.22201124,-1.1331723,-4.1814647,12.125572,-33.55259,17.527252,-0.53418547,-0.7959268,-1.0797051,10.601525,-31.176847,24.186295,-0.25512403,-0.28404546,-7.8676214,13.631734,-43.591583,11.155124,-0.88476753,-0.12945223,-1.4395701,10.304501,-30.331345,28.923958,0.06704676,0.43259192,-3.999034,7.8875833,-25.271046,12.23029,-0.6021817,-0.5516393,-4.763444,9.003561,-34.72145,11.385847,-0.99492234,0.60782075,1149.2698848530504,1221.7452851882083,2.0066126323673843,1880.06396484375,1928.1243671193004,1220.3916097154295,501.76887025493454,0.05725911458333333,0.09879766974195786,2.8555992372331276,0.4085351,0.36444706,0.38385016,0.3475525,0.37737757,0.3503468,0.4192216,0.35987478,0.45771545,0.3673548,0.57406384,0.41687605,0.56821024,0.37893626,0.5120938,0.3436494,0.5663291,0.37409315,0.51561433,0.37167618,0.3984008,0.36179408,0.37251374,0.36287436,-0.0022697909276351205,0.13620312298257786,-0.010277359682309337,0.08084188378843167,-0.03177713181202675,0.1630558750447531,0.049512001726154845,0.1547317510917648,-0.011148476988837681,0.054950388421637825,0.00917138085467744,0.05789503556089095,[107.66601562],15,4.319069196516016,0.17343529,0.19868106,1.2536917,24.758074569746316,13.305032186569846,595.6359452228833,372.09831861318656,1805.6430808356904,1296.7481328918286,5.62142,200.14148436430332,22.48135882557816,152.01041679645533,269.2917795270241,0.37447381838815363,0.7157266967381064,117.28136273056879,0.5466666666666666,3.47297052154195,22050,/Users/will/Projects/SpeechEmotionCS3540/datasets/SURREY/Audio/DC_a08.wav,DC_a08.wav,DC,Anger,08,SAVEE
-587.09735,100.93878,-754.89465,-423.6861,-0.1814335,-1.3318126,137.46977,72.58985,-22.966633,256.5788,-0.23374331,-1.2408991,23.315538,34.426647,-54.848663,95.9347,-0.33890933,-0.4807744,37.35073,41.87211,-40.83258,144.39822,0.8737299,0.1718061,13.287249,28.81291,-57.746864,75.245834,-0.11063167,-0.08746767,-11.408218,27.3726,-78.10547,45.81134,-0.3491823,-0.83941436,-4.618847,17.686285,-50.97114,25.914486,-0.44039539,-0.5603769,9.440791,15.038533,-25.277184,58.090946,0.26643756,0.2124896,-8.8942995,18.606733,-54.522682,21.337921,-0.40945873,-0.77947044,-14.299926,17.889973,-48.44217,15.342652,-0.068983965,-1.2872812,-5.782637,12.721007,-34.637863,20.579365,-0.37873513,-0.83790684,-4.294221,13.355331,-28.999405,29.636513,-0.008810874,-0.628397,2.3019683,10.070553,-21.7571,25.314795,-0.29920027,-0.085556984,740.0976299998039,626.4587950330733,3.0070406046789397,1216.6259765625,1304.9376503818828,1179.2709740353703,534.496926759226,0.017020089285714284,0.015488351765545347,0.8586633007298742,0.4415071,0.34602872,0.45161462,0.36506546,0.44011527,0.37048188,0.4441825,0.38158625,0.48006633,0.40295488,0.44733456,0.37349004,0.45174068,0.3918661,0.4218481,0.37364534,0.421526,0.36079904,0.4630872,0.3697638,0.47096053,0.3484037,0.43868646,0.31766108,0.004486411383042822,0.059873194569116564,0.0058025461502552445,0.0750321732028545,-0.00679570158131295,0.12047317146955958,-0.008043810235042737,0.12426098498492713,0.004143135002013951,0.03725889073939918,-0.006967938386071853,0.03075976631258934,[63.02400915],14,4.537037037037037,0.010650111,0.0070481026,0.76033014,24.933012393721157,11.642842319055188,329.57814658466685,123.15713509735892,1628.584178485651,1295.1609157961066,0.7762449,144.10580277659847,20.142361213861676,106.252996181733,186.06888929891866,0.16162609108356552,-0.8678324145821885,79.81589311718567,0.5488721804511278,3.085714285714286,22050,/Users/will/Projects/SpeechEmotionCS3540/datasets/SURREY/Audio/KL_h06.wav,KL_h06.wav,KL,Happy,06,SAVEE
-588.4681,105.56401,-761.1083,-398.4185,-0.20360388,-1.3308533,125.27935,66.66299,2.3560262,239.35455,0.13474755,-1.4083096,12.899677,29.14657,-53.862057,69.72975,-0.28288603,-0.8525007,33.383095,26.613012,-17.003036,113.38066,0.74298525,0.03494811,10.950286,24.210646,-54.059727,54.64174,-0.8348074,0.3042841,-3.3803859,20.673296,-57.648903,29.67123,-0.75768554,-0.48534513,-9.357743,18.356354,-56.970985,20.615002,-0.5778993,-0.6552036,-2.7332144,17.045101,-48.29454,28.476946,-0.39219734,-0.5909357,-13.819187,18.064323,-55.15341,17.91308,-0.19586341,-0.97558904,-13.106203,18.071692,-47.983597,20.710499,-0.04107545,-1.2058625,-2.5830755,10.533524,-31.098461,17.313469,-0.7217664,-0.056349516,-7.5252204,12.289939,-45.06977,14.83717,-0.78801495,0.005973816,-3.8469124,9.014242,-25.262375,15.010779,-0.34731954,-0.34867,974.9100281681033,661.2527498147748,2.618156178045301,1825.792867726293,1465.6666581180662,1436.6642920213094,597.8450042487328,0.02552532327586207,0.02776548771696466,2.3715366175739003,0.42286813,0.34167835,0.40384996,0.31401876,0.3922099,0.327518,0.4133586,0.3509993,0.4559219,0.35110262,0.47848842,0.38527337,0.40609115,0.34419698,0.39577782,0.36484274,0.41324684,0.35334098,0.41982174,0.3512375,0.45541486,0.39363983,0.40519357,0.33422643,0.004587794955325396,0.051991699499505474,0.012599123450387975,0.050927811259171986,0.009750307878029277,0.09540165081268087,0.02380932654928503,0.1184122115682082,-1.0667308722517502e-05,0.03225098938957498,-0.004300864896704889,0.03487483923830087,[198.76802885],14,4.170100098612668,0.0086992495,0.0077505177,0.84619224,23.981245829678773,11.604525427480423,579.0632535452917,171.42555674192238,1799.840896907689,1263.465413406599,0.27513707,242.57156875267853,104.18800104734329,127.82501456536235,493.88330125612407,1.123156085072375,0.2916597306528059,366.05828669076175,0.7172413793103448,3.357233560090703,22050,/Users/will/Projects/SpeechEmotionCS3540/datasets/SURREY/Audio/KL_f09.wav,KL_f09.wav,KL,Fear,09,SAVEE
-582.2619,102.06496,-740.8433,-396.59506,-0.0374642,-1.1130289,94.95344,72.01669,-45.46031,232.06348,0.15149717,-1.0741364,22.335737,31.521107,-49.807823,112.213,-0.16347478,-0.12934947,49.68132,39.63868,-26.100662,149.05627,0.63231564,-0.4273138,-0.6268646,31.121592,-78.932846,83.257065,-0.19704112,0.36483264,0.867629,24.469595,-73.99716,47.907013,-0.5739714,0.13438463,-10.726997,20.272324,-59.369514,22.481918,-0.5992411,-0.76036286,2.5911527,16.10047,-41.071426,42.73018,-0.22285247,0.051566362,-7.2713823,15.729985,-42.62159,23.743685,-0.29041126,-0.73383,-10.390816,17.385319,-49.732433,23.514206,-0.24519175,-0.9736402,-5.3389277,14.386466,-42.568367,30.109402,-0.4786333,-0.046849728,-4.933959,12.253526,-34.256622,19.869938,-0.4938184,-0.359231,-0.36042947,10.801751,-29.698717,25.741772,-0.14357282,0.6839926,1419.168836941706,1140.3674423742202,1.4044902988219001,2583.6677102481617,1957.0061874736339,1619.8773189050912,599.3615660927635,0.04961511948529412,0.06301971640806096,1.667900107976459,0.40508527,0.3109755,0.43125528,0.316576,0.47083166,0.32979614,0.48942804,0.33566797,0.44236368,0.346266,0.450681,0.35329366,0.43833628,0.30943164,0.46328422,0.33999845,0.41976905,0.3063329,0.43013397,0.35162017,0.44087005,0.37026927,0.367593,0.29578787,0.0025961432133455834,0.0648815447204543,0.013477757025969579,0.040966824914617866,0.010458216306698168,0.12456439380341973,0.0016105808755925775,0.10139026398440432,-0.001657900251623269,0.033540410388255115,0.001513847567634164,0.03327610772362315,[103.359375],21,5.341939503011006,0.00731853,0.0070076697,1.2792574,24.530323575098222,12.690031996089948,700.7389450452675,304.15218912346234,2242.6569722134777,1531.5528083144522,0.23876339,172.78677497177065,60.42207412422147,89.3477635991859,337.3322358273121,1.16181422987168,0.7680484382055286,247.9844722281262,0.6529411764705882,3.931156462585034,22050,/Users/will/Projects/SpeechEmotionCS3540/datasets/SURREY/Audio/KL_f08.wav,KL_f08.wav,KL,Fear,08,SAVEE
-562.3712,96.21014,-721.0701,-400.19394,-0.37742233,-1.2488363,110.25745,68.6298,-7.35706,217.19333,-0.068506554,-1.4831634,21.705463,30.36522,-57.462845,83.04076,-0.2718827,-0.4154315,39.055664,33.488094,-25.438328,122.25938,0.6859293,-0.105244875,4.4710126,29.911325,-58.686142,55.159264,-0.4666095,-0.80128384,-2.136118,23.554953,-78.168564,38.020676,-1.2671483,1.2472506,-7.386099,18.86898,-46.759384,27.69836,-0.35310552,-0.974576,-1.7435919,14.40848,-37.419853,32.659794,-0.30219674,-0.5347259,-10.42577,16.191149,-49.889465,16.47298,-0.3262732,-0.93777084,-12.181739,18.03522,-56.07909,15.898923,-0.5096967,-0.8163698,-3.9397738,10.174287,-29.953825,19.102032,-0.56495965,-0.2049644,-9.235265,13.521975,-45.818176,8.396421,-0.6254548,-0.7603128,-3.458463,9.231054,-27.999306,15.083323,-0.5544957,-0.41515732,1107.569261806176,942.2191129965784,2.0162197707185814,1910.3511780265749,1661.7373503285976,1407.445894547963,607.5136080725555,0.043130228838582675,0.0591003800201436,2.3232230180559097,0.35129428,0.3122579,0.3872332,0.31700552,0.40157863,0.33369574,0.39741296,0.34101266,0.4294678,0.35512015,0.48975626,0.36818567,0.45594752,0.32176957,0.4493612,0.33284453,0.45420623,0.33866882,0.43976805,0.3555824,0.3976913,0.35715872,0.3515567,0.33068833,-0.019142951402814915,0.0767103772742883,0.011374870834727767,0.06925019203203396,-0.030701251055195136,0.15515816527726276,0.009208800381151636,0.11970306665870603,-0.00639981618519878,0.03339473235635016,0.005479062993563444,0.04441815131300742,[161.49902344],13,4.417407652833213,0.010337001,0.009885793,1.0323918,24.413143428209654,11.694820925828498,578.5012095671835,192.12853467924134,1832.5926068447668,1408.1651826667278,0.6933412,150.46078646697464,35.3638597542079,85.3129619008554,226.44649206156825,0.10920377762397641,-0.9010924089048111,141.13353016071284,0.6535433070866141,2.9429024943310655,22050,/Users/will/Projects/SpeechEmotionCS3540/datasets/SURREY/Audio/KL_h07.wav,KL_h07.wav,KL,Happy,07,SAVEE
-582.52594,113.28203,-726.09937,-366.5312,0.20822822,-1.2933239,111.52324,72.3873,-26.962868,232.65292,0.043961924,-1.3837894,3.1281817,30.292223,-63.389717,50.04927,-0.4014629,-1.0926486,31.42068,31.575762,-27.181112,110.83971,0.6783449,-0.039164543,14.0251045,27.54525,-63.607155,62.567898,-0.6180059,0.1737175,-6.1412835,25.030445,-81.46683,43.738087,-0.6329672,0.4547553,-10.042672,18.765265,-48.437084,15.047249,-0.39954153,-1.1217915,0.3278942,12.859437,-26.095058,24.709774,-0.44925684,-0.9020164,-8.978198,21.304483,-52.99251,26.423359,-0.43180445,-1.1077129,-12.504543,18.15251,-52.36358,15.654142,-0.114238046,-1.1882054,-1.2275705,12.017783,-25.570742,23.677803,-0.30252117,-0.74178505,-8.416298,13.73337,-40.70822,17.325697,-0.40514654,-0.8052528,1.6057374,8.531224,-19.733088,18.23631,-0.55794525,-0.05526948,1094.2842910007205,736.3157090535324,2.7653043691921173,2059.758544921875,1314.0386410305773,1476.6944347369551,562.9991551794589,0.0257763671875,0.02658567382610004,1.4535550127405152,0.40632218,0.32793728,0.45894313,0.32017165,0.45452312,0.31246826,0.42278263,0.34951004,0.4249582,0.39349484,0.45087776,0.36894268,0.45623764,0.32417256,0.47911224,0.3083136,0.5123297,0.3336616,0.53621215,0.33533278,0.5646314,0.3883631,0.42133832,0.30954677,-0.005938597351776078,0.05096553134911121,0.010085193593634465,0.06748457736594643,-0.023971699690446747,0.12381597794455253,-0.015370531519875467,0.10169003406646196,0.01102010933576001,0.04134992819186894,-0.00722681840881698,0.02632443837805085,[129.19921875],8,3.4510417685610877,0.009288379,0.009553209,0.9284552,23.814381585529517,11.71861047068614,650.4183505048507,209.832125386621,2002.9152874306376,1231.443217924604,0.54694945,201.05601717962338,44.727890045780796,135.4258854679408,273.99891691894106,0.02320377536068345,-1.1982225426416926,138.57303145100028,0.34,2.318140589569161,22050,/Users/will/Projects/SpeechEmotionCS3540/datasets/SURREY/Audio/KL_h13.wav,KL_h13.wav,KL,Happy,13,SAVEE
-337.56174,122.49527,-503.30573,-76.01745,0.043246325,-1.2829628,124.10532,70.079,-22.945808,232.09235,-0.24158445,-1.3537239,14.117045,39.741985,-77.45294,91.95892,-0.534694,-0.5709624,31.894043,30.219418,-40.75737,135.58432,0.40258306,0.8213217,13.376808,32.36803,-61.94347,87.965454,0.03204484,-0.24151325,3.0319283,20.592888,-56.125088,61.42781,0.19182207,0.52083516,-26.381388,27.026642,-84.50447,11.574158,-0.2435463,-1.1859994,-4.621461,15.942645,-43.380955,33.44104,-0.16699925,-0.6244106,0.12288859,10.755131,-35.9936,25.156708,-0.6509877,1.525065,-10.511001,15.183235,-47.320755,17.15667,-0.51469535,-0.78940487,2.9128284,11.452336,-30.46342,44.41941,0.5622067,1.7105999,-3.4862654,8.8840275,-36.398144,13.456505,-0.6560781,-0.032228947,-6.5258346,12.078307,-49.75454,15.027217,-0.99852747,1.1907387,944.6617020612958,926.8748895709927,2.3886571579014535,1673.9590348868535,1671.3489887739736,1151.256858013845,525.5178043645658,0.031679350754310345,0.04106200930224641,2.846490850359022,0.4463041,0.37391979,0.46141583,0.34269688,0.46760997,0.34816176,0.49274015,0.3453809,0.48780122,0.38401222,0.4740683,0.3971036,0.48183292,0.40523463,0.4439483,0.3802887,0.3969702,0.36082637,0.42530486,0.370417,0.44293714,0.35393614,0.39685094,0.33102947,-0.027929533350649162,0.09058956959309311,0.017100093562084667,0.057662303358989885,0.02515313362477878,0.1605036156259538,0.010014806710846905,0.13159121152475256,-0.0016364958639941856,0.044907069907024505,-0.0006078570879106912,0.04642594727350493,[80.74951172],15,3.726256731484194,0.10913626,0.0997376,0.8682472,24.46717189027708,12.482604103248555,443.31518299192936,236.38066719038784,1477.58821535084,1200.5893818925033,0.36023158,146.89380293894067,22.563193411329376,99.71184887709214,193.74649219115264,-0.1385020579854654,-0.48405679933973644,94.0346433140605,0.6206896551724138,4.025487528344671,22050,/Users/will/Projects/SpeechEmotionCS3540/datasets/SURREY/Audio/DC_a09.wav,DC_a09.wav,DC,Anger,09,SAVEE
-394.75546,97.47337,-535.59766,-209.93013,0.03880541,-1.3984252,110.53212,71.99092,-69.30023,244.84642,-0.2524151,-0.84757113,26.081379,33.171516,-45.62849,102.3128,-0.29977998,-0.45571136,34.03961,39.206825,-40.17626,158.9852,0.90588564,0.9388139,15.370957,23.404512,-46.648468,81.809326,0.16941954,0.24191523,3.6935782,21.177723,-51.583122,63.8754,0.32382372,0.67883897,-21.504654,26.91308,-81.915825,33.36503,-0.26606843,-0.9924631,-1.8414928,14.712824,-46.199524,28.552647,-0.68557984,0.32718492,-1.0117853,12.823011,-43.187527,26.744356,-0.625894,0.28270698,-9.994712,19.39036,-62.311417,36.747852,-0.2439224,-0.38929296,-1.5849743,12.226937,-30.306623,29.628803,-0.31578162,-0.376822,-0.86588585,9.088696,-28.881435,23.713436,-0.254235,-0.020766497,-2.2490888,11.516197,-45.06133,22.199268,-0.58909905,-0.09669423,722.9190307578854,921.3859028651332,2.4521248605724026,1200.8545875549316,1716.4653279494064,973.8776710062384,547.6294741851107,0.017663955688476562,0.021120304811576864,2.186483819062653,0.41965175,0.37736818,0.4807513,0.38603494,0.4876797,0.38386613,0.4685862,0.40794662,0.4861803,0.4139044,0.5654813,0.39985177,0.63499343,0.38764793,0.58566594,0.3955421,0.47834095,0.39774886,0.4128734,0.39212224,0.364918,0.36545038,0.35576966,0.35246924,-0.0029152917132832436,0.09348876533167357,-0.0033058786094420593,0.10836553567415097,-0.013418088592516633,0.18678757648073085,-0.028615244800676534,0.1463047807132019,0.002301591822405831,0.05110704439041617,-0.0009577279661243266,0.053903631566762825,[234.90767045],21,3.5333302811097886,0.08649291,0.05287871,0.8996612,25.923136890550115,12.509967126666703,255.30787058784693,154.65570423552705,1555.0643635656213,1169.2953407512623,2.1453557,175.37570352141694,21.94635352718582,124.90548719779652,233.08188075904494,-0.3175704329739824,-0.2928210539505356,108.17639356124842,0.625,5.943401360544217,22050,/Users/will/Projects/SpeechEmotionCS3540/datasets/SURREY/Audio/DC_sa13.wav,DC_sa13.wav,DC,Sad,13,SAVEE
-394.56033,96.43006,-513.3671,-226.93346,0.16445492,-1.5844406,97.05214,58.85181,-45.393867,213.94781,0.04699834,-0.79181385,20.919882,30.53274,-61.147377,76.738464,-0.5815937,-0.5333402,36.394375,38.001026,-42.619957,151.04315,0.8523555,1.3464718,19.431637,12.023941,-9.786864,54.21759,0.38374394,0.46284604,2.8159447,12.974889,-29.831306,28.22715,-0.66605735,-0.03988123,-15.319723,23.90062,-78.40364,11.2811985,-0.8565854,-0.503752,-2.8441167,10.944739,-34.48557,13.172878,-0.97902393,0.18575025,-3.592933,12.760519,-40.423897,17.858326,-0.87154335,0.07757521,-9.875705,17.960192,-54.441856,17.68163,-0.4807972,-0.9897325,1.3196888,11.485858,-32.911354,31.51886,0.12549673,0.16657591,0.9812741,11.277619,-23.273375,24.744093,-0.50646216,-0.47898364,-2.2959013,10.520443,-30.806866,17.125563,-0.66300726,-0.5885651,581.2914390199616,662.9651613794067,2.6479481041346795,960.107421875,1347.0373989540558,928.4517160531657,423.09662673922065,0.017206101190476192,0.019259588092494367,0.8284906279442028,0.4147302,0.38561633,0.48072538,0.41286242,0.45781702,0.42097357,0.46987206,0.45199823,0.5199112,0.45572898,0.6287125,0.4144177,0.74112725,0.32351694,0.7006379,0.36964148,0.5379082,0.4103371,0.44799626,0.42091638,0.3951267,0.39897668,0.35022235,0.3640472,0.00010029272643011476,0.09866614810061708,0.00888723163478122,0.18048861419972356,0.013422449348523444,0.21957145907554382,-0.06834259208676179,0.15617613739398195,0.012070701812284266,0.07478890974363497,0.005145741424279468,0.06497638245826852,[107.66601562],11,3.7748035172360126,0.092078984,0.066060804,1.0662229,25.61341697631771,12.762325295592754,266.8697553010305,186.83202776713566,1496.436044141666,803.3206780730861,9.071319,187.48626608339643,10.032403393177859,165.76853496220332,211.28204791122093,0.4030293188211363,-0.13393510288325672,45.51351294901761,0.5793650793650794,2.9140589569161,22050,/Users/will/Projects/SpeechEmotionCS3540/datasets/SURREY/Audio/DC_sa07.wav,DC_sa07.wav,DC,Sad,07,SAVEE
-221.77898,131.79993,-433.42322,3.3817523,-0.30705926,-1.1740128,96.86257,68.77669,-69.35892,198.06377,-0.56058973,-0.88211036,-1.738831,39.351234,-107.917435,85.23822,-0.12486943,-0.42186952,36.83205,22.632875,-0.0058470964,107.02367,0.76006114,-0.046014547,-16.708752,25.38192,-77.52719,26.26665,-0.3376095,-0.9038665,-4.0375733,27.80411,-59.997246,66.66133,0.34135932,-0.03814721,-10.203134,17.196707,-56.028366,28.448658,-0.29366335,-0.50771403,-8.433323,15.450432,-56.654358,24.22102,-0.37357828,-0.4975493,-15.490203,16.624474,-55.093925,23.179306,-0.13353707,-0.75338817,-4.4531116,9.489699,-35.16586,16.389172,-0.5453299,0.37487984,-8.822701,11.833083,-34.138435,14.413572,-0.17261559,-1.0195845,-5.750465,10.124866,-28.0279,19.032265,-0.11648978,-0.6023607,-3.7007024,7.5329576,-21.398262,16.706627,-0.076806754,-0.16942263,1506.6167180487698,1331.6184592511547,1.6085509789270125,2648.583984375,1998.6768370437296,1408.2307290554843,497.2679986049802,0.08169294084821428,0.11089902546709741,2.0861501724552594,0.2926188,0.30687997,0.29764694,0.3060975,0.35752547,0.34353337,0.36370823,0.33381984,0.38702694,0.3494415,0.40406445,0.33763814,0.40580207,0.3278282,0.42813405,0.3292681,0.4782855,0.3737015,0.41961128,0.36610788,0.36378512,0.3467794,0.34143242,0.35707712,-0.005977431567399909,0.05157886580458291,0.0024294633860252896,0.05271600603060053,0.015663269275266633,0.10082177101505527,0.008368113084828738,0.08977811488263523,-0.008203167758295075,0.025470055578184856,-0.0033992022691693153,0.029912121161562617,[112.34714674],14,4.317724068479356,0.22358955,0.20144618,0.782088,24.369348708018574,13.392534127589824,885.5577112794178,471.2954810701443,1898.8234352791092,1458.0952554619298,0.60590184,263.4623345917691,90.63618520842674,151.1349012203898,502.5162292967395,1.3292796064248207,0.5366558946118567,351.3813280763497,0.5857142857142857,3.2424489795918365,22050,/Users/will/Projects/SpeechEmotionCS3540/datasets/SURREY/Audio/JK_a12.wav,JK_a12.wav,JK,Anger,12,SAVEE
-228.69421,138.22733,-443.63837,36.31275,-0.16827908,-1.2845033,93.40959,69.199745,-65.76806,202.5808,-0.28421903,-1.1266825,-9.539162,47.026913,-141.47896,83.231865,-0.4720031,-0.045577765,38.008877,31.41971,-40.53837,136.10547,0.7688261,0.1890595,-12.510156,28.914587,-76.29063,44.086823,-0.23773983,-0.8595731,-8.330072,29.206484,-75.20023,51.74114,-0.32278138,-0.6593528,-9.056936,20.0265,-51.585567,30.468298,-0.16217458,-0.81922936,-1.0978664,13.016549,-35.22491,37.855637,-0.17670506,0.1208868,-11.635256,15.95701,-48.14925,26.2265,-0.2215367,-0.63497305,-4.4302173,13.128507,-47.78101,21.466438,-0.6583027,-0.040853977,-3.2022448,13.426459,-31.693634,26.210754,-0.13221183,-0.8313451,-4.9222,10.249815,-29.157215,17.33881,-0.29464912,-0.8708086,-3.6624234,8.368224,-30.544205,12.132641,-0.5448231,0.027746916,1433.9592512484169,1221.505847295822,1.4178109816566846,2491.9430616425307,1944.5855661359253,1354.268756396961,486.1477019615162,0.07005049542682927,0.08825917930790525,1.8756162131910035,0.47296616,0.33429003,0.49292988,0.3393736,0.4965716,0.35685652,0.42745274,0.34374356,0.48062405,0.40142947,0.48468688,0.38122076,0.44949275,0.3601257,0.4365324,0.35413495,0.45537585,0.37265772,0.3833822,0.3243823,0.39386982,0.32396942,0.44211912,0.3357923,0.006713750858467958,0.05988917648221448,0.011244968528345469,0.05866362815631688,0.00539218598590526,0.10328868651181299,-0.007727762973845102,0.10740577822730313,-0.013663229323822438,0.03753826063891463,-0.006836234204323437,0.027702970670204018,[112.34714674],16,4.216565077088562,0.21430902,0.21067564,1.0058696,24.495537141429693,13.217337089227442,901.8205526889786,529.827492687105,1892.2023947857897,1393.7215791488832,0.33293578,219.51953171168913,48.364153811245984,125.62905732418486,298.79793764201077,-0.1344044986528458,-1.126578114849085,173.1688803178259,0.36585365853658536,3.7945578231292516,22050,/Users/will/Projects/SpeechEmotionCS3540/datasets/SURREY/Audio/JK_a06.wav,JK_a06.wav,JK,Anger,06,SAVEE
-415.15747,109.822975,-590.559,-224.93785,-0.08273938,-1.3663542,142.0465,70.78982,-1.920988,252.39267,-0.06760616,-1.3050824,15.412771,39.249825,-73.77426,113.41864,-0.29186,-0.4724443,35.01485,28.559914,-23.581104,116.58214,0.5256234,-0.19005251,11.44927,29.957956,-60.1114,84.7655,-0.27187362,0.004460335,-1.9049519,23.43232,-50.126507,50.72854,0.03780549,-0.5936153,-18.540194,24.179186,-78.6195,28.3322,-0.21679866,-0.73746204,-2.167276,13.461954,-44.148354,34.527275,-0.21313311,0.26424575,2.0676339,17.425142,-41.507664,44.12938,0.15649626,0.13221979,1.2189857,11.527216,-25.661331,26.407059,-0.19525737,-0.4838419,3.366518,14.046649,-25.244972,33.18924,0.008345204,-0.7354641,2.790652,10.966389,-16.884647,39.66223,0.67853504,0.58811355,2.8418736,11.392564,-28.12782,22.414986,-0.6441948,-0.20725775,643.7729832065668,577.7045196457658,2.274715016664796,1220.0919373394693,1454.8823564746604,1033.2490132311505,555.9376891265778,0.010668610873287672,0.011704854517040253,0.6693970303958579,0.58068156,0.33757606,0.6380418,0.3220515,0.6633404,0.32127234,0.6302026,0.345248,0.59869057,0.3882983,0.5925129,0.39544556,0.5268279,0.37475792,0.4776881,0.37323985,0.5334824,0.34408265,0.5627914,0.31120268,0.5132915,0.32870156,0.47838247,0.3069888,-0.022666148786491057,0.06836868886258901,0.005148455597479205,0.05265250932751293,-0.021264735047948298,0.11848963429948713,-0.02711571479369356,0.10060369152078899,-0.014294206409136756,0.03146207916620535,0.0012625404745212846,0.032883593152360606,[123.046875],15,4.429193170405089,0.06496344,0.029609038,0.84099174,24.523611216909718,12.780720653605329,245.24575148137527,148.03187439750548,1612.898713883938,1128.9612808269649,2.8188832,147.6160956856234,18.284667366468295,102.63362906904881,179.73069985652097,-0.44451802321331585,0.17799938955592687,77.09707078747216,0.4589041095890411,3.386621315192744,22050,/Users/will/Projects/SpeechEmotionCS3540/datasets/SURREY/Audio/JE_n02.wav,JE_n02.wav,JE,Neutral,02,SAVEE
-410.4927,88.25234,-576.5949,-215.95552,-0.15762363,-0.62042975,127.66499,73.56479,-66.08421,237.92368,-0.41797277,-0.6005275,27.838768,39.492355,-63.252426,118.293686,0.10989988,0.12238479,61.840225,40.827957,-2.7512648,161.92152,0.56990373,-0.8488946,14.610506,29.943893,-63.363926,74.72249,0.017537408,-0.37966013,-0.4562001,28.378576,-82.84892,70.30495,-0.21477482,-0.011200666,-23.920555,23.996504,-81.61026,27.097597,-0.099212795,-0.4047928,-3.5466566,15.690974,-56.121826,25.114677,-0.8482721,0.4792924,1.5219777,15.126088,-33.11338,35.052406,-0.044810645,-0.44143677,-2.8862152,11.413803,-34.527016,19.331577,-0.34063774,-0.50859356,-0.07950254,12.408979,-34.55895,19.615078,-0.7046634,-0.19262838,-1.2506782,13.044433,-41.541023,24.10868,-0.49005428,-0.08423519,-0.45620647,13.067848,-29.361206,37.996994,-0.01241019,-0.29434776,786.6113629868064,784.752060284094,2.0188781603646095,1525.9670590394296,1743.0858734105711,1130.428483279369,651.5620306922631,0.009981910654362417,0.009845485150353663,0.536716691730828,0.6135971,0.30251074,0.6144666,0.31363904,0.5135807,0.367565,0.43240055,0.38043877,0.4265176,0.38754147,0.46951938,0.39226252,0.50415653,0.3813749,0.48759052,0.3486002,0.5464523,0.35519695,0.51580966,0.33310807,0.48800814,0.3300247,0.51082563,0.31142455,0.009799085858676383,0.07657451829300299,-0.026067073142303582,0.07642982154438648,-0.048474776671087176,0.12663422747031172,0.03902663617401068,0.1201578597296639,-0.003720725026057251,0.034494109576453214,0.006227104037050034,0.03912399127619133,[161.49902344],20,5.803700681704524,0.06938959,0.029541353,0.5196983,24.825187903864034,12.861456333925494,267.7303403193132,151.1643539925098,1631.3703758272088,1319.2857874234824,1.7456667,134.58016725952712,19.89146768036493,105.64102395561046,210.06515286029162,1.1705603298234641,2.0247121259702077,104.42412890468115,0.6241610738255033,3.446077097505669,22050,/Users/will/Projects/SpeechEmotionCS3540/datasets/SURREY/Audio/JE_n16.wav,JE_n16.wav,JE,Neutral,16,SAVEE
-335.75024,133.17424,-511.599,-114.9307,0.047768556,-1.6257621,101.98103,71.37569,-49.89852,225.60226,0.018316144,-1.1500211,8.776395,34.246586,-87.55186,107.25158,-0.32566583,0.9690449,20.506407,25.096926,-39.786194,86.661514,0.36039737,0.57252526,-8.111797,33.36821,-91.14351,54.225815,-0.8209686,0.07757449,-0.31970042,20.281057,-57.170353,47.95821,-0.60586435,0.3256309,-16.344913,22.175209,-79.38522,25.751923,-0.5848432,-0.28364015,-1.3152509,13.143875,-38.819138,30.360485,-0.34467852,0.6559174,-7.186497,17.819298,-53.049255,30.301786,-0.3088868,-0.9111965,0.7923883,15.114924,-47.738853,26.49757,-1.4089488,1.7745347,1.7152286,9.392229,-35.281525,23.619839,-0.6586493,1.6924276,-5.3837605,12.244335,-31.832848,19.546272,-0.4276581,-0.87680054,0.8606426,11.027264,-26.30974,29.96469,-0.2320911,-0.2525146,1013.3060767484783,978.3735874762261,2.5818410797612223,1671.6852501977849,1684.4539005926918,1288.9670990047916,476.4008872385607,0.03319385383702532,0.04775883897183926,2.8248753184208186,0.50907665,0.34584793,0.49532723,0.33986604,0.4278985,0.34841588,0.39286563,0.3541236,0.3848727,0.37376487,0.4139452,0.388442,0.4363915,0.3658635,0.41964442,0.3418597,0.470343,0.36419094,0.49935132,0.3542853,0.47314462,0.36522496,0.47052422,0.33901224,-0.0023358139511594545,0.0714608069615207,-0.0114341285604825,0.09880766431273347,-0.015771828285312848,0.1458926415630755,0.04712658108188426,0.14725284935801364,-0.016849684102336806,0.04517458299081349,0.0038199531035262055,0.042032279002940764,[161.49902344],11,3.0015592515592515,0.116519205,0.11323802,0.5561396,25.31520159316646,13.50182032741262,589.4324463340704,369.5373475749684,1757.055070691602,1208.1035311255935,0.6423944,453.4806140621837,631.4299518719077,104.42763330455712,2045.2002330457979,1.9684534330837544,1.9333954044477624,1940.7725997412408,0.689873417721519,3.664761904761905,22050,/Users/will/Projects/SpeechEmotionCS3540/datasets/SURREY/Audio/JE_h10.wav,JE_h10.wav,JE,Happy,10,SAVEE
-349.656,114.49339,-522.7074,-134.55902,-0.057594378,-1.4630519,101.86799,59.78363,-27.056091,214.04498,0.25719374,-1.2390146,21.713789,31.630148,-78.003265,119.20419,-0.18907034,0.88152647,41.342186,35.821884,-8.555844,136.66747,0.8226312,-0.4999876,-4.7746296,25.208584,-57.220566,47.186424,-0.25488502,-0.99423075,1.5839615,21.014862,-55.30719,50.18855,-0.24024819,0.0063467026,-11.21986,23.215796,-67.68675,26.865078,-0.6795666,-0.6468563,-4.589071,9.685916,-30.691143,19.509308,-0.51687413,-0.11656284,-8.423107,17.314009,-54.830112,17.105892,-0.8671787,-0.21597433,1.9110547,14.680714,-35.386593,32.627354,-0.2335006,-0.35903573,0.3660385,10.074097,-27.09151,24.206394,-0.6110962,-0.096758366,-8.478563,12.278245,-37.614265,20.460098,-0.051457863,-0.86058855,0.8519289,12.454068,-27.199242,31.448448,-0.080866784,-0.19617939,980.5191617016427,879.9102553313869,2.066491547714522,1809.2031625600962,1768.9016672381908,1325.8563403037713,525.6973404513528,0.030802408854166668,0.03587097160881038,1.8014585057965462,0.36972052,0.3418026,0.4209362,0.3578007,0.44449362,0.37216586,0.4082005,0.36599305,0.41440666,0.39345226,0.4422705,0.39199954,0.47664276,0.36931458,0.49868247,0.3452759,0.5534093,0.3798455,0.51744646,0.3587399,0.44995683,0.3621517,0.37174186,0.33622643,0.028524069984660675,0.091003224669829,-0.011287784699327235,0.09167335704697231,-0.03656223701695276,0.16528701138139867,-0.006058845967532574,0.13588252856597993,0.007772943145765927,0.0493864801498706,-0.007892201953860024,0.04930301177428423,[151.99908088],12,3.3160387999097676,0.09677796,0.084823206,0.5434351,25.58272114952131,13.558799388039247,518.5367249982086,322.31371049920625,1744.755122897133,1130.6764782019848,2.5120404,176.90084950367827,36.92497962894736,104.42763330455712,238.52991146631203,-0.32990920001240154,-0.9670127915113307,134.1022781617549,0.6217948717948718,3.6187755102040815,22050,/Users/will/Projects/SpeechEmotionCS3540/datasets/SURREY/Audio/JE_h04.wav,JE_h04.wav,JE,Happy,04,SAVEE
-383.38397,116.1315,-574.7229,-162.54227,-0.025759693,-1.3075596,127.01388,78.446815,-68.75554,243.9386,-0.6557802,-0.39933467,10.908157,40.4893,-100.28319,75.49771,-0.69453126,-0.5105238,44.437992,37.849937,-28.167606,178.92786,0.63814515,0.14749098,4.0705247,27.322618,-65.654655,53.635353,-0.68902415,-0.38846183,-3.534397,23.333199,-57.158096,55.70508,-0.18562189,-0.62601876,-15.351673,18.647436,-58.742893,13.822352,-0.41825318,-0.9658494,0.3368258,15.774414,-51.88557,43.62686,-0.4715293,0.82403684,-0.29032144,10.06346,-33.353302,20.610239,-0.29562104,0.12533283,3.4165967,10.927031,-29.347713,24.174679,-0.4950044,-0.056563854,3.3841586,11.125069,-27.683271,28.828342,-0.37198505,0.09672952,3.131105,11.856621,-28.032282,33.797436,-0.056350034,0.012388945,1.6648858,8.669611,-22.889996,19.981436,-0.48248982,-0.25370526,897.8380403904638,948.7898058653274,1.9741456454983652,1655.0152277542372,1880.701037762367,1170.8154468936286,633.6397868505853,0.013211180261299435,0.013757883006983239,0.5769271044455463,0.565034,0.32797182,0.5338011,0.33543435,0.4860689,0.35631385,0.49883834,0.37220532,0.4843977,0.39018852,0.49410218,0.39983898,0.5243746,0.38671318,0.47413316,0.3747704,0.45377785,0.36600766,0.5205177,0.35682055,0.5294211,0.31995174,0.5312504,0.30690685,0.019291436065929687,0.05802336257523945,-0.00011068264415038029,0.07751731262999675,0.030616039449695886,0.12473978585465108,0.01649624116634533,0.11991944735035662,-0.004656774707064698,0.03687802250201539,0.004642730484069448,0.04422586345053634,[83.35433468],16,3.903561668086613,0.07014328,0.036659215,1.2840538,25.223791967949612,13.451388153025677,313.45121286396045,168.31593351714446,1766.3478600214357,1383.7864807921262,1.5014622,123.59804745327736,15.015788005672057,99.71184887709214,163.86452094349724,1.0375972271164218,0.7015328862184944,64.1526720664051,0.519774011299435,4.098820861678004,22050,/Users/will/Projects/SpeechEmotionCS3540/datasets/SURREY/Audio/JE_d09.wav,JE_d09.wav,JE,Disgust,09,SAVEE
-616.15955,90.858574,-769.33044,-470.53104,-0.27036816,-1.3265481,128.14297,71.0815,-22.201124,245.36287,0.020692797,-1.2597502,26.641838,23.993633,-22.778547,81.37086,-0.008777113,-0.49723244,45.06316,41.5803,-14.353112,151.06717,0.8103882,-0.50467324,9.767492,23.817656,-48.26558,54.394306,-0.5663007,-0.3889377,1.264212,25.43506,-63.254128,47.8952,-0.65572315,-0.14819574,1.1703339,16.37281,-51.049683,28.456444,-1.0771608,1.1800165,3.4366617,17.25978,-40.961403,45.9777,-0.08608037,-0.43839478,-5.4023867,16.91902,-49.139755,20.29695,-0.7453664,-0.36658645,-9.189238,17.475773,-46.572197,16.728338,-0.57849205,-0.8267493,-3.396091,11.67299,-36.172028,20.053446,-0.32918018,-0.5592296,0.24055032,12.894236,-39.951244,33.910744,-0.1816494,0.6895335,1.5495508,8.0525055,-15.293619,20.394958,0.32614383,-0.40194654,798.1231642693051,565.300441282403,1.927702633645874,1524.730224609375,1506.7724469216673,1336.6540979011634,554.9388987016602,0.0103759765625,0.010542286946338523,0.7867682966753166,0.43801442,0.36049896,0.48369935,0.35256362,0.5618678,0.34376445,0.51677346,0.35862952,0.44741863,0.38416696,0.440595,0.38250014,0.44019142,0.3536422,0.52740383,0.35793307,0.5126103,0.3370755,0.49173453,0.33556536,0.51484257,0.31934753,0.42131215,0.28250077,0.019710594854156376,0.09186293200699559,0.04033678220310488,0.07262625500914689,0.041012223685780703,0.0986096487060533,-0.03827355833103303,0.16897779892668835,-0.006826692352982374,0.051232468566006766,-0.00906598737346932,0.046018474414564844,[73.828125],14,5.045766590389016,0.006875205,0.004231171,1.7555323,24.82223198443392,11.490779262925235,357.55647823248904,145.06935974878002,1863.0531025570183,1285.3093534640757,1.1342577,120.78864648994423,21.175795210643003,90.90953499696329,157.37105256787842,0.23988087676641695,-1.4419889791613725,66.46151757091513,0.575,2.7746031746031745,22050,/Users/will/Projects/SpeechEmotionCS3540/datasets/SURREY/Audio/KL_n29.wav,KL_n29.wav,KL,Neutral,29,SAVEE
-578.29425,88.100464,-717.42346,-382.2965,0.036356896,-1.136906,120.35025,65.32245,-22.54163,218.33315,-0.27888665,-1.3050953,25.178625,34.642624,-61.425747,95.32382,-0.48766255,-0.32574558,31.362516,26.510136,-21.82811,101.61268,0.46993542,-0.16689515,19.523502,31.087803,-54.432693,94.04958,-0.2253989,-0.40775537,-3.4237468,22.035936,-55.24073,48.677593,-0.17057015,-0.63628364,-9.273865,18.308994,-56.423607,30.53145,-0.25459623,-0.7877166,-3.082,13.813761,-40.737396,27.785389,-0.442885,-0.574497,-10.627203,18.80348,-56.426514,21.14923,-0.4499393,-0.7285795,-10.902926,15.041032,-48.342083,22.214893,-0.26343462,-0.46768403,-3.818798,12.140301,-34.91101,29.522707,0.033703394,-0.054965973,-5.7689824,14.0939455,-47.073395,25.440332,-0.4997267,0.2481215,-1.8807089,10.611301,-26.066545,39.810806,0.9437991,2.2441678,920.7626935434803,670.1372325561182,3.1235364217144483,1664.0576972336066,1307.955018003422,1310.9669244135928,566.3258337046988,0.023837730532786885,0.0361915922530502,4.682313289754784,0.3126395,0.2931817,0.35650918,0.315974,0.37248564,0.32457837,0.3453391,0.32735923,0.35041693,0.34007987,0.3582424,0.3354998,0.3450104,0.32082546,0.33302316,0.30631176,0.3759311,0.32693282,0.51567227,0.3411609,0.5601328,0.37798178,0.3588281,0.29700258,0.026819544988784375,0.09469179193978859,-0.0006856373042647971,0.06892267591757491,-0.05822576634341621,0.14143071380216582,-0.048199131743871075,0.13947362074007655,0.0015692043070177708,0.05064516276621955,0.010179401670526679,0.048812162732345864,[89.10290948],19,4.486602840069395,0.008340443,0.008727117,1.8415065,24.378714688820743,11.057467527940466,513.1722978772428,173.20184041833494,1600.215136278532,1288.5715963116395,0.32772377,125.8341430411952,22.580791728991024,88.32151700497141,182.87233715141332,0.5442498510878946,-0.5528380515001086,94.55082014644191,0.546448087431694,4.234829931972789,22050,/Users/will/Projects/SpeechEmotionCS3540/datasets/SURREY/Audio/KL_n15.wav,KL_n15.wav,KL,Neutral,15,SAVEE
-614.45374,79.14945,-754.25574,-431.41388,-0.118904606,-0.71223235,124.38833,71.370415,-56.454323,241.50784,-0.5260679,-0.4187436,29.53168,37.302803,-57.797565,109.221115,0.021006221,-0.60324,50.949173,39.48005,-28.713654,146.36902,0.6675711,-0.2559588,22.527723,33.80599,-33.484825,102.1031,0.47395018,-0.54001236,-6.6540866,31.007378,-83.534485,55.330357,-0.72267675,-0.088508606,-11.656862,18.907463,-57.81986,30.816406,-0.1307137,-0.6284907,0.90463436,17.311329,-37.104294,44.604946,-0.06624505,-0.4694929,-8.468382,13.711451,-36.772926,20.923378,-0.112903096,-0.9954593,-7.423232,14.289163,-56.79103,24.337772,-0.38126227,0.69001746,-4.408539,11.761748,-35.202366,22.88459,-0.45564163,-0.20545912,-6.4631305,13.364434,-35.119793,16.764597,-0.09654302,-1.2078007,0.06872273,11.454882,-25.40197,28.29023,0.13484251,-0.53672767,821.3146945842753,717.0969251665254,2.3220256381999156,1425.4285849294354,1536.090036209754,1250.965073769348,568.4467513863649,0.01415070564516129,0.013288992486971546,0.41342492732977887,0.3760148,0.34037676,0.39681667,0.35025233,0.41677707,0.35598016,0.39032668,0.35254216,0.38633192,0.34718344,0.42505583,0.36016086,0.4026482,0.35135216,0.3917669,0.32613403,0.44929793,0.34975898,0.49644107,0.3229833,0.50008017,0.34854224,0.40063173,0.33746395,0.005051858910512193,0.09435014581263557,0.006527787293456168,0.05685698055360152,-0.05333923049150984,0.1259344581538414,-0.014792300730703907,0.14734166845487118,0.0002531114076558232,0.048428545798195506,-0.006240829398795422,0.03581569090660663,[143.5546875],16,4.462490039084734,0.0076228804,0.004640225,1.1873889,24.68773401344506,11.83516793323276,339.26036444662464,123.70368451067816,1643.0649585971005,1277.966300112772,0.78495765,124.1521488746311,16.06010995925644,97.43442710125966,161.9823763910578,0.37630978467765835,-0.9974592492083589,64.54794928979815,0.45161290322580644,3.5854421768707483,22050,/Users/will/Projects/SpeechEmotionCS3540/datasets/SURREY/Audio/KL_n01.wav,KL_n01.wav,KL,Neutral,01,SAVEE
-637.9767,78.74782,-751.43713,-432.34866,0.44107682,-0.59925723,101.20176,69.94547,-31.608482,234.57043,0.31809533,-1.0561327,41.964504,28.448256,-32.109474,105.07191,-0.16771868,-0.10830927,39.77916,32.635513,-28.690804,121.01442,0.5177321,-0.15549135,5.6770735,30.400007,-66.38219,71.39042,-0.4669259,-0.50093126,2.9570777,23.441769,-54.62389,46.198425,-0.56044173,-0.2821455,-2.836841,16.305317,-37.694916,27.460815,-0.3797684,-1.0174689,1.5987041,16.10617,-43.810608,46.403336,-0.5965136,0.85471106,1.281464,13.10446,-44.09059,26.705662,-0.99792427,1.181304,-9.862798,15.858015,-45.83924,24.088348,-0.34316513,-0.79828906,-5.411171,13.107533,-44.386925,21.957022,-0.6273222,0.3253181,-0.45534185,10.052084,-32.29658,21.44651,-0.5275544,0.22321701,-0.49470866,9.829665,-27.735697,21.657812,-0.2223605,-0.06392336,1086.7670146892112,830.8538447668026,1.8932808191496215,1994.679678857854,1680.3885479558055,1564.6976855036544,634.4114408203479,0.020101631637168143,0.024956797739081486,1.9362528439082844,0.41138,0.30011392,0.38054913,0.28764492,0.43370113,0.31386465,0.4891143,0.32574868,0.48400575,0.35656804,0.44459897,0.34031713,0.46088755,0.3056095,0.5428699,0.31371278,0.5841551,0.32499817,0.53647745,0.30570856,0.5714401,0.32091048,0.51743084,0.3029932,-0.03080074683883447,0.08018868592245047,0.006525539767113741,0.052775727417319264,0.06184405817823275,0.08268271264766289,0.0035082211108065646,0.12276580350466926,0.006465153513130209,0.03924428306860849,-0.011157963023133542,0.028897874709182477,[215.33203125],11,4.2225936177991334,0.004515704,0.0051280092,2.4538293,23.476170105845206,11.891368048279434,511.2969961511264,144.01818168526214,2013.0242019412435,1454.783539218206,0.092312835,115.7813096085798,20.785156797702378,92.4986056779086,155.56349186104043,0.998315075504687,-0.4848598576765979,63.06488618313183,0.3893805309734513,2.605034013605442,22050,/Users/will/Projects/SpeechEmotionCS3540/datasets/SURREY/Audio/KL_n05.wav,KL_n05.wav,KL,Neutral,05,SAVEE
-623.5807,89.71958,-766.89667,-414.03082,0.100490354,-1.1232888,123.96493,68.381744,-34.199944,250.86624,-0.10249359,-1.0262626,30.606009,27.58942,-43.22202,94.2063,-0.37098628,-0.2962432,43.88459,35.35088,-49.885773,127.6782,0.2880978,-0.5384307,11.761008,32.879745,-63.22344,99.00141,0.09996645,-0.22218108,-5.47461,27.482317,-103.08841,44.960804,-0.78209203,0.67755413,-3.8851235,18.86204,-51.942314,43.127914,-0.21822038,-0.67408156,1.606492,17.961,-51.813034,31.653183,-0.6745427,-0.20719814,-7.9833984,17.496836,-51.532127,46.576912,-0.20717567,-0.2000215,-7.9287353,14.583618,-47.636513,20.066893,-0.48512667,-0.44908595,-1.7255101,11.67439,-33.9774,30.470194,-0.28382832,0.13083363,-3.5660052,12.65639,-38.043365,23.723991,-0.6014785,0.09264636,0.8326156,10.177389,-25.811375,34.315773,0.28654653,0.8078215,902.5434618335083,734.0602071778275,2.446169277030636,1572.1529047539893,1567.1500428614338,1353.614907487324,549.0092603812393,0.017549035904255317,0.015921937921072375,0.836290240128799,0.42591152,0.3327474,0.36243695,0.32434696,0.37253347,0.34320962,0.41570902,0.37057993,0.38868734,0.3497713,0.41442916,0.3546481,0.48504755,0.32644778,0.5539226,0.3585344,0.511634,0.33933684,0.4910805,0.33484095,0.4939438,0.3469367,0.45532528,0.32702762,-0.005212612441287404,0.07798093315219588,-0.006062310507250224,0.0648279047484656,0.062250375826941595,0.1088428178732984,0.016450228246839897,0.14965181266611982,-0.014076364291599875,0.04822388788170813,0.001567972917605165,0.032230762631649326,[198.76802885],24,4.403065172353543,0.0057912273,0.004165446,1.2956477,24.282963764344398,11.53214144785327,414.9841204782528,138.50821233827105,1745.318077051696,1287.5158085263954,0.5003529,114.5560042885467,14.071675738672646,94.11545282508624,153.77669275969214,0.6178659425291889,-0.08233352995641186,59.6612399346059,0.4978723404255319,5.450748299319728,22050,/Users/will/Projects/SpeechEmotionCS3540/datasets/SURREY/Audio/KL_n11.wav,KL_n11.wav,KL,Neutral,11,SAVEE
-310.0974,106.81398,-479.2618,-121.13196,-0.23664932,-1.2943751,103.353615,61.797535,-18.504032,228.60216,-0.05982563,-1.2575619,12.82808,33.791042,-60.642277,110.00508,-0.1825989,-0.5653262,47.668385,33.729984,-19.495008,140.05652,0.6649661,-0.3645811,13.076947,26.295404,-74.81149,71.36319,-0.565828,0.82956266,-2.0776799,22.652473,-70.89647,59.416664,-0.25959224,0.27150488,-21.049225,20.65696,-71.76965,18.159077,-0.19862294,-0.6993654,-6.725291,11.93527,-36.88202,25.045881,0.0788601,-0.27113724,-8.087721,14.874964,-47.660217,32.36956,-0.26542974,-0.35676074,-0.7808758,12.231797,-35.6093,28.365356,-0.2142315,-0.14685297,-0.9867781,9.826166,-38.972664,23.027168,-0.41339022,0.436558,-7.614691,11.887681,-40.150696,17.38629,-0.3422743,-0.88332915,0.85337335,8.472401,-36.17495,18.55718,-1.0235782,2.1054573,1083.3010722132137,913.2244270545477,1.9971323672615244,2034.8876953125,1762.939471289687,1349.8782412229211,534.7638261327928,0.03279763926630435,0.037771535389016314,2.482853028968732,0.4712507,0.3645883,0.46601036,0.35290477,0.43089697,0.33128208,0.40808722,0.3510831,0.41705725,0.37062624,0.4267809,0.38374954,0.4008047,0.3509683,0.39720824,0.32700467,0.4857029,0.35546213,0.4794873,0.35720056,0.41837668,0.32417408,0.40854472,0.31508544,-0.006353600363776381,0.07835765483624464,-0.014830429794447104,0.07669666703669514,-0.022478859146814474,0.14033613376128085,0.052164167538284775,0.1300895909241553,-0.00044596255279941,0.04255212571964937,0.00694198156048991,0.049450434571280476,[151.99908088],27,5.075187969924812,0.12301853,0.10764959,0.66474956,25.343464226984917,13.40930304782273,582.621879863562,331.81041718235804,1668.0417041271237,1156.7693648382142,1.1974893,156.59439375957442,35.360338958655106,100.87044475251382,241.30149553281768,0.6985114523937305,-0.7648468070881882,140.43105078030385,0.6956521739130435,5.32,22050,/Users/will/Projects/SpeechEmotionCS3540/datasets/SURREY/Audio/JE_h14.wav,JE_h14.wav,JE,Happy,14,SAVEE
-269.28418,130.57466,-439.37567,6.0446024,-0.08347801,-1.4478561,103.08838,65.25948,-13.650938,212.16759,-0.1059427,-1.5815729,-7.288551,43.513657,-107.16354,70.09336,-0.54708326,-0.71203876,27.595428,25.75346,-21.301027,102.3465,0.76472723,0.2882588,-2.1523578,30.417038,-96.57068,47.058014,-1.1394838,0.92299867,-15.701825,29.408337,-72.12671,51.770447,-0.16226232,-1.1413392,0.43921903,16.8311,-51.858074,39.43496,-0.5559115,0.2594676,0.016089428,13.500444,-31.779724,35.37105,-0.19332273,-0.07403374,-12.65754,15.522628,-48.08527,7.963771,-0.36810714,-1.0290259,-0.20518462,10.996166,-29.425709,26.728447,-0.24052963,0.114391565,-2.4418554,13.428624,-36.20201,34.826218,-0.34187135,0.06725788,-5.0711055,10.541628,-29.1991,22.619194,-0.49961308,-0.5327859,-0.47880873,8.1841545,-20.810682,16.485516,-0.71158016,0.019243956,1049.4481584311086,951.7079178726409,2.3071061075127446,1927.6986810225474,1766.7135043013807,1222.0906435518605,496.6225879793496,0.03892034216772152,0.05283406891857157,3.2727099860064626,0.50233245,0.33808187,0.47369355,0.31890813,0.506686,0.34704405,0.54309094,0.37000874,0.5206542,0.3995551,0.5346301,0.40520176,0.49504387,0.3920698,0.4807506,0.38559553,0.49935952,0.36601752,0.4762922,0.35538074,0.42589617,0.33683333,0.4472495,0.32416496,0.003797046412045877,0.10314965714332866,0.006688772716355303,0.07075111973849815,0.012448378470195384,0.1461169612702314,0.027181332609674754,0.13241186713967795,-0.0009174439485829353,0.0435152905804391,-0.0001824836193619024,0.04308880611968271,[107.66601562],14,3.83792923390606,0.1574935,0.15679725,1.2798648,24.86485653386615,12.6843609481806,564.9481893682564,335.6045210036792,1642.7812657757433,1039.8691268162897,0.6520056,159.7578688509011,38.660404404132805,119.95585059317834,270.8517709358815,1.534777083815095,1.2337451705810576,150.89592034270316,0.5759493670886076,3.6478004535147392,22050,/Users/will/Projects/SpeechEmotionCS3540/datasets/SURREY/Audio/JK_a02.wav,JK_a02.wav,JK,Anger,02,SAVEE
-447.35577,86.316635,-556.57733,-264.61404,0.32455432,-1.2673209,112.423676,65.209656,-55.626686,238.19955,0.14192061,-0.5467775,38.115948,27.155422,-27.686544,98.709564,-0.4045268,-0.17903137,39.281513,35.209984,-37.843704,141.14087,0.7386946,0.18727136,11.275883,24.791468,-51.786922,63.116196,-0.16807225,-0.0072517395,0.15743172,27.786886,-64.47921,77.2883,0.11610081,0.33545947,-13.473401,21.888332,-73.43849,19.815336,-0.6796675,-0.5134795,3.2243943,13.021124,-42.586174,50.825794,-0.24561761,2.5456157,5.370324,13.763759,-34.72468,54.73575,0.37739024,1.8321338,-4.0254145,15.746332,-41.938858,45.59932,-0.30404264,0.2601807,0.25140616,11.0261545,-29.424732,28.490173,0.02733013,-0.20743418,5.260138,8.055362,-26.343117,32.632362,-0.30652723,3.3363748,1.7847208,8.844644,-25.915487,23.54969,-0.27156916,0.1853633,589.4163983933706,722.5077484646196,2.661117260599014,1079.3138960717429,1689.3932842913669,1017.8932075441277,621.2434923985599,0.0065161476672535214,0.009028982097866487,1.2216903534776216,0.6939709,0.2810704,0.66533977,0.30714512,0.5903458,0.3557843,0.57674164,0.3991947,0.59688526,0.41894537,0.6217361,0.406325,0.62962043,0.38651052,0.59076166,0.38097844,0.5727405,0.38434827,0.5327731,0.3585607,0.5463716,0.31775153,0.5764356,0.27556297,-0.004684323736495505,0.04779385423172707,-0.006976412121024257,0.10540124986464816,-0.002961420168785718,0.1356218143455965,0.04955832366700391,0.12876208940012038,-0.006497161882917745,0.042725954024490885,0.012029689260345254,0.04479375204394926,[129.19921875],13,3.9617712911518366,0.05969362,0.032445118,2.093825,24.314739384134327,12.80707684622979,163.28926540863338,138.0874964209513,1649.736643292599,1256.8408394659186,1.6645682,138.39531152111772,17.773500497242686,119.26495573315601,181.8190699939266,1.2361573382271556,0.45851361688987735,62.55411426077059,0.38028169014084506,3.281360544217687,22050,/Users/will/Projects/SpeechEmotionCS3540/datasets/SURREY/Audio/JE_n12.wav,JE_n12.wav,JE,Neutral,12,SAVEE
-432.7769,107.30238,-604.0565,-214.10408,0.12778853,-1.1857773,136.13524,73.30873,-60.153297,264.85663,-0.32003748,-0.32170105,18.949533,40.775135,-62.58729,122.813034,0.34612176,-0.20100856,39.106922,32.708836,-20.565594,136.94653,0.85969126,0.29074693,9.634927,24.996216,-67.88046,71.9523,-0.27420735,0.6791611,-1.2442441,24.489979,-61.50383,66.88627,-0.41101134,0.005697489,-18.790924,22.505472,-75.852325,23.10976,-0.160565,-0.7290361,-3.2030144,14.100691,-41.173042,30.538305,-0.476211,-0.15267038,2.9356773,15.340371,-39.230186,42.629524,-0.2970053,0.41496754,2.9293458,10.863277,-26.08577,27.20121,-0.41983312,0.007854223,5.5662575,9.158564,-22.853699,24.385838,-0.51884025,0.30439568,3.3690112,11.103473,-24.356232,29.671978,-0.22183868,-0.19999671,3.4723525,11.599343,-32.670143,26.015024,-0.51009625,0.12663126,628.6115043297552,622.7315948197682,2.2613900565489873,1228.7697015806687,1509.3400852317513,1027.0100682363907,577.8431859975877,0.007491710574127907,0.009403248421260656,0.9981882568546186,0.65760744,0.30879673,0.64323246,0.2941157,0.6317621,0.34388357,0.59878653,0.37094128,0.56592834,0.38367835,0.56888324,0.38559195,0.53173804,0.3631535,0.5300391,0.35339737,0.5841939,0.33500853,0.57560587,0.31395224,0.5367814,0.2959776,0.56674504,0.29892674,0.012617874953404617,0.06058904104411149,-0.007248923045875848,0.05594408433231537,-0.022161870815813247,0.12076160360826586,0.021820627380335297,0.09326151130765181,-0.009432115144932734,0.02914594242612402,0.00546780137377683,0.03890683162726286,[66.25600962],20,5.030341743851805,0.061390176,0.022003273,0.8795265,24.301369456253177,13.178957624003436,212.7777891715956,148.60839362261927,1536.7619405143223,1171.982724990988,1.3510921,138.10475308690638,16.93975367449303,106.86851352689665,179.73069985652097,0.41344713625524626,0.06095888191694421,72.86218632962432,0.38953488372093026,3.975873015873016,22050,/Users/will/Projects/SpeechEmotionCS3540/datasets/SURREY/Audio/JE_n06.wav,JE_n06.wav,JE,Neutral,06,SAVEE
-430.8595,99.88162,-552.56976,-243.1739,0.29929566,-1.4794548,100.29399,57.11774,20.761208,216.34888,0.44389832,-1.146554,24.578453,30.270796,-57.46451,92.99226,-0.5905497,0.28783774,31.479399,31.206404,-34.09771,110.63133,0.37825033,0.36989927,17.462603,19.507034,-25.199345,65.58972,0.12903388,0.4558835,0.50966847,14.869211,-37.272293,25.977734,-0.6208806,-0.45908618,-12.771881,23.498968,-67.225136,18.092373,-0.52636456,-0.9996767,4.205689,9.290096,-28.79007,32.047207,-0.51684946,2.40877,5.593577,10.073159,-34.463696,29.941868,-1.3979409,4.1408086,-7.2643185,16.890137,-43.743275,14.950325,-0.63381255,-1.0693184,1.8701817,13.0769005,-38.038387,31.391504,-0.6820823,1.002316,4.632735,8.223006,-21.709412,26.800316,-0.17452018,1.2407908,0.0071031298,8.938324,-27.791306,14.681281,-1.0715952,0.8575382,454.93630358478765,451.9015560429139,2.7517120348458803,666.1962890625,1044.0402064473765,899.6485353740181,408.6666158593136,0.01209077380952381,0.015640617748356823,1.0723769729249721,0.42865273,0.3904933,0.51507556,0.39501977,0.6077764,0.40141442,0.56288546,0.4421207,0.5470497,0.46293068,0.5925677,0.46115527,0.6912594,0.38779762,0.7853569,0.3022518,0.71419716,0.33213308,0.55953074,0.38262743,0.4527956,0.38789082,0.4019688,0.36334273,0.012029091750213458,0.11158496298817017,-0.012696036111976249,0.1631016428550075,0.07366030163442032,0.15900171927294796,-0.011236636908281878,0.20597255131145797,0.01171142885761795,0.07505179005507637,-0.01646290425809889,0.05645434459028203,[234.90767045],9,3.71448358477146,0.07569552,0.046544414,0.8753814,25.517566900118858,12.595869522358717,241.48381897513332,185.33442313688403,1595.0958445256354,689.6029937414215,8.86543,194.8634785579082,9.473248347112968,170.6259238017108,211.28204791122093,-0.2197572309673307,-0.12934073992920148,40.65612410951013,0.49523809523809526,2.4229478458049885,22050,/Users/will/Projects/SpeechEmotionCS3540/datasets/SURREY/Audio/DC_sa03.wav,DC_sa03.wav,DC,Sad,03,SAVEE
-616.72955,114.7131,-761.8687,-404.23996,0.08965769,-1.5275365,118.53346,72.97724,-7.066268,245.87573,0.2107515,-1.301901,23.364542,27.224567,-45.66169,96.71552,-0.534369,0.22497296,26.9707,29.14254,-37.765663,117.82234,0.8448325,1.5141773,9.230488,32.45701,-78.46051,55.623512,-0.85308874,-0.17896247,-3.7300072,30.947922,-102.42168,39.213295,-1.4167229,1.854773,-9.338844,25.136086,-66.62839,22.364643,-0.72945076,-0.6217239,5.3181386,10.850783,-25.547813,21.438303,-0.8055404,-0.15872288,-3.8567762,16.842258,-46.08529,32.253925,-0.54071707,0.019313335,-9.051994,13.950067,-37.16417,13.888619,-0.30066696,-1.1116943,-6.3756185,12.422126,-36.078213,14.797087,-0.7522419,-0.35981202,-8.728337,14.646101,-49.107864,24.566286,-0.7182326,0.39986587,-0.4702488,9.773348,-24.972641,25.429504,0.6541949,1.1078663,923.5898891498476,639.6441420116502,4.335229318808041,1772.3949163732395,1114.0303969221682,1482.8469262800716,639.139221239243,0.02374697403169014,0.033487436926057476,2.4334103249792367,0.38984448,0.3525477,0.39577788,0.3174731,0.46413353,0.35643283,0.47881168,0.34455237,0.5134585,0.3829213,0.4943936,0.40020794,0.4256078,0.35011363,0.48772055,0.3378066,0.5260549,0.3142413,0.5726234,0.3208203,0.51797706,0.36121488,0.41348854,0.34082082,0.03174634513039715,0.07137150866376064,0.006046597727740284,0.038382824970941046,-0.0073863435405456465,0.11396273006336521,0.01740020051152503,0.09027341993614131,0.010895637851165959,0.027644915145099862,0.011789433663042059,0.03877167109838891,[184.5703125],6,3.6788832656693176,0.0074307374,0.006896569,0.840571,23.748705817049114,11.636374287493874,533.2983247572662,129.76012777617822,2092.6013143379364,1442.9049903772107,0.5759517,204.86611234220325,36.40866848242628,141.01384901128017,293.6647679174075,0.21309788651889325,0.007769171349406356,152.65091890612734,0.5492957746478874,1.6309297052154195,22050,/Users/will/Projects/SpeechEmotionCS3540/datasets/SURREY/Audio/KL_h03.wav,KL_h03.wav,KL,Happy,03,SAVEE
-524.2183,93.99761,-686.6958,-396.94843,-0.5495503,-1.2156454,131.63414,65.89296,16.51717,221.04236,-0.44051206,-1.3682915,13.683681,29.723555,-51.463646,76.86901,-0.31370458,-0.87993073,10.445005,29.708178,-45.69726,83.63718,0.34201658,0.024412155,-0.17773789,28.776781,-58.565456,52.297554,-0.11604489,-0.78815174,-11.871639,21.102953,-61.37143,36.767708,-0.16119105,-1.0386497,-7.73572,14.324358,-40.16842,18.179722,-0.21919906,-1.0573851,0.26779735,14.290528,-39.009727,26.274426,-0.6583094,0.103569984,-11.880275,18.493868,-56.33462,13.98204,-0.43119913,-1.231973,-14.891225,15.993139,-53.68142,10.463167,-0.31931224,-0.76513696,-3.6500382,11.14162,-29.42928,17.99037,-0.27283502,-0.8742554,-4.9863486,12.73669,-40.13272,18.031616,-0.81090456,0.16766047,3.0026917,11.099781,-22.245522,33.66607,0.36986324,0.33318543,907.5436943898962,491.85814941893557,3.4849288773301255,1667.7879920372595,1122.3698199661817,1236.8946159438224,603.5765629795843,0.03224534254807692,0.026267440496878278,1.2918837400682006,0.3170815,0.2962191,0.41852793,0.32357123,0.47652197,0.32415134,0.4607581,0.34409177,0.45829055,0.3912754,0.3861213,0.3567823,0.3366795,0.31002083,0.39759493,0.3246779,0.47754145,0.3339163,0.4418341,0.32826212,0.42834264,0.35836595,0.35319772,0.32913873,-0.0017495998793555063,0.10018010826569332,0.011720819078592045,0.06753212537477053,0.006351129859327191,0.15749590953154483,-0.015352175674007647,0.12041633660797807,0.012958263442011664,0.042504526560331546,-0.018336402460520713,0.04107011224804539,[92.28515625],9,3.7446222356404255,0.012112867,0.010822257,1.0824802,24.465473895609808,10.861274553577132,593.6008827202122,147.97895047819773,1500.112948664576,1026.367055910748,0.40795642,181.92628477559404,54.9898353887523,115.86971395503193,320.24370022528115,1.114614395670154,0.0426020282830315,204.37398627024922,0.6730769230769231,2.4034467120181406,22050,/Users/will/Projects/SpeechEmotionCS3540/datasets/SURREY/Audio/KL_h02.wav,KL_h02.wav,KL,Happy,02,SAVEE
-384.23492,91.53445,-523.14606,-215.25812,-0.13321178,-1.3834825,110.3799,59.196705,-8.842543,220.33618,0.0102072,-1.3067107,17.881186,31.183434,-52.762173,87.16966,-0.44135305,-0.6746125,27.524662,33.900867,-48.022484,108.60444,-0.21059825,-0.3806057,19.091919,22.485632,-54.33,72.19026,-0.36276513,0.8882179,4.791469,18.928577,-24.029785,74.179855,0.8183424,1.094007,-21.717102,23.08705,-63.962425,16.900547,0.049319208,-1.3525897,-1.2790322,11.032439,-32.42572,21.993229,-0.623819,0.19558215,0.58916897,12.033589,-30.92279,37.660236,-0.4278643,0.57528925,-12.318354,15.875031,-46.997437,27.45588,-0.20381048,-0.9408307,2.2727664,12.729861,-30.668917,30.171558,-0.24204731,-0.12179971,2.3302515,8.287349,-18.55135,28.774666,0.1502325,0.45706677,-4.7365746,9.623854,-28.689999,17.958372,-0.3859197,-0.41918778,666.7083382372385,615.1481753066488,2.346350830309383,1237.969180836397,1568.7637529525161,1033.4549010456253,549.5204792629316,0.016951976102941177,0.016363334499314906,0.525388484929898,0.3383158,0.36289093,0.45753855,0.3827655,0.46939805,0.39600247,0.39426282,0.4085744,0.4415905,0.43927217,0.56937116,0.41439813,0.7412176,0.3047861,0.70069015,0.3417137,0.44724405,0.38240084,0.35500342,0.39309275,0.30602813,0.364981,0.27457815,0.32946345,0.032830673586402855,0.10183910994268568,0.01434226662920758,0.1449132806537462,0.04235401328735222,0.2084583752146063,-0.10545008498627528,0.17714819067355964,0.023310724461390233,0.06827730876493496,0.0034782635061729006,0.05942586360179396,[80.74951172],18,4.568580505548137,0.08176881,0.044557746,0.84157634,27.0072209969874,12.663022645986658,309.2316879287948,179.68345262149236,1700.6587166707443,1062.297774525727,3.3673453,187.55988087553442,9.50448672864657,161.9823763910578,218.73289323986043,0.510349025135087,1.1124042696020693,56.75051684880262,0.6529411764705882,3.939954648526077,22050,/Users/will/Projects/SpeechEmotionCS3540/datasets/SURREY/Audio/DC_sa02.wav,DC_sa02.wav,DC,Sad,02,SAVEE
-418.8652,99.28627,-580.51245,-227.29965,-0.14439772,-1.317155,145.827,73.265114,-47.35691,249.44934,-0.43681115,-0.840682,30.299688,41.679287,-69.55945,141.74109,0.11525951,0.14131522,40.423344,37.320072,-44.282856,116.45961,0.12913947,-0.5798609,7.3697343,28.555786,-74.946266,72.4509,-0.54345894,0.16713452,-5.4134626,28.231886,-71.778404,77.773895,0.19372983,-0.17562032,-15.173503,26.627474,-77.257904,28.974571,-0.48917615,-0.59931993,-6.5356865,16.721346,-55.150784,25.011658,-0.6333985,0.034780502,-0.068231486,15.148471,-39.809093,37.19522,-0.15013793,-0.038626432,1.2841983,13.727049,-29.27192,41.65807,-0.0676748,-0.14819002,1.2103357,10.389507,-22.373379,28.261967,0.08977816,-0.5224695,0.52750856,10.838868,-39.75953,30.193165,-0.25678957,0.8503783,3.4226599,9.266028,-22.038254,28.834743,-0.32040694,0.1238668,609.2335424589404,618.3902239595704,2.580528985034869,1058.1683659957628,1383.2961254210086,913.524899900836,542.0284896813088,0.0126318635240113,0.012729432083229944,0.5424295291984754,0.6003299,0.30403626,0.5656658,0.3439605,0.4904304,0.38551393,0.44560966,0.3972277,0.46301413,0.38781968,0.4675801,0.3878691,0.43432924,0.37067047,0.44966027,0.3564378,0.5132198,0.35525846,0.5129842,0.34298903,0.4929354,0.30898416,0.56293887,0.32549074,0.008620220363359951,0.09588598586901921,0.021564683805541843,0.09062002088613688,-0.053580765670302594,0.16176164599682796,0.02484562258778017,0.15071455363631678,0.004372169434106127,0.03628544046147553,0.007580003716277872,0.05786718335853359,[123.046875],16,3.8968354779919365,0.067751855,0.030316303,0.83034724,25.35016189199153,12.260827589749109,212.32648498735804,138.1956887070549,1379.2452729409451,1153.3197139991423,1.9613061,129.31006669860722,15.872625090178419,104.42763330455712,173.60841241450115,0.7847306700464833,0.46919476051790276,69.18077910994403,0.6101694915254238,4.105895691609978,22050,/Users/will/Projects/SpeechEmotionCS3540/datasets/SURREY/Audio/JE_n07.wav,JE_n07.wav,JE,Neutral,07,SAVEE
-423.76404,105.06587,-586.3075,-235.44135,0.03579067,-1.2733078,126.353035,76.719315,-40.2726,247.87692,-0.123072945,-1.1551555,23.710333,34.877262,-48.76554,121.57652,-0.027678257,-0.22706008,40.627605,30.056416,-9.748766,133.65292,0.9359136,0.29492736,13.441215,25.457766,-70.17317,71.36748,-0.8376532,1.126791,3.3442066,21.551874,-62.4371,54.478043,-0.19483598,0.22247076,-14.936233,20.748947,-53.17148,21.906994,-0.10651569,-1.295086,-6.6114473,13.566287,-40.21949,20.53806,-0.38401133,-0.7410927,0.53637,12.758473,-27.355404,38.642612,0.27598083,0.5548296,5.1126113,10.756453,-24.638515,30.607174,-0.28848293,0.24889183,4.67218,9.566023,-22.914606,25.05299,-0.34203535,0.109889984,3.0330722,10.272606,-24.947277,22.25657,-0.6429219,-0.23817658,1.0241393,9.426419,-19.00601,22.565731,-0.12052423,-0.60317326,672.3388020374256,724.7270987371062,2.0516399041400577,1275.9779986213234,1721.115702769385,1055.7764694911032,640.8235964971615,0.00908859637605042,0.010871611675303804,0.9118840016970301,0.7153821,0.29244912,0.7238603,0.2599787,0.61537737,0.32685143,0.5508842,0.37481794,0.5647698,0.38353366,0.57662493,0.3935052,0.53561115,0.39722154,0.51180965,0.37295485,0.49340764,0.3587537,0.50863284,0.34420946,0.558,0.32683676,0.6039471,0.28089127,0.00607310788784964,0.03812386980407218,0.02007669017081709,0.04306288686927166,0.009965197973641662,0.11702254348123575,0.06682081223160241,0.09906613277048314,-0.0024396594353735834,0.03465880183919985,0.014755568872088523,0.028502675489544615,[143.5546875],12,4.371602755794934,0.062110037,0.030866425,1.5583578,24.006215145788254,13.054826353486476,223.11502433853582,165.88418439548465,1742.4196960387765,1420.8791265271605,1.3450634,132.60298154914113,16.808533814259828,108.1102658399776,176.64303400994282,1.1611782845900922,0.9706287946612848,68.53276816996522,0.5462184873949579,2.744988662131519,22050,/Users/will/Projects/SpeechEmotionCS3540/datasets/SURREY/Audio/JE_n13.wav,JE_n13.wav,JE,Neutral,13,SAVEE
-306.028,143.21712,-468.70172,-38.74025,0.19673504,-1.5756092,91.88822,66.693474,8.717424,206.39258,0.26464105,-1.5334958,5.3650937,32.164154,-61.30616,97.06839,0.12839171,-0.28921485,35.274273,27.379143,1.8205559,108.914246,1.188266,0.25802302,-4.467471,31.874231,-82.01846,43.30233,-1.186763,0.19246721,-15.226803,25.674046,-63.110672,18.258217,-0.20980662,-1.4900928,-1.673199,20.011208,-51.210022,44.16382,-0.47684082,0.08154178,2.2458158,12.756911,-28.92825,38.902584,-0.09619297,0.335886,-8.42029,16.139595,-48.53763,20.90958,-0.43674928,-0.689029,0.7490906,9.150491,-22.618824,22.00238,-0.34916958,-0.19409275,-5.5959573,13.035337,-30.752842,19.2728,-0.30276966,-1.1398064,-6.6128035,12.3776865,-43.10164,7.980157,-0.7653945,-0.24200892,0.9878826,6.5996575,-15.958514,14.988914,-0.7007809,0.13427448,807.164913185216,622.3005312734193,2.779730511471197,1479.3705651519494,1400.4467612668623,1225.866638188159,375.1823359546269,0.02614320527522936,0.03819235452346362,2.938326516395538,0.48906562,0.35233894,0.55904436,0.35319462,0.5599713,0.36440492,0.5488959,0.38639274,0.5956809,0.40121603,0.58800626,0.4012088,0.5081191,0.39048168,0.4615987,0.3802967,0.47894818,0.37748083,0.46445906,0.3571371,0.41857815,0.33776563,0.43585393,0.33765247,0.003971464050522256,0.08571206794383943,0.010765418135830483,0.07449616564214738,-0.023588794403188756,0.12453022372920981,-0.0069801715083015305,0.11630403267817144,-0.00475851098978862,0.05156484533817322,-0.011186837655526269,0.028210259236163267,[71.77734375],9,3.5774805307182005,0.16358124,0.16994326,0.66857034,24.489690682570984,12.291895445580185,542.145933698076,343.24595950068766,1654.5384193759257,928.9344561490825,1.0174444,193.95824331267895,48.54475897949768,110.63722351746388,277.1826309768721,0.1048187752705977,-0.9600909685524859,166.54540745940818,0.48623853211009177,2.515736961451247,22050,/Users/will/Projects/SpeechEmotionCS3540/datasets/SURREY/Audio/JK_a03.wav,JK_a03.wav,JK,Anger,03,SAVEE
-274.19968,87.668015,-444.46555,-63.15711,-0.057155736,-0.3445871,99.37168,61.54941,-45.51885,197.52031,-0.5992274,-0.6809151,19.123686,36.721893,-75.14493,103.20013,-0.22248788,-0.1040442,41.766632,29.013302,-35.57398,114.65794,-0.026573848,-0.4267316,7.6820173,28.263794,-50.454857,70.604614,0.06327084,-0.5619998,1.0880939,24.215105,-68.65881,63.067062,-0.03190819,0.3001635,-20.911943,18.947004,-62.424496,14.173893,0.009028269,-0.8931742,-6.343504,14.449099,-53.268593,29.029598,-0.53118736,0.680104,-5.0190935,14.556796,-40.292282,32.99631,-0.28373942,-0.3857491,-4.844901,12.128889,-36.5071,29.769981,0.057103757,-0.046642303,-3.023851,11.536976,-33.18006,27.16937,-0.28704974,-0.1827817,-3.750715,13.920281,-46.829346,23.5941,-0.4631625,-0.4762361,-1.7755735,8.257806,-27.751207,18.159508,-0.23167661,-0.06903124,1279.8431152976996,1174.15203301859,1.800877263741776,2341.2644909274195,2044.510967226579,1389.2624222917768,634.736158367361,0.03998280889976959,0.056089315299878297,3.1523270535536496,0.45458493,0.36045384,0.47412983,0.3561592,0.4715236,0.36434376,0.40844914,0.3568233,0.37313846,0.35068962,0.38402954,0.36025608,0.39444074,0.3688786,0.39779332,0.3649972,0.39841935,0.34562343,0.4077248,0.34749734,0.3492806,0.31962928,0.37052366,0.31906062,0.010011159078197012,0.07607517485284776,-0.0020677865099756948,0.08749825953973521,-0.01614666259354069,0.15453762135584945,0.03568503252458005,0.1276850874959223,-0.0015969944636782332,0.038286847361357935,0.0032132960006182876,0.05484733452667602,[161.49902344],26,5.177926300578035,0.13059397,0.10656419,2.0366168,25.87633223576655,13.889596864615948,608.5348703692989,455.91654693492256,1831.2604462949016,1529.0962342331477,0.74786484,166.96705077206803,41.885919210836434,106.86851352689665,263.1411467822288,0.7187113064372412,-0.5608114835243501,156.27263325533215,0.7880184331797235,5.0213151927437645,22050,/Users/will/Projects/SpeechEmotionCS3540/datasets/SURREY/Audio/JE_h15.wav,JE_h15.wav,JE,Happy,15,SAVEE
-314.9936,107.090935,-492.40216,-107.945564,-0.17264594,-1.123779,106.473145,64.05466,-44.459846,202.41064,-0.2113298,-1.3048627,21.56371,35.35864,-57.22534,99.0535,-0.16241214,-0.35956216,43.424152,34.78973,-29.492155,136.18117,0.91471744,0.33665586,3.945829,28.552233,-63.25054,65.71652,-0.45493355,-0.3445561,-4.4338408,28.490438,-83.859695,59.76593,-0.5029854,-0.044109106,-21.597803,23.440546,-81.122925,13.998156,-0.34524906,-0.9903147,-1.8521668,13.76087,-39.494217,26.82056,-0.5107862,0.084145546,-5.992295,18.144342,-56.677917,32.35833,-0.31090346,-0.60768056,-1.7579255,13.3277445,-29.825407,30.03696,0.072459646,-0.790992,-0.36740035,11.362609,-23.744217,28.034636,0.03281448,-0.5788474,-9.670275,14.244325,-46.359657,15.665039,-0.30044237,-0.7981906,-0.8334728,11.281503,-33.939056,25.178757,-0.507204,-0.19477534,898.4959316383475,908.906808419672,2.039876060354205,1617.3707894943468,1894.3534370249854,1201.3699711839529,619.6953713108454,0.01626786275125628,0.014139922468916025,0.30667690297704353,0.46143532,0.37088096,0.4665041,0.37050185,0.45367098,0.36884215,0.45437378,0.38489613,0.45514768,0.39171678,0.49465176,0.39412668,0.55920297,0.4014647,0.5369345,0.3673168,0.53396934,0.35759246,0.54478794,0.3809772,0.4564877,0.33972496,0.40765637,0.32663152,0.008366848679535683,0.05069362185937826,-0.004352143629964398,0.051572485408868496,-0.0032802219830233895,0.11194567241458214,-0.0030872250588887063,0.10410671283113176,0.0008213694156716707,0.03009381131910716,0.0074838747951347625,0.029603992662211424,[112.34714674],20,4.339483394833948,0.13743018,0.09788898,0.82270736,25.236806645115948,13.393676513176166,486.24959278474324,324.9043165026603,1622.0940933056784,1284.2735838994254,0.7272057,177.120449144249,32.66687162197395,119.95585059317834,234.43211035826653,-0.16309776356614483,-1.1785400482647248,114.47625976508819,0.4020100502512563,4.608843537414966,22050,/Users/will/Projects/SpeechEmotionCS3540/datasets/SURREY/Audio/JE_h01.wav,JE_h01.wav,JE,Happy,01,SAVEE
-631.9396,79.26562,-762.36237,-466.2405,0.32318678,-1.0981944,126.40971,55.932735,-21.64673,235.03978,-0.13913308,-0.80526257,42.9891,34.007828,-54.435066,118.65387,-0.648929,0.6149943,36.945312,23.858046,-12.31142,99.42608,0.66580874,0.101190805,15.812628,30.99371,-63.250782,87.6996,-0.09407723,-0.048398495,-0.09741047,22.778502,-55.579464,43.83686,-0.6602389,-0.27509356,-8.530118,18.205378,-44.474148,21.2455,-0.55520207,-1.1512176,-3.9395688,13.945937,-54.91224,21.571413,-1.1175386,1.9208984,-6.0184903,13.624729,-42.90706,23.391031,-0.5052874,-0.16964936,-10.113573,12.034205,-47.930923,10.285032,-0.6016517,-0.20632458,-6.9568872,11.641473,-40.524605,15.366823,-0.6788802,-0.102050066,-4.1151047,12.893376,-40.411728,18.898329,-0.6496558,-0.011369228,0.8072535,10.194595,-22.165821,37.31099,0.6466382,1.2143803,862.0417398609537,710.923600897058,3.440030786253227,1505.8790373322147,1394.0137591159412,1377.7594514180403,578.5814404872541,0.02303769924496644,0.04188474758901533,4.352335164420898,0.42671248,0.3555074,0.39548028,0.32292554,0.35850823,0.31227082,0.34965685,0.31419182,0.41885227,0.33628097,0.4899155,0.371576,0.40861773,0.2913961,0.43376467,0.31981862,0.44293782,0.30507088,0.48534492,0.32312644,0.5420759,0.34057942,0.43761608,0.32383272,-0.0034514674101623396,0.09377612091146545,0.006178137042874646,0.07738926317639588,-0.04612293111272959,0.11361788228422876,0.030403748992204875,0.15080435524211241,0.009113554694353551,0.049736271901892004,0.005307002413405429,0.035383150004597894,[112.34714674],19,5.513370532189294,0.005073611,0.0043900986,1.5763446,23.767021913965657,11.196061001088635,447.42575849871486,118.36947081108073,1632.8368895434937,1273.3593702902706,0.8033377,165.30292698747652,75.52913675640558,90.90953499696329,312.9293240034019,0.9989511067481026,-0.6306361618624026,222.01978900643863,0.7248322147651006,3.4461678004535146,22050,/Users/will/Projects/SpeechEmotionCS3540/datasets/SURREY/Audio/KL_n10.wav,KL_n10.wav,KL,Neutral,10,SAVEE
-617.5229,87.42368,-735.9441,-412.71548,0.33547804,-0.9855814,117.05277,67.03682,-36.644253,230.32407,0.012581609,-1.161395,35.897938,34.919575,-56.5783,105.55136,-0.67983776,0.09536147,37.78556,27.772537,-12.881594,127.121086,1.0358651,0.90887046,12.115089,21.787987,-40.34749,66.139915,0.005975771,-0.07913804,3.033617,26.466791,-72.72815,57.19168,-0.636388,0.43942976,-5.612913,20.693241,-59.021286,38.868797,-0.36453712,-0.4662149,-3.8003914,18.024223,-47.853054,23.293133,-0.6562609,-0.5731864,-6.0077777,16.532524,-47.09362,27.146755,-0.42180204,-0.6268556,-8.866512,15.90514,-57.60241,18.23383,-0.72266585,0.022068262,-6.200145,13.329071,-40.19461,18.524422,-0.62246764,-0.28446054,-3.5962403,13.645386,-35.41254,29.089058,-0.3269384,-0.14350772,-3.3972597,9.535381,-34.96414,16.539366,-0.56185186,0.76231813,1019.8846799229912,801.1378903443646,2.247935014151851,1820.130978649809,1648.656482619841,1460.2600002731672,624.6831060814966,0.023791597089694656,0.03008286690326038,2.4307241446423045,0.4225928,0.31800225,0.34734863,0.2627152,0.36307997,0.27683428,0.40908626,0.30965388,0.4505313,0.34613296,0.44174027,0.33816466,0.39649016,0.29441866,0.4426015,0.31296265,0.47863764,0.31747618,0.5046359,0.31986454,0.53546643,0.31876755,0.49266064,0.32386425,0.006729233664270397,0.044582667456457524,0.008019173906277596,0.04628404915523205,0.018951229480954887,0.10267661047546946,0.01243224536701414,0.08409773001880826,0.011531762989209549,0.028884084809669655,-6.5379662310394666e-06,0.027513634009434677,[143.5546875],13,4.297214643360418,0.0054567005,0.0055332477,2.0068862,23.82530023088556,11.45141340318727,481.178002070294,113.5657875612024,1753.704768458562,1328.8947458634073,0.12638414,170.30094508246495,75.89965760634989,93.57338770459413,327.72904188699454,0.9472038760481747,-0.626043272927312,234.1556541824004,0.46564885496183206,3.0252154195011336,22050,/Users/will/Projects/SpeechEmotionCS3540/datasets/SURREY/Audio/KL_n04.wav,KL_n04.wav,KL,Neutral,04,SAVEE
-607.9832,87.08403,-731.7731,-442.82898,0.06537703,-1.3690118,113.907585,63.90098,-49.01163,217.59898,-0.18826534,-0.90989685,31.748592,24.485216,-27.978294,93.29425,0.108144775,0.098613024,38.749233,33.041283,-14.870625,145.69815,1.1546999,1.1997757,17.22886,28.118526,-47.884678,76.00943,-0.16154212,-0.31918812,-8.702419,27.987234,-74.57895,45.705803,-0.5272394,-0.42244673,-8.558891,19.59966,-55.53499,21.688297,-0.51899946,-0.59501624,0.54693204,16.032793,-43.856213,34.14374,-0.6918586,0.1319933,-3.9536357,11.734391,-43.693665,18.95031,-1.0889013,0.8744564,-4.556281,11.576781,-33.32781,23.506737,-0.5274349,-0.07100344,-6.7396326,10.894734,-32.124866,11.392668,-0.6769223,-0.6167669,-9.1804495,12.345363,-37.318535,13.817894,-0.36126718,-0.93367505,-0.64437234,8.96886,-23.210281,22.596977,-0.36471194,0.2983079,878.5557772419546,632.6730729400081,4.122336339584987,1548.08349609375,1129.56024913419,1395.3680505916668,552.2211547783367,0.024723597935267856,0.0429703350783302,3.780253012427762,0.44680312,0.34954315,0.40388533,0.3177986,0.34267315,0.28557578,0.31865352,0.27525878,0.39423588,0.306799,0.4025598,0.30196843,0.3581387,0.27586496,0.41360936,0.30491588,0.4487384,0.3049286,0.51670957,0.31122664,0.59719753,0.35359222,0.48108417,0.32482633,0.024302561624228787,0.06599453172624768,0.011435779288657244,0.06360674309591835,-0.02463451475237679,0.11220719154232157,0.03934559924943718,0.12881089301168128,0.01641486264796521,0.038510012052803404,0.0014437438699783426,0.03916207068300775,[95.703125],11,4.2314335060449055,0.005975153,0.006624518,2.2878342,23.79517074851305,11.182707282741568,518.077155397464,124.66076215359799,1685.0862873299932,1169.9638722411382,0.48616996,163.78926849738102,74.10825206455371,93.57338770459413,347.21682482900223,1.2441379029944142,-0.06462883039133072,253.6434371244081,0.6696428571428571,2.5995918367346937,22050,/Users/will/Projects/SpeechEmotionCS3540/datasets/SURREY/Audio/KL_n12.wav,KL_n12.wav,KL,Neutral,12,SAVEE
-631.3429,87.5428,-768.39996,-420.978,0.08229652,-1.023985,145.75346,67.3272,-26.845987,246.52501,-0.3682152,-0.7966044,28.347797,29.877817,-48.482193,82.50394,-0.6664258,-0.35732913,23.265085,27.772247,-32.480675,118.590034,1.2399858,2.7581382,10.397326,22.70192,-44.08943,62.88153,-0.37499097,-0.19486117,5.375886,18.991138,-41.874413,59.368675,0.11401352,0.5756419,-1.8231003,14.190416,-38.4532,24.285961,-0.7893899,-0.16479826,-3.5762131,15.729116,-45.603775,21.28241,-0.64878416,-0.3155992,-7.9130836,17.119516,-46.50904,62.61058,0.27435562,1.6485534,-7.9871902,15.56721,-41.02443,22.346489,-0.21224917,-0.7492578,-3.645587,11.607246,-33.544434,27.048262,-0.08777037,0.23935747,-1.0563332,12.619833,-44.65233,25.689604,-0.759121,1.0778861,6.047828,10.970723,-18.005898,43.248535,0.8393344,1.2953863,599.5314265840025,495.53273715871876,3.3935893423722696,924.8662384463029,1196.9808743935832,1132.2660135796916,427.3653273142637,0.009126045334507043,0.010532924015504276,0.9169149248555147,0.4434154,0.32148972,0.45390856,0.32784295,0.42511266,0.33182484,0.41634196,0.3448636,0.5172358,0.39080018,0.4838532,0.35228345,0.48635402,0.34469813,0.5020624,0.34399933,0.5352451,0.32873747,0.5749114,0.31001908,0.49941963,0.2936892,0.42917013,0.31470302,0.01331427132347155,0.05502752106330617,0.011483796263956476,0.051982144337434644,-0.019372423887777965,0.10214396884548907,0.004130477518577286,0.11036123527646188,0.003882783113844336,0.03259989385983306,-0.003171870202927879,0.03005287775153521,[80.74951172],19,5.770979117306739,0.006821089,0.0029423307,1.4757266,23.821389608169444,11.654057133236527,274.3824077435827,107.35508499696566,1583.8318049232364,1198.6962376612987,0.89088386,174.70703517272892,110.36165973011968,100.28947374140385,429.9503861110682,1.664396031599027,0.907935592412418,329.66091236966435,0.4014084507042254,3.2923356009070295,22050,/Users/will/Projects/SpeechEmotionCS3540/datasets/SURREY/Audio/KL_n06.wav,KL_n06.wav,KL,Neutral,06,SAVEE
-358.60992,121.1585,-488.01907,-130.77763,0.4175917,-1.5341877,86.63103,66.79237,14.366741,220.39754,0.83863616,-0.8602183,8.9769535,27.996948,-56.170753,85.74573,-0.2791443,0.30990767,17.41078,21.373081,-44.862,73.076775,-0.11058097,1.4665837,-0.33258823,25.713558,-73.17219,29.390194,-1.1510905,0.4339311,-1.5257576,23.59746,-56.91086,27.751743,-1.1145269,0.09518361,-9.696253,20.42155,-53.78589,17.307623,-0.71050066,-0.77631354,-3.8632107,10.7326565,-31.75592,23.425045,-0.17734697,-0.00015091896,-3.731508,16.559425,-53.196487,19.083118,-1.1932197,0.46269107,4.9949894,14.04546,-41.12473,38.184692,-0.92083603,1.209127,2.689724,9.84154,-28.809196,17.055698,-1.1988969,1.3706985,-6.217442,13.189363,-43.551964,12.354227,-0.9412957,0.25601554,0.99202114,9.879758,-31.34719,28.314518,-0.29494783,1.0844622,841.897688120109,702.7611423925391,2.704577549986714,1580.9444942989865,1492.7189217488362,1261.4319216333934,474.0510473518374,0.02469119510135135,0.03874196673086908,2.4838843280324125,0.50102335,0.34172237,0.45667312,0.3282184,0.4294961,0.3524201,0.43069348,0.36963505,0.45492667,0.39197633,0.46420723,0.38267973,0.44642863,0.3545832,0.50634414,0.3380668,0.6797446,0.3533924,0.63412637,0.33334947,0.5091144,0.34071782,0.46262053,0.29689133,0.013587183858914349,0.09590037908114307,-0.0013426986768442799,0.06748176900882026,-0.03716051360793667,0.13627554460181654,0.05449065623326624,0.10350802033500715,-0.011362166755287008,0.033143234560813105,0.012032916651396853,0.057173960448209216,[92.28515625],7,2.7338906797973714,0.1035901,0.12434652,0.9462352,24.38900666691156,13.14822095828999,494.116363547603,253.0117738294039,1656.79620576083,880.1350768419874,2.0218172,707.9767549251202,659.234861232847,137.79308824865404,1780.4502149313835,0.8120561504724847,-1.2649760967575965,1642.6571266827295,0.5675675675675675,2.560453514739229,22050,/Users/will/Projects/SpeechEmotionCS3540/datasets/SURREY/Audio/JE_h03.wav,JE_h03.wav,JE,Happy,03,SAVEE
-227.99216,134.64983,-441.85114,43.16446,-0.14815971,-0.91810846,104.57068,56.632126,-58.302864,204.08348,-0.44406125,-0.76201487,-5.138509,39.29381,-83.94061,77.18637,-0.041366857,-1.0557309,41.574112,34.49364,-32.550156,126.325745,0.63795465,0.033756256,-4.6984196,22.862387,-70.70598,36.411045,-0.7261075,-0.34163594,-14.644829,28.34916,-92.10674,55.586456,-0.39170352,-0.43816924,-14.203368,17.851768,-54.558853,18.509579,-0.14922035,-1.1213685,-4.361386,16.678188,-48.82174,49.961647,0.15498422,0.1509695,-17.381145,17.33334,-52.107574,28.107698,0.2465073,-0.7013366,-5.657707,12.260461,-37.43515,23.364828,-0.3090799,-0.5808258,-7.6659203,14.169333,-38.826054,23.887867,-0.07313081,-0.8017154,-6.13885,11.023805,-42.54669,20.503223,-0.25270006,-0.24259877,-1.9073406,9.567123,-29.27915,18.605522,-0.34325415,-0.38701534,1189.3605639209366,860.439034957877,2.6714303666570647,2343.015279042881,1616.1142370762125,1404.638238453872,443.340152678584,0.04557437640134529,0.06210759726374651,4.333681444147284,0.4104393,0.3501266,0.39225072,0.34932572,0.33918166,0.34176806,0.32652932,0.3388896,0.3696715,0.35485667,0.42529213,0.397508,0.38557428,0.37664557,0.36476353,0.35759953,0.39105755,0.36599454,0.38516194,0.36709195,0.38571694,0.3756739,0.3703248,0.32589087,0.004641913066495538,0.06577634414896688,0.018790058874048648,0.08429162140220593,-0.005682898595545419,0.11648956270564065,0.05049642587848996,0.14143242787891436,0.002441007718979163,0.035764976251736025,-0.002279392850789885,0.050130287692388475,[107.66601562],18,3.4763339522825207,0.25855693,0.21896261,0.5506362,25.927625777081428,13.005165132949154,765.8976580268444,463.0526471660049,1739.0595693353216,1048.5485737581316,0.7019774,203.65068288638287,46.30728632239325,114.5388367788287,288.6197829762387,0.13315313919777932,-1.1268754313734135,174.08094619741001,0.5560538116591929,5.177868480725624,22050,/Users/will/Projects/SpeechEmotionCS3540/datasets/SURREY/Audio/JK_a15.wav,JK_a15.wav,JK,Anger,15,SAVEE
-268.90186,107.646034,-453.2031,-80.74538,-0.42067704,-0.9996791,101.641945,70.688095,-82.78258,206.66089,-0.45562702,-0.892539,5.017473,37.15721,-98.718124,81.60826,-0.2870568,-0.38015914,44.05607,35.33684,-38.42227,125.24701,0.42892924,-0.3017099,-9.392556,29.031357,-79.245544,49.06439,-0.28991023,-0.7887864,-17.481962,32.271408,-97.546295,41.868553,-0.37981206,-0.7474785,0.8812835,17.78897,-46.31385,44.323696,-0.5844544,0.0558877,2.2347271,14.366302,-32.252415,34.13221,-0.3864243,-0.41381145,-16.279097,17.853926,-55.252964,22.537243,-0.13378969,-0.885818,-3.7379923,13.267457,-38.39264,27.060682,-0.39287838,-0.69973135,-1.939714,15.688978,-34.87485,37.26299,0.113590434,-0.34199095,-6.492862,12.114043,-35.242188,20.53794,-0.1807159,-0.41025186,-1.280189,8.469356,-25.906044,15.944504,-0.46487653,-0.19692016,1121.3283476415672,1050.77593356081,1.9626397992169484,2107.229579968399,1908.2971724540669,1244.535235078658,555.0267936799737,0.03284102879213483,0.03867541101827663,3.3526249941871455,0.35016623,0.33907282,0.35651007,0.3407095,0.43190333,0.38237125,0.47289807,0.39284113,0.4534102,0.3877582,0.5177725,0.4023766,0.55527383,0.39150396,0.48550877,0.38386053,0.45980912,0.37010145,0.44172874,0.36215955,0.35112917,0.32558408,0.33880207,0.33643287,0.0020296325422471456,0.06586664570799895,0.0026441713297304637,0.06947057463971802,-0.006482238891754825,0.1167234788872634,0.004961875528933754,0.12431783248683932,-0.024425754496307718,0.03751888593184742,-0.006577716203762224,0.035088542026904875,[143.5546875],19,4.6005095205675,0.16424215,0.13132916,1.0822469,26.02261617116204,13.240514448636754,545.9289470583593,269.46924968371144,1832.4730531995485,1270.4782205778604,1.312278,184.02424908306122,32.36074422727067,98.56656061031477,248.37216905734888,-0.2280615827841117,-0.32718177089934253,149.8056084470341,0.5674157303370787,4.129977324263039,22050,/Users/will/Projects/SpeechEmotionCS3540/datasets/SURREY/Audio/JK_a01.wav,JK_a01.wav,JK,Anger,01,SAVEE
-464.49265,105.4401,-612.7834,-252.2478,0.35431457,-1.1526614,113.0048,76.09508,-54.027992,283.52286,0.124223985,-0.56200933,28.74099,34.42568,-66.144394,124.58687,-0.3122981,0.15864944,43.798954,36.798595,-34.38171,158.63809,1.0442591,0.5598347,10.52931,29.866945,-90.94403,59.3534,-1.201799,1.6338739,9.109883,24.84094,-49.980423,73.39229,-0.11400135,0.174335,-11.631131,23.085068,-79.784935,31.728941,-0.55359787,-0.219949,-1.1540709,13.363733,-43.41313,24.461071,-0.45805755,-0.14215565,0.77361166,14.800943,-38.829372,43.608383,0.30397928,1.0459089,2.8489764,11.861443,-29.971497,31.223679,-0.025052702,-0.025698185,3.7072558,10.270121,-23.67974,40.365013,0.26224566,1.2429199,2.5031545,10.833239,-30.38176,29.18549,-0.46763387,0.2895317,5.880518,9.181481,-16.92827,25.526249,-0.40597677,-0.30494285,686.0063186216049,854.012731534618,2.1353202537545553,1294.6265687333776,1882.0929041583095,1083.3372321536237,683.465560487033,0.006316489361702127,0.00952496231366858,1.527839074467846,0.69586426,0.28107935,0.6745744,0.29678732,0.6099659,0.34635517,0.60742503,0.39265046,0.62445545,0.3929273,0.65158373,0.3866074,0.61997104,0.38048315,0.58760476,0.37613192,0.6128803,0.35092625,0.6173957,0.3269338,0.6143162,0.30986157,0.6220697,0.26607916,-0.012550676933249039,0.05414833181114818,0.011813876629157984,0.07915547973179747,-0.027867000718462744,0.11135375027392633,0.053970390435387004,0.12075802762828557,-0.0034559807299430674,0.035340358071570654,-0.0006508338426120737,0.03774582462401941,[78.30255682],16,3.6675121626678866,0.055959396,0.023762472,1.4199673,24.50353952548799,13.174771637156867,149.16053241238572,115.9832521981167,1893.3510410793676,1517.146791549068,1.4156346,130.5660805038034,17.947799929613133,95.20902171067573,174.61411571650194,0.9231672337631096,0.5842387857875346,79.40509400582621,0.4574468085106383,4.362630385487528,22050,/Users/will/Projects/SpeechEmotionCS3540/datasets/SURREY/Audio/JE_n05.wav,JE_n05.wav,JE,Neutral,05,SAVEE
-432.33453,91.47139,-574.8759,-228.41292,0.077084415,-0.92818046,127.605064,72.63018,-45.687958,267.69238,-0.25335822,-0.6384795,26.094854,34.66889,-56.373363,119.091324,-0.21942167,-0.44643116,56.53695,40.44829,-11.777796,158.24545,0.4059594,-0.86395264,12.998358,31.70887,-74.40602,74.18218,-0.4239205,-0.007627487,-0.8287307,25.053982,-74.98612,84.01168,0.020034323,0.93239164,-20.724985,21.677637,-75.77997,19.313725,-0.34719393,-0.8594024,-2.0868945,13.763504,-42.63622,33.157986,-0.19753504,0.3018005,4.326281,13.847544,-36.454506,43.088753,-0.15073466,0.6835048,-3.1891289,14.870862,-41.965153,33.255432,-0.29212254,-0.6528132,2.4910648,12.267262,-33.164253,38.12381,-0.35236007,-0.0891583,1.6750817,10.942811,-26.733032,28.796896,-0.4340485,-0.39483666,-1.3573973,10.309391,-30.34269,22.07451,-0.10374385,-0.5981145,728.5500897593622,717.6863678631349,1.7299309120232922,1491.642429517663,1792.1973594915055,1116.260795664015,657.94449098452,0.00821586277173913,0.009780529741164879,1.1602380727683421,0.6524396,0.2959192,0.6195314,0.29482326,0.58274835,0.34328103,0.5401701,0.3723112,0.49276334,0.38456926,0.5269648,0.38802645,0.5381235,0.36030093,0.5007383,0.34605545,0.48648825,0.3458961,0.49021912,0.32843027,0.5044343,0.2952058,0.5734318,0.27913177,0.0101390352921874,0.03995328295607461,-0.003713096207630525,0.06438154590428369,0.035340398610771644,0.1152391747369634,0.020707161418850276,0.11247334293860566,-0.016588244882977155,0.031530305475634374,-0.00338755001000169,0.034843379336115636,[143.5546875],28,5.251116308739102,0.05960908,0.02091113,1.137322,24.862466767756423,13.114032237917012,221.49158455904904,132.80795619393416,1665.3279583097608,1362.7989445131054,2.3337083,126.6588496848826,9.660513706750281,109.36644661993022,152.01041679645533,0.5803407086814755,-0.19512834048903116,42.643970176525116,0.4391304347826087,5.332199546485261,22050,/Users/will/Projects/SpeechEmotionCS3540/datasets/SURREY/Audio/JE_n11.wav,JE_n11.wav,JE,Neutral,11,SAVEE
-389.3551,93.51104,-532.8443,-213.30319,0.018919874,-1.2614683,117.152435,64.527916,-52.473442,237.85565,-0.30372208,-0.523273,24.496971,31.749554,-57.65487,90.19747,-0.7079825,-0.2300682,37.101177,40.096947,-43.038128,153.8052,0.6476955,-0.09551239,24.094833,27.322607,-41.71443,90.79362,0.17746106,-0.39724088,2.8443322,20.65918,-52.96707,51.595596,-0.1863795,0.2694707,-23.12098,26.804888,-85.95448,37.50638,-0.34085402,-1.0043005,-4.3086553,13.393345,-39.659035,29.152037,-0.45057788,-0.2370863,-2.739386,11.95731,-41.98002,26.001698,-0.70527774,0.22667503,-13.115013,17.5945,-63.311844,18.368954,-0.399481,-0.83248687,-2.9600549,12.966309,-39.75724,28.23819,-0.5501834,-0.15671277,-0.5567937,10.113142,-33.368217,22.812496,-0.7061806,0.014380455,-1.5487548,10.515798,-26.525076,21.99939,-0.30188212,-0.73599505,637.0118996556223,707.5975745924964,2.9080590957017036,1102.508717896002,1481.034251547805,947.6964865693739,492.9687309600721,0.015891874367408906,0.013503698727448124,0.27405860987387526,0.39096916,0.3689563,0.4330868,0.39028224,0.4574708,0.39449885,0.5242448,0.39476135,0.6471922,0.39100295,0.66446984,0.37754744,0.53721285,0.39507902,0.39946643,0.4112603,0.36244628,0.4008177,0.36770567,0.40414765,0.3325203,0.35947904,0.33866367,0.3405823,0.01590128637255877,0.11820167667310627,0.007447774644982239,0.10279589036022974,-0.03962700062540797,0.1768630127636108,0.03316925976591262,0.15353772486730383,-0.006342998791066299,0.06662111433208492,-0.016780523564440285,0.04449996596968005,[143.5546875],23,4.0186849236913424,0.08750001,0.051831592,1.0208858,25.79233669741377,12.323630613703521,266.74419808845045,158.62242686734095,1471.7767887780633,980.6182897707123,2.8851094,169.08270767759507,13.047046364616902,141.01384901128017,197.13312122062953,-0.20960105392279316,-0.3195898493848026,56.11927220934936,0.659919028340081,5.723265306122449,22050,/Users/will/Projects/SpeechEmotionCS3540/datasets/SURREY/Audio/DC_sa14.wav,DC_sa14.wav,DC,Sad,14,SAVEE
-544.416,90.709656,-697.40045,-384.01794,-0.37195635,-1.108985,114.441345,61.77605,-34.001022,215.20111,-0.40521082,-1.0201468,14.075362,32.635773,-70.39068,83.58261,-0.24999534,-0.6405349,43.365353,33.62819,-26.311329,137.45053,0.9393623,0.4972129,21.502138,31.30653,-89.73753,89.068016,-0.8273641,1.2361584,-4.6765466,23.880972,-89.294815,42.058777,-0.79336476,0.6345682,-16.679523,19.033808,-53.48419,18.461836,0.056647446,-1.1445835,-8.24807,14.477894,-47.90692,19.041693,-0.26440203,-0.48011875,-12.35123,15.11405,-43.272797,17.442234,-0.0075112516,-0.9819784,-12.105625,13.540581,-50.958656,13.47015,-0.3044774,-0.50943184,-5.2932005,10.375482,-30.555454,18.84497,-0.23326841,-0.69291043,-11.11279,12.622158,-37.152462,23.706467,-0.10211752,-0.77036524,-2.321929,7.8587866,-23.274145,21.85096,0.013195438,0.023398876,1026.9634970432005,822.9649505618574,2.4077866606298137,1820.093994140625,1484.0957716205162,1312.1226041741133,546.4729530923441,0.04049560546875,0.05401611361228814,2.5675685027691215,0.41739586,0.31935528,0.37746152,0.31297317,0.34908494,0.31643233,0.3397695,0.33490676,0.3781369,0.34712976,0.4424754,0.37576333,0.3864731,0.33188242,0.36340392,0.32048792,0.3277085,0.304985,0.30660644,0.29919928,0.37368608,0.3509177,0.41869545,0.3351456,0.019810117350735377,0.06760435187186889,-0.010126493887231369,0.07818996406711312,0.02569282772485125,0.13771041322824712,-0.004872442875057865,0.13160466353222663,-0.0038124227125701997,0.03922465333702673,-0.009387034405954158,0.040693108451483585,[172.265625],24,5.176562652841631,0.010179946,0.008365542,1.2034512,24.925016965060557,11.387250196551545,570.289435253727,174.17453330082208,1614.286088634105,1143.4117137699575,0.9444289,176.20053530524456,66.45469132650388,87.81282249923149,335.38934511626763,1.0408652686734463,-0.2124345353025343,247.57652261703615,0.795,4.636281179138322,22050,/Users/will/Projects/SpeechEmotionCS3540/datasets/SURREY/Audio/KL_h14.wav,KL_h14.wav,KL,Happy,14,SAVEE
-549.28143,81.46506,-673.0066,-383.6338,0.031165423,-1.1067343,96.55486,55.745117,-25.427715,208.43515,-0.16488199,-1.2360027,26.441896,27.686308,-47.4491,85.57385,-0.1844777,-0.28214192,35.896255,29.23872,-51.246326,120.110565,0.2692845,0.5901656,11.210844,26.327343,-64.26748,68.33922,-0.38112247,-0.07650304,-1.2586485,20.647137,-65.68489,44.992104,-0.6479089,0.66485786,-14.291474,19.212156,-63.04378,23.658684,-0.1673936,-0.97819495,-6.869776,15.172726,-44.640766,28.31829,-0.46741092,-0.52762604,-5.439482,14.127946,-43.61607,25.18478,-0.37594512,-0.5762403,-12.370925,14.780016,-51.329784,13.895257,-0.2947495,-0.78768706,-3.163239,11.441978,-32.940826,23.502731,-0.18532768,-0.80145097,-6.82755,11.365551,-36.56238,20.18163,-0.07772695,-0.6304741,-3.8855524,10.511313,-33.31409,19.057842,-0.31464082,-0.08073139,1064.441945989673,791.8917240960471,2.2265506063980562,1940.4585404829545,1604.5654724847286,1443.9850336724435,578.641716944187,0.035365513392857144,0.045871924173806956,2.879947415753188,0.3932931,0.34760937,0.3725234,0.33173466,0.34414467,0.32023868,0.37325597,0.3337105,0.41075101,0.3247986,0.48973376,0.37297344,0.43134564,0.32350057,0.39430323,0.3006369,0.42507893,0.3394074,0.42255148,0.3436702,0.40912592,0.3398073,0.38430977,0.3334236,-0.022418612113894,0.07726919369735036,0.008468840221952417,0.07056473267824329,-0.014682545963659241,0.11050217918157161,0.04869703101034493,0.14102112106028616,-0.015177884999412767,0.048198221452217645,-0.0065942356479857965,0.03534645896669189,[78.30255682],26,4.860286886635695,0.008387801,0.008990704,2.4335978,24.189927320046756,11.467430028064543,571.6982690740683,160.90571144054832,1772.9161204051995,1295.61692440393,0.4232407,173.84746036132955,63.31045526897773,82.40688922821748,349.2282314330038,0.9334244863543228,0.31344766802080626,266.82134220478633,0.6320346320346321,5.349478458049886,22050,/Users/will/Projects/SpeechEmotionCS3540/datasets/SURREY/Audio/KL_h15.wav,KL_h15.wav,KL,Happy,15,SAVEE
-559.0598,87.37001,-719.6439,-382.59732,-0.34001034,-0.74106765,120.26941,69.7131,-43.44024,227.08804,-0.46034536,-0.9004023,18.571024,38.611637,-64.80179,95.47197,-0.1374574,-0.82829475,41.20722,37.446545,-45.073006,145.44354,0.9304292,0.58115697,8.844497,30.742443,-57.68696,78.20949,-0.069437325,-0.56266236,-11.247978,35.525986,-97.88288,56.21186,-0.8847905,-0.0389421,-14.37793,16.96041,-49.790775,18.549568,0.028650947,-0.94209194,0.7638084,16.825607,-46.049774,42.1519,0.09064437,-0.11209822,-11.221531,17.041775,-49.69561,22.671444,-0.065653615,-0.8944626,-14.018107,14.267292,-55.862343,11.731104,-0.24562538,-0.26601028,-1.2130979,12.6808195,-39.655914,25.946976,-0.33251405,-0.20510936,-6.8578067,13.436809,-38.674168,24.903828,-0.22230619,-0.53426933,-2.9354753,13.5482,-33.53909,29.72514,0.009204144,-0.638417,971.2759690676257,854.4104294609555,2.031474561974343,1684.2139610877405,1635.0412289502895,1223.756198077343,582.2006196493495,0.028586363181089744,0.03359129426194177,3.2933311167835715,0.29944572,0.33787966,0.37668183,0.37197167,0.41174355,0.3815646,0.38471302,0.35731763,0.4586971,0.3738383,0.47693625,0.37239286,0.401584,0.32854122,0.39219072,0.35972595,0.39902478,0.36276245,0.40440807,0.37303823,0.3271068,0.32777092,0.27441987,0.31926733,0.026335848024076302,0.11183682672655912,0.0058105897694008595,0.07259959977266946,-0.03647844764726433,0.1393709564009405,-0.004500093968370775,0.15118822317514946,-0.004820681847001364,0.044330973938650764,-0.01892459997683402,0.04791112078319839,[107.66601562],15,4.160691372933806,0.011465089,0.008355594,0.805184,24.78239468619077,11.813100435041209,452.0401220140623,141.8342868067246,1639.3318088556027,1266.792261426404,1.0034094,199.7757462999588,91.33699075491313,85.3129619008554,455.516566490206,1.8792207537662264,2.414383876584141,370.2036045893506,0.5961538461538461,3.6051700680272107,22050,/Users/will/Projects/SpeechEmotionCS3540/datasets/SURREY/Audio/KL_h01.wav,KL_h01.wav,KL,Happy,01,SAVEE
-406.4897,83.50561,-532.37244,-223.7115,-0.14581804,-1.1803662,96.29642,63.692295,-67.534874,191.14543,-0.36175776,-0.7190113,26.43891,30.404327,-79.70857,96.02118,-0.5725801,0.8319397,43.224865,39.30811,-34.837563,146.7977,0.6920694,-0.08552551,13.689254,21.430574,-33.089127,60.289433,0.014541043,-0.60413694,4.32775,18.043324,-46.17344,54.861526,-0.18377216,0.7995539,-18.824001,26.082483,-74.10841,46.412476,-0.29316622,-0.9723692,-0.39398953,12.576967,-32.370914,28.086254,-0.29288673,-0.6512363,4.722605,10.83788,-31.831879,39.374596,-0.13988824,1.9526825,-9.717173,18.675646,-50.92772,26.99518,-0.116983026,-1.1213986,-3.3675368,13.222446,-35.315502,28.308598,-0.4463552,-0.8095789,1.4068273,7.8139305,-21.434181,19.325874,-0.3581159,-0.0634079,0.016309565,9.186338,-27.896347,20.114368,-0.6953135,-0.15114188,726.7729177504445,847.8697716785961,2.171477351624853,1190.4867406834894,1681.1679558021444,1045.5010610553563,556.8284502520207,0.014617103943850268,0.01429119721362888,0.7118103929357875,0.3341119,0.3715845,0.40920272,0.3800577,0.4544115,0.39356437,0.41008815,0.42501104,0.45155895,0.45277163,0.4926217,0.42120895,0.6747688,0.3530207,0.75326157,0.30913648,0.57327396,0.37703046,0.43309417,0.38709542,0.3392557,0.3681609,0.29489356,0.335613,0.029676171658210813,0.09478582374938828,0.008386831765968552,0.11793981015979994,0.1068969785788633,0.16762697953224903,-0.025490867663773006,0.18756861128121982,0.020994110215251063,0.0643779345141134,-0.014791468870552014,0.05406826629249023,[95.703125],16,3.7044037044037044,0.08225522,0.04624212,0.9266987,26.626146920372832,12.985588671125617,271.4601709660944,172.81685682711333,1730.053420638188,1087.599412817964,7.9478674,192.7457648908282,10.312463771969812,164.81377845643496,235.7901617579845,0.2256916011014007,2.397973568968853,70.97638330154953,0.5935828877005348,4.319183673469388,22050,/Users/will/Projects/SpeechEmotionCS3540/datasets/SURREY/Audio/DC_sa01.wav,DC_sa01.wav,DC,Sad,01,SAVEE
-393.57108,96.6333,-563.1798,-197.13333,-0.26008,-1.1428466,129.9803,69.08973,-46.324707,259.62024,-0.41994607,-0.60301924,18.736864,33.69639,-71.75966,96.43732,-0.35787433,-0.4616177,36.918457,40.54517,-46.7941,150.09811,0.46335632,0.049720764,18.11477,31.264591,-86.70941,87.83229,-0.37177473,0.6674187,5.0115714,21.973745,-54.299572,65.9026,0.19432043,0.8514328,-25.901438,27.88097,-89.46539,22.677872,-0.2090819,-1.0439495,0.12918547,15.536532,-49.34832,36.484566,-0.5065273,0.7109971,3.0410428,11.707792,-29.027512,33.65776,-0.44485897,0.108952284,-12.350978,18.139193,-55.09208,20.017185,-0.36560774,-0.9731076,0.6050028,11.494196,-33.01761,36.01969,0.021547923,0.2955637,-2.7665038,11.032628,-30.847445,22.128174,-0.32545823,-0.6845422,-3.1469944,11.54785,-36.994713,22.746061,-0.47027645,-0.39403343,724.9157101127608,733.0440658487381,2.3715248430507336,1337.7983093261719,1582.0802595027642,1023.596420010915,556.8003202691857,0.015099661690848214,0.01375251305134005,0.5617457903895952,0.38246346,0.3489342,0.35437325,0.33787772,0.4238999,0.37668723,0.52138287,0.38916725,0.6067849,0.36972874,0.66017246,0.36800528,0.52614874,0.3839342,0.40490428,0.39705926,0.3398013,0.38750663,0.32719353,0.36984795,0.34910947,0.374684,0.34078026,0.31226638,0.012139488541823881,0.09085589853317338,0.03140178203749916,0.12770158719907077,-0.03161701117226515,0.16858857140427694,0.058913311137334945,0.1663022691700208,-0.006400937034537771,0.05568891099636363,-0.015371130596966915,0.0524000441161487,[83.35433468],24,4.625429373049794,0.08263682,0.04361923,0.68298155,26.200646910778357,12.316954889767791,296.9162218864311,162.89371912159868,1566.6410629917068,1189.1148605878864,2.7999804,170.49365314045895,12.044678402237482,147.682975305829,202.90956258890662,0.5409493576845104,0.1251162733768667,55.226587283077635,0.6875,5.188707482993197,22050,/Users/will/Projects/SpeechEmotionCS3540/datasets/SURREY/Audio/DC_sa15.wav,DC_sa15.wav,DC,Sad,15,SAVEE
-448.0479,90.97073,-587.5397,-242.0867,0.32960588,-1.0439539,135.97423,65.169846,-54.90091,246.5495,-0.5986353,0.01302433,35.860085,36.960335,-51.831306,129.6488,-0.024812944,-0.30586743,52.681877,36.1099,-45.87551,140.78212,0.30686432,-0.2589779,15.117935,37.7795,-83.602,76.47301,-0.68378013,-0.21746063,2.9521859,27.174814,-55.062004,76.38997,0.16664587,0.24052191,-18.534592,25.567108,-81.51195,37.862434,-0.3468108,-0.835969,-3.1276984,11.527652,-31.881203,26.956661,-0.33597407,-0.11005592,2.3403025,13.775247,-34.237175,38.91415,0.35688272,0.43054056,-3.089186,10.874835,-35.8414,22.436127,-0.3913905,-0.17180252,-3.3369682,9.64194,-30.378393,21.05054,-0.2700726,-0.15187049,-0.03305303,13.858002,-30.398762,31.768131,-0.19895926,-0.50403476,2.9484856,10.973158,-28.586628,29.346523,-0.28081656,-0.05367732,630.144648223006,719.5944485697958,2.5217193811056404,1229.3501420454545,1691.158720111916,1019.5328838030531,634.0314295230343,0.00821200284090909,0.008980525941429077,0.6912229394392885,0.58016235,0.3159004,0.5160623,0.34508756,0.5281518,0.37304172,0.5028913,0.3858863,0.48941383,0.3983594,0.5392261,0.39342824,0.53841025,0.37666568,0.4715577,0.38045523,0.47567204,0.37473089,0.525391,0.33255777,0.62234783,0.28926775,0.6375754,0.28676304,0.02246381811601167,0.06075889768786456,-0.013555630187864773,0.09578759880444376,0.04414148798607479,0.1350990017835981,-0.0117152022903394,0.11899051660408044,-0.025479557310596368,0.04584318120221984,-0.011514762132146373,0.03367966041230189,[117.45383523],18,4.710811484457527,0.062073458,0.025414482,0.7851502,24.54824300465005,12.811675679704225,181.3681150234777,124.3692956708418,1532.3394403734844,1355.9118133767672,2.588333,130.4172092541503,16.016049776636144,106.86851352689665,172.60850153728515,0.7853924388181865,-0.30105139918664303,65.7399880103885,0.5515151515151515,3.820997732426304,22050,/Users/will/Projects/SpeechEmotionCS3540/datasets/SURREY/Audio/JE_n10.wav,JE_n10.wav,JE,Neutral,10,SAVEE
-425.6122,99.63787,-561.4218,-227.24825,0.25424823,-1.0560595,120.77873,81.25539,-49.90239,259.52698,-0.29311967,-0.8851366,28.420446,38.104996,-62.606564,109.645836,-0.36239904,-0.30565643,44.549404,33.904755,-18.193895,145.4129,0.6709967,-0.20814037,4.7323914,29.8013,-71.350105,78.93035,-0.26936987,0.19693804,6.3732305,26.791647,-49.220287,75.63774,0.09680332,-0.034319878,-16.609728,20.781864,-70.40262,19.330803,-0.41455805,-0.75468755,-5.2227364,13.978726,-55.614204,19.760056,-0.8110448,0.56982327,-1.7688822,18.164337,-50.16348,39.446075,-0.52379847,0.39060402,1.9019445,11.809527,-30.354515,28.356049,-0.2293485,-0.073310375,2.5232427,10.680179,-27.432232,26.57978,-0.36245152,0.33428383,3.5748193,12.08658,-30.162857,32.683723,-0.07635156,-0.1199615,4.695351,8.832915,-23.86799,26.132637,-0.13478313,0.27076554,815.8840484776356,868.4961827028944,1.614883175007675,1636.6679556417785,2000.8295864217164,1158.2800759971417,732.9851027550702,0.008179530201342282,0.009807466277705668,0.9823116285239402,0.6315429,0.30172294,0.6330156,0.32275447,0.5839532,0.35441726,0.5377896,0.3712034,0.5417257,0.37218046,0.55166095,0.3736072,0.5154681,0.37996548,0.48631042,0.37721828,0.5199264,0.35256585,0.51939756,0.31339625,0.5484174,0.29486552,0.5745909,0.28874072,-0.007931168465229364,0.049576715322789594,-0.0037925861188419633,0.05109670643764097,-0.034275984454075425,0.12767137199047682,0.029110542479777006,0.07242729373507213,0.004057546804608937,0.03206835363452351,0.002682980400003872,0.029319600679797383,[95.703125],20,5.7868699725746975,0.06025848,0.028060338,1.4353822,24.323689746836337,13.63748009549973,217.00656838306705,147.96758562046298,1752.977861662181,1539.6923214192364,1.4179106,134.46961305528174,21.335625061922237,94.6606580968763,177.66631669600923,0.500281529802018,-0.9397130398005165,83.00565859913293,0.4697986577181208,3.4560997732426304,22050,/Users/will/Projects/SpeechEmotionCS3540/datasets/SURREY/Audio/JE_n04.wav,JE_n04.wav,JE,Neutral,04,SAVEE
-212.9527,138.27461,-428.80798,37.346333,-0.13035579,-1.2169471,90.52825,64.911896,-79.54414,201.84836,-0.5608338,-0.6324053,-9.845527,40.90023,-101.672745,76.49777,0.14373752,-0.8694346,43.699463,30.38694,-14.933022,132.52527,0.5868761,-0.2764423,-9.318097,27.119654,-81.527725,49.292587,-0.18410234,-0.60957956,-11.240382,27.21518,-79.7552,41.78428,-0.49907777,-0.32244802,-11.111296,17.722912,-51.86329,27.592789,-0.17808245,-0.97987556,-3.083934,16.264791,-38.652367,49.13044,0.28255156,-0.1334858,-13.351572,15.603384,-51.11085,24.56514,-0.19300483,-0.7077286,-5.945415,12.230221,-40.700775,25.433258,-0.26148227,-0.45764422,-7.8372493,14.483938,-37.991486,32.236973,-0.028084654,-0.5639181,-4.8570924,8.556227,-31.700542,15.730734,-0.3403905,-0.10491347,-1.3554153,7.9747825,-34.469414,24.577827,-0.44553462,1.3162184,1432.3336994022309,1045.6652251732794,1.7591525741522043,2707.946919838278,1769.3700262231703,1456.4427716549878,460.1584775310973,0.057600088156614784,0.07330072419663745,3.0708815396096254,0.35782412,0.34341028,0.34462005,0.3288999,0.33782822,0.33665973,0.3212626,0.33208662,0.3575202,0.34916833,0.41500032,0.38010293,0.39433798,0.36360714,0.38333854,0.3505727,0.4389688,0.35696137,0.45913184,0.3655735,0.37316033,0.333991,0.34828532,0.3432901,0.01236075085394422,0.05639360814773004,-0.004150139852465356,0.060496941833683905,-0.023915552639254413,0.1160956421855814,0.0330553141998752,0.10189834036106712,-0.011422245632674159,0.034948493278328496,-0.0007730067303541656,0.03400275125787492,[103.359375],26,4.364541620354157,0.2505362,0.22760157,0.64333975,24.83069273966952,12.977602419554062,994.9744003874235,569.1400369351679,1822.3991105552907,1237.5677785737068,0.3604065,187.55945267518806,53.96094734420565,99.71184887709214,302.26980244077964,0.25544317418864926,-0.8274705415316017,202.5579535636875,0.6147859922178989,5.957097505668934,22050,/Users/will/Projects/SpeechEmotionCS3540/datasets/SURREY/Audio/JK_a14.wav,JK_a14.wav,JK,Anger,14,SAVEE
-312.0298,124.70229,-489.03122,-135.46489,-0.17751127,-1.5967104,114.54668,68.782524,-34.504772,225.51103,-0.060277805,-1.3413614,-1.0304396,36.564888,-85.85479,74.75729,-0.45518413,-0.9264543,23.673086,23.31104,-27.536371,87.294,0.1719483,0.3177035,6.1813145,24.291409,-50.884583,60.62267,-0.39571765,-0.31110644,0.5073596,20.603888,-41.627964,42.236847,-0.13808955,-0.877913,-15.402152,17.54478,-57.45391,15.031359,-0.379917,-0.8193233,-4.5403013,11.702369,-34.13639,21.582344,-0.11302863,-0.5124097,-6.6532607,15.077207,-52.790596,18.72742,-0.68473005,-0.10016823,5.4525394,14.121862,-37.916893,28.579666,-0.59093803,-0.060440063,1.7257215,10.657002,-28.43559,27.706417,-0.4394207,0.121068,-8.801912,10.170512,-33.869804,12.340467,-0.16576613,-0.6727526,0.4039213,8.791754,-21.019688,20.117836,-0.14044513,-0.38905096,1006.4981889686153,799.2317931652608,1.7428222564822609,2005.10009765625,1864.9719874682262,1287.3909234291093,630.2468198814006,0.028245442708333332,0.029922186105924106,1.3845322463278842,0.45207,0.31125182,0.45394754,0.31431276,0.42512482,0.33544564,0.40417242,0.34126863,0.4381213,0.3534897,0.5533729,0.3563747,0.53521323,0.3327313,0.4620041,0.348019,0.49356246,0.37170187,0.54351234,0.39262396,0.48729217,0.3562407,0.424931,0.31439137,-0.002601705075697356,0.05805454525812988,0.01685563628360497,0.08310060978346652,-0.044422635423640944,0.12265814455163641,0.010774255100016224,0.11906415114991661,-0.0030351748402488274,0.03813246102248716,-0.004327662445139103,0.03143417141471864,[78.30255682],13,3.7332482450542437,0.11595492,0.10002974,0.8052505,25.336539484266037,13.732904934208134,558.3729917335972,351.53923518399847,1749.965443947201,1203.0799098819675,2.5900903,184.1751786805143,42.50103591689188,103.22817963382575,285.30470202322215,0.3859527645725814,-0.3312740446637279,182.07652238939642,0.5133333333333333,3.482222222222222,22050,/Users/will/Projects/SpeechEmotionCS3540/datasets/SURREY/Audio/JE_h02.wav,JE_h02.wav,JE,Happy,02,SAVEE
-618.36475,95.762955,-751.9143,-417.45764,0.115750924,-1.2686265,129.06929,67.59193,12.733017,238.02417,-0.036644567,-1.542268,30.565672,32.5839,-54.06095,100.87966,-0.4522492,0.09851742,31.812618,28.077618,-11.337814,108.20474,1.0058036,0.43896985,9.978585,32.34572,-57.65166,95.28111,0.40901825,0.07816267,-9.426108,27.053173,-87.303185,39.71469,-0.7188835,-0.029219627,-1.7907615,17.145672,-44.719444,29.798695,-0.38391897,-0.7666621,3.2068253,15.182592,-38.331654,28.994835,-0.614645,-0.37016702,-8.393879,18.7821,-47.31492,22.907114,-0.255113,-1.0594804,-9.0604105,17.684351,-54.81089,22.879177,-0.45120668,-0.89187384,-0.3121328,12.464145,-39.739113,30.692295,-0.82400376,0.7995522,-1.7755009,12.56701,-38.94992,24.812958,-0.7461055,0.49445653,2.5282855,8.43388,-23.62669,21.171951,-0.018679997,0.39358044,783.706766443337,494.24392008424394,2.699393810325129,1317.2447620738637,1180.791144130756,1303.9780588570445,590.766391189787,0.019803503787878787,0.018581640324396204,0.5093659559694349,0.4013888,0.33902907,0.47802424,0.3495861,0.5013808,0.33139846,0.43582034,0.36419514,0.44095048,0.409452,0.44840422,0.38826108,0.45062524,0.35126275,0.492185,0.37015277,0.4633971,0.36297166,0.48946634,0.35244384,0.55480504,0.35312018,0.45944768,0.34524328,-0.009005591899939186,0.07281686530449188,0.011847155575231362,0.08885193695607312,-0.0007472020715028027,0.14130591007057675,-0.056850189887777895,0.14442781309707076,0.020174338589447078,0.04012576569122189,-0.01954184398901723,0.04160756400244493,[63.02400915],14,3.669364903897586,0.0071563288,0.006327132,1.3668953,24.09472474031068,11.051876190085505,439.9431098712225,124.68315907851617,1799.4841783356667,1282.693016436949,1.0165734,114.80020152532737,22.613306935554455,83.8473362790669,152.89100418265707,0.40448613507651526,-1.3721633152687764,69.04366790359018,0.4666666666666667,3.815374149659864,22050,/Users/will/Projects/SpeechEmotionCS3540/datasets/SURREY/Audio/KL_n07.wav,KL_n07.wav,KL,Neutral,07,SAVEE
-614.656,97.81469,-776.4494,-468.34705,-0.1743557,-1.4099139,138.84038,74.392685,-29.818607,240.76535,-0.22002703,-1.3051522,28.074236,34.711792,-33.725983,104.41321,0.024636844,-0.7674513,29.870943,30.231106,-28.723534,110.92691,1.1550047,0.8704612,6.490855,25.023073,-57.508297,56.583866,-0.73495156,0.019548893,-6.9651628,27.18922,-91.84802,39.42473,-1.0020481,0.6678169,-5.6393886,12.823965,-36.570927,13.899856,-0.49824843,-0.79414773,5.0342402,13.381997,-33.78753,43.241203,0.0036421926,0.5434909,-12.758858,17.303911,-50.72003,24.020233,-0.17590995,-0.8411236,-14.4395895,20.129614,-52.218864,20.836037,-0.038609765,-1.3056823,-1.8196518,11.743032,-37.52999,21.343536,-0.71469206,0.15743113,-2.6402795,11.000135,-43.3406,19.765339,-1.2196432,2.1359015,-0.57576555,11.147764,-25.587166,35.407066,0.81071633,1.1749,964.7581380251231,783.4649587615118,2.637744320880832,1682.9736328125,1464.8716472441208,1372.1111733434473,664.3707651681674,0.026171875,0.025787942741500605,1.6592337376693913,0.44888386,0.31492049,0.38195333,0.27741292,0.3821441,0.30221078,0.36631936,0.32615626,0.36498743,0.37018716,0.3565793,0.33475915,0.41112176,0.33786848,0.45767838,0.35335243,0.45190203,0.31583557,0.53782445,0.33602643,0.5895935,0.3596789,0.47233647,0.33010247,-0.009845744274374981,0.08392545850466517,0.01663172414632441,0.05213655286338181,0.01640710594753384,0.12161272956542346,-0.006987088111540117,0.11827486980235265,-0.00418629179200898,0.032972648227991785,0.010944636159443475,0.030412675639386,[198.76802885],11,4.523245622214349,0.006940257,0.0059988103,0.8574533,23.901558962858417,11.358857898262738,507.81351155162315,126.0029129216425,1777.9496573918605,1392.5509851874729,0.38278612,143.0522435450588,9.913231695043327,124.90548719779652,157.37105256787842,-0.2440957366511455,-1.3038284087974754,32.465565370081904,0.3047619047619048,2.4318820861678003,22050,/Users/will/Projects/SpeechEmotionCS3540/datasets/SURREY/Audio/KL_n13.wav,KL_n13.wav,KL,Neutral,13,SAVEE
-641.701,81.23533,-759.8148,-483.9156,0.276685,-1.0832448,146.75168,62.99956,-8.94396,254.8595,-0.20528989,-0.923718,47.06752,28.277786,-26.786701,112.22107,-0.18637553,-0.05223775,29.907263,25.189804,-23.435287,117.91839,0.9801974,1.9015446,5.8593917,29.215223,-65.916306,65.374466,-0.2602694,-0.2066083,-7.7061105,31.550114,-98.178276,36.215515,-1.2644858,0.73286366,-3.907179,15.957788,-43.396435,18.30455,-0.60383373,-0.65285707,5.1606455,17.898613,-32.404926,47.80726,-0.23471479,-0.37601924,-6.5570474,16.501345,-40.39891,34.408287,-0.04140949,-0.74538827,-8.472738,17.099405,-45.915268,22.72179,-0.3830106,-0.7553625,-2.1890213,12.483749,-33.457733,34.403732,-0.22193745,0.3043971,-1.4542202,10.554775,-30.83743,29.931984,-0.11416071,0.8234124,-1.1524302,9.256522,-23.499676,23.297703,-0.062455915,0.032505035,733.4161638763039,702.0392881928891,4.0025913347079225,1065.5888395489387,1204.4378549802955,1208.19403022265,536.1701516294249,0.024607532429245283,0.04495749455660178,3.9545533144454375,0.43271562,0.34110507,0.39954618,0.3219694,0.4352575,0.35627198,0.42702568,0.342579,0.4082812,0.37194186,0.4248683,0.37400213,0.4646444,0.3589275,0.57440996,0.34460205,0.5350133,0.34414613,0.5139585,0.3250817,0.56027114,0.34711492,0.47116873,0.32343706,0.0028827910545311457,0.07881816903104104,0.021880291943476186,0.05281253672010054,0.06347434510880993,0.10150397120648376,-0.01059308229014326,0.12808979964429468,0.0005059310235772466,0.029742878165225556,-0.008222228032536714,0.042024911698996345,[129.19921875],11,4.471132576316178,0.005894643,0.004803325,1.3628168,23.584398015280016,11.090239556799348,394.6728208405129,121.79243574594464,1432.5414854973958,1142.4515412236294,0.7817097,117.605860351226,21.195200020519774,88.32151700497141,152.01041679645533,0.4968747144234705,-1.2782196713468836,63.68889979148392,0.4716981132075472,2.4602267573696146,22050,/Users/will/Projects/SpeechEmotionCS3540/datasets/SURREY/Audio/KL_n22.wav,KL_n22.wav,KL,Neutral,22,SAVEE
-366.32434,127.81846,-557.2584,-137.68172,-0.08585224,-1.467033,123.891136,73.290924,-37.34661,250.35095,-0.058969326,-1.0414481,-3.5437634,45.00045,-127.421814,92.04265,-0.41068682,-0.3979466,31.728899,23.860807,-21.725018,110.90664,0.7595884,0.921159,0.7252688,34.608963,-77.94655,80.854004,-0.24962312,-0.6902418,4.8567348,19.831926,-43.0168,44.68107,-0.22226581,-0.494272,-16.123072,20.950798,-75.06535,32.77454,-0.2530572,-0.19785213,0.18484592,16.290176,-33.11534,45.83465,0.3959272,0.13934994,2.635914,14.081094,-35.557667,31.838234,-0.48893756,0.17091537,5.370946,11.912006,-26.72869,41.249825,-0.04945075,0.73511624,3.9274654,11.008225,-23.847862,31.497854,0.18821946,0.08387232,1.8536234,9.515003,-19.92884,25.000925,-0.09794748,-0.46282363,2.9783187,8.652418,-32.543873,22.1133,-1.0271608,1.9098611,971.2735669818903,955.663471432416,1.722017798488553,1837.7111098345588,1998.8106343146815,1234.7803677044756,663.4455960558759,0.015487770629084968,0.01667680782595441,0.6319163521882831,0.6425911,0.29119006,0.57033336,0.2949639,0.565061,0.3448944,0.56770223,0.35666847,0.61957145,0.35865885,0.6495929,0.35700294,0.60795367,0.34513283,0.6277449,0.32799998,0.6012349,0.347735,0.5651893,0.32393286,0.5420262,0.2913973,0.5771597,0.24683022,-0.01074914922270675,0.05303318137430558,0.020992981805799137,0.05663857874662644,0.009078202878727187,0.09273982959258678,0.05335786271523762,0.10983022641752258,0.008102237016337171,0.03275931460430371,0.002070114736329644,0.03512738103915664,[92.28515625],15,4.23473829765441,0.07197334,0.044722497,1.384172,24.138013679704464,13.81828123734792,378.25057662777147,243.63408602522367,1834.2776855009974,1359.3033889743317,1.8000604,132.77802187589614,4.064013724195981,122.05264192746294,144.30989148811935,-0.15144927163224003,2.1909489051632836,22.257249560656405,0.16993464052287582,3.5421315192743763,22050,/Users/will/Projects/SpeechEmotionCS3540/datasets/SURREY/Audio/JE_d02.wav,JE_d02.wav,JE,Disgust,02,SAVEE
-349.59637,103.27595,-489.72015,-144.5957,0.22616893,-1.2878247,96.51675,59.525974,-53.62035,230.5864,0.051794827,-0.9803386,17.19177,34.4809,-58.27793,111.24799,-0.2499864,-0.22231793,28.99007,34.195213,-34.301113,120.114136,0.51106495,-0.20100641,2.4611845,22.207838,-61.723717,55.258255,-0.58522445,-0.19318223,-1.1143639,21.41649,-47.87796,54.619186,-0.01616785,-0.25596833,-11.326571,19.598557,-65.81535,24.8772,-0.7471573,-0.17678046,-9.004453,14.848407,-68.28069,15.337505,-0.9379836,0.78483224,-9.93484,15.958733,-61.28231,16.524933,-0.65573263,-0.1223135,-2.2034485,16.317682,-39.082348,38.32876,-0.12575786,-0.23807597,-2.1906593,13.782429,-38.486237,27.252806,-0.3848012,-0.566602,-4.690104,9.429173,-37.272694,15.850261,-0.78327596,0.6489606,0.659868,9.120549,-25.781998,29.660528,-0.1067077,0.63253474,856.7742883236788,788.2627271107053,3.1704082744759843,1418.461119729366,1523.9595774515715,1184.6220251158868,467.77324818937956,0.029792165071770335,0.043156370041472374,2.9202576370789832,0.32706386,0.3434847,0.3249048,0.35804304,0.32575718,0.36217484,0.3407461,0.3451865,0.42691052,0.37280476,0.44361287,0.41130218,0.43265733,0.40331358,0.44621444,0.37652156,0.5592954,0.3504469,0.65707093,0.33324903,0.47874138,0.33810505,0.3537892,0.33675373,0.017414300399888887,0.17138533016223712,-0.03639536635205117,0.1097660288043372,-0.04591626168170829,0.17902612847718807,0.07937467506525156,0.1845649917635545,-0.023538159280061293,0.07765022346132974,0.0033958575331258546,0.059301753459454175,[151.99908088],16,3.303525445947844,0.11027466,0.10230917,0.5896054,26.0532938620559,12.945005095234063,474.02979590061864,259.196715848451,1631.1598545651962,1010.5807177743372,2.0205941,211.9403700340919,22.161742277467305,139.3941668115768,282.02769802256034,-0.3791076170367066,1.8462839366897938,142.63353121098353,0.6124401913875598,4.843310657596372,22050,/Users/will/Projects/SpeechEmotionCS3540/datasets/SURREY/Audio/JE_f14.wav,JE_f14.wav,JE,Fear,14,SAVEE
-438.0071,94.85293,-591.35297,-218.90295,-0.029468039,-1.0774423,124.50653,61.979683,-0.9552785,247.24512,0.1001137,-0.99551964,30.48961,30.966097,-44.887356,112.96711,0.008919444,-0.22202182,47.31956,33.68186,1.2540462,143.9232,0.9095177,-0.16268444,10.799359,25.0076,-46.684464,61.42001,-0.15581368,-0.41941404,2.2845664,25.64717,-59.123665,56.338097,-0.38196534,-0.3363328,-23.025305,28.24987,-79.827194,22.370113,-0.1365023,-1.3239633,0.20949215,11.804793,-34.319305,41.094788,0.04388765,0.9274497,6.1792097,12.637516,-35.003967,35.777172,-0.4075941,0.51064634,-0.8032793,12.708198,-52.009865,27.026693,-0.7127663,1.5501981,0.137055,12.163863,-27.97493,37.13719,0.025428714,0.14539981,-0.3537844,12.398885,-31.788342,25.7011,-0.44201243,-0.44040084,0.8419454,10.266556,-31.314241,22.79507,-0.6334492,0.3652041,630.2153442079854,554.149136764142,1.6148932300003156,1312.4876458960844,1665.2061415175258,1144.8147231738083,626.7527700240373,0.00701242469879518,0.008534226213178345,0.9713459911083312,0.61324376,0.31861138,0.6068515,0.3047383,0.623048,0.3315309,0.60033023,0.36877903,0.57849056,0.3922596,0.6091564,0.38141486,0.59542733,0.3722593,0.5403807,0.38118973,0.55529416,0.3499792,0.589416,0.32225963,0.60882497,0.28988957,0.6048318,0.27689812,0.002925659379233993,0.062669111027428,-0.007562610150061813,0.0696810690737049,0.00473989870017693,0.1256834718348561,-0.02160247286826593,0.12986948654506805,-0.011658410043590382,0.04435642277547413,-0.011852416301045152,0.034125974826258565,[143.5546875],21,5.478260869565217,0.059774272,0.021398002,1.2546545,24.688525370847113,13.488115595589926,234.19901749998974,160.3566330811129,1768.1715100000029,1335.4834219861673,2.1256607,136.55787640618263,17.73083440213251,108.1102658399776,178.6955271983718,0.6122342419932445,-0.6491044301995958,70.58526135839419,0.5421686746987951,3.8333333333333335,22050,/Users/will/Projects/SpeechEmotionCS3540/datasets/SURREY/Audio/JE_n21.wav,JE_n21.wav,JE,Neutral,21,SAVEE
-444.8209,86.67806,-568.10925,-228.7855,0.0010643319,-1.0773779,139.1428,68.8799,-42.564354,261.74377,-0.16991958,-0.50493646,27.193056,33.50714,-76.30315,108.58421,-0.8420251,0.94749355,49.434647,42.14823,-18.496714,156.8106,0.8708279,-0.32693005,14.575714,31.596043,-53.207054,105.03211,0.13369055,0.118043184,1.6051733,25.712252,-57.56373,71.46395,-0.10447401,-0.28770256,-11.809842,22.142391,-71.24229,42.73927,-0.27190697,-0.08400917,-5.6046968,14.489317,-51.680458,23.06374,-0.91268426,0.8179252,0.5902101,16.890308,-40.074722,43.242752,-0.33763477,-0.09669852,-3.7721431,13.537439,-43.573917,21.957409,-0.6033257,0.054130793,-2.2170923,12.827949,-38.76947,34.179245,-0.15925892,0.35686803,4.0173054,9.003171,-27.557495,28.56157,-0.508195,0.9805267,1.9945538,9.758963,-22.59499,28.539448,-0.054451905,0.24781442,591.6275486423414,556.5656469472244,2.0247952138193073,1111.685682852057,1493.5007732580118,1018.3501907680677,573.0370432456677,0.006499085245253165,0.0072596337196075555,0.6259164676818499,0.6552569,0.27870232,0.67074925,0.30112496,0.6429146,0.32641506,0.58857185,0.3572247,0.5833537,0.37787554,0.59745884,0.38621712,0.5868207,0.37725756,0.5484365,0.3716462,0.5739099,0.32829854,0.60775834,0.3198682,0.5639886,0.29604787,0.5615632,0.26704443,0.00835232636961939,0.04562138764903515,-0.018342651434096545,0.041764621815922116,-0.02860151553125742,0.09580617782335513,0.04882485417743413,0.08221922906637644,-0.0023442614401762143,0.024292414542634158,-0.0012510062705230235,0.025031511877906792,[135.99917763],18,4.934480443593505,0.056501,0.019562736,0.8196977,24.161274750636323,12.956154092438206,195.15527159238886,136.10165668820986,1513.644130555336,1192.1870416403162,2.866339,136.73065744456127,16.566547507597488,107.48759652776705,179.73069985652097,0.5246945811799856,-0.09809495691822656,72.24310332875392,0.4240506329113924,3.6478004535147392,22050,/Users/will/Projects/SpeechEmotionCS3540/datasets/SURREY/Audio/JE_n09.wav,JE_n09.wav,JE,Neutral,09,SAVEE
-605.2779,75.35079,-731.9438,-424.60373,-0.2225763,-0.964895,109.9099,68.812584,-52.442238,225.3654,-0.46004206,-0.38629293,30.773623,38.10961,-68.28963,104.13742,-0.09169731,-0.61202407,47.736416,40.228672,-52.75715,147.62076,0.69630677,0.116384506,15.826767,32.547554,-40.82672,85.17314,0.33918273,-0.775537,-5.3795547,32.175297,-81.64872,53.422462,-0.63754565,-0.35260272,-12.839473,20.011118,-61.600193,37.633713,-0.12045483,-0.5808389,0.06369112,16.913656,-44.99647,34.68287,-0.3883371,-0.42952013,-5.6335964,13.43772,-37.631428,20.609995,-0.29402685,-0.6246197,-6.584789,14.782075,-48.08184,32.467655,-0.3009599,0.21472502,-3.0575416,11.455408,-33.709183,19.032814,-0.6751279,-0.1325965,-6.6051264,12.802271,-37.7062,12.769335,-0.5891935,-0.6026349,-4.1731114,11.21861,-28.596123,28.29467,0.102818504,-0.6824446,824.0975621258875,860.2419229489109,2.2207439695717834,1350.617646008003,1715.6594454502313,1205.2299661551585,537.3686553679902,0.014996784489329269,0.013801282887217955,0.3244286484819923,0.42568126,0.3862168,0.44822982,0.3601852,0.5132437,0.37890092,0.56030995,0.39900383,0.4911099,0.3853224,0.47057092,0.38852793,0.44748756,0.39616075,0.43545392,0.37235254,0.47089657,0.40223473,0.43046936,0.37509093,0.39091435,0.34686756,0.374879,0.34019944,0.01759702137487605,0.09774646595978392,0.02742184729567156,0.06810690905871909,-0.00923865227165062,0.109780233761291,-0.022993391578472317,0.17608983315270557,-0.01831832354394679,0.04759259984578213,0.003481141354025511,0.04203202576697101,[107.66601562],12,3.169469598965071,0.00862182,0.005187885,1.6224356,24.944559257395223,12.117515274653938,295.8612886270341,119.8134310367234,1727.1652616735448,1305.0362615968106,1.1903623,202.74344936193165,101.90747385874836,83.3644111580719,458.1553471153147,1.3794093428358218,0.4359428947475794,374.7909359572428,0.5182926829268293,3.786122448979592,22050,/Users/will/Projects/SpeechEmotionCS3540/datasets/SURREY/Audio/KL_d01.wav,KL_d01.wav,KL,Disgust,01,SAVEE
-602.2697,94.772385,-759.6728,-399.78934,0.0848562,-1.0610852,140.34004,61.3282,-4.1825643,240.68365,-0.31092656,-1.1069921,34.956654,32.40177,-42.296494,102.708405,-0.36157438,-0.579479,33.21996,33.077103,-38.859177,143.07385,0.75628555,1.2538075,5.073498,31.742699,-84.99557,84.91537,-0.31039527,-0.17952871,-5.7724476,29.949022,-95.88106,50.274487,-0.7435346,0.5980122,-11.644853,19.18616,-59.487785,21.920643,-0.48692575,-0.5279002,-2.220069,16.85897,-47.132797,37.982285,-0.19834533,-0.22337294,-8.495831,13.622099,-45.656143,17.598946,-0.34623453,-0.60604215,-12.19709,14.858256,-52.298164,20.393993,-0.10887001,-0.53782654,-1.2500327,12.550322,-37.78185,33.74013,-0.28498313,0.48444533,-4.2832065,11.937433,-34.580715,33.835693,0.16573568,0.535249,0.45305222,10.604786,-29.476204,31.381653,-0.3992585,0.88440204,844.3172736016202,653.0434571045669,3.1452593200219154,1447.1248726222825,1406.1018163193612,1278.6766677397356,562.3485847921921,0.022269870923913044,0.01728197699026804,0.7155376490549261,0.39585167,0.3167146,0.40260708,0.31357846,0.37247932,0.31252697,0.3535735,0.33940855,0.3754571,0.3438092,0.4202054,0.34670448,0.39625928,0.3311253,0.40800542,0.32471496,0.43535268,0.3341789,0.46628788,0.33386663,0.5192673,0.36220452,0.4279295,0.31282413,-0.010351355939525813,0.05613500626896203,-0.00047901570270388207,0.0709564622306092,-0.02880542249337856,0.11402075808444453,-0.009019829944262541,0.12719411860424432,0.004622185255397448,0.036046676288748254,-0.01169835976881739,0.03314371586430412,[161.49902344],24,4.4990435706695004,0.0067237187,0.005368195,1.322482,24.0315786086499,11.282643576692774,470.48694655220737,142.25618110183234,1548.6185140124867,1277.192039394558,0.49266535,135.78885387107886,46.4891684332373,89.86534992826049,305.78200836531414,2.7068256788962954,6.376906772638023,215.91665843705366,0.5,5.334467120181406,22050,/Users/will/Projects/SpeechEmotionCS3540/datasets/SURREY/Audio/KL_d15.wav,KL_d15.wav,KL,Disgust,15,SAVEE
-297.13522,127.813034,-482.54272,-89.64166,-0.25215435,-1.4887704,121.770996,74.641846,-3.3065786,242.29353,-0.19381344,-1.5414683,-7.801143,40.376965,-109.37497,72.10846,-0.458691,-0.77190423,18.55096,31.510492,-66.7764,86.98653,-0.46137086,-0.06744385,14.2436905,27.121033,-70.82427,79.910446,-0.49914816,0.54979277,-2.385438,20.194702,-57.517185,47.27809,-0.29723892,-0.33671093,-20.385468,25.63586,-76.25549,17.48332,-0.19070138,-1.1255625,3.7156265,9.938756,-32.570206,30.462631,-0.8378499,1.6803665,4.50104,13.334144,-26.93217,28.965761,-0.54055077,-0.34834552,-11.746762,17.682367,-44.540833,17.171743,-0.03197688,-1.3679687,2.8366985,12.044725,-32.191746,30.999775,-0.5034901,0.58919144,0.4351689,7.474139,-29.885637,17.99589,-0.927668,1.2574496,-4.346912,10.87384,-29.5174,19.037308,-0.39204487,-0.8326373,840.9908080927962,708.0230354037292,1.9376825170742282,1565.565029886745,1493.9136737770518,1057.3522369999523,494.86448913927444,0.024951499580536912,0.023245534878854866,0.49796674259431345,0.48996052,0.34669405,0.60858744,0.30902344,0.6584674,0.34265426,0.58821416,0.3633974,0.5279481,0.39937687,0.48712885,0.41078058,0.48251492,0.40858158,0.45932564,0.40464723,0.49597988,0.37625378,0.5537124,0.34561783,0.48090982,0.33924714,0.38663203,0.32859907,0.009580673229551674,0.1024251276439969,0.004527022686316256,0.09000153614477051,-0.052160200609782194,0.14492927008129314,0.005372612868379032,0.14654345870215488,-0.0071003947235281665,0.05220659017814828,0.0017123031156487643,0.04517783811970754,[83.35433468],15,4.36282333698276,0.12921207,0.09205814,0.74354005,24.870607765541315,12.685372326535465,414.0563457430996,249.7052566571134,1584.7430196872688,988.8403432015058,0.66876024,149.01357480948866,21.256323766912942,120.65074776640884,217.47308447763714,1.7964742068519663,2.919899187424307,96.8223367112283,0.6040268456375839,3.438140589569161,22050,/Users/will/Projects/SpeechEmotionCS3540/datasets/SURREY/Audio/DC_a02.wav,DC_a02.wav,DC,Anger,02,SAVEE
-649.5165,114.01603,-776.21014,-428.2103,0.5719678,-1.1449827,113.248146,64.06343,31.991463,246.9758,0.61777,-1.0176407,24.552427,26.695753,-51.074684,93.2865,-0.5574952,0.43023586,33.96994,29.315214,-12.969536,139.8682,1.8569684,3.4166956,17.426905,30.144598,-62.11889,75.010574,-0.55920225,0.0860157,0.6554722,29.047739,-93.776215,33.172905,-1.7513665,2.622373,-4.195209,18.370808,-54.06548,22.033993,-0.67833,-0.3648417,2.4961345,10.795688,-26.128162,26.238491,-0.67312825,0.36215496,-4.478792,14.9663515,-38.333427,22.730415,-0.64900017,-0.51179624,-6.0688944,12.350792,-41.240753,14.2386055,-0.98599976,0.013308525,-2.026738,8.505404,-25.907574,21.60672,-0.7401946,1.2581344,-6.0077934,9.636394,-34.513084,5.9663296,-1.1824988,0.48115253,0.47073653,8.1539955,-16.700363,25.315973,0.3956467,0.31089902,837.8493289958851,416.33699664158786,4.438980539420037,1532.4462890625,956.6018124088486,1545.6376796270424,580.4041972093612,0.017715845352564104,0.024727171068411706,1.9360585392819534,0.45578676,0.3428043,0.4547898,0.30079395,0.5304101,0.31513345,0.5252292,0.32499534,0.62625027,0.3919484,0.5297745,0.30401993,0.4934095,0.3039441,0.48232153,0.3055733,0.4061111,0.3170542,0.42181116,0.36437443,0.43295935,0.35518277,0.5289051,0.42630678,0.014667699337326368,0.05625690931151013,0.028073542366239462,0.0649028700600876,0.022018118462978513,0.1554229963941061,0.012456735046818733,0.09515713764667363,0.003006114428727475,0.052143186873964374,-0.01928994634176766,0.030156054134073042,[161.49902344],6,3.3142943033218097,0.006362612,0.0067203874,1.1939887,23.02980634517611,11.411833003544123,482.2429983985098,108.4816833347067,2067.714772559579,1204.1527935872996,0.8807047,219.26673866494178,65.93031512196004,99.13755088719131,312.9293240034019,0.03650643617814134,-1.3573458128406277,213.7917731162106,0.7948717948717948,1.8103401360544218,22050,/Users/will/Projects/SpeechEmotionCS3540/datasets/SURREY/Audio/KL_f03.wav,KL_f03.wav,KL,Fear,03,SAVEE
-607.7408,106.903786,-764.82056,-438.90475,-0.16833012,-1.5600563,150.93616,66.45161,3.9009213,246.84068,-0.28646073,-1.4098283,18.692713,31.531973,-49.175354,74.80574,-0.57528394,-0.84200215,17.556248,24.156553,-33.104435,104.22066,0.6495288,1.5939159,6.478016,25.2363,-65.14166,61.08687,-0.20314148,-0.50560737,-5.5538464,22.241905,-52.518005,41.598007,-0.098982476,-1.0354818,-2.2512264,15.196127,-54.326134,24.410105,-0.76500124,0.5188544,4.615106,14.586212,-32.61029,42.938538,-0.37043756,0.60565734,-10.709656,19.766045,-51.729042,28.308298,-0.518255,-0.9880426,-10.9358015,16.218119,-59.39692,16.934578,-0.7193862,0.0080907345,-1.0870198,11.09461,-33.085,25.485914,-0.5175654,0.40077782,-2.7084131,12.219573,-42.270393,23.994019,-0.26230457,0.32799625,2.8955169,9.73372,-16.908348,27.573208,0.3360268,-0.25972843,824.8176493335978,506.5633126439132,4.440998539936859,1339.4209236934266,924.3766083694079,1308.1763314207749,577.9529230094159,0.02417413119612069,0.030313772295506428,2.8426559185045397,0.49310058,0.34483626,0.44168183,0.28646305,0.46614242,0.28213814,0.5285711,0.32463586,0.50376606,0.3858147,0.45469686,0.39644635,0.3618329,0.30538213,0.4293374,0.32545793,0.43008804,0.3014267,0.43672064,0.30020934,0.5207493,0.34492826,0.4786544,0.3216541,0.00039842077722288726,0.08740707385493858,0.0347860327550319,0.058454013594069494,0.02175224460019079,0.09865375036983184,-0.006560189521004814,0.12354490873362405,0.0012417662921111587,0.03470800613726689,0.0022473250182570813,0.034333444524886646,[117.45383523],12,4.49030155955674,0.00694724,0.0056861425,0.5775031,23.692361350831234,11.37699896977042,518.8918485362564,121.06447446946531,1577.3528571440904,1029.7646175590003,1.4840721,177.41980293374672,64.41306928881924,127.82501456536235,329.6275569128699,1.5826006944952287,0.6836494047402448,201.80254234750757,0.5689655172413793,2.6724263038548752,22050,/Users/will/Projects/SpeechEmotionCS3540/datasets/SURREY/Audio/KL_f02.wav,KL_f02.wav,KL,Fear,02,SAVEE
-334.13684,146.81221,-491.52863,-60.006462,0.31490755,-1.4889526,99.70053,69.16439,16.332584,242.11256,0.325138,-1.394539,4.931632,39.99441,-101.2463,89.124146,-0.84114325,-0.11138868,26.754679,28.477383,-39.313362,97.75969,0.66557825,0.31732106,10.594255,23.751081,-53.309814,72.47653,-0.44916263,0.6572659,-2.2876105,18.303347,-44.339943,20.10572,-0.5913193,-1.0792172,-14.036965,26.635569,-72.67584,17.256226,-0.5308087,-1.0670081,7.0789523,8.651222,-11.600349,31.547712,0.18532497,0.27026415,-0.15070523,12.150775,-36.106922,23.145218,-0.9871161,0.69021845,-7.47018,16.805271,-48.5948,12.671704,-0.74139196,-0.6442983,1.136752,11.511116,-25.480494,32.239243,-0.38579062,0.09598184,0.33088702,8.202227,-26.375748,10.873759,-0.9920849,0.39386034,-2.159913,11.059104,-34.990517,10.076481,-1.1650653,0.6161783,602.5888881934151,617.094494487639,2.1750152056601064,1034.19189453125,1232.6171761000332,940.3258948003916,403.2186990950179,0.024663628472222223,0.03161469699430229,1.3771754093116024,0.45412874,0.37913463,0.494921,0.40959594,0.59250337,0.4042041,0.6397895,0.41623095,0.6415667,0.41476876,0.6534297,0.41784656,0.6450136,0.40527448,0.6557797,0.4017199,0.59948134,0.37153634,0.597773,0.3769147,0.5327131,0.34843692,0.4606807,0.334307,0.0067227250789655265,0.08341336114279685,0.008230622992333864,0.06982111055110646,0.02774639105838155,0.14418474900639533,-0.0283774803703035,0.11682976071505337,0.007253973803157688,0.03679284818534852,0.0020903246425506864,0.04145456395031153,[151.99908088],8,3.8544739429695185,0.15014163,0.1306839,0.64107203,23.776811725061517,12.926629930902918,320.2302950548176,247.03195775493558,1410.239437978321,629.7658842297809,0.50445473,188.00644735531725,23.24512993832511,142.65235101161107,231.73942791006385,0.10027880801350395,-0.7817608642740015,89.08707689845278,0.5333333333333333,2.0755102040816324,22050,/Users/will/Projects/SpeechEmotionCS3540/datasets/SURREY/Audio/DC_a03.wav,DC_a03.wav,DC,Anger,03,SAVEE
-610.9182,89.68311,-749.5914,-393.96835,0.18761615,-0.89695454,128.68674,65.13241,-35.859306,242.34785,-0.14962986,-1.0862306,32.01641,31.80237,-51.732124,105.33441,-0.18877743,-0.4057219,35.434765,35.048096,-28.923283,151.07695,1.1187743,0.7599678,10.817734,31.070673,-67.32493,99.14552,0.24818815,0.42699313,-6.2930584,23.43396,-97.43877,47.709007,-1.229539,2.104988,-10.594564,18.083778,-57.24952,16.450962,-0.5950732,-0.69977,-2.5123994,16.97878,-46.221664,39.90677,-0.48906237,-0.13622856,-7.240768,15.087977,-47.40999,18.131027,-0.5906313,-0.65782857,-8.172187,14.128314,-46.422844,21.160156,-0.44005364,-0.40173674,-2.5479872,10.645087,-30.323082,21.339905,-0.31240574,-0.46648335,-6.482539,12.220216,-35.318787,19.242538,-0.21715419,-0.666471,-1.5380414,10.534042,-26.030003,29.665619,-0.0014910117,-0.1572659,913.5180911003064,669.6696823060652,2.870764134186844,1601.25732421875,1377.9153688742565,1366.193383976222,594.5780313162834,0.022670200892857144,0.02180716894250946,1.3096789122934014,0.432199,0.32014254,0.42925426,0.318507,0.38007128,0.3255527,0.3641235,0.3148892,0.42130497,0.36671165,0.4638175,0.38474125,0.43291342,0.33943272,0.4415857,0.33986026,0.44749522,0.29818138,0.46715117,0.32225773,0.4798895,0.34373102,0.43212432,0.30554357,0.016090043788710585,0.05207072929191236,0.005543635432978463,0.09861700995108633,-0.02244408685495478,0.11246109725758818,0.03240114306717378,0.13748620210945345,0.002584818900435436,0.0298675616030141,0.008499280540676517,0.045952688976920515,[112.34714674],24,5.294329504982192,0.0060761995,0.0054480312,1.4756771,23.73107497679346,11.373179586700253,484.92801967362203,108.75149515337183,1620.0507716871743,1207.948484222186,0.3041197,200.18758931523436,113.81674477120308,87.30705785825097,485.3986817520484,1.05973609145398,-0.4032156953862165,398.0916238937974,0.6428571428571429,4.5331519274376415,22050,/Users/will/Projects/SpeechEmotionCS3540/datasets/SURREY/Audio/KL_d14.wav,KL_d14.wav,KL,Disgust,14,SAVEE
-443.98523,99.618744,-596.2884,-244.05225,0.25880507,-1.1125046,133.81326,69.90485,-14.195254,260.598,0.21257845,-1.0062306,20.732264,39.300316,-62.97442,95.575836,-0.26550993,-0.87523365,37.67608,34.98695,-24.136864,152.12817,1.010769,0.7045944,22.338259,26.386253,-39.08264,90.36891,0.3016818,-0.1764195,0.7658758,21.98974,-66.552704,48.151863,-0.65341705,0.61815524,-16.682177,20.282455,-72.25823,22.726385,-0.0104552535,-0.631876,-3.3770537,14.076763,-41.880245,26.868288,-0.43172014,0.050802708,3.885417,15.202547,-29.57439,38.371407,0.38095623,-0.1771934,-2.0952454,11.756254,-43.3396,16.659328,-1.0573536,1.1358328,-1.8393807,10.519304,-30.082455,18.661713,-0.6344801,-0.0072579384,4.7273006,9.26808,-15.036606,34.589073,0.25152937,0.85173655,3.129456,9.045531,-20.833147,24.69791,-0.25331894,-0.38875914,533.4623966487108,482.7413455989017,2.0933148593795723,1048.9970631843066,1332.7317429250163,961.3535580501172,501.19740584198865,0.007527372262773723,0.009478346501808118,1.0274594272804993,0.6041089,0.30806485,0.6003297,0.33236995,0.6087916,0.37063292,0.5619316,0.3873128,0.55994326,0.39533824,0.561069,0.3757778,0.5152252,0.3735533,0.52093893,0.35771286,0.5894809,0.33126366,0.6369485,0.27229467,0.65451443,0.26658317,0.6018634,0.27685857,-0.005260120373178757,0.0648672751085201,0.0037987496183045063,0.05057439418083648,-0.0004280401788057514,0.12968049903021625,-0.030449271528390658,0.14970802684905965,-0.010147490309865535,0.03741097697431123,-0.0077751932383589295,0.04547878329341788,[234.90767045],13,4.093011965616701,0.057557017,0.023159623,1.4205045,24.26575226929175,12.735558787926593,193.26939225452017,135.2589360286128,1536.1033523544195,1079.210546385113,1.4830059,126.86080051296685,14.450629924895463,105.03257643014581,168.66611791365605,0.6675328389983072,-0.342964996625744,63.63354148351024,0.5182481751824818,3.176145124716553,22050,/Users/will/Projects/SpeechEmotionCS3540/datasets/SURREY/Audio/JE_n08.wav,JE_n08.wav,JE,Neutral,08,SAVEE
-430.6354,103.43237,-597.737,-228.16385,0.10202027,-1.363211,130.01599,81.89174,-43.726868,256.61588,-0.101775825,-0.88288236,27.347889,33.543972,-59.400246,100.089966,-0.52686787,-0.36563182,41.849033,38.089573,-22.681787,149.27737,0.80389255,-0.07281232,7.39077,27.367714,-62.597504,73.80644,-0.24347833,0.08094478,1.1906203,28.14574,-58.131126,78.90322,0.3047408,0.09273863,-13.998175,22.749302,-65.54595,24.068226,-0.6125871,-0.8327372,-2.5551634,14.0609,-40.210983,24.116478,-0.6273931,-0.12407279,-0.86420983,16.006073,-52.061134,32.402885,-0.61778325,0.5535171,-0.19302219,11.801231,-35.33259,28.747734,-0.24973013,0.037997484,-1.0506696,12.101474,-41.739883,27.376457,-0.74693793,0.9640062,0.9191341,10.442947,-24.155508,33.572754,-0.17202634,0.1672802,4.705023,9.770731,-27.262545,25.182951,-0.7509768,0.9089899,706.440035103068,774.3990685062141,2.123297198666836,1284.9498820754718,1782.5451217548266,1068.9525385374075,672.3049424144101,0.009943740172955975,0.011891298266781057,0.765988815723733,0.6761882,0.3135257,0.6115842,0.33227617,0.5962449,0.37353924,0.575048,0.38630936,0.5902913,0.38367075,0.59589994,0.38777077,0.5759172,0.38694218,0.55376726,0.3765698,0.5251447,0.37520367,0.5037609,0.35885075,0.5284366,0.32380453,0.58894926,0.27672684,0.01071530385492375,0.06158270474715703,0.0053810245517189655,0.1036176270889023,0.024205351301099468,0.08850282125863086,0.04814898751605753,0.15120793466229965,-0.0033615510718313334,0.029632242105815682,0.00556218939095315,0.04946553290017542,[112.34714674],17,4.620476284390099,0.06509643,0.031939015,1.0968401,24.435652654570113,13.244764134498638,204.9076598131585,141.10738994740765,1702.4283803689916,1411.7282537347205,1.5898302,142.00357882126931,21.10025792428053,114.5388367788287,188.23090565017245,0.6206463180526205,-0.833425662276678,73.69206887134375,0.4339622641509434,3.6792743764172338,22050,/Users/will/Projects/SpeechEmotionCS3540/datasets/SURREY/Audio/JE_n20.wav,JE_n20.wav,JE,Neutral,20,SAVEE
-345.8567,91.80527,-486.9111,-163.82164,-0.025982639,-1.1115917,88.41872,62.207035,-59.56948,205.35822,-0.06485931,-0.81443524,16.074356,37.66717,-83.287796,109.08468,-0.22533835,0.1794126,39.39266,33.658733,-12.160715,115.10289,0.81441057,-0.5093019,-0.5213855,26.780867,-60.336063,48.239647,-0.28464118,-0.7544818,-3.3389285,25.981554,-70.53073,55.80385,-0.6810598,0.03281641,-24.896894,22.279331,-92.0856,19.119724,-0.53044575,-0.3440106,-9.73763,12.917204,-39.78428,14.594404,-0.32849035,-0.83498955,-0.4585358,16.792711,-43.03253,38.37053,-0.08052071,-0.36517024,-2.2931695,15.348338,-46.606014,28.878155,-0.1927756,-0.33928585,-3.502045,11.724525,-31.09901,18.124378,-0.5843414,-0.6147566,-6.130785,13.207551,-39.769638,21.39772,-0.26373336,-0.77062297,-2.837321,12.634525,-33.511795,23.780897,-0.30803102,-0.59902287,1104.5295863467368,984.5325941301162,2.132026023031931,2072.897962707182,1780.5263520800424,1347.0197435053312,537.074140174824,0.03218879488950276,0.0455373194030757,2.3826439595238282,0.4562665,0.342974,0.4783793,0.39065748,0.42551592,0.37118506,0.37540966,0.35729805,0.38132077,0.3834604,0.38703227,0.37527898,0.39653942,0.35672206,0.41496828,0.35590136,0.42363238,0.33678937,0.4903782,0.38305202,0.47871888,0.36466584,0.44299024,0.34111196,0.023418651432089547,0.07267106542068891,-0.0008716355546670546,0.08728158464224485,0.01841595524263353,0.15589455302661182,0.02317301146634572,0.09420823058379303,0.012209838425810578,0.04767495953169117,-0.005543793406908576,0.04256546641247417,[143.5546875],20,4.761904761904762,0.09680207,0.0836019,1.2164974,25.46388445672027,13.806680564166477,619.0166026126811,446.1832709770303,1829.1425203677063,1245.2288194006208,1.4493841,495.6790447170022,565.0149833801473,167.69467255813382,1998.4877951647445,1.9914332967354798,2.068916334773802,1830.7931226066107,0.6574585635359116,4.2,22050,/Users/will/Projects/SpeechEmotionCS3540/datasets/SURREY/Audio/JE_f01.wav,JE_f01.wav,JE,Fear,01,SAVEE
-379.80252,96.6866,-536.5438,-194.80908,-0.08490145,-1.2587491,97.82496,69.34793,-45.97773,244.24258,-0.020592485,-0.7641146,32.981213,33.063313,-52.197247,115.046555,-0.16267109,0.041552067,45.921577,32.94437,-26.820457,129.70816,0.60020673,-0.5221019,-1.177119,29.4607,-82.47005,55.297836,-0.5827023,-0.5570519,5.4327197,27.320694,-62.984833,75.022156,0.009741106,0.08147335,-19.723724,24.18607,-73.3228,30.661606,-0.12835109,-1.0141507,-9.049034,15.643058,-57.291985,25.769554,-0.2975634,-0.25564146,-8.739556,15.993085,-58.167595,35.441532,-0.29760367,-0.010291338,1.8610553,12.968563,-31.105503,34.379078,-0.25505695,-0.31248498,-0.75451773,13.439625,-53.311676,28.026777,-0.9191774,1.0832663,-6.466795,14.05548,-43.688194,19.357946,-0.45687276,-0.68466187,4.4138503,9.156334,-22.030092,29.735645,-0.079599604,0.07283878,963.4835382362844,1064.1251870882738,1.7270414732253947,1769.0761878842213,2194.588989287285,1261.1270685631373,756.9955656416777,0.014500352202868853,0.014688524350105177,0.681176799023084,0.40496802,0.38514808,0.42513463,0.40936446,0.4258182,0.40130672,0.4366503,0.41016936,0.4670309,0.42279696,0.50992596,0.4286749,0.5287324,0.40591094,0.5530649,0.37263715,0.56014335,0.36592287,0.50990653,0.3524713,0.44241464,0.34831962,0.39815685,0.34879708,-0.011811782569540139,0.10502114482232382,-0.014828941133964223,0.07289165421420414,0.0010269808575321699,0.14140941777379798,0.01653988909006792,0.14638980045370278,-0.010142668996755342,0.05268504952379486,-0.011422243136263657,0.043039771951463364,[99.38401442],25,4.415086179278529,0.10294952,0.06363096,0.6314061,26.718098111102567,13.566907316315376,338.0935070459845,220.93168368388356,1979.6275360395089,1541.4197016503417,2.0162842,204.8228766383184,33.31498731931768,110.63722351746388,263.1411467822288,-1.1025462887537456,1.078924796132462,152.50392326476492,0.5737704918032787,5.6624036281179135,22050,/Users/will/Projects/SpeechEmotionCS3540/datasets/SURREY/Audio/JE_f15.wav,JE_f15.wav,JE,Fear,15,SAVEE
-439.81702,122.30672,-581.98157,-178.71858,0.60266536,-1.0917147,109.45133,32.06273,12.685796,185.63467,-0.118782654,1.0524778,13.10874,40.168602,-79.44111,101.93274,-0.48380905,-0.34946465,34.37608,36.03944,-27.653208,118.68848,0.7690965,-0.44256186,-4.4608226,38.378647,-116.06851,47.137108,-1.3494381,1.0968013,6.834369,20.287691,-47.316647,43.274063,-1.0463027,0.624835,-14.444472,21.518066,-62.034992,20.667017,-0.7607929,-0.6789429,-3.2432325,15.467414,-32.633846,32.17632,0.03453384,-0.68594337,4.006622,15.683689,-38.81859,48.628067,0.12455352,1.2796607,10.004823,19.383184,-36.638535,61.190006,0.1358222,0.12271166,5.135522,12.527326,-25.595879,32.70368,-0.47105706,-0.14027405,-1.9339653,10.970352,-24.06687,19.795746,-0.08207908,-0.9562993,-2.0546324,11.099205,-32.513317,20.14862,-0.24418919,-0.6910248,819.6722885689918,802.2891712965173,2.1720873964429397,1605.718994140625,1717.2929237131486,1283.7614846602733,499.4335279457253,0.01260941116898148,0.02322791581368422,2.3634190673660505,0.55883336,0.31285268,0.5596857,0.30778307,0.5464862,0.32838273,0.5275969,0.354526,0.52795583,0.3637835,0.5777831,0.36217505,0.61956584,0.3376218,0.6677193,0.3242267,0.69474006,0.3506448,0.6421315,0.30687717,0.53983635,0.27820072,0.51276946,0.27617088,0.002430299097274152,0.024293080359790147,-0.0023490712463433974,0.032398913272130105,0.008971045587073375,0.05131632808756993,0.02620470306525584,0.06960899845258467,-0.00387710431808103,0.017586674713099326,0.003180942144589871,0.018427104359928236,[89.10290948],9,3.5927655876602214,0.041953515,0.021606307,0.33156064,24.083989047315846,13.707887408267867,338.6276517876869,193.0037404225708,1635.473070430951,971.2219311883788,2.2805665,878.544981303975,705.3247394642163,178.6955271983718,1843.2376561643027,0.32673116268228664,-1.837004123479785,1664.542128965931,0.4722222222222222,2.5050340136054423,22050,/Users/will/Projects/SpeechEmotionCS3540/datasets/SURREY/Audio/JE_d03.wav,JE_d03.wav,JE,Disgust,03,SAVEE
-626.2962,82.65906,-743.9504,-479.90668,-0.07119535,-1.3934909,134.6697,63.8141,-10.92794,231.18054,-0.09930568,-1.3079047,37.653736,23.770706,-23.247898,94.16011,-0.47816032,0.23233962,27.216238,26.700325,-47.08013,116.09023,0.7486647,1.4603891,3.0458772,28.554722,-62.258347,86.570274,-0.019186907,0.288898,-0.21976282,25.915419,-55.57591,58.61123,-0.34442347,-0.45580745,-2.0707097,13.4673395,-33.91279,28.944328,-0.2791566,-0.509948,-0.12411651,16.726439,-46.597054,29.468449,-0.78301615,0.11005545,-8.223668,16.418259,-49.610054,21.92852,-0.4903903,-0.6283679,-11.92536,16.13107,-52.654884,15.764958,-0.458132,-0.74885297,-1.9702523,11.999703,-41.67784,21.147858,-1.1141545,1.6522903,0.99076885,12.475205,-29.68351,32.458385,-0.15202595,0.10245824,1.0476302,11.143786,-35.69696,25.549164,-0.82917863,0.8158026,922.2857028847606,699.8526948182157,2.7569926334217034,1564.2738743832238,1403.821869655254,1409.8255866674062,616.7729425700288,0.021471525493421052,0.02124350415302495,1.403065787104753,0.42804572,0.3159263,0.36102507,0.30475602,0.39199665,0.33185518,0.39090982,0.3349698,0.40732294,0.37093467,0.4657669,0.37666836,0.47101948,0.30681226,0.5378932,0.3452533,0.45882523,0.30814284,0.45309448,0.32591698,0.54895294,0.3242716,0.55337226,0.34177673,0.013914526576519344,0.058927191665444016,0.014915715211525422,0.06876034352533208,0.06392373408501298,0.1308288951825626,-0.025618317275586312,0.08897543606138351,-0.0007008523565506758,0.03427712656086592,-0.013950348184280542,0.03654865707329739,[73.828125],15,5.695025569502557,0.0051671187,0.0048336093,1.7660581,23.697468289617195,11.171994982915129,481.6310635845154,103.25944572593225,1701.5370248118822,1252.194816242475,0.41855028,125.18321259441775,21.03390366060748,91.96585291173604,160.1218501126406,0.3845335553007753,-1.0331016144096932,68.15599720090457,0.4649122807017544,2.633877551020408,22050,/Users/will/Projects/SpeechEmotionCS3540/datasets/SURREY/Audio/KL_n23.wav,KL_n23.wav,KL,Neutral,23,SAVEE
-631.02997,77.47636,-761.1588,-447.14996,0.106285736,-0.7917142,127.1471,63.06457,-43.366547,235.2306,-0.34525815,-0.6029422,37.363335,28.089352,-38.90174,92.497665,-0.54208094,0.12261701,45.176643,29.918608,-8.514812,137.85501,0.85104924,0.17812753,16.970274,27.522722,-41.52728,83.35176,0.11503705,-0.49289203,4.0617743,29.701944,-74.94191,68.238495,-0.49718654,0.14605427,-9.6748085,18.41123,-57.164104,26.708586,-0.42873707,-0.8099201,-1.8305056,18.189688,-43.2759,40.536705,-0.008555273,-0.6867368,-4.439539,14.919315,-45.127537,23.501102,-0.67998564,-0.060080767,-9.344242,14.830375,-49.02327,22.53804,-0.3963684,-0.5566387,-2.845155,13.252668,-37.52309,31.703619,-0.5469576,0.18378949,-4.2228456,13.601017,-47.601326,20.677937,-0.8493118,0.34343958,-1.7121519,9.5852375,-32.989944,21.521656,-0.37563816,0.14419103,706.4655275147587,620.8310352466499,3.251814163481655,1292.1427693400349,1616.0785673475398,1285.3152231038455,539.3920031019096,0.00942416958041958,0.010368633269428914,0.9034683771765191,0.41904083,0.309024,0.40627816,0.33429572,0.42706588,0.35202792,0.48751083,0.379603,0.552963,0.3708877,0.59423923,0.38278228,0.5639895,0.35594273,0.58608687,0.35563824,0.6218696,0.33977032,0.61473244,0.33344048,0.5067325,0.31379893,0.45004058,0.30889785,0.005593921548707729,0.0749642019269795,0.008165398626225477,0.05703195702447815,0.024455330712342467,0.13694700212313496,0.04812107108845938,0.07932103094176679,-0.011253786071337287,0.030099308427388477,0.007090941262008145,0.04078093366097698,[129.19921875],14,4.242949035131123,0.006731755,0.0030187394,1.4456102,24.230564646732038,11.894605113816821,293.6787813906331,115.18089528863986,1754.5378801617296,1386.918047636691,1.0862635,117.4184317233459,19.26332294554248,92.4986056779086,157.37105256787842,0.8861486570057907,-0.3716386232359108,64.87244688996982,0.3916083916083916,3.299591836734694,22050,/Users/will/Projects/SpeechEmotionCS3540/datasets/SURREY/Audio/KL_n21.wav,KL_n21.wav,KL,Neutral,21,SAVEE
-615.4883,81.42436,-725.0972,-414.5138,0.16824713,-1.0374235,131.74437,61.02082,-43.033592,237.46584,-0.085123435,-0.7018335,34.642666,31.349888,-59.568474,106.445465,-0.81129366,0.7856777,32.792793,34.01773,-46.223297,124.076965,0.71091896,0.7949908,14.71716,31.366295,-62.39453,92.25688,0.34862652,-0.018582344,-6.0030775,27.673943,-87.37129,55.83773,-0.8003266,0.27413392,-9.397413,16.483614,-42.120773,22.118,-0.10703216,-1.1484486,-1.2711596,16.334051,-52.903904,38.001396,-0.6864704,0.8329463,-7.1643276,12.135858,-40.621346,16.80758,-0.6144649,-0.33383727,-12.22387,14.355113,-45.366646,12.843048,-0.3551886,-1.0922728,-7.3852286,11.663997,-34.1948,16.803429,-0.3272113,-0.4881153,-5.675273,15.928195,-43.764786,33.535225,-0.017052798,-0.34390306,2.0985482,12.090449,-27.246552,37.04503,0.54847914,0.6535289,831.4267725106596,541.6526135513789,3.2990738558880937,1410.573309536638,1156.5168171840837,1303.983329909041,553.3177183430087,0.02300983297413793,0.028780863537314988,3.411286380225333,0.38554767,0.30218983,0.34585518,0.2759322,0.34937134,0.30743456,0.3631017,0.33678737,0.43820044,0.39862043,0.413316,0.3241896,0.44369632,0.32811835,0.4167933,0.2879577,0.4239221,0.316367,0.45305544,0.3602177,0.39320105,0.31506944,0.4151521,0.34637845,0.0062925565165956494,0.05677382783482357,0.004108011050502454,0.07342411830365732,0.026531790929107343,0.10271085240859111,0.01122258266369798,0.1376259887782643,-0.008812365146477968,0.03692898051964508,0.004655856871977487,0.04131524790859985,[135.99917763],16,4.770597541681879,0.0059771645,0.0056057014,1.6404473,23.80043319202496,11.091473028344359,477.7185307116069,100.79289794384441,1458.6488040694048,1037.5766808207718,0.17908876,120.21748909167835,19.763300298707318,90.90953499696329,165.76853496220332,0.30636651771315054,-0.9787780816901326,74.85899996524003,0.4896551724137931,3.353877551020408,22050,/Users/will/Projects/SpeechEmotionCS3540/datasets/SURREY/Audio/KL_n09.wav,KL_n09.wav,KL,Neutral,09,SAVEE
-357.19012,100.84011,-512.7496,-133.72754,-0.11041271,-1.1496285,99.83732,65.05176,-60.082806,209.40941,-0.18161824,-0.9131911,27.336239,40.33184,-91.18257,116.70708,-0.3597951,0.44989562,49.794502,39.15175,-29.639572,140.76291,0.5000592,-0.4738989,3.143514,26.196844,-65.65534,68.70395,-0.38040262,-0.08646345,-3.2172225,27.984432,-77.539795,62.534325,-0.33013138,-0.21245575,-20.934048,25.859392,-73.71832,17.560707,-0.14882231,-1.200853,-4.8620257,15.221425,-47.24629,22.62889,-0.42047855,-0.5391705,1.853628,15.625019,-44.34806,47.62498,-0.24411917,0.24901962,-0.7052106,11.828699,-31.838324,23.263361,-0.6500147,-0.39127827,-0.19931585,11.012665,-29.369814,22.557196,-0.486771,-0.49760365,-0.3283995,13.029605,-34.196365,28.502384,-0.4811189,-0.4959619,-0.17305472,10.430609,-30.59879,16.276169,-0.59897363,-0.50349855,870.7518534159904,903.4976061439867,1.7935992972609116,1600.5403217516448,1839.3175674689821,1178.2158440707913,621.2457889445823,0.012782689144736842,0.01294674453733945,0.7545935743013151,0.51424915,0.32149956,0.5622195,0.35991746,0.54942095,0.38620526,0.53868943,0.39518645,0.5240857,0.3889177,0.5556667,0.38916034,0.5457116,0.37685305,0.50606275,0.36570653,0.52370536,0.36741304,0.5259239,0.36893356,0.5153809,0.33699465,0.4871483,0.31072426,0.00407053916663251,0.04587982323282427,-0.0029691974178761853,0.05164796874760676,0.011295472543784196,0.07637935175856196,0.003588447859510333,0.09823083383479629,-0.0011957254704803545,0.02828966508114749,-0.006594893714339486,0.025888139211411493,[117.45383523],20,4.534564486442577,0.09689784,0.063844085,1.3284823,25.038848376668334,13.9691262840822,373.1614782420088,278.75752404186164,1621.6840386724698,1236.7489606759577,0.68750125,172.14235886482763,38.530189827016514,111.9227661312955,273.99891691894106,0.5622231956538295,-0.4497821399593471,162.07615078764556,0.4105263157894737,4.410566893424036,22050,/Users/will/Projects/SpeechEmotionCS3540/datasets/SURREY/Audio/JE_d01.wav,JE_d01.wav,JE,Disgust,01,SAVEE
-389.3029,100.59085,-547.5893,-200.61177,-0.18075822,-1.3075856,118.114105,62.626286,-21.90876,228.65369,-0.094497904,-0.98404574,26.01503,34.04556,-72.90555,124.45765,-0.034336753,0.3728664,47.60032,38.690723,-23.476593,154.94402,0.7116662,-0.5683291,8.97255,28.989716,-63.537994,73.62431,-0.34476286,-0.24823976,2.8137593,22.911564,-52.41363,77.09065,0.046602376,0.41051435,-19.951054,23.209822,-69.53279,22.78836,-0.21777643,-1.3194301,-6.0420184,14.734272,-47.44787,35.72447,-0.32242432,0.052999496,-4.006126,10.962259,-30.761425,36.062157,0.37519792,1.2129326,1.1378912,14.130047,-35.677734,58.10087,0.16984345,1.2134032,-0.19671819,13.872797,-39.274033,47.050842,0.18915053,0.34797478,-1.1610278,13.454481,-37.509075,52.360523,0.021647157,1.3867369,0.54697394,10.632019,-26.555725,25.604824,-0.3162983,-0.5468664,1025.2123872785842,1050.4764400476643,1.9304364946251147,1935.4208608774038,1992.2404054853312,1275.9612355270633,630.918333961518,0.029927884615384617,0.04491921902070436,2.930017970655051,0.49944475,0.29877308,0.52213794,0.32686302,0.43013194,0.33845973,0.38578323,0.34839574,0.42736223,0.37047496,0.48368236,0.38046,0.47513208,0.3639719,0.4601392,0.36716056,0.50665027,0.33262283,0.57798606,0.33497217,0.51457745,0.2877734,0.4517637,0.28758386,0.003116766479113226,0.09477957959308017,-0.009976275381592245,0.08843271721999982,-0.05065463034149601,0.13518329708721932,0.06805960753431052,0.14490204360911416,-0.020502692487637402,0.055758726344311685,0.006268181771828008,0.037615666467672206,[172.265625],21,3.4810031423373573,0.053783678,0.04289116,1.6094893,25.223418526551768,13.586911646237596,522.2086477327675,427.250249753158,1648.3192252365495,1315.4034507987426,0.98802656,121.34137625451537,18.64031129870037,98.56656061031477,180.77186920887385,1.6462609991912678,2.2076510006523034,82.20530859855909,0.5923076923076923,6.032743764172336,22050,/Users/will/Projects/SpeechEmotionCS3540/datasets/SURREY/Audio/JE_d15.wav,JE_d15.wav,JE,Disgust,15,SAVEE
-397.51746,92.3538,-491.27002,-189.45401,0.6852324,-1.022186,77.02268,54.87899,-23.366505,208.40312,1.0450512,-0.093897104,18.679134,32.973125,-51.54675,106.03546,-0.2214618,0.0332036,21.735516,19.180685,-35.888824,83.50519,0.037090994,1.8849769,3.443567,30.301937,-94.1281,62.9138,-1.1159384,1.2898526,-0.18930252,26.575605,-74.40393,59.32731,-0.87697715,0.7348838,-9.909311,21.407158,-57.82955,26.743105,-0.7409531,-0.5141399,-3.407308,11.38862,-26.039637,37.62942,0.7122163,1.0723386,1.5490077,13.487887,-42.375565,33.91448,-0.52505034,1.4993601,5.319828,17.48461,-43.583946,53.962334,-0.13224697,1.0075336,2.9364126,11.475679,-34.935135,28.82824,-1.0893601,1.616724,-2.3143797,12.435037,-37.061394,14.656717,-1.1288687,0.6499045,1.1066834,10.560712,-25.934172,38.936012,0.20856068,1.4129796,824.6368465789366,913.17415990379,2.6349120790805207,1463.325272207185,1670.2110965069041,1167.7466630278548,517.568804846455,0.026743971456692914,0.05100450020602566,2.910398487332806,0.4908776,0.32001445,0.47158784,0.32513145,0.4761146,0.32730556,0.5075829,0.34656453,0.56603193,0.3802131,0.5986908,0.36726195,0.5844842,0.33566904,0.6298541,0.33689553,0.69434845,0.31769836,0.63071185,0.2948832,0.56058264,0.31019324,0.5093608,0.31013978,0.0066089691117474335,0.0596205923444312,-0.006400873562586243,0.051408059997088244,0.010911383607431564,0.1001502529326421,0.00785050591028524,0.08294647685327194,-0.0014157972046100367,0.03223935367996796,-0.005871130142536866,0.03432530132188521,[287.109375],9,3.070175438596491,0.06496128,0.08482098,1.9416705,23.68132893022265,12.851877781053886,414.8251071088137,226.58984193828204,1526.4286600612616,1056.323531533915,0.87974787,848.8857575739737,636.096900034087,198.27510177438265,1886.3212940638753,0.6211654389981508,-1.5465587462428518,1688.0461922894926,0.4094488188976378,2.9314285714285715,22050,/Users/will/Projects/SpeechEmotionCS3540/datasets/SURREY/Audio/JE_f03.wav,JE_f03.wav,JE,Fear,03,SAVEE
-474.84906,83.75486,-598.95636,-302.87338,0.30271256,-1.2932473,141.73099,70.71362,-41.890675,256.73456,-0.054149,-0.780355,46.58132,30.905807,-30.68033,123.513306,0.046085488,-0.05608654,27.39992,27.568897,-14.699051,134.86334,1.7985206,3.4339051,5.620285,23.463768,-58.047935,63.32895,-0.109736755,0.08156085,3.2410576,24.614437,-56.909805,68.28185,-0.048982486,0.087435246,-5.3258276,14.629733,-51.681507,17.926716,-0.8030422,0.19986963,-0.81631386,12.104474,-36.816307,31.179173,-0.48674345,0.55915093,-0.20871729,12.366963,-31.979229,31.568954,0.07307813,0.54875994,-1.7333235,14.646166,-44.013103,30.511314,-0.49658847,0.21332622,1.6757609,11.332743,-32.718586,27.774761,-0.045152094,0.39362144,4.571865,11.105742,-25.929321,29.031593,-0.35978425,-0.2513783,1.8607036,9.075171,-28.700516,20.044777,-0.5935435,0.2462287,439.22089448236505,605.056512623935,3.957332091388205,674.2686963263359,1256.9940392042572,826.1601311537419,504.4233356642967,0.007961593511450381,0.010624451904440868,1.0842933753961903,0.65359837,0.27169797,0.5795167,0.35467792,0.5828142,0.38754886,0.58321387,0.39955738,0.5755494,0.4252762,0.61269456,0.399941,0.6329908,0.36605018,0.5898963,0.38538885,0.5662395,0.38110542,0.56522524,0.351169,0.5961604,0.28747466,0.65452164,0.2620122,0.034064693376543546,0.05607650185153225,-0.01045272351258667,0.13641764830067604,0.06799010009654112,0.14730830927464908,0.030669994993518836,0.11828643242385953,-0.03016430907949875,0.050567144183070074,0.0012473974480001946,0.04213133616378062,[135.99917763],12,3.950256035113387,0.060557082,0.028526967,1.2233737,24.17606546741737,12.452448598739126,161.4382281276674,133.4696482070067,1328.70229896325,993.8648813565185,4.5569577,133.2244962436887,17.085602699125047,112.57112811964524,174.61411571650194,1.290125468793459,0.415952991505224,62.042987596856705,0.3893129770992366,3.037777777777778,22050,/Users/will/Projects/SpeechEmotionCS3540/datasets/SURREY/Audio/JE_n22.wav,JE_n22.wav,JE,Neutral,22,SAVEE
-594.2089,103.59637,-762.02026,-438.00888,-0.25159964,-1.4604204,153.23425,68.69706,17.364738,249.20175,-0.32438514,-1.4520113,22.855587,32.058422,-53.143425,84.95733,-0.47846523,-0.68203425,13.030067,28.133154,-41.068222,98.300446,0.57683045,0.3570416,7.6924725,26.078781,-68.228424,58.02175,-0.32779306,-0.45127273,-2.5002549,18.420418,-49.965576,43.289284,-0.12914787,-0.70443654,-7.163349,16.475237,-55.667694,17.521982,-0.5536006,-0.23247457,1.5495195,12.438812,-31.237803,29.142605,-0.67892486,0.018819809,-5.7434907,16.166853,-41.843575,32.813217,-0.5564127,-0.69236374,-10.136577,16.521547,-60.52449,23.404179,-0.5974901,0.1527052,-1.4168553,12.966221,-27.669632,31.337776,0.008943976,-0.2213924,-0.78014284,11.788304,-35.855125,26.02781,-0.7294281,1.0164504,5.4863296,10.032973,-20.138414,30.911139,0.24245425,-0.24027109,682.0614963329947,442.66134628315064,4.448079821297582,1091.2529054752067,967.7870741567613,1152.1159083283935,517.4586796263579,0.017743575671487603,0.016078276483845102,0.2504823671553973,0.51680297,0.33231622,0.4760636,0.336915,0.46259645,0.37192598,0.46312147,0.3813495,0.44648674,0.3755183,0.4520567,0.39581352,0.43031132,0.37125906,0.45589724,0.3555329,0.41204935,0.33873,0.38636217,0.33874214,0.47906858,0.33234975,0.5408165,0.3196783,-0.008768467760684566,0.08498043894833833,0.010567860514520279,0.11721365336530447,0.07013726519220582,0.15935876781507463,0.022019807541788748,0.14205221487073072,0.009306633188272831,0.0454566559958006,0.002549337005735364,0.047316401810462295,[99.38401442],11,3.923677952666742,0.008512471,0.0060045654,0.67474014,23.79894423510928,11.247205519795578,399.77725500707203,123.28560911161388,1529.4368478363713,1081.7841256782579,1.1540878,127.26056284337749,19.315030712674172,87.30705785825097,160.1218501126406,0.03745487837532282,-0.7934720185564674,72.81479225438963,0.6363636363636364,2.8034920634920635,22050,/Users/will/Projects/SpeechEmotionCS3540/datasets/SURREY/Audio/KL_d02.wav,KL_d02.wav,KL,Disgust,02,SAVEE
-295.612,100.50461,-454.04816,-53.027634,-0.15266845,-1.0029311,110.661446,63.670193,-14.457897,220.18167,-0.1418416,-1.3563825,7.620032,32.47353,-82.90628,77.82457,-0.64588034,-0.0030937195,26.432562,32.96625,-51.98252,116.60312,0.4759522,0.27972102,20.571598,23.521687,-43.22595,71.26554,-0.056334965,-0.2454629,-4.2579923,22.625454,-52.103386,57.27757,-0.13104665,-0.621439,-26.61909,27.885794,-88.67717,14.150583,-0.14540842,-1.141627,-3.8602812,13.766152,-46.398727,36.120216,-0.38704216,0.1374042,-4.059707,9.888203,-33.717197,15.555568,-0.49671176,-0.36342907,-17.133291,17.307232,-53.600243,14.124105,-0.16037273,-1.2195202,-4.4596376,12.736372,-38.62647,31.11911,-0.14648704,0.35093307,-5.1388187,10.424197,-41.731575,19.94957,-0.31272975,0.3166361,-4.122247,8.621677,-28.59104,13.941143,-0.6513716,-0.06260276,893.4783767577495,674.3259558887395,2.533311476883938,1766.7383733785377,1442.5934912403293,1147.32913653634,497.1560183044439,0.03370752874410377,0.03826188590114628,3.193778858109435,0.37122533,0.3545183,0.38222134,0.34791377,0.4032271,0.3487703,0.41719747,0.36807826,0.38115925,0.35149974,0.45440188,0.4052179,0.45404086,0.37747845,0.40224728,0.37372857,0.37505528,0.34970346,0.40916133,0.38315266,0.36130598,0.35452244,0.33530083,0.32567835,0.011637733989272744,0.0836136075939186,0.021696957188933434,0.10766739298503031,-0.00886492285315205,0.1839684198028491,-0.01790024870391635,0.15590757452418652,-0.009071190024938452,0.058210283324714195,0.0011371800655121619,0.05365610222285494,[129.19921875],18,3.6585028620940756,0.14872913,0.1370312,1.2833234,25.96609000980533,11.741201019083864,473.6827455274648,219.31568562045803,1500.844001996492,931.3622767255782,1.4735688,163.2103255145644,28.586481316211763,105.03257643014581,230.40470702053787,-0.12823241004277264,-0.8692536472467074,125.37213059039206,0.6933962264150944,4.920045351473923,22050,/Users/will/Projects/SpeechEmotionCS3540/datasets/SURREY/Audio/DC_a15.wav,DC_a15.wav,DC,Anger,15,SAVEE
-318.133,105.94105,-490.41843,-142.60597,-0.36896044,-1.1211118,112.58426,78.34332,-52.034943,232.0573,-0.2806487,-1.2619544,12.380675,33.381645,-55.875763,89.81437,-0.1376852,-0.6873801,34.588467,42.54652,-49.659153,148.47958,0.5619674,0.042660713,11.627494,26.63023,-42.963127,78.97688,0.17751355,-0.41940808,-2.923906,23.392248,-66.76069,49.01954,-0.43757176,-0.5071008,-24.850231,28.54078,-77.41664,20.813599,-0.061547097,-1.323199,-2.6021698,12.82993,-32.242416,24.271776,-0.16433604,-0.79005814,-0.9945128,11.675802,-35.04807,23.882273,-0.70414937,0.45420098,-11.5888405,17.169432,-43.36056,28.343006,0.16899844,-1.2449329,-2.481662,13.152548,-28.13566,27.064676,-0.2389169,-1.0461191,-0.97480863,9.839545,-23.159187,22.757397,-0.12589228,-0.5943537,-0.9235245,9.850625,-26.496296,23.843197,-0.3505238,-0.25130153,891.2758477235691,956.9455148171605,2.055488839928856,1575.1265513746043,1764.652199010068,1049.952854181634,565.0556346061824,0.02773313884493671,0.03512141263308113,2.565004108586441,0.43848294,0.35542366,0.4970326,0.35385272,0.4842132,0.37363532,0.46191376,0.39621755,0.46757057,0.40558672,0.4959115,0.41448215,0.5039287,0.40629476,0.46078867,0.38016757,0.5367532,0.3865064,0.5063981,0.37116513,0.38057664,0.34114802,0.34784222,0.32576412,-0.004673013317648717,0.06975229384164577,-0.013004825843606975,0.07820301745393804,-0.0544651047108535,0.12676199223207332,0.01742670890769012,0.11623219461090079,-0.005357668913346786,0.02858957836633536,-0.0012673094324897173,0.03853286021452439,[151.99908088],17,4.660342641171644,0.13369912,0.0938557,0.9141421,25.20251242317476,12.862434080807889,364.3268611231143,203.39981869358792,1535.363461045866,1181.2497209191822,0.50662965,168.07580877907282,27.30592850390881,122.05264192746294,225.1422562392905,0.18592522729212047,-1.1277995314489995,103.08961431182756,0.569620253164557,3.6478004535147392,22050,/Users/will/Projects/SpeechEmotionCS3540/datasets/SURREY/Audio/DC_a01.wav,DC_a01.wav,DC,Anger,01,SAVEE
-607.19006,97.46441,-751.5373,-425.67636,-0.04494422,-1.4712931,119.169014,68.85712,-35.043297,229.37448,-0.11957921,-1.3079431,29.02864,33.341175,-49.85687,96.020256,-0.14302422,-0.53025174,32.46161,31.888546,-27.343498,134.71043,1.4806902,1.6997371,4.9321895,29.958609,-80.69713,86.081184,-0.41988948,0.6428435,-6.9455156,24.16191,-64.169464,42.80419,-0.45110464,-0.711771,-2.42686,15.859764,-52.653984,33.73284,-0.6368462,0.3065381,7.0930986,12.155882,-21.25919,44.896427,-0.04285038,0.2760241,-7.595011,17.883163,-55.662003,28.217049,-0.6432739,-0.32600927,-11.23752,18.404737,-55.148605,19.146255,-0.32348865,-0.84260345,-2.7316523,12.369396,-36.02547,20.772295,-0.43253535,-0.5947759,-7.0537925,14.710449,-41.846725,22.546097,-0.4520677,-0.64384246,-0.67143756,7.8671417,-19.570559,20.055191,-0.2070092,-0.13804626,945.3531797282437,748.5893231100675,3.2218268067371185,1699.6833268986193,1369.6567471155486,1419.0343621330671,607.5721991136022,0.027474336845930234,0.05172413308338397,4.558252699988587,0.4778697,0.37900043,0.41910282,0.3075149,0.41985258,0.31388885,0.4666835,0.3427895,0.5241221,0.36468905,0.555064,0.36455005,0.45377138,0.32427135,0.4125762,0.33135298,0.4010133,0.32956976,0.42197,0.33665752,0.4594565,0.3629375,0.45456716,0.35881588,0.01299183649794834,0.06786065293993528,0.002843545656539113,0.07972220415762761,-0.004586680036926664,0.10091633899374748,0.006744603729308204,0.1345758071264509,-0.011558869144700886,0.03737019271986454,-0.01338202830845337,0.032470465334351495,[78.30255682],17,4.280673305317011,0.007422744,0.00694336,1.1387429,24.210330752651537,11.583077451133232,511.1469218816079,124.47791860606746,1850.5406616627988,1412.7516766631534,0.48929152,167.81953838079315,59.1905042429246,96.87324609557632,327.72904188699454,1.510826554384298,1.3254290224121306,230.85579579141822,0.6744186046511628,3.9713378684807257,22050,/Users/will/Projects/SpeechEmotionCS3540/datasets/SURREY/Audio/KL_f14.wav,KL_f14.wav,KL,Fear,14,SAVEE
-620.613,85.29288,-758.8495,-446.82846,-0.13451521,-1.2818735,110.17532,68.55155,-42.50123,223.55954,-0.29773298,-0.78352356,27.095163,32.872128,-67.05742,94.17782,-0.37519157,-0.35515213,46.81032,37.34687,-9.936974,158.64642,1.1565061,0.44276428,19.281206,27.965015,-48.120117,92.634766,0.20221145,-0.23342657,-3.50369,31.278185,-90.405396,66.41987,-0.96569717,0.61157656,-10.198009,20.546612,-67.39612,24.514542,-0.4185053,-0.6533358,5.448481,17.007053,-41.265503,56.03179,0.0009988416,0.3712299,-3.649613,14.675456,-38.89325,36.844063,-0.33547398,-0.39685416,-6.515286,15.241548,-42.807556,23.660519,-0.26133266,-0.60758996,-4.334488,13.773514,-40.95075,21.94237,-0.4607916,-0.53580403,-6.7653766,14.800885,-58.3347,26.86964,-0.49481228,0.19771504,-2.8790426,11.681669,-32.924625,19.888924,-0.3043502,-0.43831587,792.7527639136218,757.9104855550803,2.240060312989245,1303.0754538143383,1635.576680394989,1271.3182382651087,544.6772867572525,0.012353515625,0.013079017638187206,0.9067564810857945,0.36581764,0.327836,0.38347176,0.33702385,0.4145262,0.3360586,0.5310275,0.35372624,0.5954339,0.3582653,0.5917044,0.37513027,0.51067585,0.36076713,0.45872855,0.3604192,0.44076395,0.36806992,0.38851133,0.3312002,0.43300253,0.359136,0.39829752,0.33459032,0.0017501199766845443,0.07432531614892195,0.011574600367456809,0.05711819123806325,0.044233408518244616,0.1078895624757676,-0.008702103678575768,0.11390868421248335,0.00028660679053782705,0.033051974311898984,0.0028057795504163297,0.03599972452437646,[129.19921875],15,3.8102204916710827,0.0075276867,0.0042376453,1.1258597,24.68246895923666,12.072350822775803,304.4494556192788,123.09598874390801,1814.1613190608305,1300.458523985164,1.189127,157.86759707729314,17.651636931644084,105.64102395561046,192.63059450929475,-1.0228627603799385,1.50703766602651,86.98957055368429,0.4117647058823529,3.936780045351474,22050,/Users/will/Projects/SpeechEmotionCS3540/datasets/SURREY/Audio/KL_f01.wav,KL_f01.wav,KL,Fear,01,SAVEE
-579.4173,91.32237,-725.9397,-418.8898,-0.21814752,-1.2707285,118.16578,70.642204,-19.381268,227.10577,-0.237474,-1.3740737,33.029552,31.913725,-56.538902,108.9931,-0.11006343,-0.21104312,36.530823,32.93009,-34.1222,131.83295,0.9347331,0.47749448,3.7358353,28.600254,-67.729416,73.96776,-0.36740175,-0.18916893,-9.679783,31.79653,-89.843994,46.982403,-0.5518072,-0.6120167,-8.405401,19.993202,-61.805824,19.406738,-0.64315987,-0.66965246,-0.3207631,18.010595,-52.119488,42.207966,-0.5050435,0.4098084,-9.853427,14.480252,-47.668922,22.398037,-0.22734615,-0.82558155,-10.196188,15.121784,-53.225815,18.630976,-0.6127807,-0.43077254,-4.115792,10.607887,-33.94934,14.1063175,-0.81834126,0.1241045,-7.945737,12.682921,-42.383583,16.29021,-0.5911807,-0.41177034,-2.4110243,8.844044,-21.937456,29.901047,0.21311004,0.42573667,980.6440982775962,857.5817635609433,2.6325937850436603,1665.0783372961957,1532.7919369098252,1315.4991145315378,648.4283434458538,0.03633095561594203,0.0527821845456013,3.5264025580282534,0.40590093,0.3698926,0.35097685,0.31774822,0.38367665,0.31752762,0.42994964,0.32414132,0.45477065,0.3611761,0.43236625,0.3636635,0.3375611,0.31650385,0.32053363,0.32647777,0.36120436,0.33355525,0.47439414,0.34730393,0.52735364,0.347873,0.45229468,0.3493832,0.017716113681820533,0.11309826710474159,0.002213149175505466,0.05168951040419024,-0.009469029140447659,0.15977791308005665,-0.010595971662191742,0.11915729243472958,-0.007354098535265753,0.035654386680001246,0.009364434537041411,0.04342355831024401,[172.265625],26,5.427024366231849,0.009061617,0.0077302135,1.0070802,24.970022417073682,11.237078051592972,499.89406499654183,122.00941330250782,1760.641818622765,1427.2888248143606,0.6628262,165.23892893661906,56.41253734778343,93.57338770459413,318.3992322368831,1.468147238616292,1.2061804950057207,224.82584453228898,0.6714975845410628,4.790839002267574,22050,/Users/will/Projects/SpeechEmotionCS3540/datasets/SURREY/Audio/KL_f15.wav,KL_f15.wav,KL,Fear,15,SAVEE
-304.0159,121.055046,-501.09036,-28.296156,-0.28784928,-1.125938,113.59421,78.36763,-54.99877,245.48808,-0.27249673,-1.1401879,-4.601147,36.93202,-118.93858,80.76407,-0.22059755,-0.4448955,30.389938,36.395935,-56.790764,146.53268,0.40657026,0.5632696,12.211795,28.853014,-64.48799,69.77951,-0.2557374,-0.48714542,-2.2384279,23.007376,-60.026627,59.975082,-0.1456652,-0.438205,-27.572218,28.366096,-89.439224,15.3823185,-0.1289748,-1.1554238,-1.9662207,14.484215,-51.35723,34.054653,-0.56471276,0.22019744,-0.7876807,11.687763,-32.32932,35.9328,0.029626884,-0.05300951,-14.3058,18.032122,-61.054115,34.192787,-0.038483985,-0.87893915,-2.409843,10.899476,-29.025116,28.616962,0.09498913,-0.2874546,-4.759165,9.423515,-30.32953,22.770296,-0.21597597,0.00060892105,-1.5167339,9.209943,-31.439983,22.017727,-0.36919633,0.11986375,1111.2418718900026,967.5795127409633,2.0186007772446226,2063.1211440450643,1670.445681392133,1203.2160275573976,481.47561638096533,0.04817428916309013,0.06485938243390144,2.8632595172220103,0.37339455,0.3397613,0.3678693,0.34677663,0.39689842,0.34349754,0.45228466,0.37235308,0.45064577,0.37185255,0.4630099,0.40673807,0.39035866,0.35499832,0.38122287,0.3510723,0.4623021,0.37650576,0.46957678,0.35503846,0.39815906,0.3379608,0.37594762,0.34624553,-0.005661143645495408,0.0701825722209542,0.012372195623420856,0.06574540825295161,-0.022861004569228544,0.12714341677633,0.03347830785750136,0.12684443262716044,-0.013711065025468335,0.03722674381793245,-0.0013830245311607613,0.035736909038586395,[103.359375],26,4.8205231692858765,0.1353515,0.12046147,0.5782159,24.806774797669476,12.313652330732724,567.153932152978,255.47237538297588,1645.1127333737297,1182.095395057408,0.4460016,171.0620743633514,34.2585773121472,95.20902171067573,249.81097439559304,-0.05178362155251618,-0.3528056755401754,154.6019526849173,0.6008583690987125,5.393605442176871,22050,/Users/will/Projects/SpeechEmotionCS3540/datasets/SURREY/Audio/DC_a14.wav,DC_a14.wav,DC,Anger,14,SAVEE
-657.2502,98.07453,-774.4013,-458.6709,0.57676613,-1.0416145,118.96072,61.243824,34.842636,252.88757,0.5736063,-0.91699886,32.350048,22.21284,-41.727203,77.72121,-0.7801213,1.1371403,32.12786,27.822643,-15.860243,118.27271,1.0894344,0.9771006,15.868057,31.18091,-48.077805,84.77064,-0.112508774,-0.2920134,-1.5594077,28.263334,-83.50551,35.149193,-1.549621,1.7440372,-5.766706,17.184797,-49.89604,13.869301,-0.8865784,-0.32523227,3.2645195,9.388216,-23.9371,22.31776,-0.81544334,0.8350289,-1.842199,11.383196,-37.494377,13.570469,-1.4567403,1.4176369,-8.299161,13.442621,-37.0259,13.164385,-0.47855765,-1.014473,-5.5204697,13.824109,-42.872017,18.053621,-1.1553808,0.5500798,-5.3579226,10.820274,-36.55943,21.694271,-0.45629874,0.66579294,1.2289584,8.168585,-23.05439,25.07983,0.03615164,2.1246104,814.381971064426,454.9129601257249,4.5542061792722555,1408.271484375,1010.2655714450284,1494.8833268363278,598.8810484809414,0.018548583984375,0.02127213023466782,0.9632331111962799,0.48732728,0.36865002,0.4800335,0.31128943,0.43613282,0.29527962,0.45211753,0.3518531,0.5067681,0.36886656,0.6390883,0.35426766,0.57159364,0.30164254,0.405752,0.28215945,0.36082733,0.3133312,0.3681014,0.32056803,0.4200395,0.36606175,0.42774963,0.3621339,-0.021401276500628542,0.05724860456514524,0.0010552165857579544,0.057060809327506914,-0.06231754559557932,0.1417250939826855,-0.020839610777330205,0.10158218694675124,-0.020353193959802635,0.04705045912259604,0.002883614882011887,0.024343099460081643,[172.265625],7,3.7842940152499573,0.0054278127,0.00543055,1.354209,23.477829135241596,11.379448621015385,491.9441895571846,108.25139690866416,1923.9270605812478,1197.1541436858736,1.6603383,218.42180247278108,82.10235823090596,98.56656061031477,422.5640958224419,0.4245666841966729,-1.1008435645635015,323.99753521212716,0.8125,1.849750566893424,22050,/Users/will/Projects/SpeechEmotionCS3540/datasets/SURREY/Audio/KL_d03.wav,KL_d03.wav,KL,Disgust,03,SAVEE
-454.7306,91.10468,-559.26154,-265.16928,0.35764772,-1.1255038,117.846924,67.48197,-36.455635,247.47133,-0.053301927,-0.43447757,35.451313,34.58746,-53.995483,110.50604,-0.7121707,0.07875395,37.68238,34.510494,-28.50151,136.3778,1.107852,0.7472427,2.2473154,25.293892,-87.54675,62.679367,-1.2093195,2.0760345,10.766346,22.79478,-41.785973,76.89842,0.38555595,0.70781636,-8.624862,15.602207,-56.818096,22.073906,-0.731441,-0.17912507,-7.4505196,13.117377,-44.175438,17.626842,-0.74956614,-0.036691427,1.2196813,13.608178,-38.942665,51.280388,0.18298441,1.7094488,1.8837504,8.607765,-26.923447,28.71085,-0.49687752,1.8616409,2.7847905,11.321408,-30.741453,36.347115,-0.23172931,1.0439286,4.868972,10.382408,-30.0257,36.62636,0.0229993,0.88271165,1.7746873,11.699131,-39.824814,23.531212,-1.0321761,0.9015987,664.3873586751188,787.0002710349808,2.0213045223717603,1254.456569723887,1815.405670434479,1084.4023939944143,666.1655292376796,0.006337623073630137,0.0097105328056724,1.5047485327417987,0.6910797,0.2661094,0.6258657,0.3316681,0.60024023,0.362726,0.5974611,0.374326,0.6328192,0.38062248,0.6816796,0.35393518,0.6100305,0.34824228,0.5419166,0.37145784,0.5392011,0.35059133,0.56615835,0.31590176,0.63804364,0.24761887,0.717918,0.2465163,0.02169985655840822,0.050032937633951724,-0.03068195558343481,0.0753576118527026,0.0425419179875757,0.1327992002296242,0.0016521967513712266,0.08668329674939187,-0.024156824041686606,0.03991174912012153,-0.016961960048631666,0.027669035923041374,[103.359375],14,4.1477997984548205,0.053917866,0.022931242,1.812385,23.79413755277599,13.356710969998858,202.06622755566264,156.42049343142108,1677.1436671077888,1296.9861524163814,3.2958791,134.757934235323,15.114459218344582,118.57804013471404,170.6259238017108,1.0321408435710024,-0.16413920976199714,52.04788366699675,0.3356164383561644,3.375283446712018,22050,/Users/will/Projects/SpeechEmotionCS3540/datasets/SURREY/Audio/JE_n23.wav,JE_n23.wav,JE,Neutral,23,SAVEE
-338.70456,109.51915,-475.15582,-146.3038,0.2383224,-1.4922539,87.08636,68.620544,-48.466225,201.09164,0.17907982,-1.3130505,5.8241644,33.460255,-82.31644,81.20105,-0.42611745,-0.30516577,18.957428,23.317104,-43.26418,74.003,-0.022954334,0.34782457,0.78678364,26.299017,-70.33588,49.770615,-0.67939353,-0.26501203,-2.3089888,22.67688,-53.07274,52.936893,-0.2941335,-0.5132489,-13.377511,18.14544,-49.708252,15.3438835,-0.2620229,-1.2470034,-5.6108623,14.271109,-42.573845,34.142372,-0.09948354,0.44535065,-4.516359,14.886193,-48.911674,27.208153,-0.83500576,0.33199334,1.6375828,12.005305,-34.870144,31.610367,-0.6519033,0.6390946,1.015441,11.761426,-39.723,27.756767,-0.8367222,1.0533934,-4.262717,10.451622,-32.069176,12.789216,-0.56487644,-0.53067183,-0.6996465,9.728915,-28.11345,17.441916,-0.7368312,-0.22047496,1118.6663690212877,1088.1343912186157,2.066315267422729,1970.542916743713,1939.1343103400527,1311.225119120293,572.6696730091056,0.03193186020710059,0.038805531725063847,1.7490990791964305,0.428823,0.34919316,0.41321605,0.34235203,0.41555235,0.34169233,0.43883365,0.3515412,0.46297684,0.38060832,0.5149689,0.40334037,0.5018314,0.35878742,0.5145862,0.34897608,0.6023246,0.32165143,0.64800173,0.32177737,0.4983795,0.31299832,0.42272106,0.33678338,0.028649360623263256,0.07201471763641723,-0.007900878794711927,0.06230378347337287,0.005384814363391206,0.12494894778565556,0.033815678435007955,0.1113001565945043,-0.009857663911914631,0.037095120687957325,-0.0020340355044263423,0.040423123761367544,[86.1328125],12,3.0701754385964914,0.08366306,0.091548,1.3777341,24.602672414996498,13.4868737210984,574.2120547817892,361.77671174620076,1825.6634464360454,1265.757799942157,2.534333,217.29831047385915,33.12359128492639,141.01384901128017,293.6647679174075,0.17413096892579397,0.5748143386589164,152.65091890612734,0.40828402366863903,3.9085714285714284,22050,/Users/will/Projects/SpeechEmotionCS3540/datasets/SURREY/Audio/JE_f02.wav,JE_f02.wav,JE,Fear,02,SAVEE
-404.6792,107.3168,-553.52527,-199.29893,0.07503061,-1.3020248,120.3841,68.14895,-42.640404,256.0485,-0.13752444,-0.5877552,21.08171,36.128,-88.34223,104.748764,-0.68224114,0.052651167,40.83199,38.793655,-35.65935,150.72864,0.91197467,0.19886279,4.667998,29.188406,-77.12883,79.82359,-0.24595575,0.6676035,8.8892145,23.079588,-47.623756,85.498955,0.4774512,1.1452451,-11.251296,20.51628,-69.12891,37.080727,-0.45963144,-0.4391446,-6.5722265,14.504477,-44.553673,21.714788,-0.63906974,-0.45189404,1.4806627,11.3332405,-33.171585,31.144646,-0.46030766,0.8889072,4.7016683,13.577174,-42.15494,37.08403,-0.43119448,0.5024755,3.063106,12.331799,-32.14544,31.109388,-0.48826307,0.15507793,2.5571918,10.90773,-36.614456,30.883427,-0.36060363,0.7384498,0.33296862,10.584856,-28.51537,26.69662,-0.55773926,0.03539157,783.9142921607299,824.2157926142403,1.9569935322181893,1509.450954861111,1861.6567366296085,1158.785882216535,646.8143831798977,0.009637024176954733,0.011914830985075559,1.050771544808659,0.58467525,0.31902528,0.6194349,0.33402935,0.5807074,0.35951325,0.5291808,0.37037033,0.54859716,0.3875822,0.5611133,0.37563273,0.5551287,0.37469032,0.5599009,0.37290382,0.58179086,0.34238365,0.6039844,0.33431935,0.561721,0.30648834,0.51795465,0.2830228,0.01967914625164073,0.07751696133049407,-0.023735436594423474,0.05081432720405061,-0.054004206034688744,0.12884465190404287,0.005427662654944105,0.10062272641861432,0.004469748544698399,0.036124632117595645,0.002421992809852864,0.04380315571011939,[184.5703125],27,4.802294066402091,0.063356884,0.03281672,1.4731216,24.41272109634993,13.609668664468801,271.1626209261851,168.46138118550462,1702.2596744960754,1358.9714751389758,1.9591699,126.72757752930694,14.623231506108803,106.252996181733,165.76853496220332,0.5113745713691031,-0.4554783570673617,59.51553878047032,0.4732510288065844,5.622312925170068,22050,/Users/will/Projects/SpeechEmotionCS3540/datasets/SURREY/Audio/JE_d14.wav,JE_d14.wav,JE,Disgust,14,SAVEE
-627.4639,87.33668,-748.1877,-453.4598,0.21197022,-1.2694323,113.60185,67.58648,-15.2735815,259.58197,0.330775,-0.9645724,23.922234,37.004837,-82.19111,95.54697,-0.6412717,-0.011567116,33.789894,38.63225,-47.55726,126.70334,0.6165892,0.35659814,23.019493,27.359032,-46.90441,91.1721,-0.13827175,0.29371834,0.62922955,19.794094,-54.633938,41.94805,-0.68837076,0.29608345,-8.2715,18.183426,-55.15142,36.13887,-0.42114714,-0.5338638,-1.5012913,13.390475,-41.953445,25.677307,-0.7650311,0.029328585,-4.261602,14.043683,-41.09516,29.704784,-0.52227783,-0.31770325,-4.729815,12.755872,-34.654915,23.38197,-0.47672004,-0.41253042,-5.639849,12.764746,-37.978912,18.966442,-0.496235,-0.6509259,-3.7483478,10.780836,-34.515915,21.603752,-0.67933726,-0.11741233,4.197733,7.7411,-14.123468,31.687695,0.8206156,2.2075052,953.494995789375,646.250278792435,2.5030564313931376,1744.4970703125,1210.161050263668,1450.452974156945,567.467575119753,0.022307477678571427,0.03243898794110992,2.686967315055098,0.52152765,0.3098495,0.46767005,0.2920266,0.43031442,0.3175659,0.42848635,0.35433403,0.4614866,0.40944397,0.45723838,0.3571497,0.46400267,0.3092654,0.51139545,0.31066632,0.49743184,0.31417248,0.43851495,0.30098036,0.48746887,0.34747922,0.48131278,0.3160371,-0.002588351311677546,0.06535222664202985,-0.0077688629340369976,0.07037987848064778,0.01365407485115694,0.11207918517052079,0.042832741919638435,0.13220661595018457,0.002094662090999367,0.037971810866041046,-0.011710233410953372,0.03549855524832091,[198.76802885],14,4.333300579738626,0.0049473913,0.0049732383,1.9547604,23.346298142829376,11.486968224853081,513.8465022522066,124.55673771341975,1777.9173854735814,1158.2401012545365,0.2186125,119.77267401932569,18.55459488568474,78.23233100085048,150.26442824298348,-0.5013671148583361,-0.6295920689529324,72.032097242133,0.5357142857142857,3.2307936507936508,22050,/Users/will/Projects/SpeechEmotionCS3540/datasets/SURREY/Audio/KL_n08.wav,KL_n08.wav,KL,Neutral,08,SAVEE
-615.3306,97.24895,-754.0449,-451.84787,-0.065371715,-1.439291,145.88757,74.48122,-23.071087,262.10468,-0.24768333,-1.3030955,21.2455,28.867922,-43.36917,75.167755,-0.5891538,-0.6569216,26.166063,34.50831,-39.207405,138.65791,1.0225497,1.4610109,13.732626,23.683044,-40.443,73.58966,-0.12765475,-0.01767397,-4.348533,24.825384,-61.526894,43.097565,-0.35396606,-0.8091154,-8.058121,17.849808,-57.179497,34.370995,-0.3825683,-0.29327917,-2.3859768,17.269697,-37.640663,31.32729,0.014601051,-0.82434297,-12.44515,19.96801,-69.190506,26.044376,-0.081192546,-0.60344267,-12.523558,13.25923,-51.666138,9.678776,-0.3468675,-0.4614849,-2.373973,10.885693,-27.574036,25.253876,-0.29096425,-0.15035772,-5.0205317,8.684509,-29.26323,10.969434,-0.5251458,-0.33430028,0.67242193,7.3863225,-14.992582,21.328339,0.36801392,0.121911764,911.934248855245,631.740995696327,2.6903278006594347,1656.29162397541,1420.2352750603704,1330.7493484636623,656.0996238904954,0.024426069415983607,0.02708368295580015,1.9655081284486409,0.3188934,0.29626697,0.35598198,0.29908243,0.4037594,0.34242,0.34818023,0.3372279,0.35349616,0.36456987,0.3239287,0.2917056,0.3399391,0.30140233,0.42526168,0.33847374,0.4697028,0.3248961,0.5183916,0.3419872,0.4754874,0.35410896,0.33071345,0.29566658,-0.014378373918219216,0.08342915324132771,0.020691772732260593,0.07882132676895615,0.0012317274269627418,0.11604682082216076,-0.02914531451466805,0.1571294129689954,-0.0028109551447181623,0.03785835456416054,-0.023817601234873403,0.03998696667523711,[161.49902344],15,5.3350216142976965,0.006635165,0.0055219037,0.7238321,23.786686504993508,11.112790359633646,507.56717367819243,110.84985616290953,1634.3057307226104,1221.190367390837,0.51586515,123.63810363076057,18.76916981699588,99.71184887709214,184.9972113558172,0.7667737607899239,0.2924792420532727,85.28536247872506,0.4180327868852459,2.811609977324263,22050,/Users/will/Projects/SpeechEmotionCS3540/datasets/SURREY/Audio/KL_n20.wav,KL_n20.wav,KL,Neutral,20,SAVEE
-663.38525,105.98423,-795.71204,-439.493,0.43476304,-1.1954305,124.423416,67.66032,5.833874,252.10051,0.29830778,-1.2151961,26.261333,30.09868,-42.2567,109.49486,-0.27777606,0.16498446,31.406591,26.900187,-14.221146,110.678955,1.2661098,1.4165988,18.277243,28.341318,-43.39527,82.94864,0.11117772,0.14652395,-1.02022,29.05557,-92.60513,51.794655,-1.3186437,1.4328713,-2.5944,17.455063,-47.752537,20.414837,-0.7823933,-0.32714128,6.250197,12.115284,-27.046482,31.48376,-0.512511,0.31530786,-4.808722,15.989998,-41.44495,20.118195,-0.65932214,-0.72172546,-3.6255379,12.070941,-44.66667,12.248891,-1.3006148,1.1340365,-3.7465599,11.131179,-40.904606,11.947881,-1.1581559,0.8919072,-9.274664,13.983713,-51.486313,11.52948,-1.2870797,1.3121772,1.8645442,11.696499,-29.667404,31.831245,0.18362068,0.48452783,841.1407298967504,544.585923209026,4.338040711324405,1424.2868041992188,990.4164441057264,1507.1542465833627,616.735374432767,0.019378662109375,0.026534120742492583,1.948919045573975,0.5522364,0.32925123,0.4846135,0.30934617,0.49413052,0.30867526,0.58818185,0.30767855,0.6524512,0.37184083,0.51219296,0.37815723,0.42426234,0.34429237,0.41186333,0.32908294,0.40188566,0.32444498,0.42244634,0.35051447,0.50525534,0.3793386,0.54512376,0.33359382,-0.009478795946422269,0.06447550177991354,-0.027522408757523143,0.04760966770084384,0.06568880599224892,0.10497151230456513,0.06306711336947013,0.07414458211887953,0.006901598995873859,0.04406169772208017,0.007660156072233829,0.029592067227158993,[184.5703125],5,2.6952695269526954,0.0053364397,0.0046313507,0.6664363,23.3518303257156,11.45032132245349,473.85391203406925,115.22341207563319,2026.0182349611327,1385.6498847690837,0.52174914,176.5576278236376,64.83499723591092,100.28947374140385,316.5653876023804,0.9718226926433764,-0.5472645437351269,216.27591386097652,0.6,1.8551020408163266,22050,/Users/will/Projects/SpeechEmotionCS3540/datasets/SURREY/Audio/KL_n18.wav,KL_n18.wav,KL,Neutral,18,SAVEE
-634.88245,89.11957,-776.9139,-437.50757,0.12791832,-1.0592347,143.80322,66.035934,-31.031937,250.09274,-0.30043447,-0.69015193,31.184732,33.183014,-70.44444,101.17784,-0.62565523,0.58934855,36.233025,32.1947,-16.319817,142.4216,0.9758156,0.96022964,11.301959,28.84878,-56.83773,67.84269,-0.46965006,-0.20554876,-6.7177405,26.550375,-72.18439,44.783993,-0.5379699,-0.61901283,-4.349855,18.853804,-49.747654,48.210213,-0.25952914,0.14321136,2.4486709,17.211248,-43.15709,36.271557,-0.35807896,-0.023834705,-7.929643,15.898045,-52.11097,23.061954,-0.6332307,-0.24049973,-12.1586275,16.035225,-51.726646,14.278322,-0.4590156,-0.8321028,-4.9658566,11.103474,-29.625793,16.225868,-0.44310394,-0.7754822,-4.5988913,13.487969,-45.904396,17.704601,-1.4334631,1.8578563,1.5553166,9.740026,-24.131248,28.317657,-0.00496486,0.5527835,837.4467068854319,513.8290981196203,3.471622533845966,1476.1838942307693,1147.512926836492,1345.6087409375862,552.8231490165352,0.020924729567307693,0.025285318641803365,2.8234867641478827,0.43083724,0.32553136,0.34399134,0.28827295,0.30587333,0.25761098,0.35469323,0.2765191,0.43817437,0.35450894,0.45302635,0.34305617,0.43361688,0.3244942,0.44496137,0.28567696,0.47845608,0.31743085,0.5211277,0.31586647,0.5224467,0.3519634,0.44356057,0.32201722,-0.014857277352464386,0.059187679148612574,0.026329558047244496,0.07566523744829437,-0.008780685260605846,0.10687660769328443,0.029722488986757545,0.11690845782630194,0.0006475208938062723,0.03958158014508145,-0.004330846948477452,0.03772001483399416,[151.99908088],14,4.650917527947691,0.0052146683,0.0044846176,1.1175263,23.646389120926784,11.099380937780158,504.047797652251,103.95109093913034,1532.780411926813,1082.916463367403,0.22165158,146.0350688364634,70.06270476267238,84.82159539743674,323.96475278211557,1.673538203412481,1.2776723646986534,239.14315738467883,0.7,3.01015873015873,22050,/Users/will/Projects/SpeechEmotionCS3540/datasets/SURREY/Audio/KL_n24.wav,KL_n24.wav,KL,Neutral,24,SAVEE
-638.4012,76.437546,-773.35443,-499.7389,-0.070837855,-1.2322601,132.11827,65.45459,-15.322729,245.19516,-0.23519628,-0.78559184,32.10096,26.609241,-38.611088,83.007904,-0.49639323,-0.2630477,39.589622,37.480812,-33.274433,159.72116,0.9888202,0.7089765,14.426085,32.881123,-61.86227,94.03809,0.149446,-0.14878726,5.6318884,22.546192,-58.81362,60.438534,-0.510242,0.6600573,-6.582303,18.092436,-56.94159,32.48904,-0.6764557,0.094852686,-6.4382067,17.365683,-47.957916,45.013252,0.05832989,-0.50672936,-8.705647,15.859119,-57.296104,15.281323,-0.61293083,-0.3585856,-11.074678,14.272113,-42.941154,19.45298,-0.38002768,-0.90058565,-7.934173,12.603443,-40.836136,14.481894,-0.6987589,-0.26868558,-1.075864,12.929453,-33.275658,24.435513,-0.39570957,-0.36198187,1.9077812,10.61085,-21.17769,35.81218,0.5286272,0.5407376,997.3560482202215,822.2686114354137,2.4277679312872915,1720.9783380681818,1552.6883462055441,1424.7419743933579,585.2354467567611,0.023507254464285716,0.026969797304877887,2.071829930804723,0.42453864,0.32249218,0.3869254,0.30487505,0.36255822,0.31130886,0.37781858,0.32889572,0.4010658,0.3447118,0.42328,0.3550819,0.39318725,0.30191228,0.47188738,0.3286664,0.4832389,0.30461922,0.51778144,0.32519606,0.5072471,0.33478042,0.43907863,0.31419274,-0.013375835879537544,0.05484869870169438,0.01724822396573224,0.08976946451992325,0.001409087172866039,0.08884824335041634,0.06372646881606035,0.10122905173194588,-0.005869171912091678,0.03203554113846605,0.00030696316011400424,0.03137954069796786,[215.33203125],21,5.907304875870691,0.0045043123,0.0036565962,1.1523243,23.633698557883243,11.636455068890188,476.58302033054997,123.2886293008204,1699.68785868309,1327.1456715042846,0.396882,168.76415611446535,85.33571235653072,94.11545282508624,365.74467430282664,1.2081540503234367,-0.24354151611528962,271.62922147774043,0.42207792207792205,3.554920634920635,22050,/Users/will/Projects/SpeechEmotionCS3540/datasets/SURREY/Audio/KL_n30.wav,KL_n30.wav,KL,Neutral,30,SAVEE
-344.75958,99.53953,-499.79926,-157.34319,-0.025462711,-1.2151794,91.6203,54.722317,-13.037661,205.12735,0.08526552,-1.0649247,24.39222,37.205788,-69.22537,103.78811,-0.12505777,-0.37807918,46.05132,30.753689,-3.9992456,136.63736,0.8293916,-0.17143583,1.440895,26.562498,-78.764786,51.730293,-0.5200305,-0.07704377,-4.6091576,24.639439,-64.31486,49.981216,-0.35184374,-0.368459,-19.72118,23.537539,-73.319565,37.901543,-0.13617712,-1.0741265,-0.4699851,13.241583,-36.66243,31.549469,-0.14220236,0.06446147,-3.63603,12.538317,-43.999107,21.309418,-0.6804944,0.10333252,-3.2102733,15.030113,-48.87842,25.219625,-0.5600665,-0.04659009,1.2774811,11.475421,-30.969862,25.032902,-0.57161444,-0.13565731,-4.267716,11.627581,-31.458427,21.770973,-0.18325931,-0.73348117,-2.873335,10.635837,-35.227932,20.379377,-0.69357586,0.20485544,1188.0928993232558,956.0400097433688,1.475946050445258,2401.9804193732443,2009.5537379496552,1485.9214866468656,622.9234067272052,0.032805367801966294,0.03432739831220259,1.4044793448155852,0.44923574,0.3268632,0.41418272,0.32453534,0.40409303,0.33261392,0.39977676,0.32151696,0.4366582,0.34883147,0.45230153,0.35308012,0.46310622,0.34955433,0.4761633,0.3380005,0.52061576,0.33988288,0.5553305,0.34748995,0.51325446,0.33973092,0.47565556,0.32478678,-0.00240299269723562,0.058049969615534644,-0.0260811316848615,0.0586792246533906,0.022952903250461985,0.10084387228201365,0.00782977989246872,0.11749850874743707,0.0020255654870106124,0.03838661214454728,-0.005239515078091788,0.03433556122774224,[143.5546875],16,3.885505346975187,0.070624225,0.070685685,1.3287852,25.255627356862018,14.113723279313405,683.2427031650451,384.8149860868183,1823.4815525091856,1355.9237866931448,0.3465771,177.31144451599997,31.80489838114336,120.65074776640884,242.6993408760242,0.31833312229633876,-0.8017375974838648,122.04859310961535,0.37640449438202245,4.117868480725623,22050,/Users/will/Projects/SpeechEmotionCS3540/datasets/SURREY/Audio/JE_d04.wav,JE_d04.wav,JE,Disgust,04,SAVEE
-358.2707,94.57032,-534.8984,-206.44173,-0.38949627,-0.85930085,135.50525,68.751526,-51.550316,234.20758,-0.62825626,-0.58373904,13.391877,35.249172,-70.49155,110.819595,-0.08990006,0.0016305447,44.371677,33.76482,-38.890175,155.33014,0.52411634,0.6723604,8.414599,24.231262,-68.43942,58.25968,-0.6375459,0.7869296,-12.130323,27.012737,-69.66139,45.22538,-0.15549052,-1.095777,-12.133697,17.35481,-53.949493,25.4153,-0.021751026,-0.7415297,-0.36853406,12.749473,-30.06886,47.010216,0.18876836,0.34706378,-2.1758792,13.428149,-44.193855,32.685062,0.0961532,0.44703078,-1.4425937,12.1692,-27.549793,27.854286,0.2247192,-0.34824872,2.6763604,12.555011,-35.024296,33.299805,-0.36577642,0.18083286,0.05554337,10.443075,-28.557533,36.302467,0.21220733,1.2301402,-2.6170282,9.122695,-28.67152,19.535612,-0.33333936,-0.17414618,754.7037443492312,642.0161165949282,2.341367129072123,1513.7147177419354,1544.9697231988825,1094.1994008923175,577.941840748684,0.013274949596774194,0.013388662235606402,0.7618940961226932,0.47884196,0.34213454,0.44889447,0.33493415,0.47839618,0.36805263,0.47240907,0.37422615,0.42243943,0.37988743,0.4540543,0.40396428,0.4675994,0.38348508,0.45236087,0.38693073,0.514225,0.37569222,0.57052076,0.36721557,0.4959228,0.31870872,0.451291,0.32099277,-0.015899270829275936,0.07232060356653702,-0.0001937735688085862,0.06016707492544075,-0.013614258542657437,0.11874803090387448,0.02427930164961993,0.14579003448707936,-0.01640390231749644,0.041627549508778124,-0.009889079022010938,0.03757740728677324,[66.25600962],18,5.030800821355236,0.08255209,0.04467041,1.1717077,25.21650480534668,12.962169091806063,299.9505714457385,148.51733850046492,1538.7546081146252,1220.621467382857,1.3450706,129.27845903948761,30.301343683491666,90.90953499696329,217.47308447763714,1.6062895217139488,2.1286311095249513,126.56354948067386,0.6129032258064516,3.577959183673469,22050,/Users/will/Projects/SpeechEmotionCS3540/datasets/SURREY/Audio/JE_d10.wav,JE_d10.wav,JE,Disgust,10,SAVEE
-331.4618,125.21123,-501.9015,-76.323296,0.10231172,-1.398372,99.65651,66.449684,-46.77147,219.2869,-0.1713964,-1.1195767,14.905149,36.15661,-77.061264,100.00744,-0.39337125,-0.23882389,27.283463,29.186516,-30.5653,129.61401,1.2752904,1.7321067,-9.27436,34.22177,-86.39282,55.29586,-0.4515335,-0.7175598,1.2300907,23.750467,-48.17858,71.48332,0.4280344,0.83574677,-18.039446,21.680517,-69.13904,30.180042,-0.4051687,-0.5561974,-5.4992213,11.749439,-43.167152,15.566818,-0.72239584,0.22015023,-11.396665,18.61069,-68.53381,20.526703,-0.5257055,-0.52703476,-2.006314,13.65345,-39.11162,28.097532,-0.34724405,-0.1942389,2.01335,10.794725,-29.737297,23.732515,-0.54572475,0.08667779,-5.5872846,12.932587,-46.021503,18.277065,-0.53569406,-0.21311021,1.3076781,11.693741,-36.33142,29.548685,-0.56813765,1.000957,1037.5147402386876,950.3263899984875,2.389204187869172,1752.310546875,1716.57052888602,1324.7055260303134,483.03882112574934,0.026060267857142858,0.024112503020988534,0.9842123704314555,0.5380745,0.33251217,0.5597881,0.3469928,0.51045835,0.35906225,0.4489968,0.37214807,0.4399237,0.39675182,0.47392896,0.41942307,0.4245514,0.35300907,0.40112182,0.34160504,0.36841932,0.3484592,0.3544433,0.34171414,0.41208723,0.35926068,0.44736922,0.326753,0.025711582095178015,0.10001614634499612,0.01973818464232897,0.13064061425006185,0.003166893191103041,0.15284562954406478,0.03340075685509574,0.2028215878179274,-0.010739311822867192,0.06135732898043027,-0.0037279003658997117,0.06781282067722832,[117.45383523],20,4.940346160309192,0.12762833,0.120778434,0.5561957,25.677465549518136,13.38399905379896,608.9593457953001,361.95832629560107,1725.4992416267187,1241.2471144897452,1.3295852,223.0672328512223,52.637673269555314,128.565497341737,298.79793764201077,-0.3864911537128434,-1.2987972206586704,170.23244030027377,0.45714285714285713,4.048299319727891,22050,/Users/will/Projects/SpeechEmotionCS3540/datasets/SURREY/Audio/JE_h09.wav,JE_h09.wav,JE,Happy,09,SAVEE
-366.91376,121.18817,-521.71545,-158.16774,0.15412095,-1.5558399,79.47564,67.75229,-60.009727,243.27017,0.34583274,-0.61795115,5.468064,32.787502,-81.00717,56.736298,-0.9322707,-0.032544374,37.483242,33.11049,-24.177784,122.66051,0.6398615,-0.27111697,-3.7022517,26.154093,-68.816956,41.83484,-0.5281144,-0.9038527,1.5050024,22.97904,-63.112465,58.25238,-0.71154004,0.34302402,-16.282825,23.431282,-73.79356,16.673466,-0.34612778,-1.0673108,-3.9989946,16.054495,-51.65222,20.35957,-0.83531207,0.3634565,1.8982354,15.487808,-36.5794,32.76608,-0.5536362,-0.2252276,4.6911654,12.435559,-27.640665,38.302208,-0.2217932,0.1745143,0.33483496,11.624239,-35.154907,19.377449,-0.84880525,0.18889761,-3.430999,12.792877,-35.737427,18.25819,-0.4757058,-0.7982123,-0.85963255,10.980315,-29.29698,27.032063,-0.2304039,-0.42728996,990.920579796638,1012.9495884942902,1.560584247549521,1778.4217247596155,1999.5631535008692,1301.3779338271067,614.0794579789962,0.01489570813301282,0.019214705692771995,1.042850513841429,0.5912002,0.32804078,0.6370643,0.34256557,0.6078499,0.3706996,0.5921147,0.40033537,0.57101977,0.4095449,0.5702551,0.40647575,0.6276136,0.3985096,0.6072038,0.38936982,0.5645009,0.3867909,0.5506212,0.3646027,0.5185036,0.3424655,0.511152,0.31301072,0.018007286758564674,0.054729987412854425,-0.02205225594592522,0.07242064080997307,0.005066128065570356,0.09466142517438339,0.004567987440774378,0.09616163270552652,-0.006032001222862218,0.025027801463456827,0.0033498420723332067,0.038820839841357285,[135.99917763],10,2.7696481730370666,0.08978225,0.06554916,1.3628691,25.014890523499666,14.232608038221969,491.5542782667176,350.11232777488203,2097.618162765179,1384.807453938619,0.387791,277.3513327629448,74.49916072901766,113.22324603078411,412.91271853530293,-0.16543596164562205,-0.6390645181833654,299.6894725045188,0.391025641025641,3.6105668934240365,22050,/Users/will/Projects/SpeechEmotionCS3540/datasets/SURREY/Audio/JE_f06.wav,JE_f06.wav,JE,Fear,06,SAVEE
-348.01837,102.2149,-524.5402,-173.18465,-0.25133425,-1.2489271,99.98666,57.12013,-55.983536,210.79456,-0.28860825,-0.7340934,15.919389,36.254982,-72.97403,107.01909,0.021056496,-0.21892929,45.169666,33.478844,-26.867397,126.94511,0.45504043,-0.62447214,1.5107012,27.38839,-57.849422,73.60836,-0.18196586,-0.4866681,1.4678177,24.6498,-60.003357,59.877434,0.06830361,0.21942806,-23.208834,21.625738,-78.86407,24.143597,-0.08334608,-0.79019165,-14.041516,16.891937,-61.278336,15.709236,-0.53707755,-0.3434031,-7.8168693,17.122929,-61.063553,28.455914,-0.3799493,0.07456684,1.0262341,13.021919,-29.858627,36.197933,-0.13671163,-0.46593404,-5.3410683,11.85153,-40.81488,21.800926,-0.3735662,-0.004491806,-6.953775,13.978179,-47.64206,25.17172,-0.09579082,-0.28328013,3.1677136,10.336904,-32.45784,31.573072,-0.2676675,0.391603,1055.058571852932,1041.034038522079,2.2389462308296317,1868.4681888079751,1869.0142128040886,1283.9227248812515,538.7799036119887,0.040313030260180995,0.054654668710043056,2.4630487666995697,0.43604535,0.3539641,0.35688695,0.33571038,0.32936385,0.36497167,0.30950403,0.3488067,0.32946038,0.356343,0.35783067,0.3759957,0.36190146,0.36424318,0.36900792,0.3461001,0.46378276,0.3731108,0.57699245,0.38277557,0.48818612,0.34220374,0.4516415,0.34401515,0.03462873880132414,0.10360056346901868,-0.003033960996483101,0.08276113912754278,-0.02131389137947504,0.17057834895145482,0.04949113770653493,0.12726335496869218,-0.017048477316918838,0.03934051553808487,0.015328044620683922,0.06101434014114852,[143.5546875],19,3.704997479593551,0.10109597,0.07323878,0.47710484,26.31875250955306,13.209675428959907,543.6868217032958,377.99784785523826,1778.610362117479,1207.5689224547584,2.5352929,223.6954890829859,27.621899049766363,127.82501456536235,300.528856485967,-0.9083528156624807,1.864805023618124,172.70384192060467,0.6334841628959276,5.128208616780046,22050,/Users/will/Projects/SpeechEmotionCS3540/datasets/SURREY/Audio/JE_f12.wav,JE_f12.wav,JE,Fear,12,SAVEE
-442.45786,98.53452,-607.5467,-199.33214,0.19149218,-0.78827786,138.52556,66.94752,-42.25813,255.6665,-0.23994666,-0.69694185,32.457607,37.073086,-61.41052,116.021454,-0.42657334,-0.19037318,44.254646,33.040016,-16.964758,147.14258,0.66006047,-0.12509632,14.147756,28.063572,-64.74609,86.76485,-0.5542835,0.31921864,5.2668724,25.731346,-59.493755,77.41687,-0.2902316,0.6248596,-18.776398,24.240788,-86.235115,24.533268,-0.38899526,-0.36797166,-6.227212,15.85647,-46.676514,37.309643,-0.08322793,-0.29946613,0.31395677,14.042823,-35.575325,37.984062,0.019100355,-0.029583931,-0.14321233,14.566154,-58.044624,29.204975,-0.7815065,1.4252219,2.527463,13.025331,-40.433304,37.648453,-0.18899024,0.59865093,3.155495,11.81675,-29.908857,27.149422,-0.365699,-0.2864654,2.0678902,10.606092,-31.324574,24.88248,-0.53439873,0.24820566,617.694785513075,666.5103192475821,2.427940633718412,1189.590897749174,1628.2322595421194,1021.6483146010222,608.0040838136623,0.0068574476872246696,0.0074116420784721025,0.8502889629428367,0.62417036,0.30052763,0.5491403,0.30979073,0.52847034,0.33840418,0.539445,0.36987147,0.5480438,0.37881768,0.53201574,0.37549466,0.5053347,0.3795475,0.505308,0.35314795,0.5640726,0.33370543,0.6026847,0.32790565,0.5909372,0.2878052,0.5899792,0.2731386,0.020999607977425592,0.06458025309583731,0.01527970071901439,0.06476104898908114,-0.021593264521547233,0.12038100066365003,0.021215305782624296,0.11463875356534628,-0.0008066438901654364,0.028108685916845597,0.009611966490483004,0.04259340365807168,[143.5546875],26,4.934244500292629,0.054562338,0.017952912,1.4127555,24.28210986852897,13.026806928827646,176.98013533019872,106.06591521859401,1579.0593580292987,1317.5247858048763,2.1668944,130.39221861315065,17.85662311405233,106.252996181733,169.64319079487348,0.6474988110061985,-0.6234575096379187,63.39019461314048,0.4889867841409692,5.269297052154195,22050,/Users/will/Projects/SpeechEmotionCS3540/datasets/SURREY/Audio/JE_n27.wav,JE_n27.wav,JE,Neutral,27,SAVEE
-587.71313,79.535774,-693.6072,-435.33572,0.16214775,-1.1907053,120.31219,64.98587,-50.007313,208.98267,-0.32006243,-1.1946135,41.926167,35.29417,-53.222603,117.027466,-0.35532942,-0.04685092,26.120852,26.613491,-30.360025,128.42691,1.0261918,2.690082,4.1018343,25.567146,-53.473194,60.78385,-0.20623595,-0.7344444,-9.867194,23.28216,-68.142586,41.170586,-0.2275783,-0.6785784,-8.387753,17.364725,-49.801186,23.44849,-0.54959786,-0.71761274,-0.10241452,14.923636,-44.472427,25.247341,-0.7559834,0.0073838234,-5.374971,14.463328,-42.279366,25.889462,-0.403644,-0.71878815,-9.268832,13.112748,-43.134773,16.20493,-0.50798494,-0.6539421,-5.3593965,9.858279,-28.434368,13.572058,-0.3891657,-0.86742663,-3.89536,10.860199,-32.948864,26.832531,-0.08797776,0.16498995,-0.5582764,9.637582,-24.798258,24.404572,-0.09187454,0.004324913,849.1270837041433,675.3219676339634,3.6713270103131803,1440.1041666666667,1247.7212514063679,1265.064487300566,603.4809319751789,0.02718615658068783,0.04637151865416818,4.82346132157113,0.36163196,0.31523123,0.330674,0.27699298,0.34185624,0.31035876,0.35045877,0.3351973,0.45640633,0.3815227,0.44627154,0.32401347,0.4798976,0.32538968,0.4730287,0.3271582,0.43114504,0.32465386,0.4226969,0.3175266,0.4533466,0.32200715,0.41288692,0.30973342,0.010862980283820035,0.06808027958710684,-0.007205232807541367,0.10590507331608408,0.04509294342998579,0.13769116626236788,-0.004601100361142695,0.13334827632252033,0.00022876989369916044,0.043793957192528016,-0.01904926489713403,0.03937916719362561,[135.99917763],26,5.943334611915697,0.0065450543,0.006451302,2.0930037,23.800153690390005,10.992320388048375,470.58073232996924,101.37446465664722,1528.0441948106566,1159.3766582985998,1.0745288,173.17584221999078,104.08376040819493,91.96585291173604,442.5488940698555,1.4190125012911252,0.47167556078090955,350.5830411581195,0.656084656084656,4.374648526077097,22050,/Users/will/Projects/SpeechEmotionCS3540/datasets/SURREY/Audio/KL_d13.wav,KL_d13.wav,KL,Disgust,13,SAVEE
-604.33777,93.33608,-706.5409,-424.85455,0.42143962,-1.3555751,97.928955,58.81844,16.50151,196.39182,0.36071274,-1.4573961,21.712755,28.61418,-51.645687,79.84404,-0.611394,-0.08885765,39.564808,29.35287,3.1012974,144.43683,1.89649,3.382155,30.562708,23.575224,-23.635563,76.85176,0.033184182,-0.62008595,3.024467,15.972565,-37.80213,37.541298,-0.77250683,0.20696378,-7.8491564,17.232866,-40.842472,18.261314,-0.29710507,-1.3713713,-4.0847282,13.60863,-35.32246,24.101131,-0.40964648,-0.8714404,-6.83305,16.489977,-38.075607,23.547552,-0.3767564,-1.2762575,-7.16143,12.685487,-34.055084,12.700944,-0.11887904,-1.2631977,0.059728153,8.545453,-26.393723,20.904333,-0.52092886,0.23350668,-5.15392,14.534052,-39.76246,18.327303,-0.8556204,-0.43346286,-2.7267268,7.00669,-18.498596,9.937134,-0.4797456,-0.8346064,898.849663195947,443.5603968452726,1.9521807377297742,1810.8645519578313,1258.897145974523,1525.885489347961,588.4539591048508,0.014771978539156627,0.015387108623438903,0.797812534626876,0.47480476,0.34361708,0.47605115,0.34913647,0.42805701,0.34108838,0.46888927,0.3598254,0.58841914,0.37778965,0.60227054,0.37370324,0.47383195,0.3296367,0.45810202,0.3389612,0.4960897,0.33220616,0.5242966,0.3571231,0.5016519,0.36676532,0.42062402,0.31854323,0.015229785640190622,0.0492541851756427,0.008800213572587874,0.06003950808412895,-0.03474037930459199,0.10006361796677635,0.07769167575850487,0.08758900191481585,-0.00042485973820257,0.028614339161540728,-0.0032963937159672337,0.032701487140614174,[287.109375],6,3.1500000000000004,0.0066613476,0.0074925986,1.6923352,23.180283497758857,11.418483327754165,506.41574008113025,135.03382955639722,1834.4181985375567,1162.1610130140054,1.0415841,135.07523235899535,24.810319061857008,100.87044475251382,177.66631669600923,0.23756680396087118,-1.4308517120951643,76.79587194349541,0.46987951807228917,1.9047619047619047,22050,/Users/will/Projects/SpeechEmotionCS3540/datasets/SURREY/Audio/KL_d07.wav,KL_d07.wav,KL,Disgust,07,SAVEE
-299.57156,123.77282,-503.46173,-64.55668,-0.31102452,-1.1264738,123.025314,72.86622,-37.43579,235.93378,-0.51877475,-1.0704694,3.2016294,42.428467,-99.03589,93.25375,0.0033408327,-0.7626939,28.825586,34.65057,-58.434223,139.30875,0.6334366,0.86342525,2.048204,30.09782,-75.87994,89.49122,0.007881042,-0.12144351,-4.688712,24.13035,-62.674458,74.24574,0.34332377,0.73438096,-29.089981,26.279284,-81.60286,15.520185,0.114525445,-1.0317014,-4.5524244,13.277915,-42.35138,22.039347,-0.45462158,-0.30327344,-2.2073333,12.397058,-37.358788,27.075096,-0.08884854,-0.27262592,-14.418805,18.166815,-57.5271,15.327694,-0.1736123,-1.108095,1.4726162,10.942816,-31.992085,28.010263,-0.67547,0.13488698,-3.5873556,10.810498,-29.643562,19.66272,-0.23459542,-0.77910113,-3.3738203,11.001714,-33.211426,22.968857,-0.62064993,0.25189328,1008.1288544667116,899.288603884496,2.120232078027166,1733.6933691896984,1614.2269913107737,1120.8354091520744,486.0752755788376,0.04432072471733668,0.051365676168535136,2.4446927619835384,0.39423037,0.34918195,0.39872703,0.33621642,0.43470687,0.35754997,0.43021956,0.36799917,0.43623146,0.38120183,0.52758515,0.41134185,0.5094643,0.37775272,0.4502438,0.38257092,0.42874297,0.36774263,0.42618328,0.36141774,0.36826405,0.3360924,0.35819498,0.32147747,0.00852329577965224,0.07722155452806719,0.008779894154035779,0.10464488103862786,-0.01175104137556917,0.14964268789228397,-0.004264734039579749,0.15085206355665837,-0.010476770814123763,0.04386549121800561,-0.008109672226119358,0.04754704492056835,[129.19921875],21,4.560945579906427,0.1660511,0.1395544,0.4624715,25.352469523481446,12.572468434953823,546.7399591273568,269.6623416395122,1518.2313907369082,1060.554073166944,1.1411191,174.4182740608727,27.014206779038354,105.03257643014581,238.52991146631203,-0.3207836419244954,0.3522455436790919,133.49733503616622,0.678391959798995,4.604308390022676,22050,/Users/will/Projects/SpeechEmotionCS3540/datasets/SURREY/Audio/DC_a10.wav,DC_a10.wav,DC,Anger,10,SAVEE
-286.4895,111.473175,-439.17456,-60.54236,-0.022966279,-1.3635348,102.8327,74.12632,-18.432756,227.47003,-0.05045527,-1.4517379,7.022041,30.415625,-55.50153,75.19594,-0.19880404,-0.50228095,15.775355,31.60095,-75.42174,96.47432,-0.62465125,1.0024271,7.510127,23.6623,-54.101482,55.5223,-0.159255,-0.5458448,-1.5100498,18.81901,-47.616894,40.237144,-0.15950364,-0.7345967,-24.844368,27.637453,-79.19664,15.309242,-0.08295706,-1.1557295,-5.162172,12.3145685,-38.209522,22.946692,-0.21929534,-0.6342585,-0.03319961,10.800168,-45.879456,19.663769,-1.6787395,4.4405756,-10.830236,14.005351,-43.991802,8.882965,-0.29398865,-0.8122623,-0.86653465,9.077106,-27.34822,15.233841,-0.62290585,-0.15574002,-1.3263955,8.149592,-19.102598,17.455643,0.0228466,-0.8352692,-2.8322322,10.387791,-28.819157,17.083292,-0.8517312,0.33530712,978.5140602760063,948.5700249522109,2.0251768125258507,1750.393935381356,1780.5421044835837,1164.6012633644084,570.5299919307312,0.03795352224576271,0.04539425389152372,2.241679619059945,0.45531777,0.34502453,0.44844204,0.3559017,0.46122995,0.36024916,0.49232975,0.3706945,0.5257212,0.36688492,0.59784114,0.39738384,0.52684325,0.39167407,0.41778028,0.3854286,0.43032396,0.37013018,0.47803965,0.3729661,0.44402158,0.33661765,0.4267932,0.3200064,0.017951149377907837,0.06939509394904916,0.009447286239981069,0.07796639392296285,-0.036807476298221155,0.1538724174429415,0.0403566228194251,0.10604953311443421,-0.009594103728048854,0.04623174103424449,-0.015832100544022225,0.03566053595463462,[103.359375],13,4.7700269577661665,0.1522429,0.16174556,1.716922,24.4763906075347,13.193536336437043,477.7462158796777,272.0322740315954,1619.6679708210572,1158.0161352783584,1.1397139,170.44650328282233,33.596967003112084,99.13755088719131,249.81097439559304,0.3136126180925942,0.18197557164770917,150.67342350840173,0.5932203389830508,2.7253514739229026,22050,/Users/will/Projects/SpeechEmotionCS3540/datasets/SURREY/Audio/DC_a04.wav,DC_a04.wav,DC,Anger,04,SAVEE
-626.1575,102.692116,-767.4664,-449.57883,0.111398496,-1.4369081,118.73204,71.66374,-37.665016,235.68689,0.053558514,-1.1862831,30.874548,28.936316,-43.07682,100.78548,-0.4527068,0.03381896,31.227913,29.263433,-14.867489,142.9148,1.7820584,3.5391707,1.9318453,26.807388,-81.21045,54.74084,-1.0021945,0.42416644,-3.7306318,25.306276,-78.809555,33.034527,-0.8906716,0.060563326,1.9504602,20.345278,-59.11936,29.154474,-1.2268249,0.43642378,7.2977695,14.462601,-40.42659,41.672028,-0.61819506,1.7801542,-7.237091,17.300362,-48.953304,19.232134,-0.6546853,-0.69816566,-4.0840235,15.244691,-42.24723,27.848415,-0.40321463,-0.6341553,3.8677933,8.963622,-21.269493,27.93804,-0.26016736,0.3858521,-1.1887004,13.446912,-36.545975,35.960537,-0.6130928,0.66087174,3.3259187,8.688636,-20.296299,31.803751,-0.14400102,0.8979416,677.8109037542563,666.9435872575749,3.261782362492533,999.0391596449607,1420.8979170937337,1237.4345024583863,451.2508734696151,0.012143120091623036,0.016854517881724675,1.8143489707085045,0.5163931,0.32183346,0.58012307,0.3451111,0.56433463,0.35822886,0.5336692,0.38445842,0.5252576,0.39596573,0.5645963,0.38398013,0.6192357,0.3576793,0.65025,0.3519086,0.63849396,0.33880037,0.6381692,0.32682294,0.6196305,0.3262512,0.52272344,0.30964732,-0.01192217774961754,0.07269241375764103,-0.013298175532241784,0.044175077722878264,0.003985295389139621,0.10102464804437082,-0.0004820374196585563,0.12560805229609884,-0.0055921480447932706,0.03756821813814039,-0.005095626259251836,0.029834139508941256,[99.38401442],15,3.3993504491356448,0.0074888724,0.0045896363,1.8232753,23.671335052642675,12.056039141659163,282.178247786594,122.84420546530657,2014.8525351797016,1501.2208444828188,0.47355968,131.76484015724694,25.687858808293132,98.56656061031477,191.5211239251473,0.9811071577107678,0.08854117235183079,92.95456331483253,0.27225130890052357,4.412607709750567,22050,/Users/will/Projects/SpeechEmotionCS3540/datasets/SURREY/Audio/KL_f11.wav,KL_f11.wav,KL,Fear,11,SAVEE
-578.09235,98.81793,-716.86115,-413.35992,-0.12374833,-1.5242388,109.96006,63.17202,-6.336694,232.03687,0.23747826,-1.3091692,22.809633,30.898954,-57.732086,85.0069,-0.7952011,0.18538785,34.183716,26.62106,-31.950848,108.88071,0.6842061,0.7186773,6.7340484,27.9134,-88.79458,54.533226,-0.83562034,0.7470753,-5.01313,28.88445,-87.74788,41.253532,-1.0035886,0.26093054,-6.2708845,18.32723,-57.04085,19.025433,-0.6914366,-0.51785016,0.06987242,12.752183,-33.249844,28.598103,-0.48116025,-0.036964893,-9.486341,16.285275,-51.38114,21.133596,-0.51669985,-0.70277643,-10.147109,12.833152,-41.142593,11.690485,-0.29028627,-1.0217814,-3.1491144,9.694355,-32.29264,19.749985,-0.6463653,0.13255668,-8.515109,12.830584,-51.403008,11.625327,-0.99724907,1.1522522,-5.1630282,9.397272,-38.237568,13.10046,-0.929577,1.1878338,990.8025757546438,612.324517671815,2.473758984609799,1905.2335497359154,1428.6013388553808,1490.3480117295014,599.7979382200385,0.026910486355633804,0.03203945434038644,2.4905521997107516,0.42693996,0.35651937,0.41159225,0.28370687,0.4782844,0.3219971,0.4471312,0.32161132,0.46797127,0.37503096,0.49854365,0.34439573,0.5346618,0.31271553,0.53365296,0.3289223,0.41641745,0.28856274,0.407915,0.3186948,0.42574847,0.3314693,0.43592566,0.36258557,0.023788460261252444,0.044116592255224754,-0.001973982310794603,0.06001027195812812,0.02438881425973978,0.10657953223671303,-0.06178045999521146,0.10012956759469017,0.00407054927085678,0.03412638057760724,0.00043985436991860524,0.03335081664499796,[123.046875],17,5.189456342668863,0.007964784,0.007901407,1.3180661,23.929824817079133,11.978948633518092,604.1281890421475,205.11543933709333,1814.0549626828379,1098.2680326035522,0.5331059,198.78565658707677,71.32098207263303,85.80717486147108,316.5653876023804,0.3751853982458256,-1.2443259772387838,230.7582127409093,0.8380281690140845,3.275873015873016,22050,/Users/will/Projects/SpeechEmotionCS3540/datasets/SURREY/Audio/KL_f05.wav,KL_f05.wav,KL,Fear,05,SAVEE
-587.27295,107.12396,-732.8705,-392.0137,0.0033938566,-1.5500546,110.329834,68.16868,-15.891941,225.35788,0.10459661,-1.4251921,24.41046,27.262072,-44.51347,87.40561,-0.36596194,-0.013195753,28.309008,25.330774,-26.174294,101.32965,0.610993,0.52814484,-3.4016817,25.852291,-77.5025,52.889786,-0.66956383,0.03515196,5.9721227,24.760374,-58.92055,56.11222,-0.24870484,0.093295574,-8.942103,19.45567,-49.253067,35.5838,-0.29462865,-0.92969584,-2.7863207,12.8487835,-35.64659,19.495811,-0.71722573,-0.19996858,-5.5399137,17.7752,-54.296234,22.581898,-0.883495,-0.20447183,-13.289748,16.658438,-48.612297,13.082696,-0.26833883,-1.1940347,-0.9223177,9.717984,-35.519,18.702171,-1.1452366,1.7924953,-3.197569,11.51757,-35.399063,28.48127,-0.30867884,0.29794025,-4.8444753,9.327128,-33.083115,12.566797,-0.8319257,0.3445716,1172.141175630643,920.930230567278,1.9326014522006632,2022.645027406754,1722.602706314234,1577.227354828886,628.9798092101606,0.032494329637096774,0.0440439673577727,2.546688072160519,0.39291096,0.35114253,0.36693472,0.2952155,0.44682348,0.2983165,0.5182996,0.32168952,0.4644133,0.35605064,0.5018289,0.40183336,0.4514875,0.30364585,0.5172377,0.30038643,0.5591638,0.2993066,0.4829252,0.3158994,0.4185201,0.32427517,0.3917651,0.3332657,-0.00871330127801754,0.06998669583814855,0.01869016557636389,0.05940075151221312,0.060553430324239446,0.11531916814466975,0.028199693278198747,0.09893689569791116,-0.007263382516350421,0.03257009547360731,-0.021873506259233174,0.029557916648308914,[135.99917763],11,3.8280041665351474,0.0079380665,0.008239692,1.150894,24.064157425324193,12.21403195475789,642.8435976330013,263.5033601503052,2050.057270655653,1362.3464274483135,0.74954206,216.39970083752556,76.36786940519606,90.90953499696329,339.28638158974695,0.20875226091119742,-1.2716548167216364,248.37684659278366,0.7903225806451613,2.8735600907029477,22050,/Users/will/Projects/SpeechEmotionCS3540/datasets/SURREY/Audio/KL_f04.wav,KL_f04.wav,KL,Fear,04,SAVEE
-548.43646,86.13205,-660.10486,-397.74963,-0.00837566,-1.5130277,97.84886,61.371403,9.891382,197.05771,-0.2095971,-1.6110728,24.946703,23.676264,-32.00437,73.96533,0.17893332,-0.37968636,24.942415,16.427488,-9.5225525,86.69755,1.2660782,1.9214592,7.2336454,25.147808,-57.35771,55.4246,-0.56205297,-0.03386998,-15.557255,25.246923,-84.03668,14.172302,-0.50236523,-0.7046428,-6.2616243,17.243948,-53.57615,17.289106,-0.77883977,-0.5270438,2.1182528,10.601494,-38.060387,19.788845,-1.5759704,2.4621882,-11.090327,19.547531,-54.020153,24.69148,-0.42390186,-1.0642247,-12.333485,18.255608,-45.783073,21.06491,-0.29743925,-1.2193465,-5.090696,10.428471,-32.832268,8.322405,-0.86326486,-0.17244172,-9.712905,14.111484,-41.71337,10.22292,-0.5245514,-1.0817845,-5.280137,10.4867525,-32.792976,12.717791,-1.0827161,0.55605483,737.3683335112331,194.54932625741966,1.0736553882317044,1245.8944079945388,593.2073095240163,1294.9362192647043,590.8233833045714,0.01914252123786408,0.01609802644110717,-0.1517024686224085,0.32790175,0.3130556,0.32565337,0.3298712,0.32737958,0.31877425,0.3580804,0.35479468,0.43391463,0.39716658,0.52003026,0.43605894,0.385489,0.33126915,0.35161015,0.34977582,0.3936272,0.34868744,0.49676925,0.36745048,0.58140033,0.37524524,0.40140066,0.31994465,-0.03164034817283134,0.09765854611003051,0.06162265508753438,0.10335849340893534,-0.05789034858852385,0.15406584895666706,-0.014716838915986675,0.17288378290175102,-0.000966104507658576,0.06266385693739077,-0.010999177885467792,0.051843197187886936,[129.19921875],10,4.198720389976388,0.0151891615,0.015000785,1.1657469,25.6051660750204,11.21101283231893,536.1567623786455,126.40995581086239,1770.4176430706516,1186.0932856654485,3.8095996,269.4693877522064,93.57783051873191,130.0593564629863,437.46578647972086,0.2323652316284152,-1.1079652859991809,307.4064300167346,0.7475728155339806,2.3816780045351473,22050,/Users/will/Projects/SpeechEmotionCS3540/datasets/SURREY/Audio/KL_f10.wav,KL_f10.wav,KL,Fear,10,SAVEE
-296.59256,112.76999,-448.47797,-87.75308,0.00031015882,-1.4846655,94.00349,80.13541,-62.17501,214.45512,-0.21161312,-1.3538477,0.57451385,33.69918,-76.9209,73.35806,-0.38298926,-0.7103491,22.929646,33.796837,-42.399574,124.007545,0.53300506,0.2582345,13.07761,27.44429,-54.794678,65.58414,-0.42162684,-0.10821223,-2.062616,21.995306,-50.25151,44.501026,-0.09197921,-0.6761677,-23.07624,27.121454,-79.82529,13.086088,-0.3056237,-1.1657206,-2.9644372,11.727605,-32.891243,18.157421,-0.650925,-0.15342593,-2.9033732,11.081573,-28.05884,23.367363,-0.13884185,-0.63572836,-14.101274,16.461401,-50.24182,10.95887,-0.15061511,-1.3110532,-0.56147975,11.215598,-37.765236,25.466057,-0.29969132,0.39258718,-1.3996934,7.297606,-19.481043,14.8864155,-0.6350428,-0.23305845,-3.7166529,10.378623,-27.353148,23.41239,-0.40106368,-0.5438471,1145.5261327140495,1094.048658243922,2.117044435473301,2011.6152719350962,1747.247433961064,1229.4774052441064,511.3289075797954,0.044057992788461536,0.06238026633630442,2.662035773781948,0.43317568,0.35834765,0.4015565,0.35317376,0.44500387,0.37345952,0.46529868,0.3736123,0.5255265,0.3919971,0.5456227,0.4009018,0.44618988,0.38309962,0.3963381,0.37032226,0.45254773,0.37862188,0.43963176,0.36745578,0.4153397,0.356813,0.44154024,0.36683327,-0.0127610406083834,0.15072190014260298,0.0055235732023179215,0.09406209681612211,-0.013129017122376964,0.1581228341932785,0.015384490605299936,0.1836899962930387,-0.008723289097302207,0.05309391471015774,-0.016485756559548155,0.058722490557644134,[123.046875],12,4.002783492678204,0.15183787,0.15616034,0.9864908,25.25021131699355,12.633681469056535,559.9887389700029,294.4554112136129,1702.675986548676,1233.6179287501193,1.3957939,175.08824665046262,27.601661971237768,138.59131548843604,233.08188075904494,0.7348705259019277,-0.4175346210572939,94.4905652706089,0.5076923076923077,2.9979138321995467,22050,/Users/will/Projects/SpeechEmotionCS3540/datasets/SURREY/Audio/DC_a05.wav,DC_a05.wav,DC,Anger,05,SAVEE
-332.43085,102.582016,-487.1102,-177.2704,-0.1854179,-1.3925332,117.616394,63.459705,13.746142,230.4938,-0.26722893,-1.258329,15.028153,30.390942,-47.442493,80.224014,-0.21000803,-0.56325626,30.002146,27.76274,-26.526272,117.49255,0.7435113,0.6819606,26.75818,21.04494,-21.516916,76.511696,0.2191763,-0.4379735,-1.3406888,20.60276,-50.236717,42.620464,-0.56598955,-0.420825,-24.875134,30.96861,-72.455505,30.135159,0.07092477,-1.5131545,-3.3650632,13.208799,-35.891624,20.374155,-0.17680168,-1.0776794,1.6204832,9.409976,-23.978664,14.290344,-0.79719716,-0.4197638,-9.853806,16.466827,-37.214836,22.026608,0.015262627,-1.31703,0.06554542,14.413089,-33.84194,32.997078,-0.20720409,-0.29177117,-0.96835285,9.702796,-24.439602,18.658924,-0.18054882,-0.6140425,-5.3638277,10.835721,-32.3609,13.1000805,-0.38320652,-0.6202977,581.0951642516384,347.93968671488506,0.6749267673499965,1162.79296875,1047.1301281997457,977.2552257599706,393.876819985234,0.016571841032608697,0.014929550000714614,0.31977890724079905,0.49174693,0.34916955,0.48388377,0.3872139,0.44425982,0.40713462,0.41321567,0.41479704,0.47838807,0.39957193,0.6078763,0.38684475,0.5629277,0.39415604,0.4790035,0.40748933,0.46554193,0.4016279,0.40867543,0.36768013,0.36733276,0.3316267,0.44733253,0.36198285,0.008466530689628004,0.08657832480558367,0.001734006699105184,0.1480085884205246,-0.016591864366732736,0.19816653756422645,0.016226580674233073,0.12659968932870147,-0.02283385732040658,0.06482602714841083,-0.012626572242816509,0.0408986351871103,[89.10290948],11,4.139431692123901,0.127006,0.09823242,1.2281411,25.675157254513305,12.570488826072713,315.96565872303546,178.834582586146,1392.6220345373556,887.2165984078638,2.6475093,148.7585211610347,32.20455336165725,96.31529725464738,210.06515286029162,-0.1166149747456676,-1.3500480344413825,113.74985560564424,0.6347826086956522,2.6573696145124717,22050,/Users/will/Projects/SpeechEmotionCS3540/datasets/SURREY/Audio/DC_a11.wav,DC_a11.wav,DC,Anger,11,SAVEE
-632.1494,91.9965,-765.46924,-432.91858,0.17804936,-0.96383715,131.12604,65.9531,-1.7161267,236.80795,-0.059439663,-1.2621363,34.037624,40.410694,-55.136726,106.22957,-0.08931411,-0.74154687,41.98549,27.560936,-6.994982,123.90756,0.9937268,0.46375346,8.396506,33.973816,-73.13756,86.70993,-0.40070543,-0.3130815,-2.140808,29.339231,-70.89232,46.764732,-0.8758857,-0.16721368,-10.436945,18.63148,-42.883106,23.196495,0.0497237,-1.3058665,-0.27158797,13.919304,-45.79609,34.391193,-0.7049144,0.8218081,-1.6554458,12.523581,-32.89972,25.190905,-0.49477285,-0.32548118,-7.0976686,12.222845,-39.759663,19.753326,-0.44152772,-0.31857634,1.2433714,10.317365,-22.142479,37.2201,0.35367468,0.8259146,-3.9285781,13.474974,-42.41295,22.088638,-0.6180092,-0.18278885,0.99172366,9.246939,-22.950394,18.349695,-0.761228,0.04863286,773.4957213039459,726.208975716352,2.4311058394360154,1402.3276084710744,1652.1156884241143,1270.3885116326148,569.1729202871559,0.010483923037190084,0.011593160832168714,0.9539257160966482,0.41498944,0.3191152,0.41477063,0.34408614,0.46030718,0.38658834,0.46096298,0.3991082,0.45983213,0.40471438,0.51114863,0.38547632,0.5191207,0.35877654,0.55156255,0.35435122,0.60588115,0.35725054,0.57710725,0.35109296,0.5660708,0.32736865,0.4873015,0.3312618,-0.006450337198369173,0.06150359977509577,-0.011992225263150386,0.06565571276099326,0.01151616720498048,0.13222001821900634,0.007119262321613008,0.11140447635682711,-0.011665529736648908,0.03500651941882854,-0.01569188059276843,0.03923403077293911,[112.34714674],13,4.643834950669885,0.0070284125,0.0038074767,1.2456067,23.83854317798848,11.71309030904593,272.3650540315634,132.59513439968413,1848.4094253032765,1293.4683356870894,0.75991404,114.5969779337458,9.104249782220165,99.13755088719131,138.59131548843604,0.10371787013879909,-0.300149491448614,39.45376460124473,0.4132231404958678,2.799410430839002,22050,/Users/will/Projects/SpeechEmotionCS3540/datasets/SURREY/Audio/KL_d06.wav,KL_d06.wav,KL,Disgust,06,SAVEE
-611.3689,109.75738,-735.3154,-365.85764,0.41633883,-1.2205036,112.11419,71.48032,-23.47044,242.86694,0.41544384,-1.1645468,26.273577,31.009333,-52.065273,108.47038,-0.472796,-0.066005945,31.006384,27.982637,-46.21821,110.33513,0.3326197,0.9840541,1.1762166,24.854889,-66.64639,52.158867,-0.81510633,0.031059742,1.4979544,21.268032,-65.80379,54.76146,-0.67968214,0.8051858,-2.9174476,15.09232,-42.782402,18.278748,-0.9354864,-0.10030031,0.87709117,15.859951,-41.450653,31.903965,-0.75232464,0.23507309,-3.862041,19.216322,-44.267334,39.281845,-0.14094764,-0.4986508,-11.432584,18.134237,-56.21344,20.053421,-0.571644,-0.5287616,0.103302196,10.903591,-28.967827,24.007597,-0.25733516,-0.023635864,-1.3024544,10.995783,-32.83616,23.42623,-0.28760603,0.13213181,0.978899,7.637083,-20.391003,24.64745,-0.040216334,1.5924063,901.6378083599335,738.5680636120558,1.8712557464234059,1501.7255859375,1670.8263505569848,1427.3583691803003,576.6490854153561,0.01345703125,0.015840843159747486,0.8099768243847805,0.51186585,0.31853467,0.5008505,0.33162776,0.52061844,0.3370171,0.5560226,0.36393285,0.57900834,0.37369022,0.5392993,0.37400195,0.5248922,0.34585527,0.57017976,0.35708058,0.5751033,0.35255593,0.5655544,0.32959273,0.56189567,0.32682735,0.52019113,0.30676004,0.019218170981741077,0.04703393505747773,0.0013048342451383605,0.04050024572490449,0.016237075012176794,0.0845219351161607,0.004479822944849296,0.08455649797234889,0.007182481668243617,0.025731189950035538,-0.003065015682950564,0.024642669253807176,[63.02400915],12,5.185490034687518,0.008023901,0.0078629535,1.6014917,23.303694087020432,11.738269993631553,390.572236320523,149.1189315742053,1941.2929098641316,1221.6378976071132,0.26481554,141.61289415994375,18.786197419461516,112.57112811964524,165.76853496220332,-0.34653632325335254,-1.568315800465549,53.19740684255808,0.21,2.3141496598639457,22050,/Users/will/Projects/SpeechEmotionCS3540/datasets/SURREY/Audio/KL_d12.wav,KL_d12.wav,KL,Disgust,12,SAVEE
-419.5261,94.83874,-565.1472,-201.78651,-0.04792028,-1.1865332,122.20294,64.92195,-1.1990764,253.06241,0.27398735,-1.0668961,33.28942,30.73143,-40.58286,109.876015,-0.118523374,-0.12579322,43.06241,40.520718,-37.259933,148.22919,0.8201699,0.007871389,13.599083,22.945887,-37.583355,74.47318,0.26451424,0.6040268,5.6601467,20.699696,-40.333862,68.809296,0.1465835,0.6959045,-15.646721,20.719145,-64.51888,13.892693,-0.470244,-0.8681903,-8.191709,19.551682,-51.996506,27.28239,-0.60739785,-0.59976983,0.2683323,11.067447,-28.140512,25.243832,-0.306532,-0.17837524,-1.0457566,13.822132,-44.97557,25.939892,-0.9183542,0.9354365,0.014677966,11.53053,-33.861732,22.241343,-0.41554788,-0.4773233,-1.1131104,12.999994,-44.2868,21.785086,-1.0706964,1.1555791,0.17386569,10.938456,-29.52238,24.729849,-0.31971845,-0.38726187,604.2479159929316,601.1344299523631,1.9795054763613205,1141.7582194010417,1545.7649856597295,1032.1803408846374,590.7592184207439,0.008024992766203705,0.009337416572200968,1.0791075681402595,0.6581081,0.2536875,0.54341274,0.3189679,0.5059828,0.3580249,0.51504844,0.37712848,0.55582374,0.38280547,0.6426473,0.37697265,0.6584287,0.35146356,0.5859641,0.36115116,0.5579113,0.37066638,0.5281923,0.3480494,0.54830974,0.30786866,0.63129234,0.2535278,0.005265563785564074,0.06371037760594253,-0.01852165686147465,0.06714481004385821,0.027846827085508875,0.1024094445869251,0.027593152390585546,0.12414162011217951,-0.003994287427753686,0.026927343731076876,-0.009842296639733263,0.03756946180975561,[107.66601562],13,5.2031147898061425,0.062146734,0.027811754,1.6865338,24.359519373042477,12.917417257207715,240.9580803779178,174.20144319273217,1441.4662270101862,1116.234434695085,1.9763265,132.11999490454343,18.193279116614004,109.99999999999999,170.6259238017108,1.0567210890084857,-0.29339203301840433,60.62592380171081,0.5462962962962963,2.4985034013605443,22050,/Users/will/Projects/SpeechEmotionCS3540/datasets/SURREY/Audio/JE_n26.wav,JE_n26.wav,JE,Neutral,26,SAVEE
-371.52887,115.73322,-494.2434,-142.51216,0.49643326,-1.3215716,75.12997,61.548683,-48.77343,185.00775,0.3532934,-1.0567882,21.47135,25.073778,-42.197365,82.90225,-0.47349676,0.45643067,31.786293,25.159933,-14.295747,114.38011,1.5511968,2.0207105,-3.2296045,26.82266,-77.56424,38.28949,-1.1568276,0.059040546,3.7438262,17.937975,-45.51776,46.332985,-0.48941788,0.476686,-12.555307,20.579718,-65.19448,14.69531,-0.7246506,-0.6189885,-7.1857486,16.929342,-70.578064,21.899773,-1.3401442,2.500925,-6.3482504,16.409107,-54.993847,13.9676895,-1.3001275,1.1288314,0.0045717335,11.325095,-31.74652,22.1938,-0.73401654,-0.06927061,-0.13561474,12.038154,-42.64673,21.69588,-1.1532874,1.1884971,-2.2706277,9.820011,-32.69348,16.291729,-0.80088514,0.22730517,2.9901102,8.758903,-19.248993,31.082155,-0.061216544,1.3079004,1027.7150900025852,1107.590879678837,2.126696531986916,1794.8789276345804,2012.3820568806839,1374.1833944498428,558.1067277371836,0.031171589872262775,0.05762607390729304,2.7305799150138568,0.57276195,0.3498227,0.57265896,0.3437875,0.5350669,0.35822877,0.49180213,0.36362332,0.5167998,0.38632065,0.59760916,0.40921023,0.5792893,0.39874384,0.5265249,0.3640175,0.52536523,0.3450164,0.6052791,0.33222708,0.59194994,0.2988821,0.53038746,0.29952666,0.014241109076645421,0.053248257820867964,-0.003849604485466136,0.07421194440176802,-0.02857999122925967,0.13023997054989478,0.026663612791873546,0.10048921159454477,-0.004027381804789151,0.03606765939419391,0.0019117813543790773,0.037105373717283334,[143.5546875],10,3.1550480769230766,0.08425007,0.105064034,1.583387,24.162700273653922,13.55694128353773,468.47066763884584,297.94452147443747,1861.0921629678262,1339.3492293636084,1.3327732,229.2185774724676,27.517854839653793,161.9823763910578,291.9733833144849,-0.3446687616308613,-0.15664805208644772,129.9910069234271,0.35766423357664234,3.1695238095238096,22050,/Users/will/Projects/SpeechEmotionCS3540/datasets/SURREY/Audio/JE_f13.wav,JE_f13.wav,JE,Fear,13,SAVEE
-367.6264,126.50638,-529.7728,-119.03872,0.12415608,-1.453995,98.10779,61.88515,-58.263565,210.7102,-0.19168386,-0.40681028,12.8565,30.308746,-59.82292,102.986206,-0.18669744,-0.7164042,35.964115,27.939133,-12.744213,132.10718,1.1202406,0.8846059,-6.0949545,27.116747,-79.32887,49.671314,-0.72782934,-0.13709497,-1.4061652,23.271135,-60.591118,59.40892,-0.13991788,0.075559616,-18.078392,22.376728,-69.178665,18.783705,-0.44104686,-0.9548197,-6.074175,16.337574,-51.83407,23.097057,-0.86474,-0.035211325,-6.904313,18.407478,-63.225243,22.04718,-0.7010334,-0.45460606,2.2020023,11.327415,-31.064184,24.664474,-0.7017611,0.39278626,2.148836,10.143261,-23.344078,24.859829,-0.28161028,-0.41421175,-2.912813,13.707093,-43.095436,23.551762,-0.5455581,-0.061962843,-1.6881574,12.638762,-31.223389,21.120956,-0.25703138,-0.8199048,860.6071364488234,889.7929754198645,2.0434505475747557,1563.90869140625,1794.5247925229903,1228.8054732884361,585.5403770054211,0.012535264756944444,0.014329835139143916,0.7798582691283887,0.68821776,0.31473827,0.5973003,0.3600418,0.527805,0.3974207,0.50168335,0.41321146,0.52452797,0.4255634,0.5593557,0.4203426,0.52825147,0.40268332,0.50783867,0.38283357,0.548233,0.3862717,0.51661617,0.36024913,0.5270737,0.3185842,0.62224305,0.28500214,-0.001594145821831142,0.07696122257007376,-0.03891240280893124,0.10002926528403258,0.009925016465906884,0.14825102286093206,0.03621352940746024,0.12650348448383467,-0.013649909567458169,0.047469956196630594,-0.007008065849206316,0.044272308644641246,[103.359375],14,3.3654579944617664,0.09306506,0.06604143,1.0176369,24.959241204450112,14.069722290817342,403.8221450242875,286.3402914310659,1813.5458875690924,1193.8899702502006,1.5608208,255.22467270069066,32.53493876898887,201.74088950502764,365.74467430282664,1.6063215962380475,3.531310945655078,164.003784797799,0.40555555555555556,4.159909297052154,22050,/Users/will/Projects/SpeechEmotionCS3540/datasets/SURREY/Audio/JE_f07.wav,JE_f07.wav,JE,Fear,07,SAVEE
-335.07617,120.93609,-481.2575,-107.541534,0.2595585,-1.4435301,71.48886,64.322655,-63.880226,199.00218,0.34324828,-1.0166402,5.65898,29.586485,-74.15396,84.26936,-0.34164497,-0.115528345,32.987064,29.8611,-15.163086,112.37105,0.82060266,-0.07437158,-3.0215402,31.230305,-85.31348,47.685703,-0.80865705,-0.28918624,1.6949652,19.985748,-45.902153,58.756836,-0.009117561,0.23337555,-16.28167,23.717134,-68.286835,14.708356,-0.6902178,-0.7684541,-6.1229935,12.426392,-39.97703,14.213954,-0.49586728,-0.55212593,-5.350716,17.228043,-54.67676,25.628506,-0.6857351,0.0025451183,-1.3568382,10.655339,-34.14065,20.330679,-0.874178,0.75279427,-1.1787665,11.313086,-26.103405,24.171381,0.08441486,-0.5277977,-3.243949,11.066994,-33.807858,19.310284,-0.6847423,-0.34236264,1.393297,9.125835,-19.74844,33.562614,0.52252346,1.2743874,1220.3456456280978,1106.3388528846913,1.848234322240938,2126.2255536009934,1938.8622681720256,1431.6393374135573,461.75500709710724,0.04228321605960265,0.05964612725877941,1.9014383353483617,0.4850586,0.32895702,0.4931469,0.35075328,0.4458135,0.3551841,0.38405943,0.3505891,0.42930794,0.3809824,0.48574677,0.40576535,0.4608515,0.37687242,0.4226641,0.35709846,0.4538662,0.37640584,0.4589694,0.34731385,0.47933698,0.36083335,0.4573821,0.32027462,0.00572243604432695,0.1149161026916871,-0.004582345372179706,0.08656232337332666,-0.014511480332284847,0.13144845935016064,0.01807012642727537,0.1583600130619964,-0.013027588073993257,0.05431133853249451,-0.01204744083591001,0.04134740288152747,[123.046875],12,3.434133679428942,0.1184968,0.13239875,0.90933925,24.875812439827264,13.376824357055431,882.7089375259039,754.7723123150143,1993.0870990759588,1245.868536688546,1.021421,225.79561008163833,51.5701789347468,103.22817963382575,290.2917403700367,-0.827453129094726,-0.21272355833616707,187.06356073621095,0.44370860927152317,3.494331065759637,22050,/Users/will/Projects/SpeechEmotionCS3540/datasets/SURREY/Audio/JE_h08.wav,JE_h08.wav,JE,Happy,08,SAVEE
-416.69135,111.81255,-574.0642,-216.31256,0.12137517,-1.4468495,128.5971,61.964115,7.332629,260.3938,0.2623914,-1.1078031,22.970625,38.07923,-79.49587,92.3752,-0.7824887,-0.19293213,39.635353,34.293495,-39.867256,133.76654,0.66665417,-0.20622373,8.234418,24.764175,-81.813034,59.105873,-1.1978594,2.5905094,4.175364,21.02373,-50.31845,46.470913,-0.814475,0.19452524,-12.43976,21.510572,-63.29693,42.5392,-0.018657548,-0.6571562,-5.769504,15.85937,-55.41339,33.308987,-0.5094761,0.37680864,-0.7486966,14.557718,-41.40673,45.19426,0.093731545,0.945977,5.5864534,12.764859,-34.57791,33.306267,-0.4364374,0.33740783,1.5210544,11.593293,-35.80032,30.026026,-0.3051086,0.4873128,-4.230669,11.597159,-39.0392,15.889727,-0.7312271,0.4043622,5.1289783,10.511385,-22.736917,32.803314,-0.43573263,0.14608121,595.2728874709098,546.6733467573002,2.4841265644949586,1150.7316492780853,1480.7578581282232,1067.9021685145058,547.7469720496932,0.010624752768987342,0.012753117393475698,0.8110951895191449,0.5463207,0.35202262,0.5609328,0.3607262,0.5889863,0.3731662,0.5914046,0.3955822,0.6136439,0.3948278,0.6479468,0.37530673,0.6171719,0.38826406,0.6214703,0.37049034,0.6361433,0.34770143,0.59893394,0.31252936,0.55033505,0.2900399,0.5347893,0.31618026,-0.018075948850226654,0.08477864462211676,-0.008502624961958055,0.06661183212660178,0.0060950650751019604,0.10034017320111187,0.010770569944494395,0.13838953201404117,-0.009307992735513972,0.039386018774208206,-0.01740260248933032,0.03177647805233156,[99.38401442],11,3.0165284117054485,0.06906396,0.03344191,1.1820866,24.767234821116904,13.632390472044355,249.63610710488288,164.09254359011402,1587.0729069975248,1107.3156214604057,1.4164331,140.81294398960858,29.491612737452638,103.82617439498627,205.2672581380976,0.5060412507191021,-1.0077182698665572,101.44108374311132,0.46835443037974683,3.6465759637188206,22050,/Users/will/Projects/SpeechEmotionCS3540/datasets/SURREY/Audio/JE_d11.wav,JE_d11.wav,JE,Disgust,11,SAVEE
-361.3128,104.0187,-492.91687,-139.03802,0.3226524,-1.2629044,96.01851,64.930405,-53.04832,217.0632,-0.080918275,-0.8908875,25.608835,32.263294,-66.31976,99.213,-0.5702505,0.6926608,28.067766,21.988596,-26.534191,115.377556,1.3565344,2.5415206,-6.3877783,29.562555,-80.50702,54.759953,-0.65134555,-0.61235094,0.5905063,19.238552,-71.324974,48.957993,-0.5775909,1.1873207,-10.822932,18.060799,-62.31602,10.738071,-1.2551001,0.77734685,-8.747822,12.472954,-42.832947,10.145109,-0.77217185,-0.22790432,-3.617462,16.603458,-39.302574,29.56065,-0.2698953,-0.6185179,-2.5652764,15.131342,-41.98848,34.548485,-0.055744525,-0.07919431,-0.7137199,9.796066,-28.778725,19.302431,-0.524677,-0.53159547,-0.6123908,9.615349,-32.3814,23.423697,-0.64003104,0.9622505,-0.487025,8.984771,-25.971039,17.655905,-0.5468374,-0.3368075,934.6792118945081,1003.5588340078041,2.7210060240034823,1496.9798368566176,1606.3580504547128,1204.4378389230042,433.9793004166327,0.03349673202614379,0.053658815527092424,3.001267005153998,0.4518217,0.3317131,0.4321618,0.343024,0.43075392,0.36339355,0.41191676,0.35603487,0.41274834,0.38577563,0.40973026,0.3719928,0.41784942,0.34896308,0.47934145,0.33902255,0.5815609,0.37395063,0.4831348,0.3306851,0.43333584,0.3346097,0.43289724,0.31497484,0.019161632906663978,0.07569632410815079,-0.007647638327460751,0.05744547121065669,0.028527601208123355,0.10446806700223045,0.031264519437635724,0.09536571093628572,-0.0034599996990909597,0.03009457675249556,-0.0011453058127788179,0.04121413835481075,[172.265625],13,3.681797163995068,0.08205315,0.089484766,1.2151552,24.326574283413564,13.434850690125057,439.42193594140684,200.05777823663112,1451.1259105439815,1074.4660093717002,0.80121213,188.8410673861548,36.13506580949603,123.47082531403102,257.13099468347406,-0.033400795665551306,-0.7629608807532757,133.66016936944305,0.43790849673202614,3.5308843537414965,22050,/Users/will/Projects/SpeechEmotionCS3540/datasets/SURREY/Audio/JE_d05.wav,JE_d05.wav,JE,Disgust,05,SAVEE
-626.35846,87.95885,-764.3675,-422.34866,0.0034748048,-1.0868862,150.02165,66.864555,-13.219805,247.02899,-0.35244545,-1.1272821,30.658508,31.775007,-59.893677,101.04437,-0.42767188,0.1994152,17.286795,30.081879,-44.098377,121.34885,1.0698093,2.295948,14.870003,26.973162,-48.262535,65.02521,-0.28170833,-0.5821965,2.429242,22.926271,-74.46816,46.07006,-0.6491411,0.38482475,-10.336623,19.118235,-51.812653,29.057499,0.22854206,-0.98890686,-4.518367,16.716179,-45.891697,31.089521,-0.4478176,-0.6691277,-4.8478026,13.704265,-36.43885,24.810074,-0.48834834,-0.68209124,-10.937198,14.46028,-49.93289,13.494453,-0.38819847,-0.8077147,-3.8622615,11.988372,-36.943916,19.676376,-0.7611669,0.25594187,-0.5239241,11.251824,-30.857334,26.56854,-0.19624461,0.09552932,1.3298197,10.314242,-27.291458,26.993309,0.024698267,0.425632,772.4330629398559,449.4081857374295,3.484905965497017,1245.0466380399816,918.3312984422377,1249.8670043500028,574.0535260035373,0.02153463924632353,0.0215332193596587,1.7578037580496422,0.38217917,0.32203993,0.30391267,0.26393813,0.31500968,0.28845534,0.3536492,0.31609592,0.34973362,0.3177103,0.3634405,0.33928087,0.3231268,0.27827838,0.36887994,0.29626966,0.44344825,0.32441926,0.48346666,0.31756744,0.53282547,0.34478703,0.4744753,0.3382823,0.015117524904078916,0.08954028789999184,-0.002412547219107682,0.06951102120509998,0.019148330375387202,0.14550874285430265,0.0394879550097833,0.1193809485865129,-0.003257880681148793,0.040653119736588,-0.00960104933919323,0.04519510530291274,[172.265625],15,4.754546107956587,0.0057590143,0.0050274045,1.338068,23.58230533179723,10.988692958235882,464.48896563052887,102.68113862207603,1452.4095134229626,1060.1817457560255,0.5512398,170.3162958348529,81.53257611139686,88.83315834800462,335.38934511626763,0.8238363582857201,-0.9390464162866539,246.55618676826302,0.6470588235294118,3.154875283446712,22050,/Users/will/Projects/SpeechEmotionCS3540/datasets/SURREY/Audio/KL_n25.wav,KL_n25.wav,KL,Neutral,25,SAVEE
-611.07074,80.91298,-723.38654,-459.66708,0.20893486,-1.2649326,111.20258,62.32071,-30.953781,218.2645,-0.046839498,-1.2287471,31.65001,20.014975,-34.03402,70.06308,-0.96997726,1.0410423,28.904896,20.811527,-16.160563,87.86499,0.67655873,0.5117824,15.866262,23.23515,-45.074528,60.52664,-0.49778265,0.25886345,1.7015994,21.996122,-66.48262,55.708908,-0.7981625,1.4598217,-5.041536,15.117696,-46.521626,19.111961,-0.5141162,-0.533586,-6.1288157,17.614824,-46.035126,24.159454,-0.42833167,-0.9564605,-10.483172,17.043167,-46.18757,17.4487,-0.3507715,-1.1142241,-9.239168,15.791693,-66.210846,13.612909,-1.0105829,0.60571766,-3.1117635,9.94482,-36.262108,15.636319,-1.2001865,1.3107424,-3.7042787,9.997258,-32.356583,21.485466,-0.6379567,0.26253915,0.7353964,9.593329,-23.087168,29.349052,0.18139961,0.80847096,900.2780858069216,670.4577018093008,3.530808398693307,1533.005211001537,1271.8369295512991,1421.452365869923,590.2069360771875,0.018958920338114756,0.019747348935880964,1.8446474584767207,0.42085114,0.3276933,0.38046414,0.30608192,0.34815326,0.30665392,0.3780365,0.33920208,0.46086618,0.382011,0.5099476,0.36043045,0.4766395,0.33120406,0.41967326,0.30812094,0.44846165,0.3227409,0.5264005,0.36621043,0.5057186,0.37639925,0.41518903,0.32792893,0.006655468957391697,0.0845939712217915,-0.003498602184466735,0.10165499692219941,-0.050196427126705696,0.13244627757700683,0.007819042960944603,0.14746634176393067,-0.005308715409441235,0.04157756526252398,0.0037614548765886628,0.056735411208023015,[151.99908088],13,4.623685399058004,0.00554221,0.005683854,2.2789292,24.102708736242516,11.051728636950664,493.2397209181483,109.546259832138,1731.610487462654,1284.6960324106522,0.44249806,132.92074005616925,27.495266400914407,100.28947374140385,183.93170582347207,0.7388475176250479,-0.7930970650057847,83.64223208206822,0.47540983606557374,2.811609977324263,22050,/Users/will/Projects/SpeechEmotionCS3540/datasets/SURREY/Audio/KL_n19.wav,KL_n19.wav,KL,Neutral,19,SAVEE
-600.2261,84.40187,-754.12897,-444.64923,-0.23262109,-1.0275034,153.3832,62.780354,-42.9519,245.00536,-0.7919061,-0.068707466,32.770763,30.030773,-41.083557,95.894516,-0.14391713,-0.64685225,25.846327,28.78154,-37.598076,105.740845,0.3825755,0.15126753,8.821786,26.877443,-74.90476,60.320724,-0.5011379,0.028774738,-2.4709966,24.349508,-74.353516,63.3277,-0.44177094,0.56768847,-8.404396,17.430948,-56.7774,31.033386,-0.32988238,-0.60377336,-4.106264,17.710783,-45.420807,32.617912,-0.17954628,-0.7989948,-10.806674,15.437888,-45.648575,16.45643,-0.0974268,-1.0012779,-13.962723,16.30919,-48.93895,17.923046,-0.06831533,-1.0408813,-5.6643453,11.062093,-35.216972,19.676193,-0.2609827,-0.43475318,-0.080505155,13.679837,-35.11725,38.164352,-0.21888086,0.09541798,3.5425754,10.655118,-29.233408,30.587337,-0.24211967,0.84648514,818.3726296960203,648.0588056306743,3.8797978408126492,1375.8743544756355,1214.1338434643262,1208.2499198666044,534.6684600060912,0.025586489230225988,0.030854312105730204,3.741655397977381,0.4357974,0.3294094,0.41784504,0.32758194,0.3322138,0.30205792,0.28465748,0.2910299,0.26721245,0.298499,0.34777072,0.31998414,0.41771948,0.32263994,0.45825854,0.3537502,0.43137208,0.3426096,0.42391512,0.31059358,0.51280874,0.35404986,0.44741368,0.32273638,-0.009869747276260868,0.0724531763546536,0.01075163449054216,0.08862446406998398,-0.0005613541188470616,0.11857604345703761,-0.02353234763788692,0.1353238182635107,-0.0024046286849443653,0.04016450249870848,0.005137602876251012,0.04102354522241397,[99.38401442],19,4.62396803673127,0.0061311824,0.0046516103,1.4889764,24.096399581197545,11.003032010737186,483.74514914717423,98.89885941241259,1364.8303670777482,1225.7103205489007,0.22823489,120.53649633502258,26.19239010927074,78.23233100085048,178.6955271983718,0.6731342610733685,-0.20769320506372102,100.46319619752131,0.6214689265536724,4.109024943310658,22050,/Users/will/Projects/SpeechEmotionCS3540/datasets/SURREY/Audio/KL_n27.wav,KL_n27.wav,KL,Neutral,27,SAVEE
-420.37384,98.27487,-553.08466,-256.94427,-0.035075903,-1.4258708,137.15715,63.68185,-52.749195,260.40613,-0.1318447,-0.6562679,32.260925,40.969986,-81.80289,112.91924,-0.42353153,-0.42760968,38.495358,31.62847,-44.24565,142.49866,0.87782973,0.674247,7.5965834,26.961712,-78.317764,87.94209,-0.10136878,1.372983,1.1066527,24.753403,-68.69411,73.80873,0.13923691,0.5617857,-12.825156,20.32386,-68.05853,22.00087,-0.80423594,-0.39637876,-5.1358795,16.754599,-59.17585,34.089283,-1.1197668,1.6917281,-0.26195547,14.7622175,-43.43541,39.332108,-0.20809108,0.13260794,0.7744364,12.674477,-38.381275,28.917362,-0.5289294,0.60048985,2.1963205,9.425132,-26.529593,23.227516,-0.90272325,0.5447147,2.6694436,11.640311,-32.12966,30.227615,-0.4421178,-0.09268594,-0.8807979,11.295098,-34.725445,22.200123,-0.4656813,-0.5102966,618.6079598582463,704.411952041999,2.838179743741763,1162.6589446641597,1554.3230549580928,979.8865686490121,566.7016946401152,0.010531476919087138,0.011080423926603387,0.6025493929577092,0.5709027,0.3224703,0.60957044,0.32475013,0.5906846,0.36291462,0.47232994,0.38648787,0.46105438,0.41164508,0.52822375,0.4128665,0.5140512,0.4081518,0.48183537,0.39379147,0.5366365,0.37056226,0.57722974,0.35865352,0.5549125,0.3286793,0.52264106,0.30871922,-0.009383499142609828,0.07683848046804033,0.0007365959935064233,0.09653326353614501,-0.04984868662354589,0.1446733869780601,0.01477328548207829,0.1501067539001117,0.006536855263414905,0.042538831968766934,-0.007495111369922007,0.04942070370359432,[89.10290948],21,3.7550176377569637,0.06727997,0.03411158,1.0804956,24.884849726344235,12.808919012669493,231.3594729250826,154.20003282862208,1449.7527967235046,1029.1688313082516,3.7651987,127.69454008664566,18.835547973052687,104.42763330455712,190.41804342135148,1.3249848444352064,1.5597814681170847,85.99041011679437,0.5186721991701245,5.592517006802721,22050,/Users/will/Projects/SpeechEmotionCS3540/datasets/SURREY/Audio/JE_d13.wav,JE_d13.wav,JE,Disgust,13,SAVEE
-402.01837,105.07572,-514.5056,-190.12787,0.61828655,-1.1840515,82.268616,65.1401,-63.451286,219.9852,0.17162985,-0.07068086,22.9147,37.42081,-96.10056,92.62784,-1.0192904,1.2136154,38.111557,35.35388,-42.960056,152.94803,1.1959283,1.4382105,10.731768,22.01776,-56.481068,55.851273,-1.0954156,1.8218112,8.958884,18.358467,-30.195868,71.988556,1.2607123,2.8422203,-10.429707,18.58876,-54.457237,15.60368,-0.7616131,-0.531306,-3.9814816,15.165635,-52.55152,21.452114,-0.8734882,0.80113554,4.568763,9.913224,-21.438774,33.628876,-0.049837857,0.7804301,4.6989627,10.424902,-27.088295,35.366985,-0.2715134,0.63167715,5.014641,10.629959,-24.187408,37.245975,-0.5347736,1.2844553,1.2454476,9.172887,-23.801165,23.499176,-0.67263263,0.26978135,-1.2539907,9.719994,-37.49075,17.764858,-0.9587071,0.7685671,786.7664167365673,954.7744923057604,2.040827189610403,1423.086328125,1882.6818577357558,1153.54931128099,639.6301363425554,0.00917578125,0.01292480317487949,1.0239302340415284,0.6490397,0.28845045,0.6426357,0.30301005,0.61752784,0.35844946,0.6270568,0.38164175,0.6623077,0.38632137,0.6972895,0.39200988,0.6590927,0.3750139,0.63045543,0.37339634,0.606963,0.38580012,0.5617478,0.36557782,0.53496397,0.31685075,0.5470283,0.28880224,0.012713974349496105,0.03393561261212146,0.0007885527668072937,0.06801691423192623,0.04006184877455187,0.09783787121744913,0.04208558852225498,0.09313410150834635,-0.004737200556240086,0.02562387992204708,0.0024060068093240457,0.0375440123804563,[234.90767045],7,2.429063783579623,0.065743454,0.045164376,1.935413,24.0073228311631,13.764976626613368,225.23287001768335,189.85173719129443,1782.5627256943014,1257.2034652148395,0.98817116,140.6486308241327,22.366398946303296,101.45478129445331,177.66631669600923,0.3954379621966391,-1.1799049231029664,76.21153540155592,0.296,2.881768707482993,22050,/Users/will/Projects/SpeechEmotionCS3540/datasets/SURREY/Audio/JE_d07.wav,JE_d07.wav,JE,Disgust,07,SAVEE
-360.67892,115.32157,-530.77924,-129.7347,-0.080180295,-1.51227,105.05316,66.21736,-63.914383,221.71283,-0.08681696,-0.8837297,14.255602,35.600914,-74.47664,102.574005,-0.3956337,-0.24211407,33.296158,33.580982,-30.34938,124.3634,0.72367054,0.31485057,-3.007596,28.726725,-92.953896,53.025604,-0.88145787,0.6163118,2.756695,22.133656,-63.56302,56.344574,-0.49770802,0.31194305,-13.788422,22.490244,-67.17072,28.07993,-0.54872906,-0.7507012,-9.674,13.253163,-41.44279,17.473606,-0.35629985,-0.7335365,-6.518933,13.955381,-50.383606,22.601189,-0.5304073,-0.016976595,4.050565,10.922046,-25.68272,30.516628,-0.28253198,0.19022441,1.4322485,10.371045,-36.95646,31.877905,-0.3292388,0.8777137,-3.8013616,12.625197,-45.63547,23.180096,-0.6496031,-0.13725257,4.536036,10.254533,-22.144173,39.590298,0.5536684,1.6714535,834.6109566324886,886.5330449241466,2.0497699357445556,1470.0,1829.0224284546732,1147.9665882908553,583.1581659494177,0.015096654647435898,0.0162321129634873,0.6856193627279699,0.5245435,0.35819077,0.5289645,0.38064855,0.5293282,0.39393383,0.53552455,0.4039541,0.54232293,0.40188655,0.5809366,0.41164446,0.5684844,0.4068831,0.54395366,0.38134715,0.5328652,0.36703825,0.54878384,0.3536357,0.55783945,0.36260206,0.51191795,0.33668736,0.016120595669695127,0.06565371816795039,0.004209246955090364,0.07822823141512916,-0.021903468178919975,0.1210490205719885,0.006164402156494568,0.13264820260240673,-0.0011112016855796246,0.03423086560674204,0.002272939417535156,0.04525803426819355,[117.45383523],19,4.200926520134766,0.090864755,0.05584321,0.9987744,24.940922698054674,13.66657455410609,407.7570691303366,307.2364678252261,1664.4896187409574,1210.3464084084678,0.68961185,216.16957205590114,32.128531879840494,139.3941668115768,267.74077300753,-0.6624207520784636,-0.1041767360145287,128.34660619595317,0.5641025641025641,4.52281179138322,22050,/Users/will/Projects/SpeechEmotionCS3540/datasets/SURREY/Audio/JE_f11.wav,JE_f11.wav,JE,Fear,11,SAVEE
-323.61023,107.4307,-469.32812,-107.25561,0.004076906,-1.3317721,82.207924,52.520817,-31.53815,191.69382,0.21363033,-1.2300792,14.397412,26.776234,-66.072556,86.9035,-0.11719667,0.88174033,23.679499,27.414291,-59.845352,90.89873,0.09046451,0.65232587,-13.526935,29.670168,-102.239555,25.860203,-0.8998406,0.26023602,-0.97258264,19.760561,-57.374245,52.337723,-0.5439561,0.5349982,-25.817131,27.086966,-94.346535,14.931873,-0.50550747,-0.84251404,-12.1922035,14.583622,-61.04634,13.487296,-0.9371737,0.83010054,-10.57169,15.364916,-48.841713,23.015127,-0.39228883,-0.96586895,-3.3900445,13.193892,-36.216465,27.335289,-0.5228097,-0.30815053,-3.487267,11.075029,-36.126022,21.851667,-0.617031,-0.34459758,-11.461761,15.244034,-52.96495,13.2871065,-0.46428722,-0.66813993,-0.6274627,10.952085,-28.314451,22.125286,-0.5276837,-0.50204825,1154.5954788358665,935.6117546606407,1.779856415808128,2160.8944915061775,1885.1179190216149,1476.6793855597627,533.8148570216449,0.042781386264534885,0.051989765649293536,1.8360160382671937,0.46143058,0.36314458,0.46268365,0.34567785,0.43974864,0.34745467,0.42209288,0.3637064,0.44568953,0.39149207,0.41314468,0.3553808,0.40027058,0.3539344,0.42784694,0.35387686,0.4834365,0.39173236,0.3779077,0.33097875,0.32979512,0.30587706,0.39292887,0.33273473,0.020533977531379654,0.07721807357600025,0.005028211291577369,0.05567378891814645,-0.013507177831259005,0.14953034651009883,0.02748969753900884,0.11865642604237088,-0.0019278193186385414,0.03731280613993986,-0.000246392243520092,0.04742474335367174,[143.5546875],13,3.2686408885138603,0.11206842,0.109721065,0.91110325,25.297913162549357,14.011549009058514,769.9781771660308,506.26637493869123,1752.2469201929116,1060.9889040000874,0.6683549,312.23256876940263,71.09761068293739,144.30989148811935,437.46578647972086,0.11278604489430423,-0.5728880410446258,293.1558949916015,0.563953488372093,3.9771882086167802,22050,/Users/will/Projects/SpeechEmotionCS3540/datasets/SURREY/Audio/JE_f05.wav,JE_f05.wav,JE,Fear,05,SAVEE
-447.33447,105.91058,-579.1826,-246.73106,0.35697907,-1.3140475,121.87209,69.88485,30.093449,244.70985,0.42467633,-1.3344144,30.615843,31.25536,-44.648083,123.420906,0.05094036,0.6874888,33.577415,24.242697,-15.027121,104.57495,0.9839479,1.157454,15.504947,23.644344,-37.6652,73.58203,-0.11735415,0.15508962,-5.3244877,22.830667,-62.169647,21.309692,-0.67768425,-0.82321167,-9.569654,22.181646,-67.64212,17.997581,-0.6532233,-0.6234417,1.9256495,8.215699,-21.995407,13.85392,-0.88652647,0.09462404,4.6364307,15.045184,-31.291424,51.19323,0.10496718,0.74490976,2.0545018,9.928014,-24.859503,22.4432,-0.6250291,0.2809732,-0.28935927,12.427906,-37.33695,17.214672,-1.0437164,0.33369946,0.3766941,10.690853,-31.3377,18.925114,-0.94558173,0.3156669,3.3617404,10.598069,-21.019474,28.424423,0.079911985,-0.29162788,418.7172230383721,411.1650003046661,3.397353840183766,644.08203125,1010.7878339962562,865.5751521467629,438.8100983007183,0.00944552951388889,0.011943811651219926,0.701123461958189,0.6184794,0.32713637,0.6919463,0.28608397,0.712435,0.31631023,0.72860503,0.32719928,0.7100697,0.38853335,0.6323832,0.4206164,0.6017338,0.41907823,0.58507854,0.399944,0.6133902,0.36597106,0.6026495,0.32292587,0.58094054,0.33650035,0.5348369,0.3083204,0.014190613811587377,0.06350423332289055,-0.0003207300287661484,0.044371960825811324,-0.031124324237721233,0.10252948546177178,0.015296036098152006,0.10519497660253695,-0.00177898773158884,0.03351458973998634,-8.275736795944578e-05,0.02577855698087813,[198.76802885],7,3.3691310326763144,0.06579301,0.034875616,1.1854764,23.995903394086515,12.455607397843064,175.81639088942143,158.05293720189013,1561.4361676310266,1033.8500642495585,1.3734355,138.3902613816486,18.438409981437626,106.86851352689665,168.66611791365605,-0.2965864350165787,-1.0577384092984463,61.7976043867594,0.4666666666666667,2.077687074829932,22050,/Users/will/Projects/SpeechEmotionCS3540/datasets/SURREY/Audio/JE_n18.wav,JE_n18.wav,JE,Neutral,18,SAVEE
-455.89044,99.72598,-609.131,-279.39948,0.09122684,-1.4502132,131.39427,68.96374,-26.552132,267.78174,0.22734451,-0.7058606,25.627441,34.844677,-52.866337,93.47821,-0.4383973,-0.69939876,47.27656,38.69039,-22.735209,155.21347,0.6888925,-0.20411634,9.961654,26.856071,-59.7403,63.015125,-0.611275,0.11350989,3.3790295,28.410334,-96.92735,84.12281,-0.58714527,1.7531238,-10.51386,19.708141,-68.05844,36.762154,-0.56006455,-0.08690786,-7.0457897,14.107813,-46.65164,20.851048,-0.78286624,0.026405811,2.9880447,14.053511,-28.586315,38.787605,0.10309372,0.16099381,2.7702775,11.03559,-26.320244,30.467957,-0.27693644,0.29087138,-0.93179864,11.511181,-34.345337,22.859245,-0.66518587,0.09969497,1.5040444,11.246981,-27.37827,26.57705,-0.39590296,-0.42749882,4.8135295,9.16959,-20.48117,27.065853,-0.1056181,0.010491371,587.3192999043528,580.886878337773,2.328040747144646,1121.412897684488,1549.6179629696771,1058.2023344183112,558.7330931847146,0.007480115775602409,0.009777095690062522,1.0658797796471287,0.6774826,0.27076882,0.68199927,0.31237045,0.70054936,0.31321386,0.6464955,0.35983166,0.56806606,0.39754274,0.6118494,0.38954705,0.61582744,0.3596541,0.5392517,0.388905,0.53475183,0.35862973,0.5646992,0.32364526,0.6138529,0.29388258,0.6583943,0.2638289,-0.01054327656854704,0.09268990960401267,-0.00932412052098599,0.09002634943847902,0.008998201683118446,0.13089172523489379,-0.0473931738209118,0.12916491264510874,-0.006146927039850605,0.05126368349750594,-0.020119159291666647,0.034935674752143056,[172.265625],19,4.956521739130435,0.05505127,0.02061393,1.2265656,23.977649753719806,12.979479859123892,209.19336625362814,144.46385824088057,1682.2938616336794,1148.2862447245839,2.5184712,130.79422821903648,13.24761239411041,110.63722351746388,182.87233715141332,1.0272206859500037,1.4341825483012283,72.23511363394944,0.5,3.8333333333333335,22050,/Users/will/Projects/SpeechEmotionCS3540/datasets/SURREY/Audio/JE_n24.wav,JE_n24.wav,JE,Neutral,24,SAVEE
-226.61356,149.43082,-421.71426,68.44846,0.09325761,-1.3572909,77.77641,66.07813,-92.06482,191.37454,-0.32361707,-0.79982114,-1.5751351,41.672016,-122.42755,84.72083,-0.25322285,-0.3217144,37.936893,29.85959,-16.8764,136.92133,1.3411561,1.2769532,-8.621925,22.921202,-68.0502,31.780298,-0.23825043,-0.8346138,0.53670657,27.541145,-92.29284,55.6019,-1.1584382,2.3211842,-15.003484,20.53086,-54.72071,21.044228,-0.048088428,-1.2811807,-1.1796968,15.83529,-44.840622,35.761776,-0.6820293,-0.19280767,-9.684605,16.05866,-48.03647,15.262709,-0.5656475,-0.79538083,-5.0129666,12.007178,-32.625072,20.365068,-0.16687463,-0.6869495,-3.5671992,9.236268,-27.351704,16.82269,-0.29445907,-0.59599376,-4.935238,10.201557,-29.82065,13.626919,-0.45485952,-0.74049664,-2.395054,6.5476933,-26.082052,9.911816,-0.79007065,0.37807846,1447.2052135881065,1297.0799087182581,1.5875764342176597,2531.748991935484,2052.029303128222,1436.803990692126,518.4281448631614,0.07201675907258065,0.10496157855501297,2.5532013143372283,0.40522614,0.3530732,0.3859901,0.358575,0.39554694,0.37333968,0.4443447,0.38753128,0.5071835,0.4236111,0.48097003,0.39175555,0.40605307,0.35731438,0.41570985,0.37962183,0.45177242,0.387923,0.42388132,0.35901478,0.4392899,0.35906792,0.44600117,0.35833597,-0.0031648333742631345,0.059916159878682325,0.008500312157536648,0.07043785861960121,-0.0016927964204266279,0.1136432075522974,0.03278731993369467,0.10993149690524677,-0.009032572094870248,0.04050347035731937,-0.004379116907535511,0.03172056888946147,[103.359375],14,3.905271547307298,0.26465228,0.26613322,0.68663996,23.944898505824604,12.815323984902909,926.1604062296874,669.8925414419772,1947.7154300599314,1399.7789690861844,0.6652733,217.54723394338257,46.9312338049892,83.8473362790669,307.5533855193843,-0.5912777147321502,0.22627085377583311,223.70604924031738,0.5548387096774193,3.5848979591836736,22050,/Users/will/Projects/SpeechEmotionCS3540/datasets/SURREY/Audio/JK_a08.wav,JK_a08.wav,JK,Anger,08,SAVEE
-422.7591,86.916725,-581.7083,-251.57013,-0.09563417,-1.0105499,127.47769,71.08009,-35.50686,243.94086,-0.25234222,-0.7492571,27.81534,38.6,-59.31506,106.18871,-0.13631256,-0.89122415,63.296726,41.330845,-6.9310503,158.82104,0.520136,-0.7513604,14.295249,27.287392,-59.856903,68.99445,-0.47231326,-0.09030032,2.9394746,25.955662,-51.749496,65.41088,0.11135427,-0.41794991,-20.23377,19.35773,-68.973404,20.553782,-0.16412766,-0.91489506,-7.9790554,14.77866,-47.56392,19.90963,-0.30661166,-0.38268518,0.29994658,14.419618,-36.78779,39.013077,0.15030192,0.094453335,-2.6946487,15.667457,-44.28608,25.715973,-0.6094941,-0.17891574,0.45541438,13.381448,-33.451546,44.562103,0.056821574,0.0082268715,1.7428159,11.629127,-29.914206,31.245914,-0.2538154,-0.1971798,2.2068021,9.175036,-24.099403,18.611172,-0.4038593,-0.38088965,747.0366088031606,692.8505690113483,2.1362747046290016,1535.3580114976414,1705.0788950867004,1164.6608159302814,635.6548948131802,0.00813187893081761,0.008784452718201649,0.7661101330995933,0.6486106,0.30582628,0.62011874,0.29832035,0.5823034,0.30909035,0.5695552,0.33747572,0.54085594,0.34633425,0.5529154,0.34697646,0.53936154,0.35487157,0.48173946,0.35013667,0.46685192,0.34333366,0.47478652,0.3290066,0.5293906,0.29614508,0.5856068,0.2868669,-0.0024129403328044946,0.04628556574906313,0.011122606232892407,0.037772294705995066,0.030735385574915505,0.08516070306348987,-0.001576072097106198,0.10669023579065642,-0.006984336392718492,0.0284695999854981,-0.0013137721696739341,0.031206358915550077,[103.359375],25,6.778941931675644,0.05726075,0.019769667,1.0767795,24.488527350351024,13.04211576804938,222.7654585119058,124.80995887143283,1655.4701913456863,1411.1249446053482,1.7933298,137.24685274905264,16.701234487169284,110.63722351746388,181.8190699939266,0.7227028060973734,-0.1692947100727067,71.18184647646272,0.4591194968553459,3.687891156462585,22050,/Users/will/Projects/SpeechEmotionCS3540/datasets/SURREY/Audio/JE_n30.wav,JE_n30.wav,JE,Neutral,30,SAVEE
-599.8165,90.50972,-730.5811,-438.95456,0.056923464,-1.3542678,120.943954,64.95035,-23.043507,241.81894,-0.015114801,-1.2198797,35.543064,28.696764,-28.814701,103.795364,-0.13814294,-0.326164,33.348186,27.46631,-24.871557,121.351685,0.99927074,1.6251783,6.7277403,24.51495,-58.899216,57.7604,-0.41785312,-0.2799945,0.4767018,24.340302,-73.25481,57.703804,-0.7818083,0.70278287,-10.033454,21.674847,-58.40209,23.897392,-0.36505613,-1.0880476,-3.1156068,16.008612,-46.584316,29.265728,-0.5065502,-0.29345226,-3.052039,15.803684,-52.744102,27.093132,-0.7982527,0.3845272,-9.934842,14.209628,-43.031807,23.876446,-0.26721215,-0.7253463,-4.908561,11.893441,-34.68697,24.299755,-0.46122903,-0.2961855,-8.434459,13.894747,-39.40267,24.803394,-0.2971778,-0.71260405,-2.6226974,8.200013,-21.937038,19.605225,-0.1486199,-0.2984519,973.752824998509,739.2098674518504,2.8412018609220135,1767.8466796875,1548.630612877313,1456.5501325559353,626.1979787200664,0.022467580782312924,0.03051218922417038,3.480070892091328,0.41275388,0.35190576,0.32826778,0.26595697,0.33904803,0.2864918,0.36784083,0.30835402,0.4623864,0.36311746,0.53384274,0.35742435,0.5154474,0.30881047,0.4860753,0.3105343,0.42729384,0.3037599,0.44800958,0.31107578,0.5386309,0.32082218,0.52969116,0.33124822,0.004555786565760684,0.061205507763688306,-0.013309780904104715,0.0653006364076261,0.023676973925966266,0.08173122691368254,-0.03985132835171913,0.13800306439863239,0.010554748693276177,0.029073736211790577,-0.003412150218765973,0.036201193754212053,[184.5703125],15,4.398271276595745,0.0069846865,0.006583848,1.0926791,23.86025137710697,11.559040931881857,531.954281928164,119.52401807503863,1757.6819498751734,1271.6682324896537,0.2773376,163.68657424018602,74.68764102091346,87.81282249923149,325.8414615030442,1.113760161711465,-0.22439679880425256,238.02863900381269,0.673469387755102,3.4104308390022675,22050,/Users/will/Projects/SpeechEmotionCS3540/datasets/SURREY/Audio/KL_d04.wav,KL_d04.wav,KL,Disgust,04,SAVEE
-598.4871,82.234375,-740.0604,-428.43164,-0.124776125,-1.115371,142.18042,59.062035,23.596153,236.19672,-0.42191184,-1.1739061,35.85642,32.820038,-52.613884,102.52437,-0.22423293,-0.044757843,28.987928,27.30311,-41.606308,122.117195,0.6569871,1.4556804,17.633188,26.371023,-46.45604,85.833176,0.013370386,-0.14206171,-6.853187,23.450762,-69.6405,32.046867,-0.85665786,-0.06883907,-10.225909,16.847654,-59.626255,22.463535,-0.45115432,-0.070611954,-1.05658,16.8483,-40.857162,38.552547,-0.027684525,-0.30240107,-8.024984,13.605997,-44.47567,18.669607,-0.4489122,-0.31816483,-12.386831,13.20282,-50.134796,11.186955,-0.55097073,-0.047989845,-7.3623123,10.05039,-38.512024,7.2911873,-0.70070624,-0.19531775,-6.225206,11.881542,-31.281475,20.687542,-0.1263669,-0.78763056,-3.26547,8.814924,-29.27632,27.080585,0.09115787,1.6684194,733.4742906189207,474.69716272615426,3.831651800835471,1287.190865181588,1108.984881048582,1176.825382888369,593.5857634609894,0.022058435388513514,0.01938260949324726,1.6447143620512583,0.38134843,0.3401598,0.3872673,0.32632723,0.34565684,0.30237275,0.3327183,0.3064926,0.35353917,0.34900776,0.34619355,0.35840154,0.32443127,0.33169538,0.37986153,0.3431774,0.42423064,0.31945246,0.45572576,0.33834928,0.4809865,0.3893126,0.36646256,0.30971682,-0.01709853481682898,0.12324168391083343,0.014302977830127104,0.09148509084662439,-0.016922741612369566,0.16745949508534788,-0.009773086784785522,0.1643444074693501,0.00846246410198096,0.04421734081240348,-0.001491155900923168,0.042741445645726676,[83.35433468],15,4.36766278870152,0.008230156,0.0062879864,0.8297357,24.645557273976312,10.652365591928753,435.5027470501756,101.12934017618858,1335.9931959411865,1101.8010485045536,0.62129,137.84557682278566,28.918519385924952,89.86534992826049,239.91170118635668,1.1436686517999732,2.0303127797551133,150.0463512580962,0.7635135135135135,3.434331065759637,22050,/Users/will/Projects/SpeechEmotionCS3540/datasets/SURREY/Audio/KL_d10.wav,KL_d10.wav,KL,Disgust,10,SAVEE
-382.77493,101.85312,-516.3033,-190.37418,0.14299986,-1.4417526,104.09465,64.413315,-53.400127,209.22972,-0.17744295,-1.072747,17.549541,28.08281,-42.540443,76.48052,-0.26909885,-0.6242864,24.178404,29.120329,-32.70337,135.96115,1.1194642,3.0142612,17.378716,16.95082,-24.01316,58.267723,-0.28247073,0.24130702,8.23478,14.987939,-22.996029,48.81716,0.44642478,0.35436177,-18.324007,26.060127,-72.04325,20.334904,-0.36108822,-1.0751233,-3.6037061,14.1300335,-34.810966,18.255772,-0.443181,-0.77390575,-0.0006891539,13.35808,-36.12155,22.757795,-0.6234716,-0.51751494,-9.306239,17.898413,-49.749542,29.260223,-0.18066368,-0.88944435,2.319242,12.397137,-30.508728,34.392612,-0.071268,0.032474756,2.1252108,7.0091166,-24.480663,19.929132,-1.0627385,2.363288,-1.4879146,10.688931,-29.389225,20.186426,-0.36141092,-0.5157316,595.0413789795368,665.7945257899345,3.4296550186975794,1013.7795840992648,1331.2209846249248,964.0010373126233,464.23861146730195,0.015132615546218487,0.015286996583703102,0.4046245640817507,0.35518712,0.37488535,0.42109737,0.39737317,0.5410218,0.40065944,0.53658754,0.4143158,0.49035332,0.44670615,0.54035664,0.45419008,0.6114514,0.38984376,0.7252136,0.3217163,0.6720422,0.34425128,0.4940404,0.3786916,0.38287377,0.37478113,0.3259942,0.3484169,0.02580693939086934,0.1024888132641553,0.02753354469278156,0.09549900306220009,0.0800917522527835,0.14832359721602906,-0.02080044822626553,0.13987903575913246,0.0070809272588720305,0.049219796961860275,-0.02140479049344043,0.047315717190763454,[89.10290948],9,3.2770777944746268,0.09403405,0.06580198,0.9208235,25.733997652398603,12.682715856465792,275.8893938583642,184.47947773558508,1520.393730220586,915.1545014681956,4.156657,193.28393885955396,12.198735869459414,147.682975305829,213.73702705379327,-1.5165049609850194,3.24389869392854,66.05405174796428,0.5882352941176471,2.7463492063492065,22050,/Users/will/Projects/SpeechEmotionCS3540/datasets/SURREY/Audio/DC_sa09.wav,DC_sa09.wav,DC,Sad,09,SAVEE
-309.8832,155.53494,-493.23178,-46.246056,0.108735,-1.5980861,110.66103,76.20109,-21.018333,238.32324,0.04177686,-1.6517196,-6.1845827,41.10339,-95.00611,56.343292,-0.68187636,-0.9226999,20.366344,34.588085,-47.095036,131.64499,1.0289524,1.7478695,1.6448672,22.547134,-62.553387,46.793777,-0.85539275,0.12146211,-6.650835,19.751747,-53.734272,15.933954,-0.58116895,-1.0533295,-16.242857,27.22421,-71.74716,26.23613,-0.42769405,-1.1618879,3.667382,13.378491,-43.20346,26.149853,-1.4605082,2.4842482,-3.8202877,11.970315,-30.307781,19.279608,-0.40730414,-0.9321461,-10.464509,16.32088,-48.516045,12.148422,-0.39717236,-1.1300106,7.7519956,14.047607,-29.096428,44.242996,0.008058617,0.51487565,-1.6669617,9.083525,-25.543398,9.895321,-0.8342442,-0.42776275,-5.869327,14.378466,-36.911114,23.49419,-0.5366964,-0.8769388,699.9697523309917,456.55325657444376,0.9645311585893341,1226.7428694100215,1145.907093959019,1053.677310607788,368.84774059721315,0.023012358566810345,0.023284812021977963,0.46061556817346166,0.45731366,0.3718577,0.42787737,0.3699449,0.44227263,0.3970559,0.53160053,0.41101146,0.5870742,0.38236034,0.64913183,0.38029748,0.58777964,0.4037504,0.5438427,0.4293072,0.52506006,0.41709784,0.48400113,0.39221358,0.41158205,0.3632515,0.38782382,0.32504907,-0.025848877533386824,0.1042103517808093,0.03359173739635402,0.10284583865518332,-0.025586428726895403,0.15762521666709392,0.04741386861283401,0.1617264410972484,-0.015696117009793533,0.055960203075297484,0.005605924977912928,0.05166965956859208,[143.5546875],10,3.726235741444867,0.18858872,0.16741215,0.3307824,24.95063725620517,12.52326176068994,467.8414251881062,305.62112433912245,1441.1799032338317,660.7816101026889,0.89872175,188.48122530415935,29.168841068911448,152.89100418265707,258.62053938239393,1.055433776671238,0.03578267212690056,105.72953519973686,0.45689655172413796,2.683673469387755,22050,/Users/will/Projects/SpeechEmotionCS3540/datasets/SURREY/Audio/DC_a07.wav,DC_a07.wav,DC,Anger,07,SAVEE
-527.9258,95.246025,-672.7032,-361.97623,-0.21291347,-1.1930038,119.46273,71.25219,-16.307514,219.91696,-0.3213102,-1.4257011,20.456308,29.793552,-49.395348,76.85149,-0.5870824,-0.35779643,21.380354,31.472116,-36.5442,107.658676,0.38909453,-0.023842812,-0.048432898,32.683365,-86.88771,78.92502,-0.24993183,0.230237,-7.2356944,30.18555,-91.37857,49.483345,-0.5398071,-0.09109235,-12.627419,18.875748,-50.49263,15.796549,-0.18034594,-1.2474017,-0.6401233,14.663818,-34.04544,29.42318,-0.34305757,-0.60393596,-6.0827055,16.576626,-42.06048,35.767048,-0.24354978,-0.5845947,-19.78557,15.550361,-57.6392,7.5859985,0.0976494,-0.8630233,-6.916037,13.556574,-39.79038,16.224459,-0.79532635,-0.48994422,-5.943328,13.791492,-37.14168,31.326263,-0.033429038,-0.18640828,-1.2390795,10.273907,-23.847443,34.91799,0.4657925,1.5466814,1057.7858777620575,878.803948493867,2.3832242275604245,1803.5688920454545,1578.851370190146,1294.098758515184,651.1531093018489,0.03827829071969697,0.0423023154654674,2.6263302796873202,0.38568154,0.32706854,0.3683885,0.31152222,0.33438203,0.3026627,0.3613353,0.35702077,0.40252513,0.3805122,0.4497269,0.37620786,0.41426614,0.29963434,0.4271357,0.33198273,0.40524468,0.32715937,0.3650616,0.3440744,0.3567116,0.365962,0.35487416,0.3419621,0.0025880181927111705,0.06307740807996488,0.024987037641879165,0.06801487881206084,-0.004274688759875635,0.13821355450045225,0.019275297276731614,0.09888676549654433,-0.002786621732310934,0.042931030588768744,-0.0032884839086115576,0.03417051364614856,[161.49902344],15,4.906542056074767,0.013488022,0.012644912,0.9825343,24.72005896782162,11.049980362600317,586.5286870513326,167.70598347923982,1668.5288824616744,1307.5202168592916,0.6193653,169.33927057482632,43.04268263526855,84.33305895682803,227.75828324510303,-0.6951896844971528,-0.8053281178900895,143.425224288275,0.3560606060606061,3.057142857142857,22050,/Users/will/Projects/SpeechEmotionCS3540/datasets/SURREY/Audio/KL_h09.wav,KL_h09.wav,KL,Happy,09,SAVEE
-296.40616,105.91867,-468.90332,-90.61292,-0.3394839,-1.1022654,117.114174,75.62941,-35.026516,230.31178,-0.33365837,-1.3117092,10.318666,31.993954,-77.27849,84.55379,-0.32331064,-0.12624884,21.669052,33.709652,-45.228813,111.42098,0.4779546,0.14646435,5.678793,28.319355,-70.620346,92.001236,0.068480425,0.71127224,-2.6989362,24.827942,-65.068275,52.459557,-0.47250643,0.06453633,-22.319351,23.888964,-74.66165,16.080791,-0.007711282,-1.0476164,-1.8587918,15.399038,-48.658318,37.21426,-0.4348808,0.42568207,1.8596128,11.158995,-32.382088,38.23484,-0.42395294,1.2924066,-14.035084,17.92553,-59.099,16.627708,-0.2817056,-0.99994445,-1.7746627,13.5325365,-35.171265,25.97496,-0.3640084,-0.5856626,0.27991116,9.727645,-38.00766,21.896992,-0.9866438,1.5621371,-3.8856857,9.632616,-28.771088,18.262781,-0.44771725,-0.30358553,881.1157158233983,820.5329861505073,2.2429681079993378,1530.0300220451732,1635.55631834254,1084.085791212211,530.612128804796,0.024360883353960396,0.020149686069724282,0.7094047103829751,0.4807691,0.37518442,0.46703368,0.36804557,0.42579198,0.37407932,0.44528902,0.39446402,0.4444849,0.38380918,0.50566506,0.41107872,0.49510252,0.4020316,0.4434823,0.39558673,0.4300284,0.37922892,0.42260048,0.35717317,0.38780612,0.3500833,0.40403497,0.3392924,0.00310207772562517,0.07240661987593723,0.012293276118119506,0.08100075957234676,0.0026142193917364203,0.14860588543988335,0.03669505954332748,0.13140152308928432,-0.01343937739612869,0.04641174261817581,-0.005359052181345314,0.037906576235190496,[117.45383523],24,5.124629597350532,0.14701833,0.12764719,1.118784,25.24403501994744,12.702239756151782,433.2423680649348,216.64012081693687,1572.346257856103,1136.1284938799472,0.74654263,170.36071643386458,34.37173541039564,98.56656061031477,248.37216905734888,0.17844403152043717,-0.3316395278115212,149.8056084470341,0.6386138613861386,4.683265306122449,22050,/Users/will/Projects/SpeechEmotionCS3540/datasets/SURREY/Audio/DC_a13.wav,DC_a13.wav,DC,Anger,13,SAVEE
-581.1301,112.94012,-764.02826,-417.1829,-0.33822018,-1.3288517,117.21854,78.95439,-55.738945,246.82214,-0.17067938,-0.881026,10.684488,33.059025,-76.043655,57.58057,-0.7163676,-0.20995378,45.17255,44.295197,-36.375084,145.46764,0.69830084,-0.3081708,-2.1436708,36.730923,-89.71734,89.71803,-0.16937079,-0.2784524,-1.8697865,21.706951,-59.322517,47.349854,-0.7481922,0.20623827,-10.633931,21.277498,-52.05124,25.64072,-0.22656481,-1.3399273,7.3416605,13.258257,-30.881403,38.617836,-0.2940843,0.81919885,-1.1391876,11.73907,-29.227957,19.395271,-0.1802296,-0.7917564,-7.374151,15.863979,-43.632935,18.59386,-0.3508682,-1.193548,-0.64847857,9.046513,-25.155602,19.680454,-0.49702406,-0.013180971,-1.049664,11.675444,-39.79065,18.540663,-1.0622426,0.5801132,0.6173056,8.457256,-25.595716,18.307724,-0.74317914,0.39905953,1085.7444747331533,937.4257700980353,1.5526339645258402,1873.8780628551137,1882.417489987501,1426.3270301431526,576.5259502105445,0.018110795454545456,0.018945123210506398,0.9122491067483012,0.45054293,0.30297464,0.51243836,0.3318682,0.56249183,0.38016886,0.504722,0.38337925,0.49008113,0.38888532,0.5363974,0.35386163,0.6044601,0.32361487,0.5919682,0.3357103,0.48472145,0.32194778,0.4714075,0.32329813,0.45497698,0.30546847,0.40577948,0.29192105,0.006668797702326287,0.04494708270068222,0.001751412237830657,0.05452836494299495,0.02981048520993053,0.08674057110761495,-0.03832141790877738,0.10577847196700654,0.008995984620465516,0.026767559742010685,-0.005553075332533143,0.02802346312005804,[69.83741554],11,4.307252450632192,0.008361812,0.0053624907,0.90776163,24.241185316985643,12.782073679473006,450.292643121789,166.5234664034492,1974.4122933754893,1387.5647971820547,0.57290494,141.72515812813396,37.91406714438456,87.81282249923149,216.22053167995523,0.3615151894832739,-1.2610002353450138,128.40770918072374,0.509090909090909,2.5538321995464854,22050,/Users/will/Projects/SpeechEmotionCS3540/datasets/SURREY/Audio/KL_f06.wav,KL_f06.wav,KL,Fear,06,SAVEE
-594.29205,83.374435,-735.07635,-450.4217,-0.3544512,-1.1972262,122.7029,71.31471,-63.13388,227.53265,-0.33942318,-0.79694986,32.609512,27.874666,-64.1698,87.69133,-0.65992796,0.5627234,33.295097,37.691093,-57.436745,135.71967,0.5941669,0.023801565,2.4397976,30.816202,-60.598736,84.478935,-0.07439544,-0.42532516,-2.1526623,22.322777,-82.759415,43.548187,-1.0037435,1.3600693,-3.7329962,18.177534,-53.467224,52.969673,-0.16667059,0.17776084,-0.21144016,14.181399,-36.211243,29.817,-0.3470698,-0.51748776,-10.225951,16.65088,-45.854767,20.638561,-0.28331923,-0.9769504,-11.405357,16.286963,-52.077362,18.44982,-0.23865528,-0.7795882,-3.5729847,10.177503,-36.504417,20.034445,-0.4901878,0.1301589,-2.6290503,11.763591,-38.49955,18.021988,-0.68868506,-0.17574906,0.681208,10.049717,-30.482143,25.643597,-0.29527706,0.35237074,973.4024002768527,910.599362351481,2.3993969357889293,1644.7598876953125,1670.5335529871365,1307.1386007828235,580.2861054179732,0.03376953125,0.04979588904360792,2.9964844919611413,0.4188484,0.3500962,0.39733425,0.33256632,0.4251291,0.34451932,0.4372737,0.36452132,0.40297166,0.36019516,0.44145736,0.3852024,0.4416856,0.34526926,0.45137224,0.36586058,0.47101623,0.3491623,0.5248381,0.35450947,0.52101827,0.34624383,0.44579577,0.33271086,-0.0029263132284345116,0.07335731021164381,0.009258408287499213,0.05740600120621261,0.002739207693375162,0.10013263117914156,-0.00954916653223386,0.1279237732323346,-0.019240309389578398,0.032695351977505255,-0.0030577560828532746,0.02726560581577636,[123.046875],23,4.964125955580787,0.0067842472,0.00517344,1.2345703,24.103942586174245,11.588836427134206,475.5045120364326,179.1183384287172,1680.5003623154887,1290.739700397355,0.3639901,155.21007911783266,55.531646335341264,91.96585291173604,305.78200836531414,1.5114099680301958,1.2852098239492724,213.81615545357812,0.7,4.633242630385488,22050,/Users/will/Projects/SpeechEmotionCS3540/datasets/SURREY/Audio/KL_f12.wav,KL_f12.wav,KL,Fear,12,SAVEE
-637.7233,104.05868,-779.5391,-453.2795,0.12694007,-1.5805807,118.24321,64.12363,-25.110561,222.23459,0.010781853,-0.9923165,28.829697,27.45641,-49.033096,75.71715,-0.98330957,0.524838,36.27335,28.208166,-7.429228,123.70188,1.4621941,1.4155993,3.135225,29.117943,-62.686684,61.990845,-0.54668677,-0.3614185,-6.5910535,31.89765,-85.0522,41.540886,-1.0831482,0.24168396,-5.852609,19.864496,-55.24207,23.074116,-0.7245502,-0.5810847,4.820132,15.119109,-38.34294,30.966427,-0.78304124,0.30379868,-5.046927,17.096899,-44.26034,35.487896,-0.44525993,-0.18594909,-4.6261826,16.79445,-47.456207,38.746872,-0.19466962,0.2851348,-0.95467514,9.437943,-27.326576,16.660946,-0.7124034,0.058130026,-5.362938,13.510778,-50.593002,14.579954,-1.4861095,1.8584967,-5.0059032,11.536012,-35.51659,15.22208,-1.0013211,-0.06494117,1026.1091013319178,878.8248496126154,2.8804356637576647,1685.022532611812,1456.441349003423,1533.6541119372505,579.9167680381015,0.036441907970183485,0.06410182755704329,2.5212963872956897,0.44322282,0.35231063,0.45372668,0.2928734,0.45200363,0.29980603,0.44216052,0.31645507,0.4791193,0.34531182,0.5508817,0.36987263,0.48331365,0.29677603,0.4772031,0.32833526,0.459824,0.31619045,0.5146751,0.34962854,0.5122248,0.39864314,0.42411438,0.34466377,0.01656307842859976,0.06467047608287077,-0.0033812045706474634,0.056909476141212466,-0.05091142485242969,0.09312228693941514,-0.007924813854107062,0.08899171298737556,-0.00418759117646466,0.020923499543222375,-0.005985689328111891,0.02926298623332181,[143.5546875],10,3.9658986672422167,0.0057275672,0.005665822,1.1548564,23.751878153199012,11.997708472527911,511.206853293119,112.96351013014684,2008.241835077244,1375.5294341880508,0.7878949,206.01138752770623,67.8866662081398,99.13755088719131,331.5370699244067,0.37881828951207586,-1.3514984925063727,232.39951903721538,0.8165137614678899,2.5214965986394557,22050,/Users/will/Projects/SpeechEmotionCS3540/datasets/SURREY/Audio/KL_f13.wav,KL_f13.wav,KL,Fear,13,SAVEE
-547.519,101.389244,-707.0776,-382.9204,-0.21359044,-1.3159195,109.622955,80.31013,-70.81023,230.81033,-0.4384752,-0.9874253,16.10512,33.081898,-59.527504,85.19368,-0.27424735,-0.6132784,26.796328,32.956676,-35.309288,120.30175,0.9218091,1.1305785,1.6611071,24.906725,-51.40821,56.560043,-0.12611295,-0.6656296,-3.1942055,22.96576,-61.241745,56.063686,-0.37084126,0.12694955,-10.999366,19.971342,-51.61721,40.501846,-0.1348982,-0.7353208,-2.2297614,14.763467,-45.218475,22.992487,-0.621278,-0.23020601,-8.599781,18.354223,-79.86799,18.005657,-0.9627677,1.1484241,-10.63657,18.215471,-61.907482,26.205423,-0.57301193,-0.066162825,-2.847529,10.630502,-29.313238,26.23027,-0.15631896,-0.055686474,-4.6848526,11.288798,-31.844303,14.040592,-0.6092586,-0.6482744,0.33569384,9.80743,-25.119553,23.889713,-0.09481419,-0.29284573,1157.186746405486,1028.558347672542,2.176002558044998,1981.6008194633152,1683.6680404876338,1379.625094064514,603.2373562724566,0.04736328125,0.07245770339189048,2.477931990727213,0.42507356,0.30207184,0.44168755,0.2858537,0.5022905,0.33997333,0.40697032,0.29583737,0.40941173,0.37172136,0.4517814,0.384541,0.39807075,0.29865596,0.42426106,0.30286038,0.4248579,0.32798186,0.42695048,0.3416033,0.46622655,0.36298582,0.44676545,0.32705426,0.015279433868647255,0.07558751906357135,0.023867772819307645,0.07079554982192494,0.002746339107903647,0.11764478035706924,-0.015144601815205175,0.11571416872611358,-0.008406195783804716,0.03605718646085953,-0.013327236466136708,0.028454271427300355,[107.66601562],15,4.70945878600618,0.009421834,0.0098905545,2.1513388,23.9715087675329,12.018726249955423,653.2961652554235,222.62286684259064,1828.2938688666895,1425.3461333781058,0.8545193,153.4191902501756,23.940172501960724,108.1102658399776,193.74649219115264,0.09002144108914638,-1.1216738796242776,85.63622635117504,0.45652173913043476,3.185079365079365,22050,/Users/will/Projects/SpeechEmotionCS3540/datasets/SURREY/Audio/KL_f07.wav,KL_f07.wav,KL,Fear,07,SAVEE
-533.6709,86.77308,-646.0157,-392.86087,-0.06981053,-1.5994632,91.94788,71.60879,-13.507555,206.91045,0.1092785,-1.6688603,23.94376,22.492046,-44.447704,65.90033,-0.6471559,0.38896132,21.379807,31.029594,-39.249863,96.773476,0.30672193,0.035115004,-0.9012936,22.140253,-57.64161,28.145607,-1.0332942,0.05598998,-3.8569405,25.984943,-76.695015,37.01607,-1.2188789,0.78252006,-2.864572,15.703954,-45.614563,19.686947,-1.029656,0.028001547,-1.4405135,15.358596,-37.586388,32.705177,-0.5329571,-0.17834067,-9.111033,16.136717,-57.86175,14.565924,-0.6864704,-0.13614678,-14.399498,16.83956,-48.10256,9.219872,-0.29834202,-1.1708252,-4.9305434,9.611679,-26.323238,11.287003,-0.51313263,-0.96377563,-2.7979643,13.017256,-32.306248,33.17127,-0.20549104,0.2639115,-1.1460441,8.115685,-34.007248,13.184786,-1.6618271,3.9129357,1073.4446904269917,770.2893522502266,2.187545890069881,1946.8824303668478,1534.6612348438532,1466.262777902427,672.5523521771868,0.033993928328804345,0.04440925714760948,2.1410710077944137,0.40369818,0.3013504,0.4534114,0.31268093,0.4723357,0.3362534,0.43161723,0.34988582,0.471548,0.40523866,0.43847668,0.32864222,0.5512483,0.335683,0.54097235,0.32304618,0.49829397,0.31956154,0.51512164,0.36834246,0.4281612,0.34170613,0.37798828,0.32240653,0.009651132064662555,0.0838233987636958,-0.03211852014009704,0.09892860061493304,-0.01714390248019783,0.11570913884107972,-0.03901669379505989,0.13980263398788745,0.006021149994266404,0.02854350443090908,0.017758976287238926,0.054909679703485224,[86.1328125],9,4.256756756756757,0.012877508,0.017186334,2.0041096,23.99177630969737,11.47112280492888,577.0170634158568,149.10172250867083,1925.1775867513868,1241.9294383060496,2.4335654,198.97710096273272,64.37590456248334,105.64102395561046,327.72904188699454,0.4754074184172775,-0.8843109081626408,222.08801793138406,0.5760869565217391,2.1142857142857143,22050,/Users/will/Projects/SpeechEmotionCS3540/datasets/SURREY/Audio/KL_h08.wav,KL_h08.wav,KL,Happy,08,SAVEE
-316.34735,115.09653,-490.3436,-138.11638,-0.32008722,-1.3039005,119.3448,77.35341,-26.044346,232.44588,-0.16343544,-1.4524246,8.727763,35.60843,-73.71319,84.99041,-0.24777564,-0.74964833,28.462786,33.373478,-44.761257,130.4859,0.5387373,0.4797356,4.7807217,24.130661,-49.259933,75.759605,-0.16424562,-0.1446135,0.0010443734,23.066374,-66.575676,51.856766,-0.21052209,0.013511658,-23.74586,26.951809,-78.78038,24.14669,-0.04834376,-1.1291013,-3.721409,13.816464,-38.733784,32.38359,-0.1844639,-0.13970876,-0.18212026,12.140932,-29.682545,34.141953,-0.03327978,0.3509624,-12.238746,19.029308,-58.639763,18.043148,-0.38452306,-0.83850574,2.0607164,10.932635,-27.990204,21.76575,-0.66934764,0.079717636,1.1186346,8.329794,-20.3294,27.17244,-0.17685318,0.1884861,-3.1332614,10.98142,-26.917332,25.035398,-0.38209268,-0.34291172,939.8267565801214,964.0195032596395,1.857964640901907,1680.2674620301573,1806.792400088123,1091.6054313259162,583.065422106781,0.028415920017482516,0.03522230976956127,2.5535920076202516,0.49123505,0.36678368,0.53475505,0.3540376,0.5607201,0.38071132,0.5201032,0.4037288,0.4847982,0.39579007,0.5700948,0.40496975,0.55074507,0.39794114,0.47243458,0.3852883,0.4695535,0.38658527,0.46893406,0.3885683,0.40714952,0.35265082,0.4033858,0.32867658,0.0023510235239318357,0.07296871083739154,0.009961504044792149,0.07646632051605343,-0.04331314305195289,0.11705947231164236,0.010616009533925752,0.1504605253865564,-0.018619336978412733,0.03832204359366233,-0.014396295949517109,0.03327838110711213,[123.046875],14,4.223097759172618,0.13203323,0.098657005,0.85041195,24.59316127122802,12.94349173573627,399.94515349169234,225.53014918837056,1636.3994812871147,1229.761603979513,0.7903545,176.70641916114695,31.192393437453873,103.22817963382575,235.7901617579845,-0.5925132131848936,0.5162945265095158,132.56198212415876,0.5104895104895105,3.3151020408163263,22050,/Users/will/Projects/SpeechEmotionCS3540/datasets/SURREY/Audio/DC_a12.wav,DC_a12.wav,DC,Anger,12,SAVEE
-308.61835,120.196,-496.37912,-123.93794,-0.37510023,-1.3272533,112.89683,77.1225,-32.66795,243.45154,0.01211872,-1.4079381,3.3359683,36.971542,-80.63365,78.779045,-0.40036756,-0.7659652,27.930916,41.55056,-57.405174,123.84511,0.1303449,-0.44163918,2.496809,30.394358,-69.21922,73.77178,-0.069694944,-0.64011073,0.7411806,20.029356,-49.915092,40.478004,-0.5144734,-0.4240663,-22.063622,25.517763,-74.955444,16.83668,-0.03294389,-1.126442,-3.0544963,13.291311,-49.49231,15.946165,-0.7701077,0.010188103,0.032341324,12.274917,-28.353804,27.75135,-0.08154009,-0.50155663,-11.41838,15.442407,-43.03834,13.340035,-0.18047874,-1.2812593,1.9461025,10.169352,-27.124512,26.850428,-0.22071974,0.06986475,0.61300594,9.908822,-26.197878,23.934105,-0.1903757,-0.031696558,-1.5947721,9.969703,-32.29117,17.73418,-1.0273193,0.7098248,969.6892150133849,969.2886444789274,1.6103719216874082,1750.809909986413,1836.7618752153026,1105.6851743408995,577.4823235176708,0.02621858016304348,0.02359097815407609,0.848809230888702,0.497311,0.35266712,0.5360239,0.35150468,0.5063767,0.35506457,0.52587605,0.3739254,0.5428158,0.3754984,0.5968914,0.36755908,0.6212759,0.37444118,0.5448737,0.3765326,0.44084197,0.37219667,0.42208678,0.34884542,0.42527354,0.34399408,0.39803424,0.3007098,-0.0007910751904881966,0.06250978600569806,0.0035135176996265232,0.0802508829484715,-0.029663921620188244,0.08485097692975026,-0.010205683188501857,0.12855447897512712,-0.012810263236187966,0.039939971272445744,-0.00139733176875095,0.030914692120089283,[92.28515625],17,4.550254916241807,0.13491118,0.108658105,1.0511081,24.417111877844526,13.256095573695907,409.1740389992698,244.0711273764088,1639.9499184723275,1176.4287118772074,0.3945539,176.24643447219717,17.34011973966813,129.31026969119696,210.06515286029162,-0.29961689921384566,0.20922620276826231,80.75488316909465,0.40993788819875776,3.7360544217687073,22050,/Users/will/Projects/SpeechEmotionCS3540/datasets/SURREY/Audio/DC_a06.wav,DC_a06.wav,DC,Anger,06,SAVEE
-385.46237,104.660126,-536.8142,-197.34787,-0.05389127,-1.4233637,99.84048,68.00403,-63.937843,216.35541,-0.21683726,-0.84241366,10.809907,30.82372,-69.949905,54.884354,-0.6392605,-0.56998897,38.25183,40.090904,-32.842663,145.38948,1.1014234,1.120708,19.194944,18.665644,-22.10204,61.399048,-0.088582605,-0.72211456,3.6045635,14.748904,-45.412697,48.3019,-0.39919305,0.87875843,-20.499464,26.991684,-77.36192,20.084282,-0.39137238,-0.8872647,-0.7107043,15.299611,-36.860428,30.26894,-0.43577307,-0.6489532,-1.7815869,14.388626,-38.83885,28.027029,-0.39665404,-0.44446135,-10.809277,20.710257,-51.001617,15.899965,-0.35570794,-1.3409799,3.5311906,9.097806,-20.886911,33.733593,0.09804753,0.42912245,1.2880466,10.35017,-33.930347,26.498365,-0.7602445,1.1127629,-1.3664974,10.415425,-25.519444,18.080666,-0.54745734,-0.59276295,731.0539923366038,799.908893106186,2.0538322777808773,1257.8163840553977,1579.8616945263102,1026.887455431905,467.9293387559977,0.017811168323863636,0.01785820348806994,0.9051274204694416,0.37119028,0.36845005,0.41487023,0.39089662,0.47840852,0.4115445,0.4844302,0.42400032,0.48491693,0.44109875,0.49478617,0.42681494,0.58894926,0.40616614,0.6796287,0.3579641,0.5991863,0.36573908,0.4692654,0.38742465,0.39710128,0.37910292,0.3651072,0.35012165,0.0405092908459045,0.08964371365811426,0.011790516350212029,0.14013575625438243,0.08202132621822306,0.1597281998534124,0.008148339181912179,0.16661722939279275,0.019987947406082947,0.05659868405931924,-0.019363333539910158,0.05669532398309423,[83.35433468],11,3.5938125083344445,0.08962403,0.057994995,0.8018162,25.758987405844163,12.73411153696672,304.95197122088234,188.9681027167359,1641.9581964307974,991.8500979230046,1.9982744,189.22922493973897,17.185009089580863,145.14587018501834,225.1422562392905,-0.6234787900316349,0.15201287261562024,79.99638605427216,0.5984848484848485,3.0608163265306123,22050,/Users/will/Projects/SpeechEmotionCS3540/datasets/SURREY/Audio/DC_sa08.wav,DC_sa08.wav,DC,Sad,08,SAVEE
-618.9562,87.30343,-743.15393,-481.04977,-0.03437142,-1.4368521,129.5741,58.339584,-5.4146805,239.61943,0.072792865,-1.1661867,33.332607,29.112524,-45.316772,103.35896,-0.40388986,-0.0073547363,35.811634,31.776007,-32.301468,127.15341,0.6406645,0.1277852,15.591961,30.8458,-73.831955,91.07663,-0.48217013,0.8010113,-2.6944172,24.641346,-58.516933,47.094418,-0.8040417,-0.40650153,-8.873962,20.44575,-49.989136,26.139923,-0.22671829,-1.2789265,3.9694614,12.330833,-27.824898,40.032227,0.08941858,0.14527917,-3.0593982,13.283443,-38.5458,22.654522,-0.5454292,-0.018546581,-8.996779,14.974002,-37.59957,23.864912,0.038094904,-0.89731884,-0.88580936,12.964617,-34.628498,26.937157,-0.24863519,-0.65481186,-5.574378,11.298401,-30.375477,12.886868,-0.4501921,-1.0048157,1.2356567,7.925962,-19.75747,18.500206,-0.24053761,-0.36035347,633.3224806852156,485.4786390006507,3.1334416381471093,1043.1029382413321,1284.0783797096929,1200.3897298953918,446.47543296838086,0.011540545164233577,0.01342847969278893,1.2095271987478207,0.48154342,0.34302115,0.4569261,0.34593898,0.46201903,0.35043973,0.48251894,0.37039346,0.49878037,0.39154157,0.5035934,0.39018512,0.5153002,0.3795084,0.5076333,0.35473725,0.54381263,0.36247548,0.5480807,0.34470883,0.5531561,0.34294072,0.47493744,0.29056197,0.0020691195853762257,0.09945585035089634,-0.011361787166849859,0.08939285005698307,0.01913752057419589,0.08883952691693339,0.019205127183320278,0.15153294058792105,-0.008741555927135332,0.02937236041188721,-0.0029141929843564604,0.0439424159103002,[172.265625],15,4.731827350892002,0.007345359,0.004657588,2.478702,24.019195446256447,11.543234485782856,276.5480434173372,124.84879460895331,1617.1958406551578,1155.12773605756,0.6733492,128.85507778617568,22.856783267464486,88.83315834800462,173.60841241450115,0.20726271516853104,-0.9369940329184003,84.77525406649653,0.5547445255474452,3.1700226757369614,22050,/Users/will/Projects/SpeechEmotionCS3540/datasets/SURREY/Audio/KL_d11.wav,KL_d11.wav,KL,Disgust,11,SAVEE
-612.131,75.739395,-729.79254,-464.28568,0.19639789,-1.1274211,120.27775,65.912346,-37.908203,245.77483,-0.11122919,-1.0403172,47.07428,30.509949,-31.031096,115.84634,-0.014535764,-0.17458034,30.097494,21.505684,-32.911995,99.02836,0.2107581,2.0282645,8.156209,30.168644,-59.102833,67.408264,-0.48158506,-0.57994604,-6.3953533,29.891138,-86.75453,38.85338,-1.2095122,0.66192484,-8.758965,15.448282,-43.38375,17.395378,-0.08508301,-1.2743632,-4.2879148,15.961314,-43.77893,30.142025,-0.43149993,-0.77667737,-8.806919,14.587393,-43.056305,32.800846,0.08256068,-0.09287405,-7.5726457,15.370831,-48.18415,19.775398,-0.732832,-0.20340371,-4.329078,11.456735,-35.65089,18.50098,-0.510993,-0.28152204,-4.427164,11.844022,-32.606632,27.903072,-0.20533846,-0.20464873,-4.2561426,8.84452,-25.840336,17.243809,-0.32681954,-0.11696887,808.2854050419058,746.3873756841512,3.8980300819356213,1222.35107421875,1270.7621383332105,1239.3711117074117,607.8444535313928,0.027638268849206348,0.053857049785437566,4.256135392149078,0.37519777,0.30585673,0.3605126,0.3324554,0.38227013,0.33813122,0.3898721,0.34361595,0.49134812,0.3964108,0.45722222,0.34109578,0.36314806,0.2985805,0.402637,0.3473626,0.42759478,0.34047887,0.47131276,0.37182078,0.4679399,0.35576782,0.40098742,0.30958202,-0.007142918297381363,0.05629954985437093,0.024912615786969218,0.0889768051654278,-0.01423146962262146,0.12966958390496708,-0.0116577609479137,0.10326013811035499,-0.005019454490383647,0.046774096055923135,-0.015489898879812712,0.023218484076421023,[60.09265988],13,4.453438150576392,0.0073392154,0.0071415296,1.4026719,24.018262811971873,11.184723061393692,446.9415144023257,127.385998269751,1489.3956840790472,1274.5661068981003,0.2250197,170.38444484698425,84.51892468670691,93.03444464945933,396.5502035487653,1.6414957002305492,1.2746347893112704,303.515758899306,0.5634920634920635,2.919092970521542,22050,/Users/will/Projects/SpeechEmotionCS3540/datasets/SURREY/Audio/KL_d05.wav,KL_d05.wav,KL,Disgust,05,SAVEE
-463.1594,97.414635,-615.23865,-221.08873,0.16091159,-0.9975729,152.54298,63.211334,-3.4505403,262.9385,-0.22649725,-0.7851412,27.284382,38.403084,-52.246548,137.85637,0.1624146,0.3451159,38.38494,33.629833,-19.107067,134.14455,0.8531809,0.04181385,9.663855,31.106035,-59.181175,92.84573,0.09135528,0.047572136,1.1252518,24.421663,-61.638966,54.646606,-0.4204727,-0.29922652,-9.670383,24.163155,-80.39276,44.29432,-0.3452513,-0.0858047,-6.7005014,15.785745,-60.046684,23.924532,-0.61076313,0.19182777,5.144147,13.089675,-33.133347,42.122726,-0.0788566,0.32845974,4.3758507,10.614205,-21.239487,30.522217,-0.22446895,-0.07090974,0.048667617,11.9304285,-31.523506,27.685974,-0.17001978,-0.38231993,2.768748,11.742541,-20.931107,48.98134,0.56701505,1.086175,1.6453278,11.143185,-33.136826,20.411942,-0.8853452,0.26227713,490.1885041589195,458.45642269787703,2.485534031515869,893.2850442874204,1183.739019230727,905.5432039992517,466.7458560253538,0.006888808718152866,0.007893059182825703,0.7650577092625652,0.5880509,0.2940921,0.5509408,0.35564753,0.5703501,0.3745062,0.5461577,0.39481375,0.53761107,0.38630867,0.595849,0.36272338,0.5793631,0.352145,0.511011,0.36640936,0.50206304,0.3590725,0.5611166,0.30319732,0.6548685,0.24738455,0.69341964,0.276729,0.0022212004595574208,0.07322391945409995,-0.005444229041743325,0.08894929534557017,0.08564208483525111,0.1417787383722574,0.0026479653634459595,0.1234589013204501,-0.017785846732487745,0.04631186733624914,0.004292309570428778,0.037566938022627464,[161.49902344],18,4.944377312421362,0.05390274,0.015990816,0.7843234,24.366273071783528,12.343449061656193,186.3578073808624,124.70009210522507,1424.7717915320216,999.1844286810332,4.7267084,127.0160490146957,12.399721858718049,101.45478129445331,161.0494265540188,1.2570900477959497,0.9122567041560279,59.59464525956548,0.49044585987261147,3.640498866213152,22050,/Users/will/Projects/SpeechEmotionCS3540/datasets/SURREY/Audio/JE_n25.wav,JE_n25.wav,JE,Neutral,25,SAVEE
-226.05418,147.6028,-439.63922,54.227703,0.0035047904,-1.2341163,93.44369,66.43001,-68.759125,205.51212,-0.47664288,-0.95733213,1.3669331,42.053276,-109.84784,84.34545,-0.3264908,-0.53929186,41.982376,28.50285,5.8375063,148.93861,1.0472963,0.9950566,-7.8016534,29.904972,-83.19252,47.734848,-0.45807675,-0.57261705,-4.687188,27.250711,-74.324974,68.39291,-0.09840789,0.052853823,-15.224671,18.677649,-59.467133,17.700092,-0.1815951,-1.0099772,-3.5169945,16.15912,-37.424534,40.786743,0.121586226,-0.049846172,-12.087228,16.158903,-51.33493,26.846363,-0.5195909,-0.49728417,-3.8222558,10.911487,-33.97676,20.9903,-0.6606974,-0.06963611,-4.0916715,12.639281,-36.079865,21.931662,-0.3759854,-0.60833526,-5.1736803,11.7985115,-39.42222,16.761341,-0.509214,-0.43044853,-4.257812,9.583503,-33.501953,17.602465,-0.68768984,0.28367233,1399.0489900693256,1290.6518990886416,1.8169243008720604,2427.2151880870665,1981.7027376683045,1389.489321457037,517.2390654438808,0.06864444093208093,0.09645958662790587,2.3576473882128277,0.4072049,0.3476309,0.43055093,0.35141525,0.4351597,0.37104315,0.3888869,0.35521376,0.41752356,0.38917056,0.43841812,0.3806179,0.41334224,0.36381364,0.36414385,0.31563547,0.41374907,0.36284968,0.38453427,0.33203545,0.3825849,0.3370062,0.38430554,0.32766333,0.000602342085387732,0.0654233763882881,-0.0026378768053945626,0.05259905834782987,-0.003807544638268666,0.10813307858541474,0.01996946721364606,0.11544459656547039,-0.00850584251680501,0.03667512165020319,-0.01293262417530477,0.03360198992341465,[107.66601562],15,3.746050083245558,0.24035186,0.21270116,0.58211285,24.051935350415352,12.871995646174948,772.9416494145461,480.1736702611997,1856.864497392328,1452.077175758336,0.3187349,200.83664352961557,52.96324742079079,104.42763330455712,295.3659506116579,-0.0644397180585568,-1.2332998291846884,190.93831730710082,0.6705202312138728,4.00421768707483,22050,/Users/will/Projects/SpeechEmotionCS3540/datasets/SURREY/Audio/JK_a09.wav,JK_a09.wav,JK,Anger,09,SAVEE
-415.1216,87.16422,-545.1172,-226.34671,0.1536735,-1.1527413,109.80297,70.6806,-32.9252,236.98596,0.24529563,-1.2126758,34.87044,29.681845,-44.25863,110.90094,-0.11150938,0.5233309,41.276443,32.67952,-27.157833,118.81764,0.5906051,-0.47715092,14.138841,25.226013,-48.371468,82.71009,0.2718701,0.88866186,1.4734912,24.324759,-67.04891,67.97339,-0.44885233,0.5302484,-15.805062,21.410442,-74.70294,17.795332,-0.7727556,-0.22861195,-7.7044034,14.543026,-52.883293,14.72135,-0.8807095,-0.13589907,-0.49694788,15.210061,-43.91211,40.710014,0.0023592415,0.43661547,0.5437347,14.136651,-40.80601,36.62235,-0.60268056,0.65840316,4.1043987,10.1362295,-21.483189,38.29643,0.112330824,1.0008445,0.53360116,9.234792,-30.561798,19.568108,-0.84444195,0.27511358,-1.2978538,11.07269,-38.912033,20.061312,-0.98677987,0.8235848,647.3237812404975,629.9259494446125,2.112773978270065,1285.8193359375,1724.146934858718,1095.5837511738887,635.0796523623391,0.008776041666666666,0.010893370720228382,0.9504662830343789,0.58453625,0.31156373,0.60563713,0.3483687,0.6286503,0.35973573,0.60447705,0.3652164,0.5799662,0.3812051,0.5956058,0.37443432,0.58698213,0.37035644,0.57012576,0.3647119,0.58085316,0.34359315,0.54715466,0.28820783,0.58256096,0.26467496,0.5990015,0.29289964,0.02156162890411137,0.05215600204035111,-0.01563808814201421,0.05031284248915051,0.028040517779687607,0.10591372358811132,0.002731814359624766,0.09923603165768088,-0.01356798080016775,0.03556368299998952,-0.00487121195842821,0.02876641019793667,[71.77734375],17,4.8923257635082225,0.0633878,0.036326498,1.8908803,24.43469623360852,13.134039685556216,209.24869636690235,135.81739062579967,1792.4999651564851,1392.3841314933945,0.986704,134.94613486439215,16.29406101444718,112.57112811964524,167.69467255813382,0.6230090772561989,-0.989486174661935,55.12354443848858,0.31333333333333335,3.4748299319727893,22050,/Users/will/Projects/SpeechEmotionCS3540/datasets/SURREY/Audio/JE_n19.wav,JE_n19.wav,JE,Neutral,19,SAVEE
-362.19955,111.4445,-504.46652,-177.47594,0.11928137,-1.5006604,78.49677,62.2479,-60.09285,190.26132,-0.17122085,-0.8123796,20.926071,27.879385,-45.30347,83.966385,-0.60451174,-0.02976203,37.815083,27.558146,-7.4893265,105.71521,0.6701215,-0.5336716,-7.772024,23.243563,-59.24604,34.82962,-0.5048135,-0.93251896,5.2273417,22.124376,-54.070103,65.185196,0.028363852,0.9894459,-21.710493,25.24173,-78.300026,21.591724,-0.35770297,-1.1686773,-10.135587,13.861723,-43.42569,14.375405,-0.48408622,-0.71828103,-6.9054127,16.160618,-50.29206,22.325073,-0.57065994,-0.51254153,0.34845057,11.348246,-42.780342,24.366722,-1.0524441,2.2519011,-0.9776494,13.006213,-35.4593,31.00409,-0.7072449,0.105050564,-6.317969,16.4451,-46.1379,23.617666,-0.4319279,-1.0335846,-0.6749466,9.999186,-24.718678,21.440685,-0.42074636,-0.8525605,1229.8971333470267,1260.9348235414534,1.6587258834379808,2040.8935546875,2116.7751383646532,1411.8189604482213,533.8672448189933,0.04028486394557823,0.052400148293256045,1.8199638556211954,0.590641,0.32061437,0.6572368,0.32786092,0.552293,0.33473524,0.48025262,0.36469853,0.48069748,0.40769824,0.5047827,0.42800018,0.47991937,0.38408,0.44341263,0.35940015,0.43816558,0.3573866,0.43140095,0.3571158,0.40932682,0.3440773,0.44513372,0.30515,0.0006248451699394354,0.06511383709289112,-0.00512896584922208,0.09895503960215513,-0.009594658193286577,0.13666268738490409,0.046978719082666896,0.1197807799678044,0.010298578831416418,0.04550591223666131,0.0015784041982993312,0.04615648781068286,[95.703125],12,3.5353535353535355,0.08843407,0.09189684,0.9803586,24.52899681518226,14.148563319091302,672.8725434583537,603.533160466049,1888.282961381311,1404.110563510459,2.6953661,260.81657309134727,42.590194137051746,119.26495573315601,357.39105439674364,-0.5218782019725043,1.6604721315126918,238.12609866358764,0.47619047619047616,3.394285714285714,22050,/Users/will/Projects/SpeechEmotionCS3540/datasets/SURREY/Audio/JE_f04.wav,JE_f04.wav,JE,Fear,04,SAVEE
-342.7551,100.9931,-464.94104,-137.95926,0.19606045,-1.544831,89.44559,55.082592,15.497175,210.11984,0.21707802,-1.2956725,16.324657,23.122522,-33.50171,79.67923,-0.016134588,-0.080230474,25.86109,22.6238,-24.683327,93.35834,0.9179482,1.0723968,2.9419308,22.59066,-69.89101,47.777756,-1.0225044,0.3942592,-9.1107435,21.985504,-58.933212,18.416916,-0.38298556,-1.2286775,-15.128148,22.769405,-73.204704,13.6579485,-0.6948873,-0.58393216,-7.3121014,15.41412,-47.95833,22.250938,-0.8206137,-0.24149752,-5.109645,16.153275,-50.938812,25.291725,-0.6497335,0.0869174,-1.7620623,15.554725,-35.636795,37.90422,-0.048644137,-0.53599215,-1.609099,11.943808,-28.302498,25.962486,-0.2711928,-0.6946018,-2.9973729,11.0783825,-26.83578,13.59602,-0.5148653,-1.0321544,-0.9251591,11.69252,-35.155098,24.021454,-0.7407133,0.13400531,527.1472313251859,313.4675678311518,0.21265036896902845,820.3824129971591,787.7670562837263,979.319938378371,315.65213437369897,0.01559170809659091,0.0162395861388545,0.3640704631779447,0.53881454,0.37406275,0.4999674,0.38666847,0.43717968,0.42128646,0.41818514,0.43875948,0.44165257,0.44591337,0.47232455,0.44715202,0.4740099,0.45673597,0.4485283,0.433904,0.46167675,0.4228615,0.5090462,0.39653587,0.5830581,0.3700149,0.5169563,0.32395047,-0.0052966655563160036,0.14708916689407708,0.025785264298151343,0.14381000782075012,-0.02372694503036221,0.16553415160394871,-0.012628577466151508,0.2358627865017252,0.009184893181376884,0.05936093516056681,0.002703814481554449,0.08574545771930017,[151.99908088],13,4.248680856109563,0.14349611,0.11709215,0.9027823,26.536711816422137,12.828938343777168,330.23818873156546,221.7062826951183,1537.448294933113,641.749098320246,4.8056636,488.6068463460836,562.6559695811892,186.06888929891866,1941.5947270081936,1.9654589076036124,1.9158240569249365,1755.5258377092748,0.6060606060606061,3.0597732426303854,22050,/Users/will/Projects/SpeechEmotionCS3540/datasets/SURREY/Audio/JE_f10.wav,JE_f10.wav,JE,Fear,10,SAVEE
-391.97818,112.73725,-565.75977,-167.04517,-0.059198838,-1.2983887,108.46404,67.79914,-13.142025,224.97882,0.16947813,-1.2030671,18.379929,37.301723,-76.71814,97.259125,-0.5052914,-0.2810042,41.39499,24.963156,-4.691547,112.73685,0.61785144,-0.22056198,-2.3955796,29.394997,-75.58128,50.926575,-0.7542088,-0.2806821,-2.821852,25.164747,-68.14833,45.132355,-1.0631198,0.28182673,-17.499542,19.972174,-64.93764,23.108688,-0.049103238,-0.7805159,3.6337354,15.891951,-45.667152,53.277695,-0.01809815,1.607697,4.889263,11.233,-24.08321,31.94659,0.0029275783,-0.10332942,2.880122,12.017312,-26.684912,25.866774,-0.40135038,-0.51344633,1.7511169,11.203031,-32.414024,32.15553,-0.23185955,0.86129856,-0.13028866,10.358143,-30.778185,23.764938,-0.4997836,0.15207434,-1.020883,12.405319,-29.498428,27.367271,-0.47757313,-0.32173085,969.6942121531814,1064.968267457293,1.5554438601096123,1832.9347498276654,2142.641029194409,1250.597747659857,733.2464660829571,0.009162454044117647,0.012299630871424508,1.1524931699584988,0.60521746,0.2873151,0.6178114,0.31206644,0.5753819,0.35663018,0.529862,0.37133712,0.5606612,0.37460828,0.63202715,0.3663234,0.6352107,0.3703452,0.616929,0.3797563,0.6054186,0.3500964,0.5949671,0.34134007,0.5321055,0.30141523,0.5225452,0.2763078,0.006808704094783263,0.04233062005590043,0.008155219335618892,0.04906441930123353,-0.025931681698079054,0.10365998633605979,0.04186001882258319,0.10395419875652513,-0.0013761085568885023,0.02815674587845606,-0.007397869699429157,0.03385299370261233,[135.99917763],11,3.502122498483929,0.06557083,0.03800285,1.5640544,24.51680046048232,13.795401437283664,291.72408232387653,199.4582556589359,1925.7428197107831,1506.7226423895506,0.87247133,135.12765699487804,16.00317552975745,100.28947374140385,170.6259238017108,0.5683118867453959,0.09243248897056056,70.33645006030694,0.3897058823529412,3.140952380952381,22050,/Users/will/Projects/SpeechEmotionCS3540/datasets/SURREY/Audio/JE_d06.wav,JE_d06.wav,JE,Disgust,06,SAVEE
-449.25394,112.81398,-557.33075,-189.07907,0.60830784,-1.0741894,103.36252,67.08893,-37.389862,258.78217,0.29508045,0.16322589,29.19589,31.865858,-85.58493,98.36244,-1.2163811,1.8315158,42.368126,38.429043,-38.787827,138.12718,0.7596613,-0.1706605,-1.987138,26.082767,-77.4992,35.99495,-1.4675837,1.3272119,6.6592135,20.070297,-57.853447,68.03769,-0.28048316,2.7899184,-10.03262,23.638105,-69.565094,31.730907,-0.8592962,-0.33398175,-4.758979,15.300037,-56.45426,25.852966,-1.2557443,1.4040108,4.1041007,9.436011,-29.690289,41.075058,-0.13708654,5.2548,4.733775,9.133816,-27.455803,31.963205,-0.94974875,2.3932471,-0.14858222,12.82201,-39.966415,24.879292,-0.8937434,0.37040806,4.759113,8.433406,-20.72535,21.375525,-0.8214803,0.5059171,5.6271925,8.373442,-19.310059,28.510109,-0.647229,0.41303277,737.3515465910967,916.5652686458214,1.7176204373493262,1326.2796724759614,1968.202807619791,1119.5186593804308,664.3722148703621,0.0067270132211538465,0.01097296786878541,1.618963330286771,0.67286813,0.27463567,0.73183745,0.29967937,0.73123413,0.29418877,0.7282159,0.33074543,0.72695684,0.34840912,0.74920255,0.3368079,0.7181742,0.34786278,0.6534411,0.3545378,0.6484082,0.34641594,0.6572078,0.3121095,0.6429053,0.2890102,0.5882284,0.24037181,0.011608130867413346,0.03390496460940182,-0.0035756102761522377,0.0476700934359895,-0.010973947187169677,0.09334843304420416,0.005573231927476932,0.07900233403741568,-0.0026343067132117075,0.03109887108733802,-0.007827255925020322,0.027502661474051185,[198.76802885],9,2.989695380999729,0.058044396,0.031095553,1.6668832,23.41551958525213,14.005288561283194,283.1190857512685,265.54914214577525,1742.1471341742424,1298.61682508616,1.0593171,158.98393835838425,31.67862884749658,118.57804013471404,223.84553226259098,0.7424452687526022,-0.27937882790498847,105.26749212787693,0.3,3.0103401360544217,22050,/Users/will/Projects/SpeechEmotionCS3540/datasets/SURREY/Audio/JE_d12.wav,JE_d12.wav,JE,Disgust,12,SAVEE
-601.3195,97.56785,-748.55194,-419.45575,0.038887728,-1.295817,127.086464,67.176025,-31.089373,234.80899,-0.0780352,-1.2898389,34.564594,31.566252,-42.549435,98.63162,-0.5807724,-0.23452687,35.984802,34.607407,-15.20864,152.35953,1.3503593,1.9200029,13.326587,24.746632,-37.47336,83.73558,0.43067995,0.35399294,1.5006486,23.53062,-55.70146,55.380592,-0.6845889,0.25571656,-8.952216,19.757433,-53.048363,20.701912,-0.51130354,-0.8883829,-4.2895103,16.56163,-46.268616,39.56285,-0.25863394,-0.18189621,-9.092204,14.960917,-47.53196,17.40543,-0.6621211,-0.4377725,-11.904762,14.83256,-43.261204,17.664185,-0.32090628,-0.9483392,-6.083781,11.233071,-31.683624,16.593958,-0.4414878,-0.30248737,-7.5900297,12.921942,-45.072662,20.889872,-0.5603229,0.038659573,-3.8748407,9.265397,-26.997652,11.293179,-0.8020168,-0.101726055,871.6099843562647,629.8649004485119,2.757384054808201,1453.4912109375,1329.3164616166632,1345.9262075916004,621.9954919236121,0.030747767857142855,0.04300136670567518,2.8267657654621656,0.32401335,0.3142145,0.284922,0.29421434,0.31065696,0.32148245,0.38494104,0.3683469,0.51228493,0.37593704,0.6019891,0.38967583,0.5171835,0.3272247,0.4980549,0.3650816,0.43544027,0.33265397,0.4498382,0.35181406,0.5014149,0.36276713,0.41595703,0.3157278,0.0214464783063925,0.068581287847182,-0.011954265328287519,0.06202240288679744,0.018106009908729525,0.09487541172519613,0.03136493941502859,0.13620701417173364,0.006996461794275382,0.03478959257892875,-0.009093181145865237,0.03323575038040162,[112.34714674],11,4.523245622214349,0.0076669944,0.006563112,0.87131095,23.58018446553494,11.45098127819573,487.0235118585038,120.90244017626563,1603.8556240081537,1215.2977862095836,0.9601254,131.1521783025342,21.733831643717757,99.13755088719131,167.69467255813382,0.6312133119928105,-1.120667382887381,68.55712167094251,0.41904761904761906,2.4318820861678003,22050,/Users/will/Projects/SpeechEmotionCS3540/datasets/SURREY/Audio/KL_n26.wav,KL_n26.wav,KL,Neutral,26,SAVEE
-356.08167,122.26272,-510.15964,-99.13064,0.2709484,-1.1490964,93.14291,69.59911,-74.9215,216.80492,0.040358245,-0.9052808,17.230211,35.887157,-86.41495,84.03308,-0.756364,-0.046880484,45.715767,30.73384,-10.907362,157.73395,1.3972071,2.2010083,-0.52554697,24.828999,-80.25688,29.714783,-1.4820412,1.5605931,-4.9256015,23.427084,-72.2985,35.065643,-0.9341679,-0.09391618,1.6593099,13.953319,-53.377758,31.55523,-1.3020605,2.8950758,0.46310842,15.290221,-38.541893,30.14625,-0.6353644,-0.07820892,-8.589218,19.023891,-57.90531,17.963924,-0.58834016,-0.83186746,3.3066092,8.327988,-18.173664,24.969639,-0.21228068,-0.2888298,1.7985073,10.826869,-30.685158,29.123573,-0.47232956,0.84874654,-3.9560282,10.645455,-34.11663,13.3452015,-0.4655392,-0.7756252,0.54089224,7.1389937,-15.277338,13.872892,-0.40933484,-0.88747144,815.7873804827138,877.8999968494161,1.6095643148992227,1454.5452838177448,1859.8358826041717,1124.8285561630871,562.8386117261342,0.020453179632867132,0.03048506681123386,2.203771604765715,0.49612865,0.35551205,0.5259665,0.3751486,0.5298925,0.39697957,0.5660791,0.40716147,0.60352594,0.41111863,0.59173554,0.4020256,0.6005564,0.37612635,0.633359,0.373771,0.642037,0.34694025,0.5476684,0.34062198,0.46500146,0.319267,0.4615708,0.33096278,0.01239621301823418,0.07837573890349289,0.00010974511302956032,0.05337587331098334,0.006605644241443768,0.1495020294056361,0.02800470429075297,0.09134686479799012,0.003502247718089244,0.03272922253311626,-0.00342052852103182,0.042560577807318166,[198.76802885],10,3.0189764232317424,0.09763814,0.09171123,1.9355973,24.160618939675835,13.369119050827502,460.02264832817633,459.06353409013093,1630.3688883493753,1108.8490018819152,0.26627406,143.99145535179932,33.415377755278335,96.87324609557632,204.08500572708806,0.1858925114226363,-1.3445339410530341,107.21175963151174,0.43356643356643354,3.3123809523809524,22050,/Users/will/Projects/SpeechEmotionCS3540/datasets/SURREY/Audio/JK_sa08.wav,JK_sa08.wav,JK,Sad,08,SAVEE
-435.13455,100.78344,-580.4515,-260.03015,-0.07108254,-1.5166843,143.35497,71.67602,-47.759613,257.01105,-0.17370425,-0.8282976,29.073017,30.446367,-49.45098,80.58767,-0.7353627,-0.27998734,28.51613,36.36053,-40.030357,148.80197,0.8090444,1.5660295,19.714989,21.471724,-27.357643,80.85096,0.31914833,-0.3475678,4.7393317,19.049128,-44.0858,53.23262,-0.5825805,0.025636673,-14.675389,23.435709,-75.81205,29.50766,-0.30470175,-0.6441171,0.3027398,15.902602,-45.713524,36.48449,-0.3274557,-0.025574684,-2.094603,14.051439,-43.07881,22.33003,-1.0502526,0.54744935,-9.419819,15.287765,-43.426132,15.126373,-0.42624187,-1.0554439,1.5127512,12.898751,-28.974329,35.708206,0.1641895,0.2232759,-0.8411337,10.86643,-30.441097,22.286987,-0.4269408,-0.09700012,-4.0765615,11.609941,-38.482925,21.631014,-0.7816919,0.19227386,491.22567417999824,543.9228321627146,3.396222923846363,777.1891276041666,1213.233302743025,860.3377973728659,441.8832364810337,0.010380497685185185,0.011534951103261719,0.7642577129369623,0.5650306,0.33345377,0.5792486,0.3432987,0.5346372,0.37357935,0.4925857,0.4233324,0.5062769,0.4194784,0.55596006,0.39756745,0.60449004,0.38437173,0.6051136,0.37103406,0.59256524,0.35332635,0.56026846,0.3537868,0.52693546,0.3144174,0.54734325,0.3310263,0.011454710431904422,0.0630984698514281,0.008135500347860768,0.08583775978413824,0.02586933373714999,0.1356013242785574,-0.009925495446832494,0.1293520696063734,0.0029343744097533797,0.04153324424762583,-0.0026948074534258954,0.03698946312542092,[99.38401442],10,3.19393948172719,0.068637855,0.030360552,1.03836,24.594539184285345,12.566647849775824,202.31766316251148,145.63137160235124,1330.2614939395028,964.2666107254798,1.6263821,134.57126777519866,24.75531097304428,95.20902171067573,190.41804342135148,0.915136955312413,0.33853184219613874,95.20902171067576,0.5407407407407407,3.1309297052154195,22050,/Users/will/Projects/SpeechEmotionCS3540/datasets/SURREY/Audio/DC_n26.wav,DC_n26.wav,DC,Neutral,26,SAVEE
-360.66098,113.1424,-536.1607,-121.50234,-0.0517048,-1.0227405,119.57025,72.444496,-102.34093,225.12292,-0.5711002,-0.25354123,19.583569,45.12419,-118.8335,116.62286,-0.33098206,0.18116856,54.5497,38.37884,-32.168983,166.05276,0.674819,-0.09917116,-5.65809,33.915424,-91.42462,54.93235,-0.6519368,-0.37274837,-14.31894,31.390308,-90.16864,59.59156,-0.28100318,-0.46034765,1.1697019,20.603373,-51.683678,62.369484,-0.077844575,0.4355693,2.454623,14.755392,-30.449192,38.036068,-0.093372695,-0.54474616,-11.954556,17.277369,-51.258118,21.011654,-0.04322808,-0.90184784,-0.13739431,13.014022,-37.906464,30.495844,-0.5999163,-0.027045727,-0.9351059,16.034939,-39.88114,33.32772,-0.362407,-0.4170525,-3.2122893,11.749447,-30.226355,33.685505,0.19297254,0.13880467,0.699341,10.1529455,-26.160645,28.438148,-0.22306468,0.1865282,932.465004451341,1034.4890285239903,2.2063516364542113,1720.9562602796052,1915.1008575995236,1126.5581709560047,581.8382014099442,0.02235814144736842,0.031615629557913645,3.7486691574323134,0.54528695,0.32478496,0.5289117,0.36131126,0.4885099,0.38867274,0.47031233,0.38737938,0.49473894,0.39939937,0.5182653,0.40842956,0.46658477,0.38641843,0.44283256,0.36933383,0.48938647,0.37129062,0.46077576,0.35542077,0.43774608,0.33133173,0.495309,0.32426003,0.003597335374715655,0.06312168064734722,-0.01331181012816092,0.07161703340848302,-0.017837863542924284,0.11867524237971891,0.060796245109093365,0.09298044232559147,-0.011261636925961323,0.033952238180262856,-0.0058356096496266436,0.02762922564840227,[95.703125],21,4.770023177955189,0.08997437,0.057945747,1.2344438,25.23733869009128,13.192643891209544,370.955515151103,234.03555858190163,1625.2215979550763,1275.024909216605,0.4814608,151.8931439949128,51.07211589024543,102.63362906904881,339.28638158974695,2.2970218147968784,5.0126903220596475,236.65275252069813,0.5157894736842106,4.40249433106576,22050,/Users/will/Projects/SpeechEmotionCS3540/datasets/SURREY/Audio/JK_n01.wav,JK_n01.wav,JK,Neutral,01,SAVEE
-377.7908,107.186455,-546.8448,-163.08768,0.025534924,-1.07858,133.17584,61.64998,-31.774487,241.23068,-0.27373606,-0.9944482,24.506071,46.948776,-99.054016,112.79205,-0.56700516,-0.26711106,45.181866,28.07372,-22.13511,143.46536,1.2829127,2.0500083,-0.44500795,29.8994,-81.111176,73.766235,-0.2773667,-0.42720866,-14.7955,31.56346,-73.22478,70.12671,0.09295743,-0.804008,1.582975,16.649212,-40.995575,53.886032,0.13232292,0.4112227,-0.52411646,15.572867,-37.493576,28.821243,-0.5582293,-0.60533166,-12.648777,17.29234,-63.333534,10.982011,-0.7749642,-0.06411457,-2.2578466,12.92883,-40.477898,24.406965,-0.5030461,0.12766886,-1.1516597,13.031285,-39.325027,30.324678,-0.41198277,-0.0888896,-1.0742042,9.236477,-32.744522,29.752403,-0.38480088,0.90974593,-0.3654111,8.882881,-26.338223,24.401253,-0.40174592,0.040452242,738.4797677434063,719.7925051626293,2.660738399989921,1489.9091166834678,1677.1450097490242,1074.6036928920155,574.8302762010752,0.014034148185483871,0.013569979577066326,0.6409507083609958,0.5090293,0.34960654,0.48901585,0.34525967,0.47895104,0.37104043,0.47415456,0.37933183,0.49336812,0.3941029,0.5003908,0.413116,0.4612469,0.3960721,0.4256782,0.39323834,0.49618685,0.3788988,0.56108296,0.3478889,0.5621791,0.3225504,0.51630664,0.32438982,0.0226492548003864,0.10349892369846936,0.008026320176198398,0.05743147810362199,-0.02022202787191269,0.14706820937518159,-0.001831325273188842,0.14377775338924514,-0.01640735231378398,0.05051590540049935,6.729024698454233e-05,0.04184468565289111,[143.5546875],21,4.1737272858379,0.073695496,0.041939378,1.273262,25.126907652344237,12.646716984420951,293.0628759980159,205.7351357361957,1519.7275582874051,1255.7563068936506,0.5557608,125.3218524709404,16.905781712902527,102.63362906904881,162.92073075152206,0.6822648225302671,-0.790557239962391,60.28710168247325,0.5299539170506913,5.031473922902494,22050,/Users/will/Projects/SpeechEmotionCS3540/datasets/SURREY/Audio/JK_n15.wav,JK_n15.wav,JK,Neutral,15,SAVEE
-297.5166,120.15379,-455.85336,-84.19736,0.15279077,-1.3664639,96.54496,58.10567,2.4089231,203.57281,0.052047927,-1.4407487,11.661966,31.049307,-65.425095,87.43385,-0.46295363,-0.17930603,39.749107,32.012215,-26.67096,132.04024,1.0212362,0.4426582,14.319488,20.882738,-48.852295,61.127296,-0.7590435,0.70094895,0.69827783,19.910784,-42.90106,39.428997,-0.33806166,-0.91522,-14.8342705,20.620234,-53.85405,16.171995,-0.10443173,-1.4255455,-5.032156,13.346885,-50.61714,26.822556,-0.54681593,0.4502747,-7.6740847,17.608835,-52.26909,35.499,-0.59268606,-0.072072744,1.3615686,13.158132,-29.959724,29.207375,-0.37253577,-0.41978502,3.9168365,12.749241,-26.893616,36.48014,-0.2623996,-0.19267845,-2.0608914,11.944846,-29.333124,24.614735,-0.43447438,-0.44323015,1.4952233,8.81884,-21.694132,19.40765,-0.2835594,-0.25527048,744.0876307470578,584.384975566225,1.4945205858307538,1508.631591796875,1659.758382454645,1205.001719047776,560.6214326110673,0.014585658482142856,0.015458317976051326,0.7726211136728914,0.52127457,0.364047,0.5265129,0.34966147,0.51745254,0.362375,0.48556334,0.37849775,0.4726821,0.41333857,0.4893403,0.42786783,0.51184005,0.41038403,0.5289388,0.39520895,0.5791578,0.38194212,0.57723016,0.3559954,0.47630104,0.32374206,0.45627627,0.32076457,0.002515111905236671,0.11019960577313971,-9.904702694903479e-05,0.07670367611466745,-0.019664124748670086,0.134598005625336,0.041973623101199904,0.1603359909628382,-0.02394459143020675,0.04851262260379835,-0.007452882383950058,0.04070134194004663,[143.5546875],10,3.085987796002911,0.15334652,0.12415089,0.85608923,25.24940395826982,13.76981315112484,386.3337460784472,247.33267754238997,1554.61845003735,978.9156240547328,0.83970684,142.5229047995003,27.72994305907574,103.22817963382575,206.4563592676515,0.7782987525272511,-0.18920074156924827,103.22817963382575,0.6,3.240453514739229,22050,/Users/will/Projects/SpeechEmotionCS3540/datasets/SURREY/Audio/JE_a11.wav,JE_a11.wav,JE,Anger,11,SAVEE
-372.50388,113.45647,-528.3767,-179.16176,-0.05890201,-1.4630362,114.69553,68.3579,-54.261833,215.71011,-0.026028162,-1.0905887,32.60534,36.043484,-48.99888,105.52022,-0.57673335,-0.40215874,48.75275,29.052021,7.8652744,119.92091,0.66614497,-0.72028136,-12.589158,32.960667,-88.48047,43.38507,-0.5985701,-0.68749,-7.019213,27.24654,-67.743286,53.77293,-0.18426059,-0.6767924,2.1701086,23.036055,-51.85462,51.783283,0.030807938,-0.15753841,-0.85417783,14.86433,-46.221786,25.18106,-0.9037055,0.57409286,-10.870382,15.651033,-58.147552,14.370663,-0.9211136,0.33314013,-1.1075208,9.670747,-31.936462,21.893028,-0.4095736,0.50805855,-4.1837773,12.923386,-42.055977,26.100906,-0.6901496,0.443326,-6.2888546,11.701514,-36.467754,18.150974,-0.52993274,-0.7379718,-2.143689,7.835771,-22.483688,13.742561,-0.54164535,-0.29384732,1062.3926703082805,1088.9177064521946,1.8518821909311236,1871.8979116586538,2041.9837135015982,1286.6939992479975,614.8907029408723,0.033424729567307694,0.04044290901132482,2.127106191434106,0.5511847,0.34546125,0.45538917,0.29525432,0.43256977,0.33108783,0.4993575,0.3467208,0.5715304,0.37003928,0.57600516,0.38223508,0.50762606,0.34977183,0.4375388,0.3305011,0.48672122,0.33590674,0.56514496,0.36196235,0.5533818,0.31929344,0.52679276,0.31362537,0.008217541088101495,0.06807101895922303,0.014043482570881524,0.07654902825810855,-0.03149225429560172,0.12143335577052974,0.021614425801313317,0.12354643438813595,0.0021355362199110416,0.037155338864189764,0.006777767756452391,0.0415409492065834,[135.99917763],11,3.650057937427578,0.06320581,0.05749608,1.162139,24.40328061613578,13.31501432826795,497.52017988696394,321.2318133221595,1605.0165349306794,1308.2846074061886,0.3588512,133.7835131270199,23.07107624100375,104.42763330455712,182.87233715141332,0.817368351621071,-0.5509408502892859,78.4447038468562,0.46923076923076923,3.0136507936507937,22050,/Users/will/Projects/SpeechEmotionCS3540/datasets/SURREY/Audio/JK_n29.wav,JK_n29.wav,JK,Neutral,29,SAVEE
-237.48944,125.54946,-422.73376,-33.47006,-0.20172597,-1.4635497,85.87232,70.915054,-56.047127,198.80478,-0.2226195,-1.2339053,-1.1052032,28.266651,-54.18222,52.530663,-0.32056895,-1.0487095,30.98042,22.752447,-21.213278,98.83292,0.82270175,0.18545699,-4.4357057,25.817743,-54.35605,45.70694,-0.19227572,-0.983814,1.357681,24.010239,-63.74076,51.490044,-0.4470299,0.13283682,-20.281876,22.039154,-72.41237,14.762486,-0.35602713,-0.8426659,-5.6125765,10.56693,-38.44088,11.810597,-0.51945275,-0.29588485,-8.366897,15.839409,-44.674072,21.912117,-0.30208623,-0.60397625,-4.005412,11.017532,-36.90088,18.651995,-0.5365233,-0.09351325,-5.9411592,9.343993,-33.42463,18.76918,-0.33921596,0.15678263,-7.3927727,11.299823,-38.697975,13.071185,-0.33040866,-0.32875872,2.1988697,8.058146,-13.569534,30.646843,0.48016754,0.56813407,1463.8295929016701,1261.0773926057454,1.528187731009327,2553.400985054348,1979.9588328214725,1480.840319766143,485.36323691279165,0.06243277287137681,0.07996765460752796,1.8862231408043237,0.38568348,0.34798577,0.37527063,0.36527497,0.3444147,0.36200008,0.32094848,0.31390673,0.43183932,0.36243546,0.50423694,0.36914665,0.4377221,0.34486768,0.40603355,0.33979207,0.4709256,0.38376188,0.43446076,0.38070723,0.3722631,0.35156965,0.35763645,0.31803623,-0.01317125216595784,0.08858209830532986,-0.0031952962477169635,0.0853780456718428,-0.04259421696306091,0.11970516886633274,0.02375979574424141,0.14785396338304505,-0.012999271784246015,0.04177966480667123,-0.005263925220419133,0.04308738504704244,[107.66601562],10,3.121328369406735,0.23562154,0.23416483,0.7044318,25.20421953282677,13.905963131898279,914.951761959593,588.3658788263095,1997.3554412950011,1447.510246011847,1.9275135,193.80753191021412,23.42378834907985,152.89100418265707,251.2581146483697,0.6121338414964488,-0.4534171232395048,98.36711046571264,0.6014492753623188,3.203764172335601,22050,/Users/will/Projects/SpeechEmotionCS3540/datasets/SURREY/Audio/JE_a05.wav,JE_a05.wav,JE,Anger,05,SAVEE
-304.76785,118.71797,-498.31204,-49.033905,-0.1232769,-1.1004192,84.62426,68.55204,-58.525505,211.60849,-0.029273983,-0.9617355,7.529248,39.10369,-102.5065,92.02606,-0.6646956,-0.022952318,32.27742,26.45813,-43.76488,115.18462,0.39687908,0.6978977,-31.038666,38.547756,-118.63145,23.212616,-0.2701371,-1.0616505,7.506378,31.797968,-75.89157,83.17946,0.020233208,0.007691145,-5.299446,18.354008,-54.11078,29.43795,-0.35173592,-0.7859814,-9.4882145,18.684685,-53.787674,29.306437,-0.36491778,-0.7766781,-7.1208773,14.910109,-43.412888,32.347836,-0.12711374,-0.48256493,-2.0332417,10.2924795,-33.761925,23.583115,-0.39322188,-0.020868778,-5.863606,12.753679,-36.258698,20.086378,-0.2595848,-0.7595844,-3.161589,10.495727,-35.62422,18.225143,-0.48642063,-0.29356575,-2.2506847,9.671903,-27.807377,23.52217,-0.19492152,-0.028024435,1481.7999734452321,1312.2409080003217,1.0566505964128707,2628.6992561303828,2280.139994172395,1476.4433208974972,689.3724728492205,0.03960217927631579,0.04610272601370243,1.7967289666249382,0.49223924,0.35820076,0.525192,0.35876966,0.5219925,0.37165007,0.4891294,0.3964372,0.44789496,0.40124303,0.44830537,0.4111961,0.40625393,0.3860412,0.38154384,0.3747703,0.375185,0.35699958,0.3896428,0.35006994,0.4157855,0.3578818,0.43987063,0.33948088,0.006437935628656785,0.06238916940461015,0.009519753109946936,0.0904300466581794,-0.0017825671333520656,0.13034362000940938,0.014392042686297835,0.1350772758055571,-0.0066924015500926725,0.043827250561801805,-0.005310197716743689,0.042860919817527245,[123.046875],20,4.127165358015217,0.114841476,0.10026323,1.6622436,26.131176387747384,14.302919774338918,681.2211844843359,460.55642424082566,2245.432692680491,1650.5160279587217,0.36003545,255.58092866828426,39.89270214084348,141.8307339283537,329.6275569128699,-0.6835214197677039,-0.10371492772627855,187.7968229845162,0.569377990430622,4.8459410430839,22050,/Users/will/Projects/SpeechEmotionCS3540/datasets/SURREY/Audio/JK_f08.wav,JK_f08.wav,JK,Fear,08,SAVEE
-379.79962,91.983665,-530.83386,-201.97932,-0.23867945,-1.1928908,135.63416,72.38535,-30.909725,267.6056,-0.079324394,-1.1798129,26.46181,36.553837,-62.510468,103.27666,-0.5810291,-0.06486511,20.048445,30.059355,-51.74231,110.052475,0.55221695,0.9494202,6.597489,24.603626,-55.289165,65.94914,-0.4475685,0.1701529,-4.3463354,19.857813,-57.21757,36.30809,-0.7826594,0.088280916,-14.589937,20.49147,-71.16616,17.88824,-0.57947767,-0.37845612,0.89294,12.150788,-37.359436,25.457422,-0.81389856,0.39475107,0.7319517,13.699709,-31.561451,38.5168,0.13865046,0.6380727,-12.171057,16.708696,-48.99928,17.366163,-0.5043635,-1.0082694,1.140068,11.003656,-30.052715,27.087276,-0.25021237,0.12887001,4.2459817,11.327406,-20.598019,36.609947,0.101483636,-0.15564585,-3.3001084,12.321718,-32.504898,21.213686,-0.20894124,-1.0124726,607.7736669942013,678.6530915510098,3.2956706138075584,1011.3374169193097,1295.3204568565773,855.670431146864,473.03949435550896,0.017188228777985076,0.01927640811616818,1.6497282203010646,0.46985877,0.3427393,0.5004594,0.36438915,0.59499973,0.35778755,0.6247226,0.381311,0.5149662,0.3795661,0.5324851,0.39356613,0.52288336,0.40504742,0.43897715,0.394591,0.4149651,0.37550938,0.44693473,0.3956205,0.4479283,0.35948774,0.42617685,0.31583655,-0.0019994036869772818,0.0798238477337372,0.03531423002667652,0.12466635874163202,0.0034389754812882275,0.15884789024879692,-0.026540640241175043,0.12176398026323935,-0.01736847355083585,0.05142349183506942,-0.011360977539174071,0.03607780267422304,[117.45383523],13,4.189870642402982,0.09449788,0.066315785,1.0110749,24.713987861687144,12.317913803236657,264.059133722861,155.47883561649127,1257.3137913090989,913.5368353799257,1.4053674,156.49858128654745,26.043691692313235,110.63722351746388,198.27510177438265,-0.1602096377332179,-1.1364702414495682,87.63787825691877,0.47761194029850745,3.102721088435374,22050,/Users/will/Projects/SpeechEmotionCS3540/datasets/SURREY/Audio/DC_d05.wav,DC_d05.wav,DC,Disgust,05,SAVEE
-424.3416,83.642624,-552.3272,-239.56396,0.11956172,-0.88846827,109.46477,65.44256,-65.663925,228.40442,-0.4587407,-0.16437888,38.13574,40.742767,-65.43982,137.26797,0.17389329,0.23019409,48.623505,35.694103,-4.825955,139.8858,0.73026603,-0.30476403,5.992459,28.313152,-73.06574,80.24419,-0.31139436,0.4751606,-1.2176557,24.012444,-67.11094,70.31032,0.19272871,0.4297402,-20.530546,22.517094,-69.743034,20.48834,-0.23430243,-1.1075073,-4.215226,16.244242,-54.784313,27.926472,-0.9113748,0.5611963,2.1961565,14.590956,-41.069283,40.174873,-0.37936983,1.2695022,0.75228566,14.451579,-42.545025,34.15869,-0.43406025,0.17091441,0.29323903,11.492078,-34.494736,23.60737,-0.7166035,-0.12354207,-1.5797926,13.058174,-37.62152,26.124897,-0.36477625,-0.5558398,0.22775215,11.367539,-33.81822,22.232838,-0.52643543,-0.24080396,741.7956278603805,869.7582164386965,2.1988894259035585,1392.3347279505076,1809.0777319483514,1068.990768363084,652.7067493086772,0.010189463039340102,0.010545856466261652,0.7540795756999488,0.3912428,0.37226725,0.3999358,0.38280666,0.449287,0.39262,0.48007342,0.39399308,0.49911708,0.4011499,0.566296,0.40673354,0.586576,0.36325064,0.60336965,0.35870597,0.57045734,0.36544314,0.46860272,0.36593375,0.40937766,0.35419425,0.3827984,0.3415805,0.004429214360642093,0.07008332277500279,0.004196868680235793,0.08218750928982829,0.03934602992996736,0.14104512326736693,0.022319621122843466,0.12286035383737731,-0.00884668982573332,0.04382679056775799,-0.02009898836743365,0.03479200706905668,[215.33203125],20,4.376128763371504,0.067870714,0.027427936,1.261537,25.640647569482024,13.20256285748371,236.4637469331352,151.64739845564293,1667.0338107637947,1298.483191522259,4.025677,194.48645944068198,20.54339986187302,159.19961611844158,261.6255653005986,0.734031689711801,0.700699464408439,102.42594918215704,0.5380710659898477,4.570249433106576,22050,/Users/will/Projects/SpeechEmotionCS3540/datasets/SURREY/Audio/JE_sa01.wav,JE_sa01.wav,JE,Sad,01,SAVEE
-426.11646,96.7565,-564.2257,-194.29852,0.24838482,-1.0239198,110.12213,66.43808,-74.13656,242.94655,-0.16241944,-0.39842868,32.309956,37.076138,-71.57678,117.89186,-0.56422347,0.19587278,45.003796,35.546127,-32.15632,138.44882,0.5695809,-0.62679887,8.382406,26.03626,-69.4691,72.423584,-0.21332668,0.07026839,0.9676849,25.783848,-70.144775,70.28972,-0.10553501,0.69693685,-13.207073,22.041653,-72.06414,23.797037,-0.51616895,-0.81100845,-2.7448406,12.991208,-41.50767,27.358524,-0.55277956,-0.036429644,-2.2206538,11.103208,-36.888107,24.286629,-0.7779169,0.509228,3.5785122,11.672961,-25.034773,33.300926,0.081871584,0.10827255,4.2360907,9.678982,-26.220535,29.758232,-0.71615756,0.3968544,0.28881553,12.717501,-42.645844,27.866432,-0.4923428,-0.43557024,5.443765,9.370197,-16.21293,29.35423,-0.35353386,-0.569129,696.0009889086848,823.0409772889594,2.113630949100964,1277.9035490241636,1817.391203038311,1073.4236342058653,651.6714858579987,0.008912494191449814,0.011060281849387288,1.073606428996541,0.51406485,0.33264875,0.6076457,0.32024527,0.66971356,0.32338428,0.6637174,0.34338516,0.6378204,0.37225425,0.64988655,0.3936744,0.6201565,0.38956565,0.57067686,0.39121747,0.52084434,0.3919256,0.48549855,0.35901982,0.45221382,0.32932326,0.43845755,0.30343872,0.026500742936726922,0.09817777808141377,0.013781156591888787,0.07336338989622408,-0.0072494400595924866,0.1444681415923607,-0.019641434496829906,0.1433753936361504,-0.012317653123399832,0.044303120129603454,-0.015963341575981452,0.044039561236140876,[123.046875],27,4.325005630098872,0.0704914,0.03810907,0.9848372,24.921468678446477,13.106924269212628,231.29234980801647,165.49745337077908,1707.347123773198,1325.178923443442,3.7770422,158.3166640382587,19.568709884433957,118.57804013471404,213.73702705379327,0.49946649265655374,-0.3710934656134275,95.15898691907923,0.5092936802973977,6.242766439909297,22050,/Users/will/Projects/SpeechEmotionCS3540/datasets/SURREY/Audio/JE_sa15.wav,JE_sa15.wav,JE,Sad,15,SAVEE
-400.38037,104.825935,-541.41754,-220.21024,0.009576726,-1.5028307,130.70207,60.354454,13.975302,254.08481,0.24756709,-1.1604944,24.163498,33.783783,-63.609383,92.18437,-0.4765342,-0.45497942,37.441326,34.426926,-40.58461,114.86122,-0.14260566,-0.35763955,21.943262,30.660667,-49.171577,114.01184,0.49080268,0.38157535,0.78905815,19.068909,-49.345963,49.996937,-0.39979267,0.1197598,-22.789593,25.757921,-79.371635,15.755318,-0.31875768,-1.1514096,0.5058993,12.503918,-33.324158,25.202114,-0.47658285,-0.33247638,2.493213,11.825109,-24.43851,39.212772,0.35737395,0.26603436,-12.528985,18.07846,-50.587303,19.36612,-0.32592645,-0.8972802,2.8438997,12.061348,-36.638184,30.375708,-0.9047463,1.5834813,0.40588433,9.2316675,-22.388645,19.780167,-0.3294894,-0.62300205,-2.7452362,10.498807,-32.681313,19.304249,-0.67290246,-0.37382865,555.4304973030673,409.45369102267153,1.248016729746579,1096.8650124289773,1257.8651499412038,979.9753125413656,472.7874294567188,0.01297750101461039,0.014321139573547637,0.8544771998830472,0.54120517,0.35054004,0.551517,0.3312278,0.55987245,0.36048973,0.5411139,0.3919645,0.54935855,0.40136603,0.5463972,0.40460908,0.5110828,0.41743243,0.47776586,0.40468332,0.49275625,0.38937703,0.52040154,0.3823155,0.5103881,0.34667268,0.47789556,0.3025917,0.016581716038005075,0.06777855458127431,0.002445901579188171,0.08940570381079904,-0.029710315833134784,0.10219546945502092,0.03547271794046824,0.13454278936131728,0.0005718650135416949,0.029802272020386107,-0.005482544517749297,0.03844548396437645,[86.1328125],15,4.208818476808551,0.074810475,0.041879248,1.0239478,24.7075317453105,12.72789929771016,254.96053312223697,161.2464994659512,1335.4894978376763,865.067500224166,0.8795106,145.39593531651298,21.286165096850745,103.22817963382575,184.9972113558172,-0.033116051838854146,-0.8392480134148905,81.76903172199145,0.6298701298701299,3.5639455782312925,22050,/Users/will/Projects/SpeechEmotionCS3540/datasets/SURREY/Audio/DC_d11.wav,DC_d11.wav,DC,Disgust,11,SAVEE
-287.29373,132.56725,-463.82172,-31.711002,0.06870292,-1.3491507,93.235756,73.249344,-50.22499,214.00687,-0.0040742084,-1.3029169,-4.571092,39.738903,-88.95821,69.551865,-0.26134115,-1.177821,32.49104,28.392878,-31.64449,109.61951,0.9535617,0.56708527,-0.91129756,25.960695,-87.670654,49.343796,-1.1055075,1.0756321,-12.726162,29.484034,-64.226166,56.40036,-0.009287993,-1.0060636,-7.060783,17.147427,-52.52359,29.751305,-0.4860957,-0.32092285,0.7643136,14.843106,-38.7462,28.451317,-0.5352472,-0.25705147,-9.598513,16.946224,-52.05291,20.382917,-0.2511475,-0.97812605,1.4496694,12.770301,-37.15008,26.334347,-0.6000368,0.26860523,-4.9815283,13.957062,-46.297333,15.185984,-0.79819304,0.006547451,-2.5776386,8.358679,-21.602692,13.567192,-0.07298688,-1.1552477,1.1167783,8.017286,-25.138695,17.191986,-0.57776505,0.3802004,1074.4937775687818,1085.722036002505,1.887799674854592,1982.1027637582965,1980.923137445685,1245.2006258805334,626.1954814761923,0.022249204922566372,0.019031040637250765,0.14745912182511445,0.4795052,0.36403894,0.47594365,0.36311874,0.49759498,0.3880514,0.52369726,0.38945663,0.5781092,0.40364352,0.5666378,0.40590984,0.5371107,0.40450624,0.5217063,0.39130148,0.5282938,0.3543637,0.5219179,0.3485544,0.49300876,0.3399906,0.4641443,0.34050894,0.011279655350145055,0.06631849137080432,-0.0038306960041850162,0.03663485992342211,-0.01789967094309085,0.09278866957859605,0.02155827747377624,0.11453653955977618,0.004487208576282702,0.03218600127971809,-0.004885294212984388,0.035231536873499995,[198.76802885],11,4.197601370645345,0.16329959,0.15184265,1.050552,25.039232126109923,13.603875100636245,591.7077322520413,433.90523431058,1877.486660923234,1436.799011873091,0.60253686,543.2035588063959,676.9250885203189,134.6458897635121,2093.004522404789,1.762864152308808,1.155557114232968,1958.358632641277,0.4778761061946903,2.620544217687075,22050,/Users/will/Projects/SpeechEmotionCS3540/datasets/SURREY/Audio/JK_h13.wav,JK_h13.wav,JK,Happy,13,SAVEE
-263.78943,127.81293,-461.85294,-17.061771,-0.20606828,-1.0796257,98.22583,63.454796,-34.847763,185.24252,-0.31625342,-1.3938184,1.9470129,32.551655,-64.05049,83.04942,-0.027571216,-0.5866618,40.474438,27.629457,-11.971228,106.64697,0.54778975,-0.7631357,-9.534853,28.493904,-74.54894,38.22241,-0.40999767,-1.044212,-11.568814,28.913294,-73.09337,49.761574,-0.191973,-0.5656216,-8.015055,19.680681,-46.979813,34.695522,-0.27021918,-0.8581326,-6.3131704,19.005997,-50.262817,35.251305,-0.40302622,-0.75896955,-18.148605,20.416067,-68.91617,14.159884,-0.23995465,-0.7454238,-5.972867,12.619463,-36.261765,17.399494,-0.2817702,-0.7658191,-6.6681213,13.829519,-41.097202,21.790579,-0.2370672,-0.7322211,-2.9957926,11.365087,-29.732586,22.89435,-0.22650427,-0.6211722,-3.0960574,9.637198,-29.053612,18.300137,-0.3261527,-0.5813978,1238.2377226097003,1194.0003650044275,2.0181007002383797,2211.0553101405203,1964.6583325206616,1334.2425856945326,507.5759189383018,0.06142184878355705,0.09247857335317149,2.657337222260932,0.49701214,0.36726937,0.44347674,0.3711867,0.38903233,0.37394512,0.3817785,0.3765235,0.4403917,0.385814,0.4925443,0.405978,0.47672862,0.39353406,0.46475753,0.38100454,0.47004628,0.37972826,0.40850273,0.34879285,0.3921933,0.32286504,0.45191514,0.3423581,-0.0047608525214753224,0.0459033055781338,0.014761294813177823,0.050146340093666864,-0.014015922397875637,0.10734569141568524,0.030740464043696753,0.08880510850466534,0.0013581884116628602,0.03370131535133767,-0.0007041569239765751,0.030697107275750566,[143.5546875],15,4.33639689011839,0.15973453,0.14151303,1.1029534,24.83480356749569,13.293800322685675,694.5947411947182,419.4412383309983,1814.4655121127225,1391.6720052383914,0.2189888,199.83997829246914,42.458534128143214,126.35681904967383,273.99891691894106,-0.03137132608223378,-0.9079278678554927,147.64209786926722,0.3422818791946309,3.459092970521542,22050,/Users/will/Projects/SpeechEmotionCS3540/datasets/SURREY/Audio/JK_h07.wav,JK_h07.wav,JK,Happy,07,SAVEE
-355.99234,112.520996,-516.8588,-176.67976,-0.13025734,-1.4174333,101.26854,71.07914,-69.20581,221.91273,-0.23707859,-1.0088814,18.033028,26.97903,-47.452885,98.407135,-0.10272251,-0.08319473,35.20958,29.830215,-29.45123,105.59752,0.4516485,-0.1983664,6.9662795,20.754547,-43.97872,53.81357,-0.16444965,-0.4652946,4.2864127,19.731298,-43.934044,60.55935,0.66005176,0.99217653,-26.237106,28.032154,-76.59287,18.616598,-0.014386397,-1.3697159,-0.008688805,12.474049,-34.12778,26.990025,-0.7153291,0.112359524,4.168706,11.626354,-26.362192,32.620167,-0.33577117,0.06296992,-9.794468,19.315102,-50.60547,26.185165,-0.23826207,-1.2047204,1.7283145,10.169575,-30.420113,21.659454,-0.55194,-0.043968916,1.5213945,7.7165666,-25.781532,13.738843,-0.8217695,0.5298264,-3.076333,11.857956,-31.051085,16.070095,-0.45286617,-0.73651934,822.8670704685816,960.795700395616,2.425785531663772,1374.1910494290864,1780.0657770409757,1122.4859438592575,563.7900077573561,0.016995943509615384,0.016550493856386912,0.6298687742207415,0.42031723,0.37988985,0.5584113,0.38891187,0.55396634,0.37391782,0.46687287,0.4077185,0.47250944,0.43196422,0.55789304,0.40641284,0.69325215,0.32809618,0.6793994,0.32451326,0.4945505,0.3775478,0.37914306,0.37358698,0.32800904,0.3407471,0.3460202,0.3454122,0.04308564329628549,0.07801510673968837,0.031022668079223898,0.11892342467497856,0.08435836284516851,0.15903940027242522,-0.047096747424430103,0.1377734237780101,0.021087645770958074,0.04876391983923271,-0.013640721339750188,0.04967710297671389,[123.046875],16,4.424323748134586,0.12108985,0.092171274,0.9301596,26.282496103671217,13.474276244673732,352.2656659013239,208.7421081547433,1746.3853704804922,1223.2439005891833,2.5810328,192.0778998592545,13.838705647910453,145.14587018501834,231.73942791006385,-0.6736440671496581,1.977086750881571,86.59355772504551,0.5961538461538461,3.6163718820861677,22050,/Users/will/Projects/SpeechEmotionCS3540/datasets/SURREY/Audio/DC_f07.wav,DC_f07.wav,DC,Fear,07,SAVEE
-321.15363,116.49164,-484.16757,-129.75563,-0.16585676,-1.5655515,104.43176,68.4186,-38.411095,217.96173,-0.05785308,-1.4615394,11.384934,28.133776,-72.88824,74.235085,-0.68521774,0.5060117,27.010406,24.963871,-48.910965,91.6841,-0.21563816,1.3751068,9.360533,21.209486,-43.320877,55.48996,-0.6733739,0.16361713,3.3851974,19.33372,-35.532745,54.938892,0.09926691,0.30204678,-24.418844,29.000757,-85.058,17.138233,-0.2869431,-0.9631026,1.786373,12.804676,-25.062885,27.90632,-0.25260824,-0.61960936,0.5755546,11.5802555,-41.01097,18.769367,-1.2334392,1.3042607,-14.336488,20.473469,-56.140373,14.628202,-0.44191808,-1.1263936,-0.40696946,11.426479,-29.229408,23.72514,-0.4595769,-0.061239243,-1.3046429,10.448943,-31.25876,16.968035,-0.6628208,-0.22638273,-1.3536212,8.831845,-25.563923,16.121115,-0.74868125,0.23106456,838.0868508411573,901.4940973182963,2.4343687608189963,1529.8636463200935,1753.2088192436001,1142.4196885891101,593.3852856161097,0.019449109228971962,0.018939718713478895,0.5049870129632072,0.55280334,0.37609768,0.4764277,0.37663203,0.474077,0.40155137,0.56635976,0.41511023,0.6409268,0.37212214,0.71170413,0.369967,0.57805306,0.38845563,0.4983892,0.41489837,0.45511702,0.39907187,0.4137523,0.3733375,0.41565105,0.34219566,0.46618828,0.32965073,-0.012692877703307853,0.060360554692802396,0.03196116461410858,0.1281582698956712,-0.04388581229391276,0.16351394861339102,0.044590525268184786,0.08916733146097983,-0.00932052104928329,0.05290233768120121,-0.000991167048009751,0.03787122491967971,[112.34714674],12,4.871403059815528,0.15305786,0.13270946,0.7638177,25.463763470968146,13.553222792266304,360.67755978398714,215.55751804970586,1620.037611806959,1141.0713643299214,1.5171162,178.60409573610855,16.380052143456577,157.37105256787842,223.84553226259098,1.0300447131590618,0.2694202669396173,66.47447969471256,0.5514018691588785,2.463356009070295,22050,/Users/will/Projects/SpeechEmotionCS3540/datasets/SURREY/Audio/DC_f13.wav,DC_f13.wav,DC,Fear,13,SAVEE
-555.00665,101.03117,-718.34467,-386.041,-0.13227227,-1.3007666,115.345894,68.8283,-15.199242,222.26805,-0.10087057,-1.437185,21.236574,40.757214,-75.16318,109.40633,0.06926253,-0.6141813,37.58214,31.882551,-33.26716,128.91264,0.47404566,0.56103826,1.6887432,31.343254,-64.018326,81.99217,-0.098041244,-0.63828397,-5.782811,23.709944,-74.975555,31.326557,-0.7723563,-0.027867794,-11.345745,20.265892,-65.55751,20.260803,-0.35117787,-0.87514615,-0.89814407,13.592861,-30.22537,42.44513,0.23732802,0.0001449585,-7.851664,12.921307,-37.743256,14.868916,-0.4323362,-0.61881995,-12.317212,16.782434,-56.273697,24.375912,-0.43617314,-0.46213698,-1.8081417,10.4130535,-32.165215,18.33815,-0.8317515,0.55894685,-4.7392826,13.547196,-37.00664,33.18469,0.00042728748,0.03409481,-0.9715004,10.815078,-30.936138,20.415611,-0.49702418,-0.15755439,1023.3653444105113,809.8583479194548,1.5577713847011814,1834.6452192826705,1810.698941401919,1370.208273200965,607.2123799711135,0.021943063446969696,0.021506789740246706,1.84531753452639,0.3723404,0.29859418,0.36247554,0.33039913,0.3763459,0.32909516,0.40833074,0.33731246,0.46172684,0.34654987,0.5125242,0.35923117,0.4726336,0.3484037,0.4460773,0.35660234,0.44565398,0.34608355,0.51323795,0.3521139,0.52732235,0.3405599,0.43509138,0.31547654,0.008424466740958536,0.05192059722214246,0.00021769728479764387,0.03830484587953323,-0.023276702557324058,0.09062419085544313,-0.006596135427103448,0.11028472546106977,-0.004149188406013381,0.029966117377073234,0.004751628705751983,0.030346285598713305,[117.45383523],15,4.925246448461745,0.010694567,0.009446664,1.1191525,24.123592531902066,12.494516879766504,477.7675141066142,159.70179141522377,1756.1541459761008,1358.7265685438097,0.19260058,133.18782355445845,22.71272248079594,89.3477635991859,169.64319079487348,0.17090360264331245,-1.296818898513419,80.29542719568758,0.36363636363636365,3.045532879818594,22050,/Users/will/Projects/SpeechEmotionCS3540/datasets/SURREY/Audio/KL_a06.wav,KL_a06.wav,KL,Anger,06,SAVEE
-264.3986,128.30095,-427.399,-48.356274,-0.1303774,-1.5948657,92.109215,75.87228,-30.201733,220.96017,0.11253953,-1.5744985,-6.9189634,30.06422,-67.15288,41.740974,-0.5438796,-0.9960747,12.910873,39.21933,-59.892986,118.32113,0.35680944,0.2311058,4.175917,17.703121,-37.607628,56.444855,-0.3470467,0.045709133,2.1642911,14.822767,-32.23031,37.053696,-0.5501666,0.05987835,-20.66289,26.38129,-79.31653,12.496535,-0.32361963,-1.1156127,-2.5747411,13.75534,-39.088432,23.832216,-0.8985858,0.15060186,-4.022364,12.409418,-47.19139,15.38994,-1.0499269,1.2091608,-10.647957,15.848856,-48.466858,15.94688,-0.2126086,-1.3356504,-0.75644386,12.627188,-38.553017,27.757751,-0.21630593,0.1483612,-3.2190535,10.963461,-29.776974,17.393017,-0.6065215,-0.78915477,-1.3514819,10.261273,-28.397038,17.456203,-0.9100736,-0.06389642,895.8405245412491,827.9830722620369,1.8024615692955066,1547.723668649656,1641.0985380416435,1126.0899290521872,476.0301843912651,0.041656214162844034,0.051413837112317146,1.956757996055462,0.49421036,0.3911737,0.4216533,0.36313155,0.39137605,0.3968837,0.42980006,0.42585796,0.48470628,0.42895034,0.5850614,0.4150436,0.6188417,0.38991788,0.54663223,0.3888402,0.52145,0.4077218,0.50270045,0.39437565,0.43414232,0.3633149,0.41621226,0.33848077,-0.0002656019492968202,0.06713784374739475,0.009806254563244075,0.12040574923535596,-0.023357708494119635,0.1670620707792558,0.01705890167675377,0.14630529369472972,-0.025207231523171118,0.04200501357073625,0.018637928737908465,0.05040535977014996,[92.28515625],10,3.9749783674646673,0.22395201,0.2208275,0.96625876,25.034261834535133,13.360545678193066,586.4164420980425,415.6474535397084,1558.3521676598357,851.6122693002748,1.9443227,191.3287926475712,35.3101156028631,124.90548719779652,254.17759331190004,-0.2064039175764045,-0.5402333079143178,129.2721061141035,0.5412844036697247,2.515736961451247,22050,/Users/will/Projects/SpeechEmotionCS3540/datasets/SURREY/Audio/DC_h08.wav,DC_h08.wav,DC,Happy,08,SAVEE
-559.14465,103.56474,-700.4871,-376.4156,0.029912893,-1.3461422,105.559296,70.18762,-41.336174,212.16937,-0.17411326,-1.3223158,25.397203,32.28021,-62.36317,80.749954,-0.53318065,-0.12325525,37.829247,29.705969,-4.971771,133.84897,1.3873122,1.6279016,0.52450943,27.00415,-70.659744,69.05504,-0.48387042,-0.14668775,-4.3798866,27.508156,-102.170425,43.21595,-1.2117628,1.3220963,-5.729935,20.40339,-57.181625,26.06588,-0.8727794,-0.27215576,3.0051966,12.521652,-31.002966,38.885437,-0.3921435,0.05195427,-11.430853,17.52768,-50.954605,13.450029,-0.5228636,-0.7947185,-15.25923,19.664927,-56.80395,21.602715,-0.3106574,-1.0803431,-1.7508082,12.189913,-36.521744,19.749826,-0.8428876,0.39569044,-4.958105,11.384366,-31.316597,24.411493,-0.18924819,-0.3109877,-2.3103118,8.313812,-27.85774,18.259567,-0.61555445,0.48068237,1154.60801567237,1013.5213120998851,2.1693575514198824,1952.8834292763158,1696.9374608649384,1441.467615212227,584.6484988992784,0.04795802984022556,0.07402956651286857,2.792454179394943,0.3977893,0.32394144,0.3587063,0.2801205,0.3688144,0.2986037,0.34456468,0.31235668,0.39924043,0.34922728,0.43634176,0.32897997,0.40898144,0.30008343,0.3686286,0.28340256,0.44930083,0.29321316,0.567801,0.31897843,0.4989387,0.32002982,0.42626196,0.3692989,-0.0013443723601195153,0.09258949344664542,-0.00776491432882943,0.08053895291758927,-0.05277769180028777,0.10944684590001716,-0.0695646934883492,0.14241234032251923,-2.1216635531432166e-05,0.0376245309847792,-0.002411469011882589,0.04323729021322101,[103.359375],16,5.1847279781324405,0.009603007,0.009904888,1.148113,24.332668744245527,11.731163057273918,595.833256757021,245.5970905802962,1835.8619489232633,1304.7626493719745,0.16342375,164.3502530267615,64.13842209941599,89.86534992826049,333.4576446322876,1.2074432222002152,0.2714795968090473,243.59229470402713,0.6015037593984962,3.085986394557823,22050,/Users/will/Projects/SpeechEmotionCS3540/datasets/SURREY/Audio/KL_a12.wav,KL_a12.wav,KL,Anger,12,SAVEE
-252.2016,120.71161,-426.99445,-53.397892,-0.22744042,-1.3702667,94.451996,60.265564,-23.031803,191.67807,-0.35357654,-1.3722528,-5.543548,35.140957,-81.85185,63.930134,-0.18662919,-0.9640949,17.314533,22.547974,-50.99082,79.797195,0.039674807,0.957649,0.029847674,19.534788,-42.019337,41.72309,-0.0716574,-0.75917244,-1.1886272,18.206684,-52.37593,49.119423,0.008709988,0.66373515,-26.941467,24.878664,-77.37565,11.022991,-0.084630586,-0.9581969,-1.2056231,12.104024,-28.967272,26.170134,-0.35495386,-0.2653892,-8.6574545,13.530396,-42.27613,12.247599,-0.7949476,-0.29427195,-16.014894,17.546106,-66.11368,12.737629,-0.67556775,-0.14992404,-0.4057387,10.9247875,-23.245752,28.943346,0.21180245,-0.35043216,-4.1594048,10.505209,-29.88366,25.398964,-0.34602112,-0.247257,-5.409243,10.742934,-38.149208,12.6322975,-0.70834035,-0.20151997,1123.019722330494,1002.6938239403313,2.3528174560773505,1908.5296630859375,1778.849448298498,1310.6614295530223,528.2279262504793,0.04205322265625,0.0449664084056298,2.1245567005722292,0.35750133,0.3882357,0.2954547,0.36636117,0.24949281,0.3539302,0.31803027,0.39087686,0.32691294,0.37871137,0.34318364,0.394429,0.36852458,0.4030794,0.40191048,0.3922311,0.49480438,0.3870843,0.531227,0.3453799,0.4976921,0.37854674,0.38597882,0.37134784,-0.0010081249270124243,0.15103149059212567,0.012123612696190276,0.10866593091412023,-0.017342469161829622,0.2103223902648548,0.0262011871058746,0.21875638648739157,-0.004003461974070912,0.07199020853220703,0.008194034174569799,0.0699733451584684,[129.19921875],14,4.1999428579203,0.26778975,0.242426,0.5791061,26.4532898291048,12.752385778966035,662.5821995381024,392.594603377495,1824.980218138594,1207.817283413253,5.922612,227.89894155013505,25.30216085650552,171.61434972294217,297.0769881570017,0.2912266015771337,-0.1748971248986928,125.46263843405956,0.7777777777777778,3.3333786848072564,22050,/Users/will/Projects/SpeechEmotionCS3540/datasets/SURREY/Audio/DC_h09.wav,DC_h09.wav,DC,Happy,09,SAVEE
-574.79913,98.31963,-731.2833,-391.00198,-0.11759931,-1.2950318,115.27185,74.69734,-36.371746,235.28923,-0.13881758,-1.2720428,30.229832,37.376835,-71.32282,121.206505,-0.4117918,0.42843246,38.1213,35.656605,-39.05972,150.0528,0.8489068,1.1356277,-1.7869756,33.00084,-98.82234,73.36827,-0.34917894,-0.065977335,-7.5143647,34.80251,-102.538635,63.915535,-0.7338964,-0.09402323,-7.5985675,18.813395,-53.04162,25.222084,-0.18411963,-1.0414332,3.3356285,16.027685,-43.86345,39.961655,-0.41800532,-0.14771056,-3.9359744,13.715746,-35.480774,31.753944,-0.093559325,-0.6151197,-10.307146,13.970518,-41.821335,19.759502,-0.28606144,-0.82343006,-1.1144807,10.435271,-35.921646,23.81948,-0.4453769,0.3066666,-4.441278,13.635507,-52.641773,28.855665,-0.7911314,1.0904365,-2.473056,10.128395,-29.40792,26.712967,-0.34863222,-0.067854404,1108.2007312718733,944.9499749856448,1.990099884114626,1867.5159801136363,1634.7665343574035,1377.4432297383107,606.6882795304947,0.04230784406565657,0.05566933241428407,2.4746946625292536,0.4375575,0.31014484,0.4179599,0.29637116,0.39814836,0.32201567,0.3470499,0.29300505,0.3959894,0.32443517,0.42151573,0.32404464,0.41607368,0.29710513,0.40757018,0.31721902,0.4172986,0.3289787,0.47294107,0.33844697,0.45729595,0.31826237,0.4269241,0.33223182,0.009135712372567072,0.06746938095841737,0.01775896268846507,0.04630914136382792,-0.0011719969769172958,0.08908390513217118,-0.01986940516714018,0.1259890563773222,-0.0036306437432548294,0.0319496728400021,-0.004575091428852423,0.028958328617687948,[103.359375],23,5.021038562447404,0.008673238,0.008939378,1.3748426,23.977615477113826,11.861588818115886,605.3482187005225,250.97368577873837,1762.6662622272358,1354.427198066821,0.108718865,163.97364237163947,62.24504847874087,98.56656061031477,325.8414615030442,1.2042591875999016,0.012158459506812491,227.27490089272942,0.5656565656565656,4.580725623582766,22050,/Users/will/Projects/SpeechEmotionCS3540/datasets/SURREY/Audio/KL_a13.wav,KL_a13.wav,KL,Anger,13,SAVEE
-467.30743,92.497116,-660.2006,-349.82736,-1.1254774,-0.018311739,151.27002,59.883904,10.350735,212.24902,-1.3104312,0.22348142,7.1237726,31.519606,-60.20855,78.363846,-0.18852414,0.06953764,12.981982,27.81326,-44.333046,125.3876,0.9195032,3.1853776,-6.9343185,32.158993,-65.13016,47.496643,-0.02827295,-1.3128709,-23.409866,24.555138,-76.33026,18.312546,0.057706498,-1.0262986,-11.425529,15.167387,-50.943687,15.237362,-0.32288682,-0.41116142,2.5613892,11.467909,-20.573574,23.51831,-0.35346425,-0.9165287,-14.946313,14.230717,-41.70096,10.963451,-0.04273156,-0.87773657,-23.294477,14.677276,-51.16688,5.3842945,0.38436818,-0.6185105,-5.797913,12.786617,-43.984432,20.583914,-0.5834843,0.03459406,-6.5498414,12.779732,-35.25765,22.961704,-0.016104275,-0.30692172,-1.1940402,8.974311,-27.1105,25.407658,-0.11409146,1.2768416,785.4429650073298,284.7688990180716,3.3888831322645094,1289.7325303819443,720.4038750163088,1023.1505745692461,498.211967982073,0.03332368827160494,0.016071217510855402,-1.0135078279550247,0.2886776,0.31484857,0.38732654,0.33067662,0.41721126,0.35357872,0.36788726,0.38025644,0.32340604,0.4009573,0.25332272,0.31577122,0.25616968,0.32943135,0.22525936,0.28409368,0.24863003,0.28745893,0.35082477,0.3420705,0.39776382,0.36816427,0.25474396,0.28967035,-0.03404842163275427,0.13599710933256903,-0.007673328223016109,0.0914099075273547,-0.009909418894461262,0.195658433313789,-0.07709464040458419,0.19041615857587305,0.019559987062820985,0.051167550716446436,-0.009077678651571844,0.04958024188240278,[107.66601562],10,5.326601604019712,0.025847506,0.015267188,0.02455556,26.569388961659158,10.368018524136723,571.5438290953447,124.4778874884536,1290.560559508398,787.3089242846557,1.9650617,180.15447643828742,73.01897039292149,115.86971395503193,380.8360868427029,1.6565009191887947,1.0983002796616903,264.966372887671,0.7407407407407407,1.8773696145124716,22050,/Users/will/Projects/SpeechEmotionCS3540/datasets/SURREY/Audio/KL_a07.wav,KL_a07.wav,KL,Anger,07,SAVEE
-315.62534,100.40606,-514.2888,-136.47467,-0.7403497,-0.5907934,129.18098,64.57624,-39.13169,247.96143,-0.476471,-0.80938697,3.7552848,32.062817,-64.74022,75.17667,-0.06373983,-0.70251036,31.468084,37.44274,-76.5813,128.76251,0.2218253,-0.033682108,18.441881,27.361956,-40.023605,85.215775,0.06741982,-0.53464985,5.906201,18.763847,-42.025223,73.87381,0.040640227,0.9300504,-30.53174,25.836792,-82.10594,17.890993,0.025279764,-1.1352115,-3.1434708,13.7645,-33.394703,28.71038,0.041888148,-0.56107306,-0.8851852,11.783882,-32.504257,21.004211,-0.33160394,-0.47130275,-12.708933,17.791029,-47.18525,28.67452,0.12238305,-1.0222814,-1.4609402,13.99127,-32.27674,37.92434,0.32540122,-0.0793426,-6.1816044,9.351328,-38.480194,14.479337,-0.40683785,-0.01922369,-3.0211537,12.136103,-30.24805,26.588001,0.04529293,-0.7773857,874.1775421487818,791.3012491761682,2.333964859651878,1632.7067057291667,1613.6177637319481,1124.404278040671,517.0965898534704,0.021321614583333332,0.016189626748021237,0.2280830812137134,0.40383887,0.35304895,0.39982608,0.39578918,0.4349873,0.4059332,0.49201867,0.38014257,0.5933258,0.34898645,0.6387757,0.36665353,0.46633774,0.38223255,0.34507167,0.3867487,0.30398068,0.37432197,0.3108208,0.369367,0.34726438,0.35441676,0.38453302,0.33600128,-0.00616682814437665,0.08234853147788847,0.03170155490319417,0.09968338892856797,-0.045404014857634276,0.16106447130197274,0.043856374020120985,0.1405334575875416,-0.014976442253660741,0.05450765965629429,-0.015422360253983528,0.04313852665597218,[129.19921875],25,5.712553628054468,0.12183914,0.06887547,0.2494804,26.060138416005387,12.954936618772145,410.8850751884675,204.78886837977353,1578.879213227375,981.3738814408817,2.1400256,166.98079746567964,12.99540369955338,132.33275396903284,194.86885420251932,-0.35757265583686565,0.08000458008097366,62.53610023348648,0.7619047619047619,4.3763265306122445,22050,/Users/will/Projects/SpeechEmotionCS3540/datasets/SURREY/Audio/DC_f12.wav,DC_f12.wav,DC,Fear,12,SAVEE
-343.31973,99.818085,-473.8396,-171.57059,0.0151495235,-1.4848242,80.58695,76.87329,-57.562782,206.36778,0.10142583,-1.3048382,15.698324,21.70556,-46.503242,75.350525,-0.31057045,0.59319925,25.476345,37.856018,-53.223366,121.935776,0.37920833,0.086355686,3.7891297,19.866377,-35.609673,41.090523,-0.34519467,-0.90331674,9.109029,15.363202,-19.081665,53.773155,0.9439577,1.131742,-18.392097,24.49628,-73.430374,13.223816,-0.20155369,-1.1882198,-0.6146142,12.314405,-31.943974,26.907778,-0.22825551,-0.4914291,4.941677,9.716675,-23.401108,34.557358,-0.102503546,0.97707343,-7.0601597,14.489624,-40.310722,21.561123,-0.4274996,-0.95715594,2.0410237,10.166532,-24.83141,23.897541,-0.5829234,-0.0964005,1.8779765,7.945367,-22.923525,23.169998,-0.6112081,0.8035362,-0.75433844,10.980758,-26.28936,23.555876,-0.24103218,-0.433666,945.0200502771752,1044.4082973546756,1.8355067831851404,1687.6021984011627,1986.8944455654446,1221.645805803898,640.4971553029062,0.01385734617248062,0.014858419303374698,0.5364867348661038,0.5291872,0.3711884,0.5388619,0.3589788,0.5823393,0.36894658,0.5944583,0.3904459,0.5945659,0.4030154,0.6218064,0.39616895,0.6328598,0.37224513,0.6315487,0.35466206,0.54876643,0.3756985,0.44922942,0.38212106,0.39435464,0.34575996,0.43813246,0.34672835,0.02439190404653834,0.06851551209696259,-0.017529808865478152,0.11747000969970074,0.0332867814256811,0.12019707336850535,0.005696100399417464,0.18470661369290098,-0.0037758907257731955,0.04733427931871444,-0.0044161566892320795,0.05297195122996296,[184.5703125],12,4.016820245016926,0.1081032,0.090440035,1.6145146,25.96501383377422,14.019944741151146,359.82892383605906,226.15522165225852,1974.7367096928015,1447.527711376943,1.2112948,187.79157058997876,17.793245814561566,149.39896882100535,238.52991146631203,0.16259226394485415,-0.2076796901708753,89.13094264530667,0.5503875968992248,2.987437641723356,22050,/Users/will/Projects/SpeechEmotionCS3540/datasets/SURREY/Audio/DC_f06.wav,DC_f06.wav,DC,Fear,06,SAVEE
-254.18903,133.29782,-442.8345,20.840631,-0.008961198,-1.1922729,105.69623,68.9619,-45.07684,223.77641,-0.19707564,-1.2534688,0.7505283,41.484077,-114.45997,95.14111,-0.42941815,-0.21831179,35.112167,29.022745,-14.841297,106.55748,0.94193226,-0.30095196,-6.4500356,25.703552,-78.30206,44.36767,-0.45123124,-0.7760899,-15.73887,29.902262,-83.24492,50.378284,-0.37390238,-0.8353405,-1.8328216,16.331419,-41.782898,31.987911,-0.43753082,-0.59565854,-4.0537157,14.813227,-50.181816,24.869194,-1.1270342,1.0103369,-15.303053,17.57333,-60.161106,11.646187,-0.0579113,-1.114622,-3.7443488,13.389691,-33.94886,29.640965,-0.095057815,-0.60988593,-6.9788322,11.558888,-33.981796,13.495564,-0.25211453,-0.9275613,-3.2189088,9.35663,-26.186028,15.280241,-0.33068982,-0.9714849,0.7480672,8.802574,-23.810398,18.437857,-0.34009644,-0.35653353,896.9971131105193,794.8202629904148,1.995691978279856,1673.252540298655,1621.289870118348,1133.5856800313804,506.2695618588083,0.02811943730221519,0.025685596533754414,1.3087055082401169,0.4708863,0.3725112,0.41239426,0.38558492,0.39759007,0.39494246,0.4169321,0.41761154,0.45617035,0.42154318,0.53082365,0.4229401,0.5165414,0.41569513,0.45043635,0.38091457,0.42607048,0.38711515,0.42067534,0.35856166,0.4367131,0.3455125,0.4832472,0.36157265,0.009566458104223666,0.052834341585150976,0.00912313288108568,0.07370180076038803,0.012030889692751214,0.11393232731629487,0.017363295866812605,0.12377545463737977,0.0008028834910702061,0.03535841691358384,0.009413684100867589,0.03525552011393836,[99.38401442],12,3.2726867942264164,0.21968208,0.18342604,0.90894675,25.746759612509877,13.093730641533417,521.4203123179553,334.830824578812,1697.3177984178687,1201.562959265909,0.49017558,181.77690700820605,48.866348340366045,106.86851352689665,295.3659506116579,0.36098400164175404,-0.7399884304051536,188.49743708476126,0.47468354430379744,3.6667120181405894,22050,/Users/will/Projects/SpeechEmotionCS3540/datasets/SURREY/Audio/JK_h06.wav,JK_h06.wav,JK,Happy,06,SAVEE
-253.0828,114.77968,-479.75305,-25.939466,-0.46651652,-0.56865454,117.80525,60.562065,-21.42032,224.92139,-0.47339934,-0.9456582,-5.3705187,43.016907,-122.48425,91.76611,-0.52191293,0.07263732,52.325752,31.068743,-9.469976,135.85986,0.60502833,-0.2687621,-0.27148515,24.53528,-74.802895,37.69172,-0.67492235,-0.38887572,-19.330307,31.214054,-86.03055,73.28283,0.00017187795,-0.34868145,-11.471853,21.131506,-66.25127,43.041496,-0.25351644,-0.2198329,-4.9584694,17.86939,-51.97336,31.58054,-0.27573243,-0.6345272,-17.88349,16.45127,-63.804256,13.8589,0.053749748,-0.5865798,-4.653758,13.478708,-44.66248,22.616737,-0.4472887,-0.256212,-8.822736,12.545528,-47.45659,17.432747,-0.48557755,-0.018645525,-6.906477,9.094072,-32.06765,18.682247,-0.0895262,-0.2496314,0.20247002,9.17076,-22.688839,27.132614,-0.12545875,-0.06781721,1124.920824533337,883.1636427095082,1.8785603904116936,2249.6663031176986,1769.6206078960577,1312.6035411183198,560.5298005434827,0.03208281615070094,0.026726689605077337,1.4705984088869872,0.46427333,0.3555775,0.42125064,0.35406506,0.3886584,0.3656,0.37650278,0.36483988,0.39236346,0.37604386,0.4229995,0.39266637,0.40921912,0.38584092,0.37036872,0.3770761,0.3718333,0.35035902,0.39097744,0.34430403,0.41858825,0.35106272,0.46335444,0.35079572,-0.0035190989294796157,0.06892443022484239,0.0031598385936607077,0.07011255744129967,-0.005045745199738165,0.10054836883616419,0.01818266388672904,0.11912342675357449,-0.0023199246000921467,0.036484570536955925,-0.004299878261365378,0.036584059556960834,[86.1328125],22,4.4419009248237336,0.17815378,0.1165564,0.6247689,25.757911392061402,13.360249935721953,620.1699817329895,295.55542977828367,1763.5818034604113,1269.33170509262,0.38889903,208.4650093114794,57.2113252843994,107.48759652776705,323.96475278211557,-0.027745634903029465,-0.9729227406615024,216.47715625434853,0.6728971962616822,4.952834467120182,22050,/Users/will/Projects/SpeechEmotionCS3540/datasets/SURREY/Audio/JK_h12.wav,JK_h12.wav,JK,Happy,12,SAVEE
-423.13986,95.28052,-554.55664,-200.74254,0.3112946,-1.1998168,110.9213,57.756092,-27.334656,220.70413,0.076214544,-0.9064119,34.1118,32.395874,-65.65838,105.23543,-0.48304507,0.23289776,42.19993,34.06954,-18.303635,155.31805,1.2222929,0.90171313,14.180712,22.586475,-68.3244,70.773834,-0.82898164,1.6657882,1.4954655,23.472466,-65.65039,68.035645,-0.50728744,0.58615875,-11.762954,21.414335,-64.10106,29.100769,-0.4128608,-0.9835954,-6.072543,14.529333,-53.895042,22.012814,-0.7583302,0.14305377,-3.0581517,14.350029,-50.35327,32.605873,-0.784645,0.8181565,2.1560478,13.4078,-32.38238,37.643417,-0.3110066,-0.14425349,2.3274183,12.616332,-31.292,31.984127,-0.4757788,-0.19542146,0.4357454,11.708403,-29.051834,23.507576,-0.42712814,-0.6293864,4.609395,9.524022,-27.146343,30.491077,-0.6701544,0.5517354,517.651052270898,584.1433604642102,3.1012232254870007,876.3943758877841,1320.3379773068439,941.7407374264534,486.9896883001556,0.011333515117694806,0.012528466423977156,0.6241860640322774,0.43903252,0.34973484,0.5366427,0.3764139,0.5932943,0.37187463,0.5967039,0.37755707,0.58219653,0.3991748,0.6273781,0.40749368,0.61161435,0.40339458,0.55326563,0.39848325,0.5445588,0.39441162,0.51351833,0.37691087,0.45224252,0.3566654,0.39889273,0.33218828,-0.012167683144862567,0.08618816873958515,-0.0006416781913977257,0.09998596249954814,-0.01961410610767301,0.1639672061682537,-0.011318409494911018,0.14564098244022514,-0.014283818080055256,0.05356954032573275,-0.005274884171433163,0.0468744154043283,[161.49902344],25,3.502023391292747,0.07509897,0.039842833,0.9151543,25.24934154261229,12.844142468901445,208.84564724853212,139.38097247280444,1498.5174987003686,982.5548340048033,3.2524517,173.83613195095555,24.43521058753317,130.0593564629863,270.8517709358815,0.5758371957692423,0.5123878054207545,140.79241447289522,0.5746753246753247,7.138730158730159,22050,/Users/will/Projects/SpeechEmotionCS3540/datasets/SURREY/Audio/JE_sa14.wav,JE_sa14.wav,JE,Sad,14,SAVEE
-371.04358,100.29775,-526.10486,-202.23793,-0.22888677,-1.3077437,127.05752,73.75962,-30.856833,256.1965,-0.2391432,-1.3000802,18.91889,33.760437,-59.647507,111.166275,-0.059523467,0.257972,27.335451,35.483456,-41.553795,155.42926,0.739082,0.8411746,20.802149,22.987196,-36.612267,77.05437,-0.1563665,0.15895891,-2.8441525,20.751122,-51.13461,48.22938,-0.25643155,-0.47119713,-22.486437,24.053154,-68.13144,17.184692,-0.02606209,-1.1696107,0.7419413,12.192159,-32.205177,29.311104,-0.40011784,-0.20952821,1.0935917,13.156149,-37.597366,40.051575,-0.14483605,0.970175,-13.708666,16.883772,-51.76043,14.713008,-0.28839964,-0.99206305,0.46169448,13.430508,-34.21074,35.606483,0.038158227,0.049618244,1.0321229,8.547343,-26.927536,22.967365,-0.36740518,0.18852806,-1.4298105,9.510241,-24.08482,17.583036,-0.31305823,-0.6562729,611.8942247555213,571.4698626896927,2.5766616642527764,1115.1123046875,1318.3451293175647,915.6648242043823,490.75319033887496,0.017035036670918366,0.01605457491734573,0.3985766556305701,0.4292095,0.36906672,0.46313608,0.3823877,0.5390383,0.38882315,0.50828344,0.38558862,0.5122786,0.4332955,0.52879256,0.41739085,0.5232913,0.4235737,0.4684388,0.4024298,0.43742964,0.40313458,0.43054378,0.40010563,0.4102977,0.3703666,0.40202177,0.33910415,0.03982978951365832,0.10871029584464384,0.01532562152674243,0.1007551645069284,0.013748310568114801,0.15593050749720017,-0.012982717874384327,0.15652498941791573,-0.002740834239809629,0.0528612831200798,-0.012389741682361932,0.03941768301106933,[161.49902344],19,4.190966838393438,0.10501824,0.06670898,0.6199074,25.868246360945836,12.240411059418006,264.5915170672322,153.26298776247236,1444.4577888546814,1023.9727190615198,0.82015586,162.4555622758076,25.256113203523366,113.87914162255151,207.65234878997256,-0.16038362437320688,-1.0184260525346562,93.77320716742105,0.6479591836734694,4.533560090702948,22050,/Users/will/Projects/SpeechEmotionCS3540/datasets/SURREY/Audio/DC_d10.wav,DC_d10.wav,DC,Disgust,10,SAVEE
-398.792,84.26208,-530.4744,-263.0252,-0.21405436,-1.4409702,108.42353,58.834038,7.901723,234.28476,0.41197363,-1.0126187,28.004045,29.472063,-66.74013,88.75694,-0.8529426,0.5855317,47.68318,33.08229,-25.120712,144.61005,0.53859687,-0.08886194,23.908285,26.356527,-40.36608,87.47618,0.12970461,-0.3763764,0.27386063,21.538956,-57.800766,52.63788,-0.29978338,0.0846796,-22.033602,24.573643,-68.121,23.66202,-0.22812751,-1.2000911,0.52663565,11.496084,-33.075764,34.801693,-0.32243538,0.36645103,4.075329,9.443552,-24.261269,30.712791,-0.22839604,0.3287518,-15.418263,18.625622,-55.07425,13.388515,-0.1952151,-1.2508641,-2.6823373,10.41237,-32.97999,30.421373,-0.0033572773,0.32937264,0.22454704,9.698181,-27.712406,23.249683,-0.18625043,-0.1664033,-3.0889156,11.537509,-29.637497,18.457193,-0.26162508,-1.0479435,654.8042371592262,594.0542859074391,1.7320932739918156,1267.7815755208333,1622.3338134569751,1064.2596224753897,570.0108097892761,0.011049623842592593,0.011462005097068368,0.6141899689141722,0.51096714,0.36122262,0.49104688,0.37570974,0.48304257,0.39825422,0.49993226,0.3960911,0.5872406,0.3922885,0.6411848,0.37909487,0.57660824,0.36950076,0.53709495,0.38514248,0.51749134,0.38340276,0.45547658,0.3587647,0.41419712,0.34003764,0.44571093,0.32909924,0.010259568342668453,0.07933921178988321,0.012534465751800453,0.09256289147500238,-0.03417560291629356,0.14183225383797893,0.03514563548994547,0.1364665129127041,-0.006250580910366516,0.04809681040500938,-0.013075385898075708,0.042284393829056834,[172.265625],19,4.336372951880182,0.074359305,0.043981053,1.3452146,25.233830803669207,12.749079437795352,264.90276258742136,149.40553361635827,1554.4542345174807,1122.530329637281,2.5018852,160.3409456191907,27.64594304813628,103.82617439498627,206.4563592676515,-0.4989726256326767,-0.8070046914848903,102.63018487266523,0.48677248677248675,4.3815419501133785,22050,/Users/will/Projects/SpeechEmotionCS3540/datasets/SURREY/Audio/DC_d04.wav,DC_d04.wav,DC,Disgust,04,SAVEE
-276.46738,121.96588,-455.03513,-26.138947,0.011532689,-1.1857322,95.45213,64.180305,-31.080868,197.42563,-0.10498333,-1.3568094,-5.743282,41.90619,-108.01193,82.21513,-0.57638764,-0.43024802,17.603685,23.488226,-35.071274,83.23387,0.2071492,0.3599503,-17.321491,30.801561,-81.362495,43.355732,-0.18218026,-1.0839527,1.719141,25.556402,-49.571827,56.95922,-0.030230299,-0.69498944,-5.6512065,19.187971,-58.932404,39.49991,-0.1710165,-0.51105785,-14.18831,17.35974,-55.253006,13.567844,-0.16724545,-1.0624233,-10.223772,16.574808,-49.92079,28.30209,-0.038807783,-0.9952612,-1.0455976,10.175099,-24.011656,30.00165,0.122083075,0.16015124,-5.6663494,12.380646,-40.579407,21.262865,-0.5014826,-0.32686043,-4.3892627,11.217859,-38.199684,22.173555,-0.4047758,0.17384315,1.4158835,9.203115,-24.740177,26.559086,-0.2450472,0.22502422,1131.5882243716817,879.5196052852497,1.4720661811706495,2199.1733685661766,1934.2784530772842,1351.6193724388595,657.1604044922188,0.02690142463235294,0.025276764058275027,0.7666766102000291,0.49903655,0.37218088,0.52115434,0.36840197,0.5253918,0.38355,0.4671586,0.3834986,0.42325777,0.3923701,0.47235718,0.424593,0.45609134,0.40611088,0.4258921,0.39475533,0.41079026,0.37041193,0.3891348,0.36456355,0.37012637,0.34568354,0.3715788,0.3029286,0.005703002238669445,0.07070860149459915,0.03826036286681771,0.10785613417637922,-0.01952697585939528,0.14645933114601695,0.027713929889175357,0.17198689671369874,-0.006267295871108436,0.04314866661903567,0.007913244570441135,0.06431914266135835,[184.5703125],17,4.324776463801557,0.15413514,0.13098544,1.0800555,26.34156818550044,13.5438099309358,558.7005177300897,335.841142749043,2022.3350085941188,1427.6762179078164,1.0143638,256.1440814989867,48.817710069955005,180.77186920887385,351.2512899969259,0.20488385319384717,-0.9369059129175645,170.47942078805204,0.5176470588235295,3.930839002267574,22050,/Users/will/Projects/SpeechEmotionCS3540/datasets/SURREY/Audio/JK_f09.wav,JK_f09.wav,JK,Fear,09,SAVEE
-363.3247,107.931435,-527.19244,-140.35902,-0.06463204,-1.0418274,133.31122,70.094955,-39.606514,243.67401,-0.40507096,-0.76164746,18.2979,44.353996,-104.62119,117.68123,-0.6524283,-0.16314983,41.737152,32.690952,-38.40478,124.23189,0.1735069,-0.16242838,-1.1013021,28.831127,-81.87253,63.40033,-0.5488115,0.12635112,-10.73132,29.805656,-71.84148,63.989677,0.19408347,-0.6482327,-2.6364555,18.424023,-56.350777,48.076145,-0.5275907,0.72168684,-5.4200163,14.177692,-35.975742,36.798187,-0.21590391,-0.12633681,-14.553496,15.059475,-47.415665,13.208384,-0.21860649,-1.0508401,-2.222437,11.720876,-35.85354,33.621933,-0.27760717,0.36177325,-1.3251852,12.827279,-36.30332,30.434826,-0.40563646,0.15912724,-2.0968628,10.959804,-32.779144,21.983818,-0.45931697,-0.42408657,-2.9547107,9.676353,-27.829418,23.382826,-0.5176807,0.26095295,1024.5507144346277,1032.2854540415067,2.4362482485759083,1863.7639825994318,1812.884172349846,1171.154606596532,551.3556878068584,0.039018110795454544,0.05297911638318304,2.799929244400624,0.47831422,0.370073,0.4198002,0.3459093,0.39891723,0.35085934,0.4094814,0.336468,0.4589304,0.37555856,0.44659007,0.37356105,0.3830247,0.32509908,0.38843644,0.320466,0.49419996,0.36272347,0.48066843,0.3345219,0.44336283,0.3203987,0.44628936,0.33265314,0.014235290641689916,0.09087968818063978,0.007443001727872073,0.05905519645054442,-0.02339767145388105,0.13667081965558636,0.04793548971565027,0.12179260063467393,-0.0027177200560647014,0.04202298280005053,0.003450884095703601,0.04203525306773398,[107.66601562],21,4.579167531966654,0.06195287,0.05558461,1.4082981,24.61504045812284,12.820438725779,573.7001314710957,454.5426410126518,1488.5079119768968,1225.721407454764,0.184447,128.38936829883778,21.713225193715125,99.13755088719131,181.8190699939266,0.9038710170528568,-0.22036813187674031,82.6815191067353,0.5404040404040404,4.585986394557823,22050,/Users/will/Projects/SpeechEmotionCS3540/datasets/SURREY/Audio/JK_n28.wav,JK_n28.wav,JK,Neutral,28,SAVEE
-262.24176,118.186005,-424.20734,-72.14069,-0.15676448,-1.4043199,84.63379,65.31412,-14.234716,204.35074,0.22815688,-1.4863062,4.1801577,28.823498,-79.01047,91.17705,-0.3674235,0.7356777,30.91993,27.929533,-37.895058,102.59516,0.3650624,0.10563612,0.5707302,25.051361,-61.400772,63.42047,-0.395462,0.17901254,2.1120038,20.409489,-46.744053,55.99914,0.010327953,0.022364378,-20.645332,22.364368,-74.90492,11.573708,-0.29729864,-1.0576068,-7.9609666,11.764915,-37.142563,11.162254,-0.57767195,-0.71124315,-6.337263,13.140974,-38.091896,19.80478,-0.609891,-0.58070016,-3.9348068,12.00577,-41.02722,18.162556,-0.76676774,0.34025788,-1.3905683,10.101534,-29.337055,22.384323,-0.51809716,-0.045500755,-5.0882845,11.389541,-36.393764,18.659939,-0.73046863,-0.27211833,-2.7599587,9.913582,-38.353508,16.280727,-1.1384181,1.1105275,1267.064214722322,1083.9124555887151,1.4410528637209172,2332.2581976232395,2008.1724152556546,1446.1563524340904,561.941477560034,0.05434020136443662,0.06650015299476368,1.9047717673289863,0.4248577,0.33435452,0.39732522,0.32264706,0.43907043,0.327138,0.4998847,0.34837005,0.51825947,0.36676615,0.5482332,0.3710819,0.5368535,0.35352337,0.5088722,0.34823045,0.46887,0.3535508,0.43118566,0.3360207,0.42643392,0.31926623,0.44779742,0.32931903,0.005008985801218538,0.05568616442591105,-0.0012394604886452085,0.08250989805954163,0.040698363544077854,0.11493192444791159,-0.004937554217718068,0.0869175964115505,-0.003217893737519399,0.04183262024711586,0.00012178386850155835,0.030450465820924966,[198.76802885],14,4.268587784676226,0.17024611,0.18107657,1.1538893,24.28972976506228,13.850785369156334,740.4133060494088,490.5778966956151,1843.2094843088857,1282.8611621030682,1.2327865,252.97534510952025,119.29796795850511,133.09934981412218,547.9978338378821,1.0376311209377242,-0.3674398112798727,414.8984840237599,0.6619718309859155,3.2797732426303856,22050,/Users/will/Projects/SpeechEmotionCS3540/datasets/SURREY/Audio/JE_a04.wav,JE_a04.wav,JE,Anger,04,SAVEE
-255.06436,135.51625,-439.92355,-19.28128,-0.10412566,-1.4971693,93.56456,64.332436,-51.985107,220.14835,-0.19982004,-1.3497138,2.8525221,34.402,-90.85089,86.102455,-0.07971303,-0.46053982,35.80223,27.454975,-40.722702,121.34854,0.76628405,0.604939,0.6851584,27.451393,-96.3018,66.75765,-0.36545718,0.4067669,0.45173937,19.814934,-62.20839,61.315254,-0.20946917,0.77636814,-17.46907,20.279718,-63.756775,15.884522,-0.3752045,-0.94424653,-5.2839885,13.024177,-52.803543,22.323204,-0.80330265,0.46981788,-8.408475,16.201212,-57.1643,22.879139,-0.61620766,-0.32860398,-3.2634623,11.770658,-36.48117,22.359241,-0.46496162,-0.6321616,0.009450002,9.076969,-29.34097,21.825905,-0.6092481,0.19724417,-4.2585545,11.576974,-38.257893,21.606014,-0.5997994,-0.4543872,1.8889495,7.553401,-26.097816,19.3388,-0.39698616,0.4489901,1109.9184070626477,930.3525620615662,2.0736635324933506,1950.0643343538852,1691.6508388595514,1356.8853716154463,426.56165902016267,0.0458984375,0.05982391905328131,2.302044436813272,0.5116336,0.333628,0.47186968,0.33991548,0.46213105,0.35717803,0.44672236,0.36392263,0.47095042,0.3826961,0.52005416,0.38991594,0.4851363,0.36341447,0.43891567,0.36934978,0.43437114,0.36070368,0.43286553,0.33285424,0.46588066,0.33906555,0.47468457,0.33446878,-0.007836044303074028,0.0633152535422062,0.011155247669431136,0.08836883196174553,-0.02477096037956018,0.13658582925071927,-0.004132230262700477,0.09714682021806069,-0.011310013173741364,0.044758777254188246,-0.0002859018833233653,0.03030943841523498,[129.19921875],21,4.074566189152089,0.19376957,0.20593363,1.12373,24.684746198981276,13.397917567441441,697.2973399037327,414.3242118701015,1652.7126199091583,1046.3026845603497,1.3903397,158.22862210362794,29.319647469779717,100.28947374140385,234.43211035826653,0.2876735966783709,-0.1537052793630158,134.14263661686266,0.581081081081081,5.153922902494331,22050,/Users/will/Projects/SpeechEmotionCS3540/datasets/SURREY/Audio/JE_a10.wav,JE_a10.wav,JE,Anger,10,SAVEE
-384.45642,101.39944,-549.8601,-185.79817,-0.1442539,-1.172535,112.946045,70.15877,-54.409523,235.1459,-0.1408684,-0.7882886,31.937462,37.33883,-56.963257,103.12775,-0.4334217,-0.4858086,55.92522,34.91522,-1.0052863,147.5625,0.7785828,-0.34720707,-11.44844,32.080296,-89.50639,50.539497,-0.5714961,-0.6872275,-6.419734,30.251112,-79.96304,58.22505,-0.19041751,-0.35521555,1.8902457,20.099264,-51.1761,62.19172,-0.21422443,0.29711795,3.6115015,14.975784,-32.04242,38.251427,-0.36836246,-0.38159323,-9.717663,17.747847,-61.493904,21.565792,-0.6036543,-0.52586293,0.31158876,12.082632,-32.737587,32.039627,-0.60201406,0.124316454,-1.4611487,13.9401245,-39.134506,30.313255,-0.53832144,-0.14465141,-3.1529267,11.636501,-32.271965,31.14988,-0.3331724,-0.31312776,-0.35210532,9.905964,-35.10313,36.06357,-0.31022975,1.8883824,1023.3303601599108,1038.40523235443,1.5125434228260966,1979.796906943633,2108.301656716056,1275.52782026764,715.8398932582656,0.012400974737149533,0.012189551880169408,0.5859502469578085,0.48165625,0.34310398,0.51519793,0.34362423,0.5190385,0.3575732,0.48046997,0.36940384,0.4650902,0.37099975,0.49596483,0.37836668,0.5031238,0.3936451,0.46460095,0.3845251,0.49145913,0.36554375,0.5742914,0.3430112,0.5427859,0.30456787,0.46537846,0.29608518,0.014542282685790829,0.07830564809534865,0.006885120694604519,0.057644496150267274,-0.040291746612638686,0.12306410234001693,0.005034154019901125,0.11990464924089257,-0.0009061727211635733,0.03691867056325658,0.0026967622378893754,0.039351295425491505,[107.66601562],27,5.451423862283673,0.065261014,0.0333402,1.6010171,25.122158975403313,13.679289524705258,336.04743897267196,224.38159957866807,1808.1078718385315,1473.0671296681073,1.1415675,136.6413078534178,27.018009501710143,105.03257643014581,208.85526660911424,1.2415205662740951,0.9724647132108357,103.82269017896843,0.514018691588785,4.952834467120182,22050,/Users/will/Projects/SpeechEmotionCS3540/datasets/SURREY/Audio/JK_n14.wav,JK_n14.wav,JK,Neutral,14,SAVEE
-413.03558,96.471115,-579.8339,-242.01938,-0.063736305,-1.2869592,139.72157,67.170685,-38.18425,265.0243,-0.17335176,-0.8743105,19.467146,37.70998,-80.96475,97.87578,-0.50721455,-0.46440506,30.849627,33.144142,-48.40951,117.473465,0.2761968,0.15187597,25.214212,26.760912,-76.16718,79.03057,-0.65357757,1.3702307,-4.23903,22.787525,-61.956955,48.818665,-0.45088583,-0.14993215,-21.775352,23.914936,-65.83972,20.997746,0.035595573,-1.1918573,-0.43048835,16.886456,-40.064804,48.09046,-0.1956151,-0.09494567,4.3248677,12.009048,-27.542053,40.847794,0.32681412,0.5824797,-6.356441,15.023643,-47.135506,21.35176,-0.4168807,-0.43907785,1.5582517,11.224055,-27.440077,29.072205,-0.4037821,0.15271592,3.068708,8.567417,-19.696205,28.495708,-0.08950835,0.32366776,-3.8994594,10.29636,-28.926497,17.814682,-0.4031791,-0.52161884,565.8893999606888,532.646032747508,2.827808061052687,1048.8960688164893,1247.7880345300593,904.6998067335929,445.09810463700035,0.011394614361702127,0.01220883640879807,0.9825531828658924,0.5840004,0.3455274,0.57530844,0.33097506,0.56067544,0.3719363,0.5231714,0.3841129,0.47064462,0.38878056,0.45552647,0.39309955,0.4480346,0.39562795,0.43034577,0.38766536,0.5102239,0.3702749,0.5619397,0.35343784,0.47887176,0.31279412,0.4940076,0.33192044,0.03524402532690032,0.09686218746627173,0.0032212775633564837,0.06913421193593884,-0.019977095334771208,0.16541820100448312,-0.0015178968297679166,0.12438828991159517,-0.0105528677804443,0.04632361627885287,0.013480911764534248,0.04580471259530084,[135.99917763],24,4.406694978765925,0.06175296,0.025530739,1.3106273,24.6472647269128,12.222845099351343,211.47117317064357,119.69634064068391,1377.824019673866,1005.193251918217,1.267817,132.40490289508233,22.778509382621696,91.96585291173604,189.3213161937526,0.5900549613857908,-0.30608144550904726,97.35546328201657,0.5872340425531914,5.446258503401361,22050,/Users/will/Projects/SpeechEmotionCS3540/datasets/SURREY/Audio/DC_n27.wav,DC_n27.wav,DC,Neutral,27,SAVEE
-338.79755,136.45801,-489.6894,-82.64932,0.37640393,-1.4538885,102.41862,72.73531,-40.608948,229.6594,0.20035163,-1.5304716,14.140595,34.743656,-89.43578,82.44809,-0.81546986,0.4210961,35.05316,25.345505,-13.736143,121.3138,1.3546687,2.2631211,1.0986836,28.81739,-84.799706,43.693092,-1.2306222,0.6171596,-7.356234,27.253553,-74.22386,30.646069,-0.6552121,-0.87615347,7.3012886,12.902394,-25.306044,53.61519,0.6190552,2.1726384,1.9419537,15.235577,-34.752563,38.20645,-0.37602195,-0.020182371,-9.220354,17.717615,-49.431255,16.003265,-0.5371494,-0.93910074,-0.88665783,11.712146,-30.853092,19.938025,-0.851895,-0.038582087,-0.8630587,11.726317,-36.84307,21.784958,-0.8291311,0.27956176,2.3157597,8.02249,-22.31895,25.61391,-0.08800486,0.7588396,2.871879,6.744823,-19.075895,23.473364,-0.49072513,1.1526675,670.2221815832825,798.9546905174858,2.94072943101996,1167.8125329919762,1608.597845960416,1004.7004574166691,503.36984524296656,0.01743625950168919,0.025829261942897037,2.586870471456266,0.5665571,0.31189805,0.5844542,0.3331664,0.5850268,0.36876646,0.59780824,0.402405,0.61612,0.40787363,0.6322197,0.40281248,0.6249761,0.39432484,0.62726396,0.4054444,0.6187213,0.3714867,0.60683024,0.34283352,0.56520545,0.33968168,0.52910596,0.2982283,0.00254952353113987,0.05712698945550839,0.014335669966792117,0.044394463759157746,0.0032879280467588506,0.09628710604270754,0.011729196261463076,0.1112083267303538,0.0033419825403143886,0.027845730938799787,-0.004917149200745987,0.029189685353088926,[143.5546875],9,2.6337443098116764,0.1243571,0.122900754,1.4095167,23.706785617964204,13.021866449446463,336.6362253842272,272.7783875425291,1454.423648065227,1038.2908355599031,0.44319504,137.7516370955021,27.668745763171607,94.6606580968763,188.23090565017245,0.332439048302906,-1.142445996499464,93.57024755329614,0.2635135135135135,3.41718820861678,22050,/Users/will/Projects/SpeechEmotionCS3540/datasets/SURREY/Audio/JK_sa09.wav,JK_sa09.wav,JK,Sad,09,SAVEE
-437.40158,95.227,-589.8777,-227.41774,0.038781647,-1.0206866,147.60448,70.071556,-43.613716,262.87665,-0.23376447,-0.6873827,23.516684,40.38356,-76.12315,92.95935,-0.6881469,-0.5431049,33.337364,42.524857,-58.13218,146.98306,0.48988926,-0.018190622,23.624113,28.039896,-52.970364,95.4265,0.24411775,-0.3548684,-1.2116177,24.311674,-60.932396,54.598686,-0.34376678,-0.32282352,-16.233465,25.956974,-77.104774,26.690536,-0.4095243,-0.89329696,2.5461721,15.75548,-41.706112,41.842022,-0.22961167,0.24378729,2.8104322,13.8301935,-35.074993,43.26403,-0.04239487,0.5170641,-9.142209,14.098985,-48.041206,17.4125,-0.54476,-0.5840955,-2.6823306,13.900794,-35.38751,34.18309,-0.08335888,-0.18765259,0.5319406,12.114078,-30.073318,38.255276,0.111287326,0.24870038,-1.9404293,11.1985235,-45.324966,24.383194,-0.6582477,1.0033879,567.1426698306683,570.26451683662,2.641653232342191,1052.3424872036637,1329.9477900001575,892.0499928276561,483.2982723273045,0.011135057471264368,0.012397123331856441,0.8090956643895553,0.5045512,0.34795645,0.49590555,0.3555296,0.535547,0.37849084,0.4975514,0.4017116,0.48175102,0.38454634,0.5741296,0.37505248,0.5457528,0.3790125,0.47796762,0.39471555,0.50060016,0.36135563,0.53548014,0.32791486,0.5567299,0.2849943,0.5328337,0.3119951,-0.012725957496601735,0.07635686294501624,-0.01499376250927832,0.08608829610650245,0.017561611136014385,0.14959513658218918,-0.05512828816627679,0.145851841308876,-0.010831509316505622,0.042277455070625886,-0.015699876129798465,0.04162682680631131,[95.703125],19,4.719925193213312,0.058098767,0.023555022,1.5619674,24.506085345367847,12.395330251316318,218.0802148429561,142.202927132408,1326.2546203578909,921.394407998072,2.1324143,122.73321368582172,13.638039028590361,98.56656061031477,155.56349186104043,0.7586685204688487,0.07855246475487343,56.996931250725666,0.5344827586206896,4.025487528344671,22050,/Users/will/Projects/SpeechEmotionCS3540/datasets/SURREY/Audio/DC_n25.wav,DC_n25.wav,DC,Neutral,25,SAVEE
-392.35413,85.06104,-517.36426,-244.50668,-0.07551483,-1.2889768,121.77568,70.06865,-26.213154,247.25452,-0.12008416,-1.313813,27.40896,30.674164,-62.899017,92.93489,-0.5910634,0.14314103,31.790165,33.88469,-47.99461,110.05489,-0.096535526,-0.085550785,26.368736,27.561787,-29.265766,92.59676,0.3259872,-0.51584387,1.0818824,22.879963,-55.490036,48.36822,-0.23701961,-0.21865606,-20.939987,23.587154,-69.31641,17.540154,-0.0947437,-1.2200686,-2.9915745,12.806051,-42.310257,33.195267,-0.17579523,0.33767653,2.6720812,10.204076,-22.001719,32.02939,0.054444607,0.41637063,-11.718438,13.726927,-42.074272,10.952703,-0.2527918,-0.9451089,-3.514847,11.185696,-33.26568,15.093985,-0.76154625,-0.222682,1.1973561,8.817364,-20.199997,25.20533,-0.13774356,0.1692667,-3.495071,9.875593,-35.724937,19.77036,-0.7252548,0.67464876,607.4965877794499,543.3621177732508,2.4323671714870967,1234.698486328125,1453.2515162874581,957.7965458788232,543.3404015244226,0.012824358258928572,0.013462200935024001,0.6789153743981428,0.53531265,0.36129963,0.511643,0.3431963,0.5352779,0.3741284,0.49671692,0.39464486,0.47313613,0.3997766,0.5117538,0.409955,0.48240998,0.3871405,0.46466872,0.3900422,0.4538272,0.37830418,0.5138801,0.35761836,0.58357626,0.32782808,0.5352662,0.31343105,-0.03893189452508842,0.11882836540688865,0.03492250546838514,0.07248581149343578,0.019863057665393397,0.1548669523523347,-0.02951513418728266,0.1415909827416278,0.0023928081717662477,0.054348269392582034,-0.00812477230959165,0.042946381201601116,[184.5703125],17,5.231608770289319,0.07114302,0.042810127,2.121605,25.408601820629432,12.354683352957998,233.88135631725137,143.46542906486295,1532.7969403718773,1225.4121144495682,2.9254336,130.21433800185915,20.67253461860088,96.87324609557632,190.41804342135148,0.6332293922684595,-0.19190237302914825,93.54479732577516,0.6214285714285714,3.2494784580498868,22050,/Users/will/Projects/SpeechEmotionCS3540/datasets/SURREY/Audio/DC_n19.wav,DC_n19.wav,DC,Neutral,19,SAVEE
-347.92297,113.19044,-536.86053,-113.24031,-0.27778915,-0.97314525,118.87548,71.39148,-83.52751,224.25374,-0.40903148,-0.89421296,15.027678,44.885582,-121.978645,111.06034,-0.38717505,0.21393657,53.486305,35.02761,-8.417272,147.60028,0.7001738,-0.31839085,-4.6617317,31.558884,-82.29635,55.67048,-0.6375982,-0.42014718,-13.479915,33.475204,-96.671036,51.485573,-0.29966122,-0.77231383,2.3225586,20.810532,-51.271057,62.57648,-0.10184459,0.30917215,3.2322655,14.113545,-35.282833,37.795334,-0.19816853,-0.3100865,-11.255732,18.077213,-55.434036,18.492458,-0.37353247,-0.5779455,0.98811,12.708215,-33.981735,31.388844,-0.42108682,-0.6038916,-2.3186553,15.784412,-41.75486,34.465706,-0.3305467,-0.38882756,-5.5940537,10.267677,-39.434216,15.116524,-0.49196413,0.003562212,-0.8667377,9.724642,-26.90488,20.903343,-0.3875939,-0.17554975,959.5403465250638,1007.5810990910536,2.079832154477032,1830.803454521648,1877.2296897597162,1150.03421591754,568.3929765305825,0.02305560405027933,0.028258504489801443,2.768018746201352,0.51873875,0.32931006,0.5597387,0.3292072,0.54072756,0.37674317,0.48303998,0.38998434,0.48010787,0.4005802,0.50081944,0.40823647,0.46416426,0.3923482,0.42006835,0.3680373,0.46314475,0.3877118,0.44706887,0.37377402,0.409439,0.3370066,0.4436695,0.33013326,-0.0020450321568232553,0.0512807780959087,0.0027502951058616335,0.06567817124695668,-0.025241794246743617,0.11946536421959665,0.02244841619056487,0.10158401394271264,0.001117950921345911,0.02756311327126063,-0.01236559133768579,0.031342993535149244,[143.5546875],18,4.336662223290575,0.08942476,0.053556412,1.0463223,25.58333997983085,13.153886008016487,404.39064542291453,248.09444797917516,1660.3575905672556,1290.3331723483543,0.48352832,156.36357158301743,54.291460661992055,102.04250286354403,351.2512899969259,2.3810022207959447,5.083477224463499,249.20878713338186,0.547486033519553,4.150657596371882,22050,/Users/will/Projects/SpeechEmotionCS3540/datasets/SURREY/Audio/JK_n16.wav,JK_n16.wav,JK,Neutral,16,SAVEE
-335.33752,110.48665,-497.15442,-145.26866,-0.24012664,-1.3046492,128.93373,64.15214,-25.335537,237.79802,-0.25818872,-1.297065,9.332971,42.69561,-100.18119,80.49082,-0.76417154,-0.48524213,36.365192,30.980642,-37.244785,118.879745,0.51583284,0.17913151,0.0019597283,30.94014,-98.30658,46.404663,-1.2767583,1.0322495,-20.901949,28.753313,-87.49504,49.577324,0.10527253,-0.8994684,4.019004,15.113313,-48.015533,50.85903,-0.016411418,1.8939667,1.4744772,12.782578,-37.10659,29.904133,-0.67426693,0.9237201,-9.714045,14.726793,-45.537575,21.967533,-0.237509,-0.9832411,0.7872666,12.323211,-32.931896,28.963615,-0.30482063,-0.23572874,-0.2519615,15.968821,-39.91649,42.994484,-0.06705061,0.42087865,-1.9030908,9.984053,-29.618313,31.467533,0.06722023,0.48681283,-0.03301975,8.4408655,-26.730408,25.976511,-0.7900767,1.1827621,771.5205204197871,689.5538041423006,2.69753839294495,1521.9315378289473,1506.2587040920787,1040.9969778583588,477.0758016867968,0.018857364766081873,0.018133088753277734,0.6303931934544778,0.5725723,0.32806468,0.53128916,0.32655445,0.490413,0.36290973,0.47610408,0.39028794,0.4820919,0.38248172,0.55130136,0.3839352,0.5614129,0.38804045,0.50691146,0.3839277,0.4758797,0.37666658,0.48564568,0.35351467,0.49247319,0.3384224,0.5225535,0.31327775,0.004991410636753365,0.06321831438064698,0.0041467130954861665,0.06131533501829338,-0.00847847374395798,0.11734650487449445,0.00885174386965729,0.11553354094598889,-0.006727726374621308,0.03606076692944202,-0.003616346398978439,0.03515892223903877,[92.28515625],17,4.290423376712564,0.08503871,0.058896713,1.4118661,24.82432614573741,12.469454725869394,346.2228012852252,203.76124571769,1395.587544194278,923.671276185366,0.58292615,130.55256069619676,18.987479925443385,94.11545282508624,181.8190699939266,0.5469500100119892,0.1665642257140343,87.70361716884037,0.47953216374269003,3.962312925170068,22050,/Users/will/Projects/SpeechEmotionCS3540/datasets/SURREY/Audio/JK_n02.wav,JK_n02.wav,JK,Neutral,02,SAVEE
-275.45923,125.29058,-451.0012,-74.714325,-0.11601374,-1.5093154,94.684616,72.25513,-47.239803,222.80878,0.04348114,-1.3710558,-3.4386122,41.500076,-97.06352,85.28432,-0.33675286,-0.7414472,31.012035,37.76305,-60.238033,128.08551,0.18254314,0.21867037,6.167076,24.954868,-47.410606,59.753677,-0.185839,-0.66459465,1.9536068,23.125154,-66.698395,55.517975,-0.84018016,0.92490435,-19.041674,19.822777,-66.83449,12.203682,-0.2672855,-0.8900008,-4.083042,13.747775,-42.741726,28.439837,-0.69066113,0.274513,-3.4207406,13.776743,-37.521828,24.692223,-0.6116954,-0.35555053,-2.1013882,10.913879,-34.66307,19.715996,-0.77201796,-0.07300234,-0.23364139,10.44242,-35.456917,23.301727,-0.5895154,0.49547648,-2.4569485,10.930994,-30.786182,25.605034,-0.48525393,0.04705763,0.76072985,8.442485,-23.916584,22.463417,-0.3342909,0.73172545,1230.5400618367244,1061.0029071084502,1.5905615783363638,2228.145185928771,1879.5035746987255,1342.4823894899039,524.820712383491,0.04396167946927374,0.04918043235616398,1.4723060077975143,0.53701586,0.33770826,0.5132444,0.3416537,0.4969102,0.35344532,0.4846084,0.373415,0.49197122,0.38464043,0.5046846,0.35356027,0.54586655,0.36115775,0.5305008,0.3394372,0.56138694,0.33796397,0.474485,0.32110414,0.44202426,0.30529612,0.5011287,0.3069663,0.0014463392339344268,0.05095687124151387,-0.008035751719339136,0.041518348411318254,-0.0016542552039032169,0.08404328328861459,0.04323991834753091,0.09177858243872607,-0.0018965359466141675,0.028490007119420614,0.0010840409564104284,0.034214991474916724,[117.45383523],16,3.8651577067607388,0.14081213,0.13943775,1.3193073,24.41109793767008,13.439707991932895,654.4005752394703,360.47862925171546,1806.9933595774128,1282.8184362016366,0.26688528,154.18967282972238,40.734570604683654,96.31529725464738,270.8517709358815,1.2596201440575219,1.0800027862244033,174.53647368123416,0.5027932960893855,4.139546485260771,22050,/Users/will/Projects/SpeechEmotionCS3540/datasets/SURREY/Audio/JE_a06.wav,JE_a06.wav,JE,Anger,06,SAVEE
-305.75696,108.63343,-452.66388,-98.44632,-0.01567462,-1.3146987,101.14613,68.35696,-47.78718,214.56908,-0.32143813,-1.2195001,20.878544,34.197937,-77.831245,100.67656,-0.24923673,0.23279548,38.511112,22.500092,-11.519813,96.03332,0.68766123,-0.3612063,4.6392417,25.169994,-60.318493,68.32924,-0.51059854,-0.26880813,-1.5288618,27.240812,-67.020584,61.4971,-0.29299426,0.19283938,-13.745646,17.691946,-59.38687,12.12483,-0.6057864,-0.52951837,-7.935163,13.767751,-43.99857,19.254448,-0.49322444,-0.4357009,-8.365673,17.748535,-56.49159,27.621994,-0.61241585,-0.5980792,-1.5377334,10.973068,-32.218388,20.889122,-0.3942229,-0.44470358,0.77750665,10.062724,-30.641865,24.384815,-0.41276753,0.18954992,-0.7389947,11.431378,-31.983345,27.226677,-0.2748508,-0.21519446,0.95699024,9.152982,-22.092228,20.704819,-0.5537844,-0.26749206,881.0634455806825,982.0986344997458,2.1238994322300853,1529.0519990116718,1879.909624917174,1129.919666934464,618.5068198676126,0.01907238328313253,0.015413689130232482,-0.011963519585971413,0.44192004,0.341764,0.550238,0.35136056,0.58018523,0.38060647,0.4971455,0.38707623,0.45077795,0.40738484,0.50505984,0.40579435,0.57662314,0.39812797,0.5562541,0.37888396,0.5052977,0.39477205,0.42730346,0.37689528,0.37810963,0.34436828,0.3766525,0.33883205,0.015418823005980903,0.0851294879723649,-0.010724072888874274,0.08363109350913321,-0.012480603646016223,0.13229654892348586,-0.030165457169536978,0.1699273665106562,-0.015969846330606486,0.04509525270540956,-0.011424199955016137,0.045924506944748505,[107.66601562],15,3.9065268230458505,0.16071361,0.13929239,1.2278003,25.09937669103089,13.396937062175109,383.4139316219317,221.6379326170667,1560.326418978886,1237.7591076179428,1.9393463,167.25445076361382,27.47200925651663,108.1102658399776,211.28204791122093,-0.2826978838637767,-1.205643130513634,103.17178207124333,0.4939759036144578,3.8397278911564627,22050,/Users/will/Projects/SpeechEmotionCS3540/datasets/SURREY/Audio/JE_a12.wav,JE_a12.wav,JE,Anger,12,SAVEE
-366.16574,104.52007,-499.24716,-193.26578,-0.054969218,-1.6110535,115.48255,80.50615,-46.688007,248.18134,0.038106065,-1.235038,19.852718,30.471964,-60.21885,95.704994,-0.26818755,-0.16321516,27.689058,35.594395,-53.123802,125.751,-0.15349998,0.047340155,11.6056185,24.315708,-47.09436,72.97145,-0.11721164,0.122226715,1.8978992,22.672878,-48.841125,50.93345,-0.38020906,-0.1756916,-20.009562,25.271711,-70.281105,14.534468,-0.42273957,-1.2139235,-4.417082,13.184576,-39.031593,27.557522,-0.64345765,0.04705429,0.36794192,16.835299,-53.0801,39.10582,-0.46510914,0.7892914,-9.959496,15.015551,-49.47539,19.670038,-0.48658517,-0.63719106,1.6394826,9.454025,-20.679647,23.251747,-0.43580267,-0.13198423,-0.29199886,8.008212,-23.846474,15.99124,-0.8024536,0.07114124,-0.6735509,8.889816,-25.435524,18.636204,-0.54477066,-0.1222198,732.3813826257845,790.3478128697694,2.0451954704955173,1336.1954398777175,1681.4880596664643,999.3538297537934,590.9780127525731,0.014066139363354038,0.014969283568291376,0.636566698197879,0.54850155,0.35181844,0.5495801,0.33888724,0.5858025,0.35695836,0.578955,0.38237828,0.5497502,0.397272,0.5561719,0.41207337,0.53103733,0.4065741,0.52131087,0.38710314,0.5488506,0.351337,0.53555214,0.35257405,0.48439148,0.3211112,0.4824263,0.320387,0.00017696436556943838,0.06753240905558328,0.0031373833080933842,0.06545719269681685,-0.008150697506455609,0.13830821544760766,0.01159456371682542,0.08486407893978663,-0.001686670178165368,0.024884772075228736,-0.002219402767798797,0.03477593619769085,[69.83741554],15,4.030980353921903,0.09962343,0.075998664,1.1309882,24.619825027411263,13.391899940296586,314.27451432000584,226.38984439470275,1452.6739699128295,1161.4180649010204,0.4329471,156.66532703957333,24.86535114963712,110.63722351746388,204.08500572708806,0.20851078594054562,-0.6581500883744953,93.44778220962418,0.515527950310559,3.7211791383219954,22050,/Users/will/Projects/SpeechEmotionCS3540/datasets/SURREY/Audio/DC_d12.wav,DC_d12.wav,DC,Disgust,12,SAVEE
-435.24786,102.12266,-574.1371,-224.78117,0.045861974,-1.4062188,136.35045,66.397026,-19.394547,262.11008,-0.13512371,-0.74357057,23.745996,38.4993,-88.72064,118.41257,-0.3802833,-0.18008947,29.328827,29.259945,-28.536404,116.96449,0.6542937,0.12818551,2.7692063,26.936056,-60.94623,62.231388,-0.29929972,-0.057766914,1.5271089,19.996138,-50.21292,59.489723,0.08633216,0.4264891,-13.690091,19.351194,-61.010796,26.357376,-0.57894707,-0.5239003,-2.6476846,12.530514,-35.91734,41.91514,0.45251596,1.8845234,-0.2544542,12.062374,-30.34552,32.938427,-0.31130108,0.5014725,2.2602155,11.281851,-30.728672,26.317959,-0.4113759,0.39127755,4.621047,11.774092,-22.325243,36.574017,-0.17297289,0.018440247,0.69946015,9.265718,-20.353642,18.093552,-0.28245553,-1.0618557,0.6842047,12.784173,-27.632595,25.269726,-0.48009324,-0.63026357,628.088684284047,653.3842670113728,2.144254167048953,1237.2171020507812,1684.4839273243808,1024.5186226525327,629.7125761202739,0.0102935791015625,0.012176594363449545,0.777750941061991,0.5152582,0.3364975,0.50158453,0.34855294,0.505867,0.37149566,0.548429,0.38694674,0.6193787,0.37966156,0.69602287,0.37491295,0.6348832,0.3774816,0.5906198,0.38252383,0.5712433,0.3722134,0.5311243,0.35071144,0.48628846,0.33676362,0.47009516,0.3305661,-0.004207278333782842,0.054723880779994676,0.017933823535697037,0.07598404927698162,-0.021911728591658734,0.1176881735844788,0.03907026681699734,0.08993707646905985,-0.01572837122953217,0.03181483211859063,-0.007316847177571613,0.026179543542617364,[75.99954044],18,4.850832915755124,0.060268264,0.024970083,0.9873604,24.624643689124927,12.943254562000071,227.51097756270488,145.11584992424272,1576.7810109305265,1211.3277205591348,3.9693778,174.97265494560685,22.6235907089731,115.20235351026894,221.27444703492776,-0.1813422190225172,-0.03568781292273382,106.07209352465883,0.525,3.710702947845805,22050,/Users/will/Projects/SpeechEmotionCS3540/datasets/SURREY/Audio/JE_sa02.wav,JE_sa02.wav,JE,Sad,02,SAVEE
-412.54883,100.70772,-560.96484,-198.84642,0.017287413,-1.1837373,122.00489,75.00233,-33.484238,260.05707,0.10427913,-1.2031269,28.41277,34.094856,-71.61897,87.59003,-0.96190274,0.31707048,40.67484,31.827423,-36.65473,117.703354,0.111316174,0.048589468,16.976002,28.885464,-60.961464,98.825356,-0.0506607,0.34654784,-3.562459,29.34198,-72.69675,60.416977,-0.3399497,-0.6622131,-21.839598,27.19788,-77.20778,23.977411,0.024999559,-1.4146961,4.543569,13.330511,-23.179893,44.58153,0.4323557,0.40751743,7.839236,10.864346,-13.110394,42.42129,0.49153116,0.03780341,-12.946952,16.931314,-50.487328,13.390899,-0.40126482,-0.9130137,-1.8474797,10.725534,-26.074717,24.825577,0.008928848,-0.3984108,2.3257048,8.046054,-16.929455,23.352097,-0.217455,-0.11876893,-2.571812,10.337475,-35.775818,11.978518,-0.9781243,0.6123569,686.4591656109842,788.8892890582455,2.1692171739884762,1335.8867938701924,1680.6238474765455,989.0449482074455,610.8132236069728,0.011087057473776224,0.01342884650112711,0.9673030988622267,0.6065814,0.32373822,0.62906367,0.32445168,0.57386637,0.3675688,0.5469347,0.41006368,0.51578206,0.41462743,0.5574785,0.4091744,0.56566113,0.41768843,0.50401384,0.40565866,0.4857611,0.3938609,0.49716064,0.37179267,0.5254014,0.35475108,0.52444804,0.32751647,0.007937638968551033,0.05581221426457984,0.016351327989929415,0.06448109963727512,-0.013712776740166683,0.12725140252286257,0.026460396907441626,0.10682073574565698,-0.009239048004145548,0.03268513640629339,-0.0015236779402654768,0.036291404946877166,[135.99917763],15,4.542832419959619,0.077611305,0.043395426,1.0303288,25.018317815343213,12.650869838180968,190.75200756990026,150.4243065104674,1532.5157231145174,1253.9661479358206,0.77322006,137.360629577873,20.451700697856037,106.252996181733,190.41804342135148,0.8833319156631145,0.08620185483919895,84.16504723961849,0.3986013986013986,3.301904761904762,22050,/Users/will/Projects/SpeechEmotionCS3540/datasets/SURREY/Audio/DC_d06.wav,DC_d06.wav,DC,Disgust,06,SAVEE
-266.9308,142.35472,-454.6045,-32.67858,-0.09826842,-1.4652637,95.52793,66.68191,-18.286346,207.81265,0.19878013,-1.5165063,9.754632,32.89774,-59.654915,91.314804,-0.26149237,-0.2613523,37.870396,24.084742,3.8568978,107.765045,1.0646045,0.34849405,-12.471178,33.246227,-99.8707,41.78634,-0.730408,-0.44545126,-7.0114236,24.692774,-53.691715,53.59973,-0.061799318,-1.0312272,-10.445276,24.851572,-74.10962,35.306526,-0.652843,-0.5319574,1.0379623,14.951204,-37.35771,36.452637,-0.24964178,0.21684575,-11.675917,16.43983,-55.483803,8.271171,-1.0449919,0.19327736,-4.926595,9.968698,-31.592194,13.808863,-0.61127305,-0.43328023,-3.6974945,10.929169,-26.076298,26.685349,-0.044417415,-0.46612692,-7.86062,11.181363,-34.948845,14.43472,-0.41818097,-0.72476006,-2.8878765,6.8979573,-24.2401,8.641848,-1.0205635,0.48248577,1140.6931265802016,1065.8884813179843,1.887605224241962,1994.5307649524007,2021.6202691793594,1394.2828167418788,557.6515137855946,0.055541183774834434,0.07558457339144073,1.8533645797351261,0.5719672,0.34396306,0.5116512,0.33754116,0.44670215,0.35261044,0.41922542,0.37262675,0.4798651,0.3926808,0.5365971,0.39367285,0.50522655,0.36010155,0.50809425,0.3478124,0.52330333,0.35465467,0.49678686,0.3478516,0.48137876,0.33777103,0.5189003,0.343005,-0.0107792487259008,0.05390377660251713,0.006865458148345983,0.06027323992001009,-0.0012296292320244206,0.08184854679370676,0.03956538135962919,0.11147481950865852,0.00046465730793369844,0.038344664782723525,-0.0030213066689755977,0.02901438970460276,[135.99917763],11,3.138140275064367,0.18057072,0.18108167,0.8590068,24.047620992309,13.201371934584568,716.2170512084888,488.5443514827045,1798.0857089997658,1271.064248027297,0.5460431,179.97118006137055,60.709072973671276,87.81282249923149,283.6614678567074,0.23900009237335856,-1.44974284956095,195.84864535747593,0.5231788079470199,3.5052607709750565,22050,/Users/will/Projects/SpeechEmotionCS3540/datasets/SURREY/Audio/JK_h04.wav,JK_h04.wav,JK,Happy,04,SAVEE
-253.93962,147.52036,-447.41547,7.9992404,-0.02786028,-1.4476824,97.796585,64.21307,-37.42402,219.26236,-0.22392365,-1.2594572,-1.1870819,41.50574,-112.45477,95.008316,-0.514088,-0.012718201,24.205383,20.04515,-39.61229,104.46036,0.62629104,3.5631614,-23.761755,36.630215,-106.32823,46.58982,-0.3759467,-0.72705317,-12.81113,29.028164,-70.829575,52.89335,-0.31621432,-0.7966037,-5.112474,18.738953,-44.38304,44.81247,-0.20243259,-0.70568824,-4.1731305,15.582321,-36.266567,38.97213,-0.19254169,-0.74685407,-12.098414,17.25588,-50.438717,23.280323,-0.18952173,-0.9239752,1.5781686,13.449487,-29.682213,31.20495,-0.2691717,-0.36028647,-3.2568552,9.4141865,-26.408573,19.40762,-0.28798625,-0.5693219,-4.3452497,9.282427,-29.380978,17.019459,-0.31372374,-0.276083,-0.4944239,8.311999,-18.809048,24.222492,0.11430517,-0.016954422,1134.721566149961,992.1723604609463,2.427774206109168,1983.6181640625,1775.2800542562186,1341.6393712204774,438.3748074083299,0.049216757015306124,0.0660933503313379,2.87445947979383,0.55466074,0.36864328,0.5357379,0.33527306,0.4513733,0.34769905,0.40959153,0.35781902,0.42958558,0.38574913,0.458031,0.3965948,0.43873107,0.37802002,0.46668434,0.3673161,0.48433685,0.33805886,0.46611905,0.34834743,0.4738118,0.34818065,0.48844036,0.35413384,0.001637001024158413,0.06457539176731215,0.005664712725407016,0.06502889093885644,-0.013663154741635593,0.09994637250605133,0.04359685733508858,0.12484836059955112,-0.0062196797655400884,0.03962047088422357,-0.004436786440169406,0.03498663042634184,[103.359375],15,4.394940005580876,0.2082212,0.21889734,0.97859156,24.754211889818965,13.260036754014118,804.4127458348262,496.1901316509173,1727.5861631356292,1165.090182618043,0.39316633,323.6335616358461,146.4686963534539,130.0593564629863,629.4842102715137,0.4014512893583036,-1.165365029214704,499.42485380852736,0.5510204081632653,3.413015873015873,22050,/Users/will/Projects/SpeechEmotionCS3540/datasets/SURREY/Audio/JK_h10.wav,JK_h10.wav,JK,Happy,10,SAVEE
-310.65854,127.54965,-502.96136,-87.76269,-0.09545278,-1.3764807,112.10575,75.39216,-50.094833,242.39868,-0.35614583,-1.2206165,-0.7159688,54.942192,-129.22183,88.58883,-0.5835764,-0.7007103,28.992826,28.506716,-57.022697,114.28764,-0.33392647,0.9541402,-2.5279279,25.441504,-75.37706,36.80667,-0.83182096,-0.16893339,1.2024869,31.212988,-53.334915,80.01027,0.59809744,-0.14045715,-3.2151976,18.14125,-52.937645,31.518797,-0.60074455,0.0481658,-12.074885,18.092245,-49.093,22.743906,-0.12839623,-1.2085218,-6.097509,13.60647,-44.862247,17.976295,-0.6872879,0.14090037,0.803392,8.252084,-25.65492,16.276585,-0.75866103,0.2820983,-5.014998,14.0686455,-41.522537,25.506748,-0.4844401,-0.49411893,-2.8920386,9.811649,-27.760826,16.367224,-0.39739385,-0.62535906,-2.014342,9.589264,-33.809967,20.919224,-0.82157105,0.6082194,1260.073240152696,1230.251585471776,1.888872670695016,2138.460159301758,1993.994527293365,1259.7728664183032,588.0168377054275,0.052652994791666664,0.06731434044446587,2.5512293379275714,0.39000797,0.3402744,0.4306555,0.35965303,0.4689734,0.36711672,0.4850161,0.3774032,0.4794626,0.39368528,0.47190213,0.40790594,0.4323943,0.38229677,0.42760596,0.3697333,0.430878,0.3542593,0.44275537,0.34764862,0.40040636,0.32602614,0.37217823,0.31103942,0.005697355022699155,0.0664152710843506,0.0072495871434361025,0.062260367079800774,-0.011538926313127274,0.1280336972155195,0.025696194774354295,0.10235831747181486,-0.004904292814134526,0.03605928463436966,0.0007943190006093297,0.03536528649541017,[92.28515625],14,3.15,0.09043742,0.07765012,0.9985642,25.217458152199395,12.397664205560625,617.6343210518685,307.20154893251606,1851.441795418781,1515.3866098112549,0.17182629,147.26606292772723,30.357486386640176,100.87044475251382,221.27444703492776,0.37221109379664175,-0.6633400834726713,120.40400228241394,0.609375,4.444444444444445,22050,/Users/will/Projects/SpeechEmotionCS3540/datasets/SURREY/Audio/JK_d09.wav,JK_d09.wav,JK,Disgust,09,SAVEE
-298.31238,98.78243,-438.8023,-92.93243,-0.2762317,-1.30895,103.258705,55.433777,18.95629,186.66948,-0.3270548,-1.4821991,15.879935,22.630371,-33.554184,79.652626,-0.16109386,0.34317183,25.15306,25.85818,-17.689798,91.043335,0.8913208,0.20985222,14.140553,17.642202,-36.23186,55.957798,-0.57528955,0.68985987,-1.7971705,14.889361,-42.342686,20.81084,-0.41261274,-0.69629216,-24.960737,28.844442,-78.15924,19.519587,0.034682672,-1.3419683,-1.1307337,11.072475,-33.081177,18.206984,-0.5327048,-0.5013757,-5.9439716,14.528981,-41.649277,23.470284,-0.40395823,-0.75503373,-19.31381,19.656115,-51.721085,15.407469,0.11710388,-1.3139892,-2.710132,12.340847,-32.674484,28.84513,-0.055663336,-0.4235432,0.09238563,9.322996,-36.199608,22.98632,-0.85430217,1.8280597,-3.4136293,10.670942,-27.896782,22.685925,-0.2674536,-0.5304594,561.4206192044134,277.61974211265914,-0.2204927380385019,871.4450178475215,715.1393877363491,966.0889978705086,279.9568189488914,0.021880051185344827,0.017059137886092385,-0.18179841242044792,0.25813776,0.36914867,0.27565196,0.38135767,0.3691923,0.40255955,0.42268217,0.43339622,0.3443322,0.43877503,0.35570428,0.454954,0.40550286,0.41950944,0.59590155,0.37301287,0.7196251,0.29876128,0.50440073,0.3766839,0.28168303,0.33913445,0.24339591,0.343366,-0.04116553968195653,0.2573383356607473,-0.023783608808751702,0.13027318468715085,-0.0010862662657655025,0.27668381949573123,0.15757605985031747,0.20856330862765649,-0.04018487542480359,0.09216963186434991,0.009888357770878127,0.09603559884324513,[107.66601562],10,3.741156110554981,0.23336223,0.16926563,0.08853264,28.018277436013538,12.318395955201126,404.13409623552275,212.36672817951379,1482.7495681938046,624.8749366531407,39.484207,206.4549257662442,10.729236266603543,161.9823763910578,223.84553226259098,-1.5406634746987076,3.873151408936187,61.863155871533166,0.6896551724137931,2.67297052154195,22050,/Users/will/Projects/SpeechEmotionCS3540/datasets/SURREY/Audio/DC_f10.wav,DC_f10.wav,DC,Fear,10,SAVEE
-322.8974,95.94867,-468.30814,-165.47409,-0.34282324,-1.2953722,92.52454,67.305595,-72.584335,194.0742,-0.48400405,-0.86808443,17.26554,26.08377,-55.681305,86.21661,-0.5549574,0.66342354,30.001312,27.59921,-30.24725,98.36826,0.6324067,-0.20030332,-2.7926636,22.244663,-49.01425,55.723373,-0.11534459,-0.9841261,9.451159,21.849213,-44.778923,58.95306,0.36923745,0.37939143,-25.501505,25.334932,-78.080864,11.854084,-0.12502936,-1.2033402,-5.051483,13.298303,-35.06806,22.349697,-0.3772668,-0.82514644,-2.3823357,14.141281,-58.261673,25.094412,-0.97053283,2.0199232,-19.046532,20.587418,-66.40802,13.421482,-0.3064729,-1.0374385,2.2785704,12.753204,-28.126083,40.156174,0.55022466,0.9878247,-0.9132708,8.821495,-27.746193,22.011154,-0.5696169,0.40717912,-12.827948,16.185549,-52.310974,12.406453,-0.49300766,-0.75689673,1065.0133661774876,1084.6265257626642,1.7567380068849385,1845.7735716841603,2024.8585071465827,1266.3519241605886,661.0958857483854,0.02498807251908397,0.023951477023877815,1.217540121007555,0.41114277,0.3814524,0.3528257,0.38141307,0.3608711,0.42326817,0.36298567,0.4306226,0.38190752,0.4134732,0.41706836,0.41970038,0.37801728,0.4286428,0.36552814,0.41083857,0.39261335,0.38101226,0.57136875,0.3538048,0.69873375,0.2921548,0.52400064,0.3306763,-0.004799157592333863,0.17657317174742349,0.03764043373442624,0.09323084605934477,-0.04554688699280469,0.20541520805855804,-0.08872398534320536,0.18175880033858421,0.02504612705111353,0.060190651704433544,-0.00916251803584779,0.07671789648490786,[123.046875],13,4.306252441186191,0.15353507,0.12085941,0.9073208,27.589188544930977,13.80009073219405,470.805329464191,273.1687585287229,2000.0511749400819,1378.7124103024687,9.724342,232.14385402142295,10.924744479751292,201.74088950502764,254.17759331190004,-0.16467726764926982,0.34979652204851286,52.4367038068724,0.6335877862595419,3.0188662131519273,22050,/Users/will/Projects/SpeechEmotionCS3540/datasets/SURREY/Audio/DC_f04.wav,DC_f04.wav,DC,Fear,04,SAVEE
-564.8636,107.46314,-731.33154,-387.78564,-0.24771886,-1.4161724,117.633224,65.60136,-5.866746,218.8735,0.0022986394,-1.4499803,14.573208,33.507153,-53.89049,78.96304,-0.27675584,-0.91471624,38.472202,32.183365,-40.767475,147.3526,1.1614523,2.0031114,15.764817,29.533499,-74.28817,93.0461,-0.18111901,1.1108389,-1.1285897,20.52757,-69.86809,43.340683,-0.72839695,0.48993397,-6.2452803,19.49603,-52.381966,24.96497,-0.53204113,-0.56757855,1.5128909,13.677666,-39.00154,28.580456,-0.5452091,-0.28272057,-5.560498,17.595148,-43.58256,24.223923,-0.58816415,-0.8091707,-7.3933434,12.857737,-39.364983,26.206234,-0.39184266,-0.41068125,3.7246146,11.848301,-19.393585,43.62552,0.79074275,1.6353974,-2.2611094,15.601714,-39.902477,39.62481,-0.34102017,0.038334846,-0.03281892,7.38225,-21.738655,20.299652,-0.2046016,0.3014214,805.0569188470055,472.738640800942,1.759931620543782,1521.093045748197,1280.9936834716839,1328.775592575308,509.4073230887606,0.016451322115384616,0.015140516223817572,0.2963079334332521,0.42747527,0.36011934,0.41064736,0.34454948,0.41641262,0.33882135,0.42289022,0.35800108,0.43029356,0.38618603,0.47250822,0.38880116,0.5027826,0.38410223,0.49774584,0.37236094,0.4513842,0.35647345,0.4907339,0.36581594,0.54707205,0.36689043,0.47332674,0.362718,0.0018666369032212078,0.05941366602625481,0.0070029219772898615,0.05153345200378289,0.019809093048723966,0.1159243538582272,-0.06368027143896822,0.11823964854057796,-0.0005013825867980391,0.02847007798671056,0.008996565192669271,0.03847071438120995,[58.72691761],8,3.3182844243792324,0.010266258,0.008194235,1.1365304,23.877812485716262,11.816920628284619,423.97212232392303,145.489829765881,1774.3105336895676,1170.431050662748,0.699336,129.92763259049474,29.029132254391616,86.80420620725057,184.9972113558172,0.22579649132102528,-1.129819914107183,98.19300514856663,0.5480769230769231,2.410884353741497,22050,/Users/will/Projects/SpeechEmotionCS3540/datasets/SURREY/Audio/KL_a11.wav,KL_a11.wav,KL,Anger,11,SAVEE
-554.3339,101.84774,-697.85767,-391.71307,-0.10002682,-1.5149891,119.83,76.25075,-31.50697,237.83983,-0.13389947,-1.5170169,20.227928,28.522749,-47.044235,80.03088,-0.5734633,-0.30918717,24.677742,31.628088,-39.48057,117.75951,0.64733356,0.4963746,4.9537334,25.969412,-58.856247,59.830757,-0.86182845,0.016955376,-6.1763716,24.689255,-75.034966,43.37769,-0.71902204,-0.38259554,-15.373493,18.782082,-58.30923,14.801085,-0.2902221,-0.74523425,-7.093822,15.038926,-37.743538,25.68956,-0.08951851,-1.0400478,-9.08649,13.31625,-43.767105,11.269009,-0.5876711,-0.5455148,-13.176893,13.346744,-47.20134,8.674773,-0.32118872,-0.6153617,-3.5613286,10.655489,-31.154312,18.45227,-0.65802735,-0.24768615,-4.48061,9.966594,-29.77355,20.660295,-0.03734703,-0.18262243,-3.3651874,8.036443,-24.18113,18.039825,-0.24669343,0.0545578,1041.914255220959,880.4680931517507,2.375735520559768,1756.6952749399038,1579.7968612770603,1326.333332286399,638.1196826255837,0.038172325721153845,0.05118588161497355,2.746563062274414,0.49748313,0.34146127,0.44834596,0.3342565,0.37736812,0.33389592,0.3447857,0.3383225,0.37826064,0.36741963,0.40823588,0.35605288,0.37036502,0.3133584,0.3674415,0.29282826,0.3851614,0.31315857,0.41984835,0.34427387,0.47644952,0.36696708,0.470839,0.32238203,0.013177747821759922,0.05377810772334644,0.0067956734110639445,0.060339397145488874,0.02082644989713983,0.1099950345714273,0.012452172616926068,0.11854275244722977,-0.005496973629515897,0.037827855602353966,-0.006562947050238424,0.03199689571877527,[117.45383523],12,4.002783492678204,0.010375967,0.00958535,0.8345436,24.43688084390138,11.49379227521259,539.9485683516771,118.77755776648858,1702.0900450004963,1289.197333343687,0.26503024,144.30078706672393,19.927125885959693,112.57112811964524,182.87233715141332,0.25894841043165634,-1.115409966423572,70.30120903176808,0.33076923076923076,2.9979138321995467,22050,/Users/will/Projects/SpeechEmotionCS3540/datasets/SURREY/Audio/KL_a05.wav,KL_a05.wav,KL,Anger,05,SAVEE
-545.5019,84.451645,-658.5361,-367.16833,0.116572335,-1.1830851,94.777794,69.164,-69.25286,209.03407,-0.11053978,-1.1228569,22.835083,23.455389,-50.212395,74.467545,-0.6569518,0.55383325,22.16809,24.363356,-37.645943,86.87478,0.59876263,0.9937072,11.187657,23.274975,-45.857063,64.63795,-0.268857,-0.10523462,2.1497247,24.895449,-87.75958,47.782772,-1.2242396,2.1406274,-9.875522,19.472923,-48.141335,25.55756,-0.28718087,-1.1184943,-5.1829996,14.934936,-33.024597,19.661728,-0.33121976,-1.2668431,-6.046288,15.220043,-51.5805,25.570814,-0.71989894,0.16917539,-9.479006,12.608108,-38.368423,10.514197,-0.6205174,-0.70438576,-6.0487213,12.413615,-43.22764,14.542995,-1.0688211,0.4306984,-6.7272983,9.443297,-33.949516,13.647895,-0.8071493,-0.059271812,-0.75408524,8.346955,-22.631626,23.709536,0.40392205,1.4383249,1032.471116300281,909.3930734035423,2.824460936252911,1732.4359130859375,1476.397758011821,1389.4615289470855,600.9506749125401,0.03689371744791667,0.06513526059535704,3.3235450258469816,0.44988838,0.2830617,0.4343898,0.2832688,0.44254142,0.32566825,0.43384725,0.35924226,0.4981451,0.39677808,0.4743356,0.36287367,0.40765253,0.3078297,0.41957936,0.31411052,0.43993542,0.2939384,0.4998008,0.35465246,0.47833237,0.36839932,0.45709226,0.33954975,0.01868507549151318,0.05080447777014598,-0.008437895416391823,0.08282588808168767,-0.029636285283292867,0.13607479450152027,0.04709807597100683,0.10906967972970283,0.0015692226822867233,0.03814885632762632,0.0015098471912400491,0.039455512907968095,[86.1328125],11,3.9749913961225194,0.009683443,0.012187417,2.3023171,24.352594390896915,11.662246420382075,530.0240782478666,114.47548374193558,1820.8225360579172,1362.4270457216285,0.5609849,175.47305304658627,71.81541228344726,70.91536696417685,345.2170030745703,0.9779775090166891,-0.18360227531797157,274.3016361103935,0.7333333333333333,2.767301587301587,22050,/Users/will/Projects/SpeechEmotionCS3540/datasets/SURREY/Audio/KL_a04.wav,KL_a04.wav,KL,Anger,04,SAVEE
-528.29956,89.20464,-686.8113,-354.05057,-0.46205425,-0.8707018,120.99515,64.79474,-35.909836,228.3443,-0.40890196,-1.0241307,17.825583,33.761288,-74.32004,88.47829,-0.3112441,-0.35573936,33.147247,31.124557,-26.137428,111.29994,0.5384703,-0.10476208,3.4061103,33.28533,-83.66077,58.82924,-0.7360651,-0.440264,-10.869817,27.779161,-105.249695,47.686855,-1.0690278,1.21528,-16.757084,19.562248,-56.85853,22.638853,0.07011991,-1.063852,-7.0509195,15.558569,-48.67091,21.717567,-0.50871074,-0.42356157,-5.2693143,14.491651,-40.628887,24.647757,-0.29748705,-0.71882606,-14.144373,14.087675,-49.788254,9.581175,-0.16809474,-0.9210112,-3.0775084,12.300905,-38.0142,34.8452,-0.0802019,1.066247,-4.4768,11.429001,-42.932087,19.601578,-0.7265641,0.49244022,-6.0000067,11.411269,-33.008247,24.836077,-0.0565743,-0.2830515,1053.6431846544701,792.0753228508527,2.2690558442990247,1834.1721413352273,1471.4566907283588,1285.1101775614563,577.1366941872774,0.04414358428030303,0.04756804783149916,2.3313152667965116,0.36121604,0.30441305,0.3219302,0.29782787,0.3256338,0.32161883,0.3225321,0.32470715,0.30222666,0.3126895,0.3748412,0.34114546,0.4442393,0.35015807,0.47111243,0.34338865,0.4894166,0.36341295,0.43289405,0.36017507,0.42995504,0.35536635,0.43539262,0.3479861,-0.0063757373120275395,0.08360102465368746,-0.005575580962069966,0.07939233066386958,0.05249394846684951,0.129823555129374,0.00025494826223766486,0.13542591710934976,-0.0037790774273653944,0.037505062845243325,-0.013672164728808521,0.04119113429588087,[151.99908088],19,4.977308368578624,0.01246539,0.011690234,1.2930968,24.50559391751466,11.188097439933683,618.9020681178812,148.07175570629502,1584.6470152134166,1157.5841477361,0.5376655,152.52873333957575,38.642254197031235,87.81282249923149,229.0776735576574,0.17138186560508617,-1.3709998912140242,141.2648510584259,0.5696969696969697,3.817324263038549,22050,/Users/will/Projects/SpeechEmotionCS3540/datasets/SURREY/Audio/KL_a10.wav,KL_a10.wav,KL,Anger,10,SAVEE
-308.5379,97.02813,-473.69336,-187.62384,-0.6136976,-1.181206,102.748344,52.514767,-24.707602,189.36502,-0.2686302,-1.1343572,13.178045,23.980072,-34.697205,79.42331,0.006967653,-0.53034997,30.070498,29.215452,-37.11001,124.53293,0.6088492,0.6831429,0.3144742,26.242737,-63.610245,59.824677,-0.6190647,-0.1549623,1.8841497,14.6583805,-31.649097,49.033295,-0.021621393,0.35625076,-28.272999,25.285019,-84.18219,12.422013,-0.15957022,-0.8639202,-5.7218866,11.232729,-34.70499,29.772907,-0.2983746,-0.08282113,-4.5131903,10.640858,-31.69823,17.218258,-0.5182309,-0.30603623,-20.754866,19.204037,-55.983475,8.107931,-0.07680667,-1.3690358,-3.1613889,12.345526,-43.009758,31.14114,-0.06301784,0.59027934,-1.9467094,10.533067,-24.304562,22.867659,-0.006119927,-0.5614033,-6.56221,12.190779,-31.651508,17.13196,-0.26234242,-1.0294875,818.6211645542269,669.612408740975,2.01397730225675,1535.9087876870599,1576.2133186687054,1163.7721963186955,525.1868279337078,0.02252627090669014,0.017833706262446403,0.01726752002387782,0.37789744,0.35635778,0.3048932,0.3844843,0.29044053,0.39937755,0.29372427,0.40744138,0.3123696,0.4157962,0.37550887,0.4298191,0.38714287,0.42827082,0.34451193,0.41061407,0.37802193,0.40554997,0.5011586,0.3602331,0.7236193,0.29120302,0.622576,0.32172236,-0.04327717212090355,0.17086060825753827,-0.012010848875475207,0.18902761302772142,0.04687978923287942,0.22274223159240872,-0.15382140748117593,0.1933425084278254,0.004856990250984268,0.09222361175278751,-0.04422290414829174,0.07025350075078324,[184.5703125],16,4.861111111111112,0.17697053,0.11967487,0.37067497,28.230062471223413,13.08619923382524,437.99302939652705,235.31128514359457,1776.27577999461,901.6868970087917,22.388523,236.25004917119747,10.370241454809324,195.99771799087463,258.62053938239393,-0.951051616876451,1.8394412781740224,62.622821391519295,0.7253521126760564,3.2914285714285714,22050,/Users/will/Projects/SpeechEmotionCS3540/datasets/SURREY/Audio/DC_f05.wav,DC_f05.wav,DC,Fear,05,SAVEE
-343.89673,114.59999,-525.83276,-172.07616,-0.30796868,-1.3223721,111.63709,73.08548,-49.98192,218.30432,-0.2961845,-1.2535306,6.1790524,36.266293,-64.815704,77.14021,-0.23568791,-0.999151,25.66199,35.29882,-45.804947,126.39238,0.59413475,0.3932495,6.3627453,22.70274,-49.897083,49.838097,-0.6123716,-0.64034796,7.22909,16.102345,-24.123844,57.775295,0.893055,1.124218,-25.375448,27.4057,-89.07974,16.55048,-0.23927827,-1.0016191,-0.9209159,11.924593,-40.4001,26.15353,-0.872393,0.9551122,1.9710519,11.76701,-24.551815,36.660748,-0.0073369667,0.043269396,-11.131907,17.275183,-46.43077,19.268269,-0.3269763,-1.2030994,4.4005847,14.152858,-40.457626,41.859848,-0.07062429,0.56365395,2.5177767,9.311646,-21.672844,28.004835,0.30137777,0.42250872,-4.043023,13.954042,-39.643425,33.12175,-0.035996377,0.10790467,918.4988158599746,945.5911780449643,1.8492188743753664,1618.1568818933824,1773.9167095643404,1119.534995900606,567.685942454868,0.01931713736631016,0.020384033320088358,1.212801225769972,0.43057185,0.356181,0.54999214,0.36410797,0.60363454,0.3673232,0.49244118,0.3792132,0.48571393,0.39750984,0.52357966,0.39548966,0.58926636,0.3533712,0.6019884,0.3777827,0.45653212,0.36569554,0.40599388,0.37829134,0.4155921,0.36778966,0.40184942,0.33767092,0.018623683107134966,0.08686220777929286,0.00040832060596027295,0.12304929237686706,0.03633119070274896,0.15471332189452236,-0.06099556212159127,0.1455575046636751,0.016722902711780424,0.047361419669025885,-0.0003966975889919884,0.04233143143734732,[112.34714674],19,4.394180948585094,0.10575648,0.07440852,0.87483394,26.21497468329533,13.542089791761326,387.36286121198344,230.36567354171166,1711.2727932430485,1226.3227760862733,1.8290942,179.41015436515116,16.16221898638869,133.09934981412218,219.99999999999997,-0.3534970620435795,-0.062490775630508644,86.9006501858778,0.6042780748663101,4.323900226757369,22050,/Users/will/Projects/SpeechEmotionCS3540/datasets/SURREY/Audio/DC_f11.wav,DC_f11.wav,DC,Fear,11,SAVEE
-324.80588,122.35112,-464.39548,-40.766357,0.3867937,-1.192501,99.09931,66.85869,-45.585995,217.78781,-0.027094245,-1.42136,12.624764,36.202717,-78.8892,84.903404,-0.5800598,-0.11499834,23.309,27.996672,-66.57797,97.53068,-0.005652097,1.1359367,-0.62532896,29.590528,-88.45405,51.024284,-0.98343915,0.0775764,-2.5743315,22.899282,-64.44239,62.11517,-0.35395458,0.060343027,1.7708125,13.426646,-40.46826,37.90252,-0.4960403,0.68732214,-5.9399667,15.557919,-47.753998,28.887821,-0.61645424,-0.4228592,-5.0327535,15.244098,-56.202682,22.556103,-1.0431472,0.7473695,-2.3294134,9.672627,-36.28705,25.29089,-0.5389514,1.2272992,-3.605851,14.25006,-40.138588,27.563015,-0.7862605,0.3074844,-1.5323867,9.3705015,-22.623188,19.175362,-0.24228373,-0.5741172,-1.412762,8.052969,-23.276115,16.806335,-0.95325327,0.50205946,712.5458089481563,679.0183954665183,3.3207173302422563,1189.1487121582031,1348.9742142076034,1052.847341823085,413.3784432851146,0.021390279134114582,0.023008388502137257,1.265231136763971,0.49777183,0.36209142,0.47079238,0.34787536,0.49152473,0.37527034,0.49529266,0.39370623,0.5265624,0.41196033,0.56291753,0.3899487,0.5600849,0.38545594,0.5042913,0.37928692,0.49780473,0.374832,0.47767386,0.3573247,0.48349604,0.3585484,0.49147692,0.34856018,-0.004557380202823433,0.05412914286883189,-0.0035154108906250065,0.054429694504642585,0.006678372864067684,0.09473016368041011,-0.00760544250079014,0.11829556763448186,0.0010504307670286853,0.032677383764546694,-0.005527886803368599,0.03410024253032178,[135.99917763],14,3.15,0.11725453,0.1398076,1.6548157,23.965540986032476,12.159523679906394,373.2245881843942,227.99307889694518,1381.8085373977435,1007.1020117926536,0.08099337,175.03005095564177,70.33696000902421,98.56656061031477,391.9954359817493,1.8424992353773568,2.8935630625408093,293.4288753714346,0.4635416666666667,4.444444444444445,22050,/Users/will/Projects/SpeechEmotionCS3540/datasets/SURREY/Audio/JK_d08.wav,JK_d08.wav,JK,Disgust,08,SAVEE
-237.79056,108.07584,-429.07794,-13.563624,-0.100492455,-0.8890996,112.82388,64.45384,-42.859344,230.5521,-0.4169778,-1.0622001,9.978399,45.443226,-96.61661,90.12748,-0.35311255,-0.5824833,29.748758,21.529907,-31.67353,117.644485,0.6129116,1.1835575,-20.740818,25.452501,-83.93407,34.188347,-0.08172662,-0.7733929,-10.529237,28.99823,-77.448364,57.490585,0.11641783,-0.3593943,-5.7500257,18.542713,-63.94613,44.84426,0.016454918,-0.14493322,-8.343535,17.44462,-45.328926,31.365744,-0.1368275,-0.6424403,-15.407809,17.226704,-60.889065,24.132109,-0.018978842,-0.52045345,-2.0250292,12.048502,-29.548876,28.7865,0.2122351,-0.20488429,-2.8424776,11.914457,-32.453674,26.002245,-0.09666148,-0.7044966,-8.27247,13.2733345,-39.922523,21.921139,-0.22425716,-0.6295476,-6.3552375,9.102052,-32.779087,16.00682,-0.32303232,-0.04068947,1208.2399776787252,934.6554696511,1.8173669051814278,2400.69580078125,1961.114823344629,1415.6447015168737,677.4505859866583,0.029920014880952382,0.02504771948384502,0.9923234639753812,0.41265142,0.34351704,0.42263192,0.35528475,0.40557417,0.3624421,0.3511827,0.33202314,0.42727184,0.39218408,0.4571965,0.39815778,0.42528605,0.3531178,0.4822883,0.36391675,0.4866961,0.37815017,0.34070718,0.31716436,0.30760846,0.3108589,0.37127024,0.3263365,0.004340400796759189,0.060920723928935716,0.011417718867981604,0.05919077355731099,-0.04393982581705617,0.11264706171563613,0.034116318542509724,0.11020776473892806,-0.012006628089638698,0.03282221239730183,-0.0019336954247028853,0.03619881306792675,[112.34714674],24,4.923844171311071,0.19345725,0.1478931,0.8771355,25.55321928725335,13.757290042542069,575.9700125926707,222.27867613996244,1862.263922326366,1418.3394486396103,0.5823626,197.02799856501275,56.00384836936156,87.81282249923149,302.26980244077964,0.06208592968600522,-0.9090808980449081,214.45697994154816,0.638095238095238,4.874240362811792,22050,/Users/will/Projects/SpeechEmotionCS3540/datasets/SURREY/Audio/JK_h11.wav,JK_h11.wav,JK,Happy,11,SAVEE
-260.2599,125.34581,-428.67343,-4.7827744,0.05901521,-1.2206137,85.103226,62.000374,-31.638174,191.30255,0.052174192,-1.4322844,4.527769,35.169518,-87.05409,81.26021,-0.4112705,-0.2900324,38.032703,25.389063,-6.7278433,113.74524,0.9517926,0.3897519,-1.4483181,23.90583,-64.7603,45.85029,-0.40360513,-0.53566957,-6.5314384,25.844288,-78.40297,47.0347,-0.6944517,-0.11321044,-13.984571,21.232903,-68.54057,38.400726,-0.42083356,-0.6087725,-0.24497207,14.801914,-37.98298,41.73044,0.04244418,-0.016673326,-11.473762,14.375878,-43.04648,11.783302,-0.45722035,-0.9897547,-6.738007,12.296384,-37.449223,22.50858,-0.28691518,-0.55476904,-5.2299585,11.457664,-37.69787,21.664776,-0.54697317,-0.13382506,-7.6763496,10.1103945,-32.647713,14.83257,-0.30305353,-0.52632475,-2.4567258,7.721205,-24.480024,19.996609,-0.4843827,0.2277174,1372.7111145940964,1213.9511291734682,1.7283913481798865,2590.743408203125,2075.89646682996,1458.999281235989,583.3141460891917,0.06213650173611111,0.08117624378528485,1.9742238565976005,0.38650283,0.32065848,0.37443024,0.3134843,0.41196966,0.3399961,0.38879555,0.3296464,0.42621872,0.3612484,0.4770245,0.38228822,0.4393364,0.33686364,0.45926225,0.3016202,0.5732852,0.36741292,0.49233347,0.36068448,0.41362122,0.32149103,0.41578776,0.33893874,0.002756920651735038,0.0518989527086681,-0.013042691436600197,0.05609733376572859,0.0008634941911112544,0.11012526820325634,0.02168023445022551,0.09567014124179511,-0.015958410437975294,0.03216639974525868,-0.007206257541353487,0.03212416291378254,[123.046875],22,5.2707063463607025,0.16143885,0.18227102,1.393319,24.422085254006873,13.292883839011628,799.8312944754933,545.6420166923962,1941.033670914184,1458.7395263239823,0.38154897,295.56398871458873,379.42346140385166,105.64102395561046,1908.2392917304958,3.2688868231339203,9.095931473009877,1802.5982677748852,0.6277777777777778,4.174013605442177,22050,/Users/will/Projects/SpeechEmotionCS3540/datasets/SURREY/Audio/JK_h05.wav,JK_h05.wav,JK,Happy,05,SAVEE
-495.7518,89.658035,-597.064,-289.5264,0.81026685,-0.65151787,123.904335,44.54875,21.241037,222.64993,0.63720244,-0.3970604,36.56179,30.98195,-61.402893,115.546936,-0.67649347,1.4170728,24.574625,21.900633,-7.026972,106.63497,1.5681949,2.549306,5.10276,25.049677,-57.122818,56.892647,-0.8742563,0.41168094,0.3063199,20.514675,-53.15,30.927414,-0.84918267,-0.35966182,-7.827451,24.848671,-65.683914,35.178307,-0.7817383,-0.46459842,2.1112313,11.457385,-21.13211,48.096603,1.2005191,2.4127336,2.0241554,13.225845,-35.80593,35.449646,-0.43847197,1.6577735,3.9111855,13.826335,-37.12656,47.282295,-0.21493086,1.9983773,3.3799927,11.7089,-30.643108,33.943893,-0.5676574,0.8495338,-1.3655922,11.945659,-26.22842,18.615993,-0.52309644,-1.106031,0.9018762,9.845737,-21.689407,16.647358,-0.31770393,-1.0603418,411.6362707665345,550.7214501243627,3.685491655019724,625.6374289772727,1268.1961034301619,876.1120525421803,482.9441680515902,0.008274147727272727,0.012700064049417325,1.3466300784857912,0.5573292,0.3608396,0.5851504,0.3901201,0.57261,0.40268058,0.5771114,0.43994448,0.60646707,0.45222577,0.63737565,0.43584293,0.6683601,0.4101824,0.703059,0.38014835,0.72193986,0.32366797,0.71894616,0.30541697,0.6218512,0.3115353,0.52137816,0.3077448,0.02830110726880882,0.06994199756352071,-0.019985133652150922,0.06176641260824083,-0.03473726533438047,0.15390870758795738,0.03584832942790545,0.07671781645241636,-0.000972592336630197,0.04172252984057598,0.004571766152300658,0.04617120382711873,[99.38401442],5,1.971073050380806,0.053745616,0.020579636,1.0812244,24.418504203772205,12.947770517466289,164.0406952632143,149.96278564499394,1489.060501786293,803.4858581240424,6.9694853,224.4431941345655,24.88720343847487,191.5211239251473,277.1826309768721,0.7085284532259226,-0.6334960939595886,85.66150705172478,0.37272727272727274,2.536689342403628,22050,/Users/will/Projects/SpeechEmotionCS3540/datasets/SURREY/Audio/JE_sa03.wav,JE_sa03.wav,JE,Sad,03,SAVEE
-396.21426,91.12634,-504.5582,-223.86618,0.2953144,-1.4433752,98.17491,77.97556,-51.452408,245.5139,0.18353206,-0.7999394,26.64332,27.510067,-48.736477,89.33017,-0.16125526,0.07673001,33.910717,37.26619,-40.374737,137.31146,0.24550956,0.24152923,13.340333,25.29868,-50.29955,65.950874,-0.68976897,0.100405455,8.919697,17.413933,-28.707855,59.257484,0.40452698,0.40872216,-9.2469635,20.321493,-56.25357,23.965305,-0.8130225,-0.50939655,-0.66885215,13.713503,-39.272068,49.629406,0.08260985,2.159789,4.0566387,10.857419,-28.772892,29.246235,-0.12361648,0.3102708,-8.835549,15.463571,-45.78287,17.335907,-0.53747374,-0.8780391,-0.3771005,15.349368,-41.063374,30.559227,-0.4945178,0.042767525,0.3847018,10.021134,-26.915764,23.566723,-0.72342587,0.11449385,-0.2833672,8.452038,-21.224869,20.297531,-0.5052327,-0.018054962,717.5918224346848,831.8066583948747,2.0307300615365884,1353.6470853365386,1827.787530225434,1045.7898553688758,648.4575803813535,0.011009281517094018,0.013021067413025101,0.6614618949713702,0.49371788,0.36746973,0.5675802,0.3947588,0.561497,0.39849433,0.5843494,0.3963995,0.5876244,0.40610301,0.59746206,0.40011817,0.5829879,0.3998965,0.54464024,0.40737817,0.50509685,0.40458608,0.49932507,0.39182857,0.46528962,0.36780488,0.4158442,0.32994038,0.0120177117359585,0.05714149817464681,-0.005862622066772664,0.048667219473158864,0.015328524339720694,0.1050069291981261,0.025678557264180307,0.12822461674057636,-0.00017680086455934877,0.03269657513401251,-0.009023859901910887,0.04029382371838878,[89.10290948],11,4.0753062150309995,0.08825482,0.067319915,1.0902653,24.4009672683988,13.042332322375573,212.84707727230253,153.22153677164482,1562.872384234741,1319.743753112691,0.87043095,150.5620601448085,28.962436141895996,102.04250286354403,192.63059450929475,-0.30954528420272737,-1.239169345812794,90.58809164575072,0.4700854700854701,2.699183673469388,22050,/Users/will/Projects/SpeechEmotionCS3540/datasets/SURREY/Audio/DC_d07.wav,DC_d07.wav,DC,Disgust,07,SAVEE
-367.34393,87.05736,-511.53192,-214.08823,-0.35360458,-1.2310431,127.7863,71.14397,-69.51552,241.2287,-0.37268424,-0.9171815,24.545607,35.63859,-60.32879,117.273224,0.021480227,-0.26046205,27.074568,37.964207,-50.026604,165.17587,0.79038084,1.2949748,15.386252,23.25416,-38.93557,79.55725,0.33564457,0.16218328,-3.5142455,23.642727,-54.196495,62.91781,0.16108215,-0.1207962,-19.89683,22.687338,-79.70091,22.672081,-0.39174765,-0.7111275,-0.5767161,13.041196,-33.810112,28.660076,-0.35792473,-0.29023385,1.928981,13.877331,-31.28976,44.294426,0.14770156,0.31991267,-10.789755,17.333105,-49.555542,36.29737,0.08607387,-0.44034576,0.18278497,12.56186,-34.636696,37.241676,-0.062182974,0.6535096,2.0452738,9.96698,-19.30901,30.380537,0.29577714,0.26653266,-2.3603437,9.144475,-31.450405,17.45244,-0.3245581,-0.40057802,666.356070378769,728.8765097186705,2.9694433414008228,1190.041775173611,1416.3349353859312,902.3412000612731,489.9755123977958,0.01844216177983539,0.019858626004193535,1.9448377886826544,0.5261117,0.3512277,0.5523075,0.3512275,0.5293332,0.3792846,0.4773584,0.39220378,0.47096014,0.39789852,0.47094223,0.41663995,0.40583578,0.38645792,0.382498,0.3947791,0.3955768,0.37103638,0.38881546,0.3393114,0.3874103,0.3329742,0.43578085,0.33739775,-0.01070801833390655,0.091382814447582,0.01241055281842867,0.08504373046115997,-0.0319622978548918,0.15912550425374136,0.008127457843594796,0.13473335293661176,0.0016526262193281647,0.04878300443282233,-0.004582576403861903,0.04207825931174104,[78.30255682],26,4.614715896742411,0.08765597,0.05406332,1.2499065,25.47481812219426,12.05052634378389,259.54917686728317,137.71333729174694,1327.1617431522197,1017.7924033747714,0.94239825,149.19491164849086,21.059162616960688,111.9227661312955,202.90956258890662,0.4396622598064275,-0.27692595681892573,90.98679645761112,0.6172839506172839,5.634149659863946,22050,/Users/will/Projects/SpeechEmotionCS3540/datasets/SURREY/Audio/DC_d13.wav,DC_d13.wav,DC,Disgust,13,SAVEE
-305.58737,111.15305,-474.38272,-61.084774,-0.07297255,-1.1630251,106.64004,66.61055,-36.029556,222.29372,-0.21324286,-1.4138737,18.050375,36.614594,-86.80054,111.94397,-0.2064442,0.13166523,36.647274,31.797758,-26.31287,114.1718,0.5485889,-0.27141142,4.967,27.487635,-67.932785,79.457436,-0.40938944,-0.07045531,0.24850856,22.383972,-63.85801,57.88961,-0.57223284,0.56029177,-13.840623,17.05202,-59.138947,14.614833,-0.116307415,-0.9718361,-9.993865,15.460223,-51.374783,17.667597,-0.41776058,-0.7390804,-7.244926,16.791927,-53.777245,20.266577,-0.70260966,-0.22461963,1.8248417,10.420418,-26.335312,25.26614,-0.26434934,-0.33497214,0.30229518,11.20028,-28.73818,21.97494,-0.3881368,-0.71253467,-3.8844128,10.807726,-33.791977,18.107037,-0.4849133,-0.54363775,-0.16341925,10.361686,-27.57737,37.48252,-0.0641223,0.72370076,996.1391733205938,942.9990189892179,2.278692555949888,1800.5034604279892,1730.63152034206,1237.2226693864523,535.7473872818667,0.03918563179347826,0.05170169757060184,2.0789494796124637,0.5024,0.34210062,0.49468705,0.3329329,0.44998953,0.33833414,0.41344413,0.33953768,0.42391703,0.37611628,0.39716968,0.35159016,0.3764555,0.34276018,0.36288425,0.33806404,0.40216288,0.3586223,0.4332167,0.36100253,0.42253682,0.3234793,0.45348844,0.3442721,0.028453154526008138,0.08643320318617041,-0.014360261644495224,0.07779763456962399,-0.00798659863395903,0.12848331842679495,0.04471256565909955,0.14979519362577362,-0.007394933070272539,0.04562063232800554,-0.004290565012184828,0.038307114895588246,[135.99917763],22,4.126859894340136,0.13782312,0.13369758,1.0626122,25.535010725464176,13.022761917805681,513.6750781187552,351.60112938692305,1595.3343583185306,1201.10536788453,0.57850814,141.64137940453006,19.529204284964237,96.87324609557632,182.87233715141332,0.005588122470332351,-0.514901277478871,85.999091055837,0.6826086956521739,5.33092970521542,22050,/Users/will/Projects/SpeechEmotionCS3540/datasets/SURREY/Audio/JE_a13.wav,JE_a13.wav,JE,Anger,13,SAVEE
-276.57394,159.96223,-450.47134,-45.45098,0.16157271,-1.7970732,90.688545,65.73582,9.832012,195.34561,0.12953405,-1.7236692,-4.837239,31.372643,-72.515045,63.90469,-0.5304604,-0.84917617,18.948223,22.283688,-27.554108,109.59412,0.9959468,2.9691362,-1.7187896,24.68151,-54.262596,47.28396,-0.58483106,-0.7555089,0.7175186,14.39787,-40.250927,27.679901,-0.89423144,-0.051730394,-13.723861,19.503641,-53.300148,13.596349,-0.37122756,-1.1733208,-0.48227668,9.687792,-26.219221,24.924444,-0.22985992,0.18052936,-6.572946,14.60922,-41.40782,17.717735,-0.62593853,-0.57906294,2.8804498,10.484656,-23.013643,30.149292,-0.39005327,0.67729354,3.650558,9.420257,-21.100647,34.34559,0.22945265,0.6599555,-0.80085754,9.099049,-30.217209,15.51704,-0.81618875,0.15794015,4.6325536,8.233867,-23.208223,23.649637,-0.67285544,2.0852022,820.673929289233,390.4689851856905,0.167480181660824,1443.372224506579,1012.1826213365223,1286.9459495126348,245.11423807711347,0.022923519736842105,0.023224153848483017,0.2310634516113592,0.35069388,0.30664855,0.38181287,0.3126631,0.47484174,0.35259762,0.46784186,0.3581039,0.5349037,0.4271969,0.4809456,0.38432252,0.46759328,0.36089683,0.4743805,0.3375843,0.49466717,0.35126683,0.44062072,0.32200482,0.4026119,0.3346522,0.36786664,0.31465816,-0.00845830925700949,0.11799877307021343,0.026617638115474462,0.10952838832510514,0.03718975205254458,0.21248864621664285,0.0006209382493240066,0.14189359234034896,-0.00893625381742727,0.057126681248977455,-0.0037920687459688835,0.06078266020362202,[161.49902344],8,2.5915261209378855,0.21518475,0.23212585,0.6027576,24.870942966763604,13.105291674181752,588.6511044231486,303.25566359912546,1593.8794904849838,561.7142713181738,2.1971493,160.26715942898076,33.16600985476185,82.88426748110167,214.97519305553408,-0.26588323850043627,-0.6072837828196467,132.0909255744324,0.49624060150375937,3.086984126984127,22050,/Users/will/Projects/SpeechEmotionCS3540/datasets/SURREY/Audio/JE_a07.wav,JE_a07.wav,JE,Anger,07,SAVEE
-404.7362,113.98207,-532.11707,-130.58867,0.4933926,-1.1819308,108.09853,65.21617,11.718376,222.2019,0.34290695,-1.455112,31.459185,33.170815,-68.85382,107.99867,-0.47597897,0.98919606,39.89615,27.24094,-16.283634,117.28526,0.9447329,0.5418477,3.0014284,34.291748,-84.10594,44.834885,-1.2315335,0.19500828,-13.005788,28.089216,-79.242546,28.358383,-0.46902958,-1.1470923,5.9451323,15.73785,-50.24237,47.88703,-0.22149226,2.1697607,2.8145967,10.831624,-32.5386,31.89975,-0.42318812,0.8641648,-4.8006163,12.614395,-36.439262,12.353237,-0.85226023,-0.25304794,1.4082536,10.798976,-19.399925,36.110977,0.7129381,1.2908587,-3.1259007,14.87255,-41.25757,32.545105,-0.69739795,-0.004308939,-3.90034,11.451538,-35.703465,18.308493,-0.97483903,0.38298154,-0.033002157,6.1507306,-19.18288,13.095438,-0.64498836,0.35917068,628.0337976781225,595.0664262070712,4.346582105914566,1011.6617838541666,1179.762350126031,1069.7656340761528,362.15366094350804,0.018287941261574073,0.025877232890796527,2.112341015611174,0.60131466,0.34409717,0.54119617,0.3232723,0.5861254,0.34135532,0.62260664,0.33971882,0.63377565,0.3783459,0.5909493,0.3816855,0.53663313,0.36932343,0.5127516,0.36819762,0.55696464,0.35284582,0.61141706,0.36138016,0.5796183,0.34142888,0.5924523,0.33011046,0.026486698908609618,0.05933595876408832,0.010403078578316086,0.04386177793081637,-0.000975660005308864,0.09876367741780596,0.023423331539594507,0.10097289162414516,-0.008501367528127647,0.031889854172459216,0.005765183169084315,0.03190845469846843,[215.33203125],7,2.8058534811852387,0.062087532,0.06744799,1.4150397,24.254039259854952,12.571063433811032,340.9318684381303,204.95624500483174,1395.9908428023266,853.0021161022732,0.31588817,131.9287215788209,20.0593673756794,89.3477635991859,169.64319079487348,0.18174156181623405,-0.7782052334500391,80.29542719568758,0.49074074074074076,2.4947845804988664,22050,/Users/will/Projects/SpeechEmotionCS3540/datasets/SURREY/Audio/JK_n03.wav,JK_n03.wav,JK,Neutral,03,SAVEE
-357.26935,115.67993,-534.8171,-169.95576,-0.27578455,-1.3437917,135.83334,65.00747,-32.016716,243.09323,-0.19169371,-1.198163,6.68158,43.523186,-104.870636,71.010345,-0.6156095,-0.70817137,39.535694,31.558718,-27.853823,117.65154,0.59679586,0.14632177,-0.21169363,32.326244,-93.4252,50.765366,-1.1335846,0.71876645,-20.127337,28.419594,-78.13454,51.82593,0.13867292,-0.97014,7.543483,15.694172,-40.610123,58.04046,0.4601467,1.9066901,1.35348,12.769248,-41.077095,30.883533,-0.91480446,1.35848,-10.911921,16.698105,-55.147186,22.123997,-0.45367172,-0.8529074,1.6512535,11.154959,-29.388515,26.902063,-0.19560869,-0.30848718,-1.4674186,15.92273,-41.833363,39.2836,-0.16206312,0.5577066,-1.6523058,8.7596035,-34.429535,23.064175,-0.45091462,1.280304,1.0932602,7.979149,-22.282343,29.909529,-0.18126376,1.0664215,753.4085577432108,650.437962846118,2.461198930893073,1501.0151273885351,1458.532557752371,1055.9704110864432,473.80661632647485,0.016884579020700636,0.016373521559781896,0.5779255643177276,0.5721395,0.3271454,0.5261898,0.34563178,0.47339863,0.36846134,0.5099236,0.38812464,0.5547906,0.39034912,0.59247273,0.39746863,0.5358459,0.39897454,0.4735442,0.38165444,0.476087,0.3651792,0.46879363,0.3495484,0.5054327,0.3186267,0.5407837,0.29597127,-0.0030742864978168527,0.0660488098424851,-0.011491976602475765,0.07022950529988707,0.011940134158298206,0.11865010484107713,0.02786533335211887,0.11113555829766578,-0.004957649391402247,0.03389806718565921,-0.008545828287661721,0.034821714890384985,[75.99954044],15,4.139186804660418,0.07713531,0.04875328,1.4243802,24.51788452060102,12.775177735898932,345.2946473453715,221.07973087906458,1425.0301549571966,878.278247873804,0.6755164,134.74468458364186,18.97955518550626,106.252996181733,179.73069985652097,0.6041919203851035,-0.772722451605798,73.47770367478797,0.4713375796178344,3.6239002267573697,22050,/Users/will/Projects/SpeechEmotionCS3540/datasets/SURREY/Audio/JK_n17.wav,JK_n17.wav,JK,Neutral,17,SAVEE
-463.05334,116.389244,-622.03705,-239.88882,0.1521845,-1.4267457,140.80334,71.5317,32.640854,264.66803,0.2197659,-1.355276,22.851933,37.366276,-67.550995,94.73334,-0.68933076,-0.33718038,29.834768,32.785934,-41.845173,120.61839,0.5598506,1.0698152,30.968246,28.926569,-24.262596,105.15193,0.8039188,-0.23373747,-3.2780638,23.137058,-58.105858,25.453083,-0.8184104,-0.555639,-13.733091,27.57891,-69.282394,22.700127,-0.31439114,-1.4300075,10.473746,10.177159,-17.663998,34.30078,-0.023539081,0.2550385,5.5026407,10.521075,-21.13158,28.308136,-0.75245214,0.41293383,-7.058547,17.423788,-45.527763,19.123356,-0.3955584,-1.1637293,0.9546654,14.250117,-31.92463,31.159824,-0.44785747,-0.3665421,3.3915112,8.243448,-18.4284,19.469646,-0.6971963,0.1954565,-0.68190134,9.384994,-27.291126,13.526311,-0.81253123,-0.25596452,419.32081293295346,351.8766128559998,1.6013111569676046,719.9180044778964,1010.9910909882643,834.1359505205284,400.5085377315543,0.011141149009146341,0.012734444786285942,0.5540897905562543,0.63885266,0.33164012,0.6814965,0.34253803,0.61976326,0.36649197,0.64284277,0.39671507,0.6255585,0.43041807,0.5994115,0.42617634,0.54854316,0.4356727,0.48837265,0.43987703,0.5338938,0.40597752,0.54707915,0.3796763,0.5026853,0.34976557,0.48439,0.3143796,-0.027782190709005134,0.07852726823310476,-0.009342840124821424,0.07121036584339019,-0.055244005978017034,0.10404312820340872,0.07751156848559983,0.10987500417518672,0.011318467390322867,0.041457052791193154,0.002447225837741142,0.03783820821485529,[234.90767045],4,2.1199884626478225,0.06262452,0.027291074,0.65914273,23.649987396314327,12.261479576489531,206.95410735947831,179.43434434008753,1415.878784561831,904.575949553494,1.4487901,132.4285897610002,18.82572239022409,102.04250286354403,163.86452094349724,-0.2189130449342164,-1.1189378169320168,61.82201807995321,0.5609756097560976,1.8868027210884353,22050,/Users/will/Projects/SpeechEmotionCS3540/datasets/SURREY/Audio/DC_n18.wav,DC_n18.wav,DC,Neutral,18,SAVEE
-429.30917,98.13713,-580.06696,-275.18106,-0.12902598,-1.4914203,128.14471,71.273705,-47.533325,284.22583,0.03879752,-0.6613524,22.161255,33.074535,-57.2265,81.11409,-0.57854664,-0.6160619,39.823948,40.770912,-47.734077,169.05457,0.63721466,0.43725562,20.647982,26.361942,-78.6228,79.78856,-0.16238046,0.7042532,3.158309,22.719872,-60.946327,67.22635,-0.20691644,0.20945859,-19.934978,24.262678,-65.95583,14.6430025,-0.2373677,-1.2510521,-2.5926042,13.014435,-38.318073,21.585135,-0.6744108,-0.3318858,3.0633821,12.634008,-37.433105,41.560356,-0.19082789,0.10660076,-5.01769,16.215014,-49.20832,27.960154,-0.556973,-0.21130896,-1.8190683,13.111914,-40.90753,25.205185,-0.5566298,-0.087860346,-0.0026042175,9.839641,-35.240097,20.793095,-0.7888043,0.687906,-1.1205611,11.099544,-28.736769,25.439384,-0.17858046,-0.28785133,678.7063029304877,745.1452770333915,2.1392066026113756,1316.109375,1695.5306355442415,1029.1279885338208,600.0003365959649,0.00904296875,0.011076664192076216,1.0575106915530517,0.6142662,0.34152257,0.5715271,0.3499652,0.546402,0.36526746,0.5203616,0.3705738,0.5638175,0.37942362,0.54862624,0.368287,0.5133452,0.3862329,0.49711975,0.3776573,0.5346897,0.3609261,0.568107,0.3092181,0.5817901,0.28337044,0.6241941,0.31287992,-0.01738622802428724,0.05923928089016959,0.015272311176233611,0.0577944652500498,0.0024819926265622987,0.09896501491771864,-0.00018188180867627856,0.12237273238471714,0.0006669029581019369,0.03152259707679875,-0.0029437233333009767,0.03437187669220811,[123.046875],25,5.398854120758044,0.058777142,0.025971506,1.5802082,24.608980877948856,12.916561479876993,214.28873403014677,144.41827385068672,1547.2786214597895,1205.8824934871948,1.3164426,143.66063474273963,24.110172035009672,109.36644661993022,206.4563592676515,0.5935226071773189,-0.5483003980373637,97.08991264772128,0.425,4.630612244897959,22050,/Users/will/Projects/SpeechEmotionCS3540/datasets/SURREY/Audio/DC_n30.wav,DC_n30.wav,DC,Neutral,30,SAVEE
-414.3766,89.28064,-549.44507,-267.79724,-0.20656179,-1.5257989,136.22102,65.52335,-19.787241,255.22672,0.024283256,-1.182297,27.061441,29.68869,-49.51651,83.13294,-0.45428023,-0.72664547,31.821733,38.980743,-45.465977,130.89435,0.008755404,-0.47561932,21.975515,25.665562,-35.190666,83.29277,0.32796153,-0.26836586,-2.7120428,23.639734,-71.74013,60.9765,-0.5248043,0.5277796,-16.69615,22.077904,-70.565765,16.997482,-0.6483696,-0.55320907,0.5978238,15.9766655,-45.5188,36.007202,-0.5745805,0.34518385,-0.6078264,12.00238,-40.682487,36.944218,-0.35610014,0.92878246,-10.088753,15.780216,-44.305847,29.252129,-0.21164371,-0.70300174,-2.2201445,11.624768,-30.304745,27.514454,-0.36740884,-0.31950378,-0.24197486,9.88677,-27.165562,22.86018,-0.2494238,-0.08158183,-2.2930481,10.944014,-31.038876,20.591614,-0.5295498,-0.29359746,535.1520037196362,455.91109190716907,2.770484481019338,1006.5160694236527,1233.846911248334,912.6353924886043,457.2455983671662,0.011970200224550899,0.012403724587417207,0.5619340943970136,0.43770778,0.3643919,0.4706843,0.36894482,0.50848967,0.388326,0.5120971,0.41208553,0.528877,0.3971101,0.54278064,0.40193594,0.4751164,0.4003274,0.4805181,0.4044907,0.57103497,0.39425912,0.5625856,0.3273531,0.5132273,0.33227345,0.45746902,0.34485793,-0.013799917718355833,0.11378687721710531,-0.00017043510093871618,0.09661464072449656,-0.03363006762758753,0.169486955861518,0.005760541202466478,0.158629809091045,-0.00367914081680898,0.0450962999906913,-0.020726358874918416,0.05516629806688173,[184.5703125],16,4.1369120906180745,0.06570841,0.033542268,1.3611889,25.091387669862073,12.46837942783717,230.5056316632732,133.72155259415834,1323.895143182618,892.6233863714519,2.8430054,130.13746982597507,22.49337319552997,99.13755088719131,177.66631669600923,0.5711758394436667,-0.9721508267157128,78.52876580881792,0.6287425149700598,3.8676190476190477,22050,/Users/will/Projects/SpeechEmotionCS3540/datasets/SURREY/Audio/DC_n24.wav,DC_n24.wav,DC,Neutral,24,SAVEE
-433.00815,97.13954,-575.8714,-233.29259,0.102690436,-1.3153639,131.73799,71.378975,-47.12065,280.53156,0.037216622,-0.83290744,22.662336,38.90825,-82.68138,97.60333,-0.66286117,-0.3301084,36.5388,40.83148,-60.37423,129.12282,0.10713085,-0.051581144,28.055567,27.757221,-33.986137,93.38136,0.2982101,-0.5571122,-2.9148502,23.171463,-61.188812,50.004333,-0.5288085,-0.30870223,-18.980562,26.784422,-81.23175,20.837128,-0.3724045,-1.0243708,4.8390646,12.940418,-28.81483,44.525932,-0.35057718,0.7786801,1.7200989,12.186232,-40.704224,28.602745,-0.86022395,1.6233244,-11.790299,15.708362,-57.81297,16.380314,-0.52825254,-0.5309355,-2.4095654,12.707725,-38.151505,28.068773,-0.62589383,0.37339497,2.8230448,9.784719,-25.183033,40.02184,0.3387377,1.4064808,-0.020540958,8.952475,-24.855888,18.352633,-0.63471884,-0.14160132,595.5826153754496,646.177665898147,2.4787059906041735,1133.2739419495033,1471.3777605257142,930.766354680384,494.50554554935934,0.011220767798013245,0.013047917060240223,0.9641181347534487,0.595892,0.3147792,0.6282282,0.341293,0.5729912,0.37013972,0.5550619,0.38855025,0.54646987,0.40128794,0.53743273,0.4005535,0.52946,0.4019921,0.48898324,0.40112302,0.49634224,0.38123474,0.50769025,0.36016712,0.50811815,0.31419706,0.53639996,0.31493962,0.0182264525603896,0.07555598714814651,-0.028603341283789545,0.09051667387593691,0.01127074257353442,0.15387929708076306,0.004838043126887838,0.13946366150498687,-0.0008383389162467186,0.05418396413280228,-0.008262735167024825,0.0332072657023741,[172.265625],15,4.2866029886338595,0.06182125,0.029769696,1.6001838,24.69574177526517,12.484775213411073,206.7360698543705,137.22388820846274,1432.593410365282,1026.6338038092538,0.95381993,131.3357411344671,21.28003837405939,92.4986056779086,169.64319079487348,0.0315371204312736,-0.8977174146619049,77.14458511696488,0.5695364238410596,3.4992743764172336,22050,/Users/will/Projects/SpeechEmotionCS3540/datasets/SURREY/Audio/DC_n08.wav,DC_n08.wav,DC,Neutral,08,SAVEE
-411.1267,90.60731,-553.3041,-264.2423,-0.15959021,-1.3190362,135.70671,76.722855,-29.957603,264.89053,-0.32736117,-1.0262176,20.039562,35.089413,-61.44874,84.437225,-0.5028385,-0.7069931,35.23966,42.668385,-60.631645,140.77498,0.27320552,-0.16806746,25.922594,29.37615,-44.52495,81.11288,-0.06481348,-0.38261795,-0.8370464,25.245329,-59.648903,61.69357,-0.13968076,-0.13402033,-19.350925,22.432234,-66.03459,14.308133,-0.22663793,-1.237844,3.3891249,13.436695,-42.87184,35.56842,-0.94358206,1.9154196,2.2796562,13.248909,-33.5925,54.143745,-0.015328884,1.6203647,-11.120132,16.348083,-52.77523,19.408352,-0.26886538,-0.8697343,-1.0670605,14.442487,-40.299927,29.853521,-0.3588215,-0.51166797,0.9364668,9.681558,-23.443918,18.415476,-0.3613987,-0.411103,-2.0948832,10.630666,-32.87947,21.306978,-0.38602638,-0.15131831,651.9187304940428,580.5631213055912,2.142724430225156,1301.773114271567,1507.1568098826501,991.8069424403603,583.9707879622132,0.013750962808098592,0.013671953267716579,0.5333099445796151,0.5677529,0.32527164,0.5101677,0.36893272,0.50032365,0.37763703,0.5074119,0.41420338,0.48320642,0.40663466,0.47171548,0.39981416,0.5304069,0.40303895,0.47948182,0.37727797,0.44431904,0.39281154,0.4690756,0.37321132,0.46651232,0.30314478,0.5617364,0.30327702,0.02809023595055943,0.10262397776601642,-0.04734141152826247,0.12011976100456954,0.06934143257209278,0.18350565103980662,0.021473076994674753,0.14713747632118265,-0.01613140228950622,0.04696588570625219,-0.006144005051013868,0.05904049562344458,[92.28515625],15,4.557291666666667,0.06613632,0.030848023,1.4214854,25.373476477718196,12.493466435672321,234.7812451542238,147.81284823332876,1524.6403237474954,1243.8576645219005,2.1609185,130.4316860912585,18.84393825199937,100.28947374140385,167.69467255813382,0.6014292521738456,-0.6732148339650528,67.40519881672996,0.5985915492957746,3.2914285714285714,22050,/Users/will/Projects/SpeechEmotionCS3540/datasets/SURREY/Audio/DC_n20.wav,DC_n20.wav,DC,Neutral,20,SAVEE
-313.28354,148.1717,-460.58374,-47.930943,0.43332097,-1.5075644,83.38982,67.81442,10.98811,208.53842,0.4815837,-1.4517769,3.5871446,27.363474,-72.94362,97.48518,-0.30559525,1.1710248,25.260128,22.719034,-9.033983,102.69371,1.5007243,1.886251,6.846101,21.32349,-62.97561,40.04802,-1.5716583,2.232685,2.7075915,19.240555,-53.971,36.6895,-0.8300486,0.57945967,-13.687001,25.509737,-73.36539,24.926483,-0.6473328,-0.6154835,0.29564628,11.589724,-32.02694,25.69104,-0.36714625,0.1639378,-1.578476,13.370321,-29.654507,24.64737,-0.61909217,-0.67936754,1.9817284,13.637811,-33.98098,23.575676,-1.0412081,0.39768958,1.4747188,12.843689,-24.64347,30.050163,0.12504031,-0.42103052,-2.6934576,13.082712,-31.081913,21.462416,-0.35505375,-0.926178,1.1834381,7.8352914,-17.378372,17.580994,-0.35101327,-0.72629595,800.2258517740125,627.5556954240367,2.7701426035374817,1535.7707134046052,1386.8038470271865,1258.2388829137333,404.89516013697045,0.023663651315789475,0.0411547639554393,3.1379542978860164,0.40716434,0.32510662,0.43902704,0.33843485,0.45718637,0.3249578,0.47526425,0.33952662,0.5428395,0.33746773,0.66427064,0.36858422,0.60463214,0.34899002,0.535888,0.3444641,0.5069902,0.33074543,0.5013882,0.35291702,0.44846612,0.33728668,0.39450192,0.32028022,0.009244285723391768,0.047491762565768134,-0.0008591117449628177,0.04589297236432244,-0.013484293977289412,0.10480796845554433,0.0315360257107955,0.0632542645257166,0.0025021737787528343,0.02123844759917616,-0.009440439069447514,0.03165199771971135,[112.34714674],7,3.1801792520861234,0.15569477,0.17926356,0.7869961,23.925148012053345,12.617730127122703,437.0142697800614,246.5026830908097,1609.370942482477,888.1725802724302,0.7607189,177.61695805617956,20.988503423522378,136.9994584594705,217.47308447763714,0.0921162243948936,-0.666456104820143,80.47362601816664,0.43157894736842106,2.2011337868480725,22050,/Users/will/Projects/SpeechEmotionCS3540/datasets/SURREY/Audio/JE_a03.wav,JE_a03.wav,JE,Anger,03,SAVEE
-363.8393,113.5007,-508.489,-144.31471,0.22119835,-1.4204518,110.96436,73.949165,-52.57749,227.41458,-0.068472825,-1.2375704,21.382498,36.168262,-58.974945,99.69683,-0.41318497,-0.42632556,29.783855,25.5382,-39.94301,85.01557,-0.32292688,0.10670662,-4.384762,30.774353,-67.45043,45.5281,-0.5566291,-0.98043346,-10.207482,29.753937,-103.77602,32.78605,-0.8711433,0.14734173,2.9976556,14.706423,-39.079857,34.597176,-0.91113687,0.45092988,-0.46551442,14.563343,-34.56832,30.67257,-0.38135734,-0.24867773,-11.582615,20.10029,-60.502373,19.916647,-0.31868908,-1.2099565,2.7298205,10.678025,-27.540092,23.732033,-0.8826467,0.3308637,5.350628,9.458493,-22.333492,29.20791,-0.26999477,0.8494947,1.6539855,11.551835,-27.987635,22.496061,-0.64549404,-0.043801785,0.63971114,7.0765505,-17.334509,15.642272,-0.22860488,-0.42763567,744.8215161205203,859.0045988063582,2.321334889848343,1331.5285604508197,1740.2783030979517,1033.1808472577782,588.2568433980981,0.013603835809426229,0.015407653461260934,0.6988267357992469,0.60467565,0.31173643,0.6399433,0.32193378,0.63072443,0.34737203,0.5797747,0.36374682,0.54109395,0.37495804,0.57199216,0.3886965,0.5595269,0.38425073,0.51088494,0.3980045,0.5113873,0.3838113,0.5200323,0.35593653,0.5454793,0.33618376,0.55794066,0.30306274,0.005849686754865568,0.05845527150762026,0.011122092338658953,0.056411068640332934,-0.020379242067393635,0.11112815252087935,0.007054371293633692,0.1061989955010522,-0.010838398925350662,0.03889428369735207,-0.0020053352622437207,0.025977163373624677,[184.5703125],11,3.8866455148543406,0.086993985,0.07273729,1.8155056,24.221994079418653,13.151961926118963,300.7165877000339,203.21726624521946,1539.4402512262614,1237.912372980168,0.4110164,148.11520099536753,22.673770803877137,88.32151700497141,183.93170582347207,-0.7128468598701801,0.23173689583670276,95.61018881850066,0.18032786885245902,2.8302040816326532,22050,/Users/will/Projects/SpeechEmotionCS3540/datasets/SURREY/Audio/JK_n13.wav,JK_n13.wav,JK,Neutral,13,SAVEE
-335.11685,126.26745,-527.6735,-119.67711,-0.31025097,-1.2776328,142.84656,73.824,-52.135674,246.39499,-0.5302844,-0.7792344,8.3377905,50.976894,-125.980835,87.80957,-0.66188586,-0.5724194,41.266384,35.327633,-37.704544,130.40498,0.6120143,-0.36712813,-10.889946,29.580229,-86.0862,53.735382,-0.5034975,-0.58269835,-19.252628,32.321423,-77.426865,59.318916,0.3459106,-0.6454232,7.2299476,14.535074,-37.34737,51.02539,-0.10537893,0.82019997,-3.2220006,15.785887,-51.965492,45.690254,-0.3462111,1.0233865,-15.208548,16.379095,-52.90947,16.40778,-0.05517076,-1.1195089,-2.0222886,11.600809,-39.110283,20.4731,-0.6094978,0.05824566,-0.6764185,14.073634,-40.298107,33.19742,-0.48700052,0.5511699,0.53120923,9.578399,-28.114687,23.97446,-0.5493003,0.43207622,-2.413827,8.7048,-29.617897,13.6911335,-0.5929072,-0.26730037,815.2535818649733,760.5970123257661,2.2289164837138897,1466.9177964154412,1536.5356864479738,1006.7693811121733,523.3877328682875,0.023718979779411765,0.020165257765793813,0.4063800405797782,0.46135524,0.34051222,0.47766325,0.35092148,0.47894287,0.379427,0.5022523,0.40291017,0.48623702,0.40565887,0.47033134,0.398243,0.46464378,0.40320998,0.4461308,0.3801324,0.46876466,0.39150876,0.4377313,0.36285102,0.40735137,0.33467823,0.41507554,0.3235851,0.012227612006744342,0.06467075801495116,0.001979992426186815,0.0918429952805809,0.0188138426664993,0.10819280780235983,0.042538157932679004,0.12829450189430075,0.001989538861676064,0.04370448742220939,0.004932210423216694,0.03451332119867416,[135.99917763],15,3.8088602784527334,0.103474446,0.06456538,0.72848535,25.300944232851425,12.43978204086274,388.84756205693077,220.8372487854735,1405.7535437415597,1079.0625003778289,0.54535663,144.81643782085544,27.748748839476644,103.22817963382575,207.65234878997256,0.6058755441265076,-0.7159146005812822,104.42416915614682,0.45294117647058824,3.9381859410430837,22050,/Users/will/Projects/SpeechEmotionCS3540/datasets/SURREY/Audio/JK_n07.wav,JK_n07.wav,JK,Neutral,07,SAVEE
-408.8876,104.53108,-551.81067,-219.29747,0.14885665,-1.5210497,105.44022,67.587616,-65.52843,236.43886,-0.1033088,-0.86806655,33.218273,29.960064,-56.91983,101.23925,-0.2824703,0.2549808,41.60702,31.755617,-20.119915,129.6348,0.98352814,0.1651845,9.6269865,23.584246,-55.31761,74.17737,-0.14711396,0.51775146,2.977721,21.829079,-52.491486,73.87073,0.36793366,0.81078935,-14.624513,22.534088,-71.1945,22.506058,-0.48749706,-0.789165,-6.335504,16.038103,-45.43495,24.63239,-0.62819564,-0.4158945,-5.447504,13.203548,-49.230415,22.882193,-0.8672958,0.65654707,3.1477504,10.354311,-26.89819,31.285587,-0.27600804,0.120254755,1.9977868,10.37609,-25.996964,25.25541,-0.4751232,-0.22658467,-1.6779519,13.271701,-36.526257,24.412338,-0.60749435,-0.5635009,4.5793285,9.389089,-20.919033,25.008099,-0.47262183,-0.3840053,679.5916392466759,909.6781580333316,2.287391454936737,1120.2254011824325,1851.8225320549113,1005.6333254242021,632.7333625902716,0.01196571850868726,0.013565575739300634,0.7979355369138872,0.5298656,0.35002482,0.5958568,0.34788507,0.5824777,0.36434034,0.5447365,0.39738956,0.563705,0.42116895,0.6480808,0.4029493,0.6745056,0.37307847,0.5991887,0.38431257,0.54015404,0.40176857,0.49029994,0.37860686,0.44982892,0.3564985,0.4318439,0.32204857,0.010901087808060992,0.07283833169834822,-0.0028179101080702024,0.11367087626360914,-0.018464276078067707,0.1729037835240655,0.010269554655523793,0.12237633137817543,-0.011086801741165133,0.046089647265869255,-0.010016502990498851,0.046405963029967766,[161.49902344],21,3.496617029631196,0.08293369,0.052475665,1.0220706,24.65294131866294,12.954940896633683,250.6151229196018,191.14518172745744,1611.7659004265167,1236.0798967630249,2.7941654,172.78328251125785,24.919023731872976,123.47082531403102,252.71363809934766,-0.1252033519222723,-0.06602683045960456,129.24281278531663,0.5057915057915058,6.005804988662131,22050,/Users/will/Projects/SpeechEmotionCS3540/datasets/SURREY/Audio/JE_sa13.wav,JE_sa13.wav,JE,Sad,13,SAVEE
-390.06985,111.90014,-519.86847,-156.56197,0.3562978,-1.3371286,110.08322,71.6309,16.079365,234.03647,0.26062414,-1.5039306,21.628077,32.68976,-58.08144,114.54996,-0.12002908,0.6689191,27.908089,32.24572,-39.44788,105.705246,0.16415887,0.16151834,23.060236,23.796974,-22.504139,83.16582,0.5598361,-0.07010126,-4.6328554,20.954876,-52.90607,31.501331,-0.6912336,-0.7003405,-13.973622,24.886522,-61.069817,17.626574,-0.41227466,-1.3931502,7.22369,7.8948016,-18.29523,21.412243,-0.737329,1.1029344,0.29224327,10.341412,-35.879963,14.74518,-1.1188164,1.0324068,-10.748516,18.393728,-45.764885,13.86588,-0.39905393,-1.3733871,2.644455,12.353873,-23.91578,36.71389,0.2570058,0.3472314,2.013977,7.2545257,-19.444893,13.41958,-0.87868655,0.10001254,-1.9060262,10.608915,-32.964973,12.656479,-1.0011846,0.12525868,454.6945736878394,400.92789813302994,2.3523527650642233,772.1342198988971,1010.2390707442909,844.0112030755855,357.551465525739,0.014308555453431373,0.01721844520157712,0.8284464762056944,0.5452138,0.3528818,0.59246117,0.36270973,0.5627058,0.39868006,0.5562267,0.42916518,0.6073417,0.4254761,0.66162515,0.4067503,0.6770876,0.39536294,0.60875666,0.4092276,0.5601212,0.40772521,0.54235744,0.39609727,0.49690127,0.36158606,0.46877944,0.3221947,0.004010305175121916,0.043954379362215114,-0.006705405484521622,0.06970647652466413,-0.028101712337458146,0.10871542320172828,-0.00716224970186508,0.12337327561998811,0.0002391057591879282,0.03195757966852775,0.00525946994814294,0.03873787400535407,[135.99917763],9,3.833004983196199,0.09013716,0.064753406,1.0174017,23.968342911795585,12.40286819995455,248.61561386692688,187.57346253875423,1359.4237133756428,836.9316587810041,0.8538599,163.1099493661416,26.448410024863982,109.99999999999999,199.42369775418427,-0.6431121244566065,-0.8435747974066703,89.42369775418429,0.47058823529411764,2.3480272108843536,22050,/Users/will/Projects/SpeechEmotionCS3540/datasets/SURREY/Audio/DC_d03.wav,DC_d03.wav,DC,Disgust,03,SAVEE
-452.83075,90.52448,-534.97925,-227.55957,0.66734797,-1.0546696,101.18082,51.50932,-36.784256,230.71002,0.63273984,-0.25907373,35.90646,27.293451,-61.28961,106.83281,-1.0676558,2.115252,36.066883,29.826057,-11.878229,146.52571,1.631612,2.6412792,12.169104,11.957414,-25.197254,61.071304,0.85914886,3.4482722,1.5890124,12.539456,-42.28865,30.455168,-0.83271956,1.2781367,-7.3241014,19.826017,-66.591774,22.25277,-1.3544196,0.66999006,-3.152055,13.283986,-44.44891,20.703262,-1.0334804,0.31976843,0.21425532,12.324231,-35.33664,34.976727,-0.81278276,1.5731959,0.72395635,9.600433,-34.12172,17.87125,-1.2818027,1.8820333,3.0184543,9.825741,-26.975864,32.682873,-0.4003334,1.5904679,5.6874437,7.5535345,-23.340424,27.503235,-1.3435466,3.1024156,4.3051395,7.490848,-20.413643,12.53174,-1.3782045,0.8210733,419.52530244781747,514.2705622571266,3.003467559152119,654.0168506187081,1203.040657104672,886.0461675532265,418.4022834104879,0.007733850671140939,0.011579890509724225,1.2532079765665514,0.5693057,0.3363774,0.6091755,0.35804206,0.6558458,0.36157057,0.6823113,0.3765338,0.71524864,0.3754208,0.7261112,0.3875287,0.6688927,0.39012387,0.66371524,0.39342734,0.66788816,0.35742968,0.66129696,0.33342993,0.6164985,0.3172499,0.5513436,0.30017462,0.028910231084124566,0.09737568429570177,-0.017756457816592654,0.07840988513623079,0.0016428630817800942,0.1323963814975814,0.056447823288156146,0.136180518477808,-0.008384391624413817,0.04426957754551389,-0.011451408165450752,0.05081670772770176,[112.34714674],10,2.9068617757563775,0.062370926,0.036900457,1.7327329,23.613364499239726,13.304946217490563,179.1067476826649,156.9833537949046,1393.9453052058782,710.2251991139314,8.792884,176.92320198700537,28.1047874904164,125.62905732418486,216.22053167995523,-0.15656231028602138,-1.2295673088604377,90.59147435577037,0.3691275167785235,3.4401360544217687,22050,/Users/will/Projects/SpeechEmotionCS3540/datasets/SURREY/Audio/JE_sa07.wav,JE_sa07.wav,JE,Sad,07,SAVEE
-221.01167,128.25609,-447.21002,-19.404032,-0.5191568,-0.9794934,102.188774,66.0794,-44.321854,222.45337,-0.21561074,-1.2048737,-7.404432,32.944405,-97.93074,71.289246,-0.3557176,-0.26196814,40.30618,30.109089,-24.015902,115.02486,0.6763062,-0.19142771,-12.501858,27.359596,-98.09865,35.8712,-0.47113755,-0.2994516,-9.737928,25.403181,-73.571884,42.155666,-0.33091843,-0.5727916,-12.364087,21.592773,-60.228645,32.464016,-0.28116143,-1.0244768,2.3140836,15.212324,-36.445732,42.99961,-0.013587042,-0.17726398,-14.557875,18.291393,-50.019905,21.809937,-0.040026516,-1.0079914,-1.9670382,14.590939,-43.09208,29.815445,-0.3984944,-0.38676834,-1.2434622,12.475567,-30.844166,35.82361,0.14634058,-0.17124653,-8.958697,10.1434355,-36.62455,11.364178,-0.22330089,-0.4805591,-3.2767806,7.61006,-23.743652,17.021437,-0.003633208,0.26728344,1262.9939344698403,1067.8492569047762,1.9922332465802015,2307.1107040495563,1811.6953571428155,1391.8915903317384,464.5252678305285,0.05094593657544379,0.06522638947817132,2.421111636262132,0.39018738,0.3570329,0.32942492,0.33007625,0.31644532,0.3505283,0.36154494,0.36910632,0.4499509,0.39428338,0.51382715,0.40055254,0.47560292,0.3750975,0.47395208,0.35821322,0.5233129,0.36410403,0.48971066,0.36706597,0.40258554,0.3261069,0.37012437,0.3282335,-0.00819272679243095,0.03962974637271009,0.007842541168489712,0.0548533706160248,-0.028522970865773246,0.09664446824938566,0.035728519820998866,0.09653274669930344,-0.0054635631355034785,0.030817040031533797,-0.0005010798223558678,0.028021936868520895,[151.99908088],20,5.101568645597149,0.22908837,0.18798333,0.7462899,24.968819369753238,13.549436569065039,745.1558407739086,359.5778679082456,1919.394788499817,1250.4243700976776,0.59163874,278.2329344130643,125.98562173096992,147.682975305829,622.2539674441617,1.4686112694829616,0.9177020067088559,474.5709921383327,0.4911242603550296,3.9203628117913834,22050,/Users/will/Projects/SpeechEmotionCS3540/datasets/SURREY/Audio/JK_h01.wav,JK_h01.wav,JK,Happy,01,SAVEE
-256.6847,112.76663,-446.9525,-14.317347,-0.27350068,-0.7742567,104.06882,63.018803,-38.811573,209.6847,-0.33910146,-1.0058517,7.909569,36.382053,-76.937256,109.157135,0.04004028,-0.10029149,37.775967,26.368837,-11.312344,115.52022,0.8293691,0.26225471,-7.135378,23.821154,-64.11893,33.49746,-0.5513112,-0.7886622,-14.768216,27.152737,-74.85295,64.00566,0.06676544,-0.35621142,-15.6651125,19.735437,-66.58736,19.08007,-0.30153453,-0.9547961,-4.9247293,16.61391,-42.813385,37.707165,-0.115252115,-0.1742351,-17.909706,14.897311,-46.645065,8.492313,0.02267717,-1.222494,-7.799669,12.301315,-40.231518,23.462515,-0.048787367,-0.40570283,-10.071079,12.086229,-40.53562,15.522345,-0.06921488,-0.89958763,-11.788046,12.235619,-40.081528,13.400054,-0.12558584,-0.99612784,-3.2957666,7.92457,-24.756897,18.5404,0.0100251185,-0.13153028,1228.480199369538,1094.1264365453783,2.1369294447073295,2290.2380538313355,1940.5791164435861,1379.745405028192,562.1012451966476,0.05785129494863014,0.0743904696587466,2.5789482995686703,0.42775178,0.36455572,0.4392803,0.36892423,0.4083316,0.3647945,0.36280498,0.3455958,0.35390615,0.36790645,0.3646558,0.35875887,0.3993903,0.379313,0.40101218,0.3584948,0.40864074,0.36147395,0.3722316,0.32998934,0.3319799,0.32815394,0.34995797,0.32320985,-0.006323374822113061,0.05253310850513484,0.005073508931672694,0.0475717787787066,0.0006562017763377174,0.1024863843399624,0.038238457697507,0.10446408058497388,-0.0010276358109284028,0.03138695522973103,-0.001140961497936992,0.034126443342900485,[123.046875],27,5.3109305167753496,0.17213409,0.14064655,1.1535193,24.99617001545032,13.533136770657975,654.9237339386747,314.7935061545071,1763.180759216689,1365.940924919204,0.3122277,248.64516562156618,71.10647890024177,133.09934981412218,412.91271853530293,0.46728472778821634,-0.6711983587286814,279.8133687211807,0.680365296803653,5.083854875283447,22050,/Users/will/Projects/SpeechEmotionCS3540/datasets/SURREY/Audio/JK_h15.wav,JK_h15.wav,JK,Happy,15,SAVEE
-304.2117,95.36061,-465.40875,-144.66475,-0.39839366,-1.1166061,112.772156,67.61054,-55.627033,227.33005,-0.4331683,-1.08298,16.45017,29.13694,-60.954308,84.74314,-0.21531612,-0.33940363,26.120373,32.13567,-50.71399,130.0605,0.28278944,0.32448745,13.492425,22.971327,-47.117527,65.43615,-0.36301053,-0.3863933,2.936759,19.407454,-47.375237,61.781746,0.09112355,0.44358325,-28.909548,27.247953,-81.13109,16.635199,0.030469973,-1.1502995,-3.823105,12.896314,-33.178993,29.79091,-0.020441916,-0.7761402,-0.6813341,10.389198,-39.063854,22.05327,-0.51975584,0.5580454,-17.640984,16.767008,-52.995743,15.17408,0.09213736,-1.0752101,-4.343746,11.932996,-32.99504,35.933212,0.004358816,0.19425678,-4.0933313,9.978554,-29.151512,24.800915,-0.14593425,-0.33944058,-4.6284795,10.968112,-30.79573,16.867504,-0.41955945,-0.6170547,804.6735995450933,789.1210944110262,2.4722738826717685,1511.3010715793919,1684.122927194895,1068.4421738892547,588.053071323005,0.02322415188626126,0.02331954594243537,3.0373666843104172,0.3140237,0.3538193,0.33901727,0.38099012,0.31361228,0.38053057,0.33044967,0.40148777,0.40576,0.40138945,0.59964186,0.40331927,0.6571188,0.3548931,0.5421817,0.38156754,0.4210607,0.4021995,0.3012939,0.37025014,0.24754718,0.34422186,0.25164083,0.32489637,-0.018473519857899502,0.08445728152909708,0.020129624630341878,0.12299193597806513,-0.034713200685728175,0.19821296824006815,-0.016570964232423394,0.16000894220691175,-0.015705748974858665,0.059148937297021274,-0.008255197293741752,0.05839006647314542,[95.703125],24,4.672641384486336,0.17641841,0.12162041,0.41881374,27.22874326867858,12.523165206319772,357.2663126639025,167.72153361701965,1664.4397659185945,1222.6606597714162,4.096291,184.56172629524377,11.724361625347388,147.682975305829,212.505992363466,0.20538736886152809,-0.2634160458607582,64.823017057637,0.7207207207207207,5.136281179138322,22050,/Users/will/Projects/SpeechEmotionCS3540/datasets/SURREY/Audio/DC_f15.wav,DC_f15.wav,DC,Fear,15,SAVEE
-312.51535,84.703926,-447.81335,-168.53716,-0.44454414,-1.1587256,95.16951,62.23959,-39.915646,194.94221,-0.30680022,-1.3014326,18.899065,22.685738,-48.69197,80.407486,-0.12348917,0.7092681,29.937752,34.1052,-43.104046,127.73807,0.52922976,-0.073050976,8.323368,21.665289,-34.97346,52.85624,-0.23363194,-0.7275851,-3.2434723,20.878918,-53.26661,49.51753,-0.3291229,-0.15693879,-21.404953,23.725904,-68.46523,13.796057,0.04180892,-1.2707666,-2.9438918,12.382338,-33.73156,21.91364,-0.2716195,-0.96495914,-1.7152599,11.927459,-36.35061,20.550055,-0.9719561,0.44556642,-17.531553,19.341526,-58.146015,11.782015,-0.0761009,-1.3725246,-6.022702,12.714567,-34.47873,18.46812,-0.35115567,-1.099844,0.21504287,9.26645,-27.275387,24.714113,-0.22547556,0.11338329,-5.9882836,10.608553,-29.427193,14.551077,-0.38250154,-0.93201065,770.539238803927,784.5814242317568,2.408356484803977,1292.29335118007,1510.2109823118212,1060.037379161274,509.9698983959304,0.021733637456293708,0.01794421035420471,0.3346533587242866,0.27714586,0.3590298,0.32585272,0.3900405,0.39821625,0.43140537,0.39008752,0.42385426,0.39129475,0.4355665,0.40683603,0.43796846,0.43255323,0.41744864,0.49138466,0.37881514,0.66407084,0.3432583,0.58097374,0.37377372,0.33123016,0.33282843,0.2567679,0.3244006,0.03871024640537432,0.17924338302986068,-0.02082221008132012,0.07321431583449602,-0.08974194709680576,0.2130635791872318,0.05998530796520535,0.17318070619329337,-0.023839826504949733,0.056001579174497045,0.022240889424350718,0.08794095275303647,[92.28515625],18,5.434157561817136,0.17334278,0.13317409,0.76900333,27.166918331674474,13.218655977160012,364.6198194673947,190.05309502130362,1685.0630338158758,1003.5122490032373,6.2730165,210.05400125397463,14.888551578920554,167.69467255813382,245.51937137864914,-0.5400405321191227,0.40154109734356336,77.82469882051532,0.6853146853146853,3.3123809523809524,22050,/Users/will/Projects/SpeechEmotionCS3540/datasets/SURREY/Audio/DC_f01.wav,DC_f01.wav,DC,Fear,01,SAVEE
-648.80884,89.05083,-775.6671,-483.5828,0.10318044,-1.4598937,126.82185,68.64565,-26.011078,239.7533,-0.04987176,-1.0000077,28.817877,33.02713,-55.930145,99.23967,-0.61995065,-0.028235912,35.128376,37.33043,-19.68508,161.8797,1.7435957,2.6824298,11.931284,24.99755,-80.071594,80.55952,-0.5830462,1.9531665,-1.3614507,21.272905,-61.477493,33.964287,-0.9622138,0.03465891,-4.7088604,18.672241,-51.287605,25.946163,-1.0094016,-0.10734725,3.2278037,13.300617,-32.21529,29.928123,-0.72805035,-0.004034281,-4.7483916,17.708263,-54.995266,26.618057,-0.88301426,0.045019627,-9.19381,16.33722,-58.689476,12.385717,-0.65580744,-0.4517479,-2.5958526,11.2599745,-31.470331,18.312424,-0.9884369,0.00059580803,-3.5084572,9.057027,-30.58893,14.874985,-0.77969146,0.15558863,1.1105236,7.044732,-21.32817,22.590359,-0.25598425,1.6126814,915.562810173348,632.5059149056282,2.5137145211959533,1540.5442457932693,1290.1278312256325,1470.664616699908,591.3461298976239,0.022702991452991452,0.03376675210438981,2.807951889043089,0.46641603,0.32479155,0.43467343,0.31544575,0.410062,0.31131983,0.4199757,0.35006317,0.48744237,0.4140011,0.5125019,0.39360103,0.44043836,0.30636752,0.47239316,0.3173556,0.5192324,0.29509568,0.5494251,0.32510573,0.51659775,0.34917185,0.45874265,0.3252767,5.147025309247475e-05,0.06814144473260814,0.001045344768252938,0.0803750204705452,-0.0009029586998448563,0.11715434938988505,0.03711072085664006,0.12623179135796822,-0.008291371547845339,0.04258207063344511,-0.011213121302903433,0.030409839224338868,[67.99958882],10,3.6999748301031965,0.0046681236,0.0041134157,1.2262814,23.273257536977514,11.73214467242759,478.6107224486657,116.46294399831,1778.1815713286262,1171.2288136676964,0.27729723,120.1255193737449,19.215174738355653,83.8473362790669,157.37105256787842,-0.14081215745064676,-0.8065260232185674,73.52371628881153,0.47863247863247865,2.702721088435374,22050,/Users/will/Projects/SpeechEmotionCS3540/datasets/SURREY/Audio/KL_sa08.wav,KL_sa08.wav,KL,Sad,08,SAVEE
-548.4207,102.5603,-729.8474,-347.10098,-0.21684602,-1.0428007,126.82713,66.25168,-24.468319,250.64032,-0.40578216,-1.06651,12.339739,40.458942,-92.764465,104.70136,-0.40026972,-0.4419577,35.12596,32.877167,-56.849686,131.27855,0.62394047,0.59308434,9.671999,26.667011,-62.265503,65.063675,-0.3927503,-0.003417492,-4.616249,24.116638,-89.909004,43.471928,-0.9508181,1.2532668,-15.401836,21.299856,-73.59312,29.285034,-0.16154791,-0.6484692,-5.8517203,15.914576,-38.292397,26.35862,0.06385995,-1.0324862,-6.3296494,15.938606,-39.511124,36.00535,-0.058261123,-0.39862967,-10.74478,12.850945,-45.46153,17.882315,-0.21999882,-0.45820642,-1.6751729,9.862903,-35.23777,20.785612,-0.45307675,0.039366484,-6.274219,11.527784,-39.560562,28.130016,-0.34475094,0.3236463,-3.889224,9.442313,-34.65523,23.444925,-0.49477592,1.0735474,1028.2018457903555,722.9759979944695,2.1351304646439826,1820.5859608627393,1435.503318007927,1335.568161424055,548.6899064470168,0.03519830293062201,0.04314774526998784,3.0233564425856136,0.3525535,0.29760492,0.36968258,0.2977878,0.39211825,0.3185765,0.38754192,0.31679556,0.3789789,0.32563886,0.4478005,0.38426653,0.43493456,0.32806367,0.43073305,0.34781894,0.3889009,0.31877825,0.3969933,0.32316276,0.43442228,0.3330337,0.38314337,0.29181707,0.01216439422833109,0.05725150143237927,0.015315412122620567,0.053684882801160135,-0.008923273916806779,0.09820295806551926,-0.01778159046358516,0.12128186362181997,-0.00757606407955693,0.031369548186529615,-0.005305443733315611,0.03279217393624471,[129.19921875],27,5.571673233320544,0.00948991,0.008221486,0.9006729,24.20224042987823,11.72840653538357,595.1585793309903,180.82970395340445,1610.554502125826,1267.281332254945,0.17546172,138.98833084804582,22.917371658623168,88.83315834800462,186.06888929891866,-0.09530340279683672,-0.7532250567013423,97.23573095091405,0.6076555023923444,4.8459410430839,22050,/Users/will/Projects/SpeechEmotionCS3540/datasets/SURREY/Audio/KL_a14.wav,KL_a14.wav,KL,Anger,14,SAVEE
-563.48456,80.58904,-705.9748,-392.87436,-0.20248166,-0.91621137,104.98019,67.7245,-76.925385,227.00192,-0.4336433,-0.61023617,26.299725,36.934723,-60.98459,99.37213,-0.10558523,-0.5670569,44.624027,38.861492,-34.123207,137.16048,0.7450512,-0.16312695,17.218353,32.210503,-40.67163,93.90831,0.3786396,-0.5939362,-4.404683,32.847977,-93.48863,54.820942,-0.8308759,0.29071498,-15.646389,19.360497,-57.18298,22.366056,-0.14843744,-0.97379875,-2.7488925,15.651545,-39.166992,33.926605,-0.29612106,-0.5324154,-5.1634517,13.870245,-38.702103,35.099995,0.08934418,-0.27335978,-11.312479,14.884591,-45.299187,22.944109,0.0139038805,-0.7757437,-3.6629431,12.316536,-34.322258,22.953482,-0.29976517,-0.58695793,-6.901426,11.952256,-42.032394,18.706072,-0.40098348,-0.31036067,-4.774542,12.299396,-35.04435,25.541817,0.09041563,-0.3839302,940.5577716657273,888.0030471282462,2.4565476775110096,1554.2943050986842,1605.636187161452,1220.8173339127184,563.646494620059,0.033288788377192985,0.045168670136854897,2.967255793418015,0.4259332,0.3769998,0.43248022,0.34799916,0.47366396,0.37565795,0.46995923,0.37585077,0.43374187,0.3781701,0.43780646,0.38091174,0.37925255,0.35121006,0.3461993,0.34677717,0.34380895,0.35405403,0.37165064,0.3638341,0.4013778,0.3694725,0.37759492,0.34970513,0.03054778347788261,0.10550119457755239,0.015259747637099117,0.0646339527631911,-0.025632593020993265,0.1411306330606294,-0.01889284547113406,0.1506037908007852,-0.006146782906891759,0.04771938644578342,-0.009868976189645957,0.04150789710547581,[234.90767045],15,3.7857110154747735,0.010832611,0.009307493,1.359041,24.668015211396884,11.722638942413942,433.1102991648883,123.94718882469674,1634.1642079998737,1317.0371916267343,0.55611557,144.75599459908943,21.797967402934987,80.0609250563203,177.66631669600923,-0.9217495110707821,0.9970729837778238,97.60539163968893,0.5555555555555556,3.962267573696145,22050,/Users/will/Projects/SpeechEmotionCS3540/datasets/SURREY/Audio/KL_a01.wav,KL_a01.wav,KL,Anger,01,SAVEE
-558.13104,99.98777,-721.44775,-368.44226,-0.16221373,-1.1208013,130.79395,71.66166,-50.461082,244.82463,-0.38992658,-0.9829321,18.264824,38.36772,-67.34398,107.98616,-0.22834712,-0.5582855,38.130123,40.938496,-35.358475,157.04889,0.94103736,0.65261364,15.587594,27.790571,-61.22501,89.10806,-0.33719108,0.22026944,-2.453487,26.216219,-82.96953,58.113853,-0.6001707,0.35221338,-11.875536,19.827396,-53.43331,25.124563,-0.07147678,-1.0157007,-8.217807,17.247961,-42.965794,36.304848,-0.011033251,-0.58062863,-10.755142,16.014606,-48.979836,20.089272,-0.14807591,-0.7229724,-13.94118,13.003874,-39.446724,15.853563,0.06128675,-0.7496879,-4.832889,10.368597,-37.815216,18.989607,-0.3785728,0.097424984,-5.5444365,12.182393,-40.800938,25.123919,-0.03927183,-0.008079052,-4.2075105,11.289376,-34.65027,30.23014,-0.20006488,0.30354023,990.4846665988777,770.1900695318924,2.863502213125235,1854.531560467847,1432.7175637643359,1278.6836866249264,601.7343736045638,0.03491634302745665,0.05160059891301564,4.219834386437776,0.33668187,0.29473466,0.33897436,0.30486038,0.36610377,0.32890224,0.33625498,0.31455597,0.39963156,0.34536695,0.45080823,0.3737847,0.38626346,0.31380957,0.3803713,0.3426391,0.3620339,0.32007372,0.4158999,0.3474303,0.4550224,0.34438267,0.40110657,0.32876015,0.0009785360791240844,0.06677595699893818,0.018731982817205048,0.06625806390895093,0.002398847133954371,0.1076136144663268,-0.01840603499635673,0.10760931861965616,-0.001635683930576866,0.030386969285565602,-0.01221585353416509,0.03471424360360434,[95.703125],19,4.747523967091992,0.01073264,0.008587397,0.50138533,24.621864074107798,11.169277461099483,552.3145647703107,175.5196680394602,1545.774399436155,1203.8934371422627,0.41407207,151.63393673401757,54.46664784391817,100.28947374140385,329.6275569128699,2.175346646987476,4.162600665344475,229.33808317146605,0.5722543352601156,4.002086167800454,22050,/Users/will/Projects/SpeechEmotionCS3540/datasets/SURREY/Audio/KL_a15.wav,KL_a15.wav,KL,Anger,15,SAVEE
-646.4869,100.075485,-775.2686,-472.79132,0.30933464,-1.387571,132.74887,69.32369,-22.771326,254.69427,0.08596927,-1.2454908,27.429596,31.394602,-60.49675,75.959656,-1.0865692,0.6010766,26.330898,28.025583,-20.72683,149.1953,2.190047,6.0443697,14.12287,20.620884,-39.05812,78.98152,0.042766742,0.70022035,-0.34557414,21.32886,-69.17811,29.841179,-1.1527835,0.6470802,-3.64044,18.743635,-50.67559,23.62928,-0.6252811,-0.5541203,3.2377472,15.463902,-39.609383,28.844547,-0.5131092,-0.18629718,-2.9675128,16.223267,-47.965233,20.876394,-0.7956902,-0.08220911,-7.1334753,15.486692,-47.041035,15.83841,-0.7952805,-0.17071962,-4.3564253,11.401992,-34.294903,14.903072,-0.6498556,-0.65810776,-2.0925872,10.827226,-33.38536,19.163342,-0.947486,0.5599704,3.8877337,6.2889314,-7.5638433,19.421589,0.26610282,-0.71309114,862.5036430524066,626.4051512327406,4.031322709449397,1453.6834716796875,1096.3200298835964,1457.941318367874,596.806055370086,0.020603724888392856,0.0389514346481287,3.9180228428384827,0.47299427,0.32120728,0.4292542,0.30927032,0.47902694,0.33100936,0.49718556,0.3407068,0.5374582,0.39213532,0.511898,0.3699016,0.50144523,0.33151463,0.5511262,0.33422825,0.60431814,0.29677454,0.6372632,0.28885797,0.61112976,0.31494027,0.5304933,0.30679858,0.01149732292779658,0.05541245146541969,0.003475278197453511,0.039541704264330846,0.0511576030070755,0.10268487977777586,0.020272942659045504,0.10039386422571897,-0.0011472192438562918,0.03224048312900517,-0.011925068555033837,0.03277378370215301,[86.1328125],9,3.4763948497854074,0.005049284,0.005190374,1.4812937,22.67834060202225,11.596256367499205,500.95582715296376,110.41511050530582,1768.1678215660515,1243.9586215523007,0.1579135,113.04245412474779,20.50118914286018,80.0609250563203,149.39896882100535,0.2767597598661303,-0.9581690713298343,69.33804376468505,0.4375,2.588888888888889,22050,/Users/will/Projects/SpeechEmotionCS3540/datasets/SURREY/Audio/KL_sa09.wav,KL_sa09.wav,KL,Sad,09,SAVEE
-308.99146,101.75595,-452.56274,-83.42128,-0.06818309,-1.2661049,96.51849,68.8884,-45.92054,217.71338,-0.12484961,-1.2857382,10.492646,25.043201,-54.294617,97.927185,-0.089695714,1.0695662,23.058508,34.150074,-49.61918,113.901825,0.30830166,-0.18422246,11.957274,20.163092,-42.510094,59.142044,-0.30091873,-0.09042883,2.3478427,20.154007,-49.774822,59.5122,-0.053748477,0.59439564,-20.721888,26.56507,-92.48064,21.609802,-0.4625378,-0.59009767,1.4319993,11.954649,-27.479303,30.556862,-0.16051236,-0.16167116,1.4150163,10.126669,-22.884094,25.17364,-0.17701945,-0.31762266,-14.877191,19.83791,-52.96203,20.103638,-0.14419302,-1.3246052,-1.1789958,12.461523,-31.370445,33.225094,-0.32642832,-0.18088484,0.8630193,9.327103,-27.227806,22.943817,-0.34793195,0.15241194,-1.7917441,9.382865,-27.716133,13.380304,-0.7174346,-0.25223064,776.5021865260505,805.8183030313872,2.7298712793824453,1373.0938777745328,1535.4039310276883,1066.2726159547306,496.0249466051913,0.0215596707067757,0.02135225080020436,1.0946300610332522,0.39282325,0.3741459,0.4519385,0.4046788,0.43043587,0.41180822,0.45568934,0.429653,0.54502785,0.4306346,0.6063173,0.38168323,0.6510206,0.37123582,0.506232,0.40353706,0.36831105,0.3977121,0.3171902,0.37128568,0.3130021,0.34223157,0.35687533,0.3624778,0.036756209535629275,0.09718733465156831,0.02374710473775832,0.1114952085206462,0.05844401506593868,0.19724118119368034,-0.03458676190076394,0.16698461180355526,0.016435627583725625,0.0628632305322143,-0.012342473076140652,0.05566257022693183,[135.99917763],16,3.2304733998718063,0.16104065,0.13388546,0.8607434,26.72889424498697,12.956063130445223,371.10132777350697,207.5246644725961,1720.0218981859148,1088.6076181604137,3.1064632,180.69059485686464,16.21329217101529,123.47082531403102,207.65234878997256,-1.1742880946460768,1.4692151212308646,84.18152347594155,0.6401869158878505,4.952834467120182,22050,/Users/will/Projects/SpeechEmotionCS3540/datasets/SURREY/Audio/DC_f14.wav,DC_f14.wav,DC,Fear,14,SAVEE
-243.04514,120.77404,-451.99875,1.0750741,-0.26803687,-0.9393108,104.11495,62.967804,-34.33689,206.39801,-0.35053235,-1.1456673,3.7944777,43.052692,-98.749664,92.96318,-0.25077853,-0.6401627,43.292385,29.987055,-14.095972,133.49707,0.6142976,0.006641865,-11.038497,26.762178,-79.25559,42.097134,-0.3407292,-0.5785332,-14.139959,29.154354,-78.531265,46.64852,-0.10039624,-0.865036,-12.109235,20.60648,-61.99741,27.965649,-0.35778207,-0.70918083,-5.433207,17.747402,-46.04309,36.34108,-0.0924566,-0.54883575,-14.193459,14.695708,-49.77829,30.803125,0.24407475,-0.59479666,-3.926481,14.239219,-44.50628,28.469227,-0.47312117,-0.19949746,-7.5178823,12.064546,-40.05016,24.250132,-0.22563298,-0.48510623,-9.026596,9.932177,-40.07831,10.238545,-0.32744005,-0.25914454,-4.4444284,8.520974,-25.461506,16.517231,-0.18399626,-0.3764305,1179.7191080832602,1060.8514033311274,1.8773530258371987,2179.7383626302085,1952.3752976135468,1337.571448508814,589.1783291511701,0.042012532552083336,0.047865015850527416,2.5717977820514113,0.42149985,0.35944405,0.44661707,0.36932003,0.40597683,0.358173,0.36712322,0.36485434,0.37197435,0.36442623,0.42714846,0.3873453,0.463994,0.3954001,0.42701328,0.35605103,0.44400117,0.37343854,0.37712395,0.3520626,0.3330425,0.32601386,0.35706505,0.32957074,-0.0010257556506488848,0.053920763606788144,-0.017745928747343105,0.06685395480435814,-0.022432328033675383,0.10057635094896715,-0.006166992579690751,0.11741147458030883,-0.0032593937415001293,0.030974017122492602,0.005644326203899415,0.03658787964330392,[172.265625],26,5.194534548683471,0.20445403,0.15512633,0.59371483,25.378802476970353,12.915302614654786,646.6940482788449,379.13811925483037,1772.0794958787624,1394.6310712930983,0.32934672,223.05130422837433,62.70396664151949,105.64102395561046,378.64263238750516,0.2049509767761455,-0.41763366551927383,273.0016084318947,0.6157407407407407,5.005260770975057,22050,/Users/will/Projects/SpeechEmotionCS3540/datasets/SURREY/Audio/JK_h14.wav,JK_h14.wav,JK,Happy,14,SAVEE
-388.20358,109.974915,-572.57556,-223.42468,-0.2791373,-1.4500571,151.45538,69.72411,2.8281956,269.81873,-0.21742575,-1.2993746,9.05501,41.478165,-80.61609,91.22803,-0.3483568,-1.0535169,22.65675,34.189,-49.72119,89.64795,-0.19274585,-0.63594484,19.971895,27.59876,-62.46991,80.04667,-0.16543503,-0.19361639,-3.1899583,22.62936,-62.98433,72.956924,0.357222,0.58496976,-20.70188,21.840927,-72.13286,13.112701,-0.32715675,-0.82828283,3.0361469,12.907311,-27.801123,28.085447,-0.36460796,-0.29540157,0.7850888,11.847562,-41.9555,27.321934,-0.8364485,0.9213071,-13.724941,18.782352,-60.737946,29.562878,-0.2561271,-0.86954355,5.1329317,13.105761,-30.975033,33.65892,-0.0450796,-0.020403624,-0.38952127,8.781651,-27.148767,16.087616,-0.62517715,-0.21067119,-7.368439,11.474289,-32.953686,15.704286,-0.0069438703,-1.1004746,610.677455714657,497.8555549896478,2.388457838796559,1148.267612795858,1278.7480666594577,912.6908378731717,472.4712051005818,0.017289201183431954,0.016524172685573112,0.4103535416203476,0.47782347,0.3274265,0.5059473,0.36658165,0.511556,0.3831249,0.5456654,0.3938761,0.61609566,0.38815677,0.57933444,0.39075086,0.48810148,0.4042331,0.43838605,0.41674757,0.42449734,0.39772204,0.43184063,0.37740102,0.4231228,0.34720194,0.44910914,0.33412483,0.008022261595364772,0.07964965189189288,-0.011700282712652737,0.06522383779777804,0.0035054201877411846,0.12455091672563841,0.056165131161639265,0.13190434676439797,0.011744321464171011,0.03866916779529186,-0.006475764037435024,0.03887305669602951,[71.77734375],16,4.081302129727104,0.07917589,0.041656163,0.57959235,24.717348837955193,12.025965502312408,286.66131771410846,172.82365551871663,1369.4268409170254,986.876759237535,0.97767323,152.33990003631436,20.97898336551968,104.42763330455712,193.74649219115264,-0.3635715214031272,-0.6722697168468361,89.31885888659552,0.621301775147929,3.9203174603174604,22050,/Users/will/Projects/SpeechEmotionCS3540/datasets/SURREY/Audio/DC_d02.wav,DC_d02.wav,DC,Disgust,02,SAVEE
-410.7771,97.581764,-546.54114,-202.70023,-0.0033047772,-1.3954084,104.40188,61.71701,-4.4321527,217.51575,0.284232,-1.348431,34.139072,29.198078,-53.5792,98.325714,-0.41739076,0.29952836,42.178844,32.808918,-38.754112,134.36708,0.68370306,0.40443134,10.588911,25.801683,-74.18242,75.135,-0.3215788,0.6545093,3.369456,23.675234,-67.01794,76.249954,-0.40841225,0.50204587,-13.9019785,25.800898,-78.100334,23.85022,-0.36749431,-1.2554915,-6.2366505,16.612133,-50.97601,19.38147,-0.68519807,-0.37117386,-2.7522202,12.302902,-36.419044,20.568447,-0.6750144,-0.2936809,2.1555076,10.624869,-35.04548,29.820194,-0.6146556,1.1163588,1.3938699,11.277397,-32.511246,34.873833,-0.46043056,1.1586227,-1.7860663,11.774409,-47.89406,15.750156,-1.059513,1.2663741,0.092047945,10.6435,-35.200096,26.804186,-0.7014326,0.5946834,582.925381990787,560.7443950737202,1.7307505654245832,1136.8397923519738,1648.2419765749164,1049.786223756607,605.9903012073825,0.010780736019736841,0.011789200656371719,0.7677031564538822,0.44711584,0.37065244,0.49040604,0.3859347,0.5239588,0.39757106,0.55865186,0.41202447,0.55728734,0.40937576,0.6214284,0.4167021,0.638013,0.396451,0.59020025,0.3913123,0.5778846,0.38996455,0.52230144,0.37829122,0.4553527,0.37589407,0.4090555,0.34169185,-0.0071973752737371595,0.06714460770936279,-0.002314927182032398,0.07035165362100958,-0.02304299111527105,0.11732401676767142,-0.009601859157709478,0.1378979966094881,-0.007967434127209506,0.043599305979647514,-0.006951521068664327,0.032808993464997264,[161.49902344],16,3.6342659359676954,0.07646368,0.04323026,1.1621825,24.731803403537246,13.244155343417068,254.85381182062147,188.70368661146082,1634.9857188207307,1167.7438597120963,2.7976322,180.29351247525247,27.775043840768753,115.20235351026894,244.1052838549259,-0.5068040857307848,-0.08031375874660496,128.90293034465697,0.5894736842105263,4.4025396825396825,22050,/Users/will/Projects/SpeechEmotionCS3540/datasets/SURREY/Audio/JE_sa06.wav,JE_sa06.wav,JE,Sad,06,SAVEE
-414.54742,77.062805,-524.3484,-260.65594,0.048476093,-1.238099,114.446,57.72323,-48.21174,225.53629,-0.041506507,-0.7186105,35.685905,32.650517,-62.54288,107.50589,-0.5472457,0.46204305,40.155907,31.967894,-18.613113,139.30807,0.83997774,0.18579793,17.69403,26.408293,-54.693752,71.11899,-0.3219822,-0.06295991,6.0884414,21.90043,-40.94629,66.16031,0.2868179,0.25187898,-14.718052,20.3057,-67.45941,32.30735,-0.4365538,-0.60748315,-11.290389,15.566447,-56.045334,12.760193,-0.8565687,0.08302593,-2.6724102,14.15202,-47.677322,39.719925,-0.4986427,1.2111402,2.503463,13.318982,-36.19783,30.23323,-0.22849083,0.042447567,1.4805443,11.248507,-28.182848,29.28976,0.0031668183,-0.1198504,-0.9545084,11.47284,-28.888323,18.61555,-0.4200905,-0.6761544,3.1918328,9.277092,-29.913803,23.879486,-0.6706211,0.31473732,586.7956884833368,615.3142628586547,2.6559836601909175,1074.5807696821353,1536.5160746231702,991.643081991674,599.3640050861535,0.01122418186695279,0.012369243171573807,0.7243269264514608,0.3964458,0.34081626,0.44700825,0.3820631,0.51407665,0.3812881,0.6207488,0.36873198,0.65521836,0.35168248,0.60502136,0.3922184,0.5334092,0.41513586,0.48128852,0.41264522,0.46820265,0.40940696,0.45588905,0.38852218,0.42574674,0.349688,0.39862067,0.32355538,0.0031296377147355197,0.11902810304145926,-0.002308605168546822,0.08009034530474993,0.03172467486501133,0.16527673681772395,0.032313205607538774,0.17644830929600103,-0.005424252500436255,0.0487837802235383,-0.0013755172018417256,0.06390297145656437,[123.046875],31,5.750593104840745,0.07848328,0.04368947,0.84174895,25.668778554875942,12.52514803459247,214.16008374812526,129.56563173018893,1537.894427324329,1105.5567310486974,8.265164,167.51650999009055,19.717974610011606,135.4258854679408,213.73702705379327,0.8521019078635271,-0.15115932576244262,78.31114158585248,0.6094420600858369,5.3907482993197275,22050,/Users/will/Projects/SpeechEmotionCS3540/datasets/SURREY/Audio/JE_sa12.wav,JE_sa12.wav,JE,Sad,12,SAVEE
-358.8421,124.74887,-539.8119,-96.82721,0.03308945,-1.2675341,114.6075,67.39613,-36.701546,224.62643,-0.0424605,-1.1245054,14.880663,46.101154,-108.58533,120.69939,-0.1927389,-0.16946411,42.22366,29.41416,-11.343771,155.33301,1.2058178,1.96629,-8.128467,29.160746,-75.31396,56.544014,-0.28615767,-0.91584206,-12.308055,32.068584,-96.678925,60.183357,-0.34408906,-0.38406944,0.37015423,16.864853,-44.564796,31.791866,-0.3208866,-0.5716624,2.55021,14.871802,-33.473316,36.60884,-0.18726113,-0.41406298,-8.519055,17.464,-48.974167,29.726637,-0.08720584,-0.7180543,1.3854961,12.350633,-39.445976,29.151354,-1.047233,1.3892331,1.5881506,13.145755,-41.694008,31.447056,-0.54435474,0.6444564,0.40186855,11.139529,-27.544853,26.527218,-0.09802492,-0.5574043,-0.5121659,11.996859,-42.128036,23.534225,-1.0574524,0.9198196,909.6893354880011,932.3840865951111,1.8724091730705674,1707.3465159862717,1856.980242436521,1151.0629704155563,604.8753821118221,0.016610029804913294,0.02061882844724216,2.0672463048157876,0.49005428,0.31132475,0.5329433,0.32568792,0.5398211,0.3444772,0.5713942,0.37107608,0.5993206,0.37375188,0.5941748,0.370877,0.58020467,0.3793097,0.52066576,0.362763,0.57482845,0.35957915,0.54210836,0.3352791,0.4650115,0.3178759,0.44151095,0.30471283,-0.010976074530078511,0.04741953372339202,-0.00870484738365621,0.051441597294036676,-0.03839720760316055,0.07095791168174073,0.03930202629309464,0.10307653060557946,-0.005231829755338073,0.02635725521009165,-0.004512620932352579,0.03059077934472072,[75.99954044],18,4.491394040896695,0.081480235,0.05335697,1.3575466,24.533261997821022,13.527294847539359,421.24156995309573,339.73041902982266,1685.5805863941619,1231.297906668349,0.30496973,153.0332146452561,32.61691101270615,105.64102395561046,231.73942791006385,0.5487847641953276,-0.5455507620775712,126.09840395445339,0.3699421965317919,4.00766439909297,22050,/Users/will/Projects/SpeechEmotionCS3540/datasets/SURREY/Audio/JK_n06.wav,JK_n06.wav,JK,Neutral,06,SAVEE
-376.01123,101.1647,-518.0546,-181.53857,0.08576146,-1.303087,108.44121,62.573982,-76.86037,228.48459,-0.25910652,-0.38442302,29.023424,34.02761,-80.463005,82.002625,-1.0342995,0.8001673,53.1145,35.01111,-1.328505,142.06775,0.8292075,-0.32175064,-1.8509299,31.287899,-90.74951,53.010056,-1.0179545,0.06368995,-18.979465,33.299644,-88.44212,59.053574,-0.27570808,-0.80672026,5.1418605,19.194492,-52.486374,52.813705,-0.61948544,1.0786953,1.8193039,12.325565,-30.12576,31.72691,-0.27530855,0.4868796,-7.3170457,15.030836,-51.049477,22.773733,-0.8442125,-0.035090923,1.2016948,10.938811,-31.201767,23.832455,-0.8245286,0.8583145,-3.561857,14.857884,-34.207245,33.80607,-0.20831731,-0.42097402,-3.3586159,10.842387,-32.719135,30.333614,-0.48760188,0.023249626,-0.34930915,8.68836,-35.69137,20.381891,-1.2403656,2.7934775,754.4442839749253,843.9678646286688,3.1848163676678047,1396.1704307878522,1644.3594226928933,1098.7263698192821,510.6636817172486,0.013916015625,0.014408725577686476,0.5812213070987586,0.5184791,0.35015437,0.5331767,0.36857668,0.5554574,0.39135572,0.5562551,0.4016222,0.5442423,0.39070037,0.6062526,0.41375145,0.5339382,0.3944555,0.45569998,0.40396985,0.46228075,0.3818754,0.5143472,0.36761492,0.5405601,0.35817105,0.50818664,0.33912712,-0.008661235923885752,0.07644149948297488,0.017569075611474798,0.06754218147914273,-0.017545189751102613,0.14946232414064406,-0.02160354126179243,0.11330504390112436,-0.012045455653017486,0.041539989193309,-0.005156461835648641,0.04206657110720515,[69.83741554],15,4.579185645654793,0.08140172,0.05775128,1.5494765,25.603171692850175,12.916762284305088,292.91875404606384,198.5001176417731,1578.776836873681,1141.6125023148154,1.4703349,141.66133020316272,19.633141493887774,111.9227661312955,178.6955271983718,0.4491832558664781,-0.7876018175140214,66.77276106707629,0.5070422535211268,3.2756916099773243,22050,/Users/will/Projects/SpeechEmotionCS3540/datasets/SURREY/Audio/JK_n12.wav,JK_n12.wav,JK,Neutral,12,SAVEE
-267.08618,130.01364,-454.20908,-25.970688,-0.13461596,-1.4253494,103.72892,72.06364,-28.089512,220.04846,-0.049941916,-1.5385845,-6.411059,33.231556,-74.845535,63.945587,-0.078308225,-1.1815214,21.721869,24.280785,-35.439804,98.83744,0.19246376,0.8733256,5.701172,27.658821,-60.224846,61.197544,-0.3430112,-0.34781194,2.7624397,19.557665,-51.158607,43.552998,-0.37611917,-0.40688157,-17.636719,19.304277,-59.892963,13.385414,-0.0013341737,-1.240199,-4.28743,13.464559,-38.57171,30.18871,-0.051040724,-0.05057335,-3.069379,15.707938,-41.50412,27.946875,-0.43865126,-0.49161577,0.518572,11.898305,-45.501038,30.733625,-0.7140473,1.6148777,-0.24659808,10.384081,-28.086987,22.135696,-0.29440823,-0.19900274,-2.4953249,8.841491,-22.7585,20.437893,-0.4057806,-0.16056299,-0.08964948,7.8627787,-18.764088,16.524097,-0.27854306,-0.57593656,1090.1512032521493,975.6669332113347,2.2082058677665026,1977.5997332672575,1727.6699869730633,1279.0399140202328,523.6125395368795,0.04081156716417911,0.05192023665180744,2.4453377089493915,0.50988704,0.3354834,0.4890857,0.33150208,0.45765778,0.33948162,0.4599288,0.32716724,0.4923603,0.3429773,0.5580197,0.38127652,0.5132144,0.36838004,0.45001063,0.36392158,0.43459627,0.33929473,0.44854572,0.34299952,0.46639752,0.36013255,0.45347163,0.30851394,-0.009421639543666597,0.0654239385280157,0.011994710805214916,0.08266596659591056,-0.014574594462096259,0.1205873730123074,0.03500850032319947,0.11620838023409673,-0.008128039127657501,0.04301220276336937,0.0021754921945646055,0.03511779576206587,[129.19921875],11,3.5553568549273686,0.16250649,0.156621,1.0171285,24.574050774434557,13.490389431810499,620.8135137583316,396.5033092538842,1652.7447791507025,1166.2321424154375,0.7890782,173.4645536148049,44.37584706832613,115.20235351026894,266.19869962824436,0.8335769041848478,-0.44965313023757103,150.9963461179754,0.5074626865671642,3.093922902494331,22050,/Users/will/Projects/SpeechEmotionCS3540/datasets/SURREY/Audio/JE_a02.wav,JE_a02.wav,JE,Anger,02,SAVEE
-440.41736,80.98046,-566.45874,-264.56497,-0.027608257,-1.2088184,114.1445,58.060448,0.6818592,232.8399,0.24992813,-1.1254249,34.454163,27.663654,-59.495995,107.12451,-0.71741116,0.9558165,50.4052,32.21782,-29.238865,150.88934,0.39461777,0.25086236,30.449488,30.585773,-39.74396,93.36278,0.37397018,-0.7976208,-2.07292,24.426561,-59.20726,60.030487,0.020460922,-0.48315477,-19.053047,27.813465,-72.08627,29.336174,-0.20589818,-1.3225332,2.4766638,13.433026,-31.874409,28.019142,-0.4713208,-0.39700937,4.626998,11.07295,-25.59012,39.550777,-0.24182102,0.89075327,-10.105435,16.400982,-52.721386,16.403162,-0.4682006,-0.7493813,-2.6860673,11.083138,-43.019768,16.989336,-0.88158417,0.5380089,0.911679,10.427265,-24.579575,26.130836,-0.13456634,-0.42528987,-2.6835008,10.099396,-26.95887,17.82393,-0.32499325,-0.54816484,522.9196580438115,485.11147494885006,2.444324846179603,986.1839988014915,1373.9369141037246,974.3487709445743,504.75998291286214,0.008988813920454546,0.01049253196815415,0.9673957702009133,0.5948301,0.33239076,0.56150824,0.32927328,0.5431214,0.3933643,0.53870636,0.41204026,0.5140381,0.4134173,0.5229728,0.41633636,0.54396605,0.40106282,0.57663935,0.36959666,0.6731432,0.34898537,0.5690472,0.3452832,0.49632818,0.34432355,0.4961697,0.31384787,-0.02157057236766816,0.07822953113593718,-0.023034437632284122,0.07826358194253906,-0.026930002871351,0.14496849333929054,0.05106923960159825,0.11752341271976914,-0.0003107598720079117,0.035442725549141976,-0.002755054418891853,0.045112017019774416,[129.19921875],21,5.149462867818777,0.05897886,0.025137605,1.9714359,24.975469189955728,12.646526454810974,190.8727610060673,129.67289411698198,1560.1671099087755,1130.4082639742433,2.3895605,128.96465990745799,20.84171364965684,96.87324609557632,181.8190699939266,0.5304242686221656,-0.22459633677121404,84.94582389835028,0.6136363636363636,4.078095238095238,22050,/Users/will/Projects/SpeechEmotionCS3540/datasets/SURREY/Audio/DC_n21.wav,DC_n21.wav,DC,Neutral,21,SAVEE
-406.023,92.80682,-541.0745,-194.81842,-0.02331079,-1.0532565,137.36472,72.9199,-61.903732,254.83682,-0.28864494,-0.49021626,19.259453,34.26495,-73.378555,74.83518,-0.70673144,-0.38589168,32.284893,44.78195,-64.47092,131.22548,0.0293717,-0.6284082,24.916435,31.27337,-57.646877,99.09416,0.30377626,-0.13329458,-3.9199557,21.209318,-60.9365,54.285873,-0.03538356,0.04485345,-18.407997,21.897038,-60.511215,21.12682,0.035764094,-1.1797833,3.0136452,13.968934,-34.75695,29.672731,-0.5939188,-0.29337144,-0.6232977,11.420828,-30.21763,22.186758,-0.2611836,-0.684597,-10.933704,16.406624,-46.909653,22.243402,-0.28061652,-0.9026401,1.1717495,12.523293,-31.075722,29.658524,-0.47994363,-0.0992496,0.8455608,9.9429245,-23.706333,23.987923,-0.20237042,-0.2854092,-3.673945,11.853584,-36.72387,17.575981,-0.5238093,-0.40389872,625.9541942737701,632.9105760364766,2.579846780073913,1094.2543588033536,1406.4883413712148,922.3211059125975,497.5817486907395,0.011998618521341464,0.012068581887327146,0.7071234341285433,0.49311516,0.33258787,0.55950576,0.32979828,0.56980723,0.36812335,0.5109241,0.3954957,0.48519257,0.40611,0.5383879,0.38998136,0.55091214,0.39935714,0.48343417,0.3931836,0.4684731,0.38869193,0.5126021,0.36827874,0.48830363,0.34451672,0.4465555,0.2940786,-0.015061045069276843,0.071536450533291,-0.00568783619363782,0.07003752351546484,-0.05838494277672842,0.13012868426845542,0.02865379627385105,0.11515170309577204,0.002298874633371932,0.03537597206089774,-0.012543880661790484,0.038057984785302194,[75.99954044],17,4.487018350271124,0.063842736,0.028126849,1.1668578,24.493283297416607,12.407111602017128,242.58146224537666,141.63398361212398,1387.6279538970166,1030.4635184534475,1.2267456,135.89738226505474,21.03141672244131,102.04250286354403,182.87233715141332,0.3923487240013831,-0.6319640573725964,80.82983428786929,0.5792682926829268,3.7887074829931975,22050,/Users/will/Projects/SpeechEmotionCS3540/datasets/SURREY/Audio/DC_n09.wav,DC_n09.wav,DC,Neutral,09,SAVEE
-419.872,87.77039,-537.00305,-279.5163,-0.041742306,-1.4778806,121.81018,77.40944,-28.602005,240.11523,-0.12399565,-1.225722,27.949194,30.13448,-55.900917,90.71559,-0.7540143,-0.035954,35.340405,33.987206,-21.051353,128.28604,0.90219563,0.07378125,15.714226,27.767307,-50.690144,90.60084,-0.09104579,0.17952847,2.236185,27.040049,-63.98033,55.050613,-0.13246077,-0.2969005,-14.933665,20.992365,-68.481766,11.667294,-0.70602405,-0.5058689,1.2456563,12.136157,-42.554924,34.896423,-0.936557,2.3237967,-1.0025854,15.919016,-44.819122,35.77691,-0.6119032,0.7015326,-11.761967,17.662626,-57.539505,11.776325,-0.81495374,-0.15417027,5.046561,10.692969,-29.482811,33.47686,-0.36416575,0.8881767,3.9441397,7.7490253,-17.532436,24.394712,-0.21509163,0.29851866,-4.7748213,10.943303,-36.672962,16.125523,-0.52139866,-0.5666716,718.473705612634,731.2695855843679,1.8491246156789802,1457.7827933784965,1814.1724816288047,1076.124490862486,665.2023364801296,0.010970962631118882,0.013302604451330908,0.8530027880472233,0.5542456,0.34886524,0.54710025,0.36083537,0.5685969,0.37058884,0.56834334,0.3877276,0.51971465,0.40037668,0.5249512,0.400133,0.50722873,0.40246654,0.4602714,0.40796703,0.47362864,0.38740018,0.53633714,0.35107377,0.60299706,0.32615602,0.5536482,0.29645446,0.014867727362652175,0.12307345512713813,0.016156878390358075,0.06639148103048537,-0.0015637194868050926,0.13511009377177166,-0.03314873178886832,0.1524345182612466,-0.004711751191980862,0.05170380104482254,-0.001613193077614832,0.04174736496620697,[143.5546875],17,5.1280472789953215,0.0617166,0.031550344,1.9323659,24.416557901252666,12.779803964646941,238.7252550272539,151.91271495241995,1678.1321178485302,1377.3967621328593,1.553232,134.48491545416823,19.10708368546718,109.36644661993022,170.6259238017108,0.2783944718871808,-1.2451415643492423,61.25947718178058,0.44755244755244755,3.3151020408163263,22050,/Users/will/Projects/SpeechEmotionCS3540/datasets/SURREY/Audio/DC_n23.wav,DC_n23.wav,DC,Neutral,23,SAVEE
-310.18243,108.1732,-472.2742,-96.82471,-0.109134346,-1.2985678,95.2369,72.87426,-55.56859,229.66675,-0.09048551,-1.2065089,7.141995,33.228527,-81.80188,88.061005,-0.30423936,-0.071344614,43.053658,30.732838,-18.468838,143.8019,0.6885541,-0.15660787,14.662117,28.241568,-59.32856,96.76788,-0.28543964,0.3479252,-1.2364227,24.865585,-63.951332,55.89327,-0.46576756,-0.31954455,-15.321173,21.101995,-61.579964,23.761097,-0.4171084,-0.87159777,-6.222645,13.916226,-50.883537,29.368393,-0.41762042,-0.32193065,-4.138916,13.415145,-47.244293,26.73289,-0.6491741,0.27719116,-0.63485676,12.443372,-33.512047,25.77977,-0.33183962,-0.55698514,2.8587787,9.17747,-25.634148,22.233051,-0.6160681,-0.068645,-0.26796117,9.517592,-31.028305,16.386374,-0.60973126,-0.2798822,3.00234,8.808387,-18.193481,23.166454,-0.23226519,-0.630409,942.6226489201612,944.4464292523528,1.8957981041170213,1791.9817933941831,1853.1596842316503,1181.3675716326902,590.5910506150553,0.017309006291254127,0.015097262698960593,0.32138048283811554,0.5205602,0.34368056,0.569902,0.3562584,0.56099224,0.36569732,0.50493693,0.38148612,0.47504726,0.40137926,0.47895885,0.39802682,0.49213955,0.39285898,0.49460575,0.3917182,0.51026267,0.37473297,0.5300681,0.35922724,0.501939,0.3255654,0.4729047,0.31796739,0.012425537800594326,0.08180962842285977,-0.014601724129075361,0.07929687805232184,-0.02414520083628513,0.13882422259043056,0.002627487239049363,0.13067849194593753,0.0004228001175570181,0.041173231653001484,-0.008395081104729115,0.0381627418819007,[172.265625],27,3.8434970109362294,0.12500447,0.101065025,1.1959633,25.15948131353707,13.379279201153523,442.83677686707136,361.0396123347113,1758.909402947491,1344.26975268063,0.7938248,137.035880012482,22.68582446648066,102.04250286354403,193.74649219115264,0.7324757282086793,0.15146061638643893,91.70398932760861,0.5214521452145214,7.02485260770975,22050,/Users/will/Projects/SpeechEmotionCS3540/datasets/SURREY/Audio/JE_a14.wav,JE_a14.wav,JE,Anger,14,SAVEE
-350.14224,113.30001,-499.49777,-41.64457,0.2294344,-0.9788201,99.54753,75.35302,-74.64378,236.40747,-0.11447757,-1.1438811,24.231812,39.107403,-76.70926,93.938416,-0.6835839,0.017354965,42.69984,26.25171,-24.337269,108.19617,0.63298273,-0.2964635,-6.954634,31.331545,-84.12076,52.61618,-0.59065175,-0.3870418,-7.0807014,33.054295,-81.19973,57.930206,-0.16577482,-0.7527962,-0.91614425,17.422718,-49.81669,48.29742,-0.4655002,0.20367813,-1.8995432,13.978731,-37.067085,26.344303,-0.4323119,-0.31818342,-11.387653,18.836555,-62.42251,30.205273,-0.50002235,0.024684668,-2.4426308,13.197268,-35.511566,25.714848,-0.46133903,-0.43590832,-0.37633774,9.972669,-34.303085,27.53521,-0.5265752,0.67272687,-4.259428,11.566885,-36.118294,15.949528,-0.76801175,-0.14153051,-2.482666,8.701593,-27.802376,22.65746,-0.58127326,0.45976615,1226.1492338463856,1251.7621207601946,1.7236911718086811,2142.6159456286127,2134.5012334684875,1304.5152618723305,615.6773887569044,0.04371669526734104,0.06939316831693162,2.73183603361657,0.51943386,0.3233616,0.568364,0.31853068,0.55171776,0.33775067,0.46636125,0.33551916,0.43942666,0.36158696,0.48608628,0.38755184,0.47403413,0.36135828,0.45636898,0.35615155,0.5184412,0.34632024,0.55552983,0.354704,0.44761205,0.33775192,0.4249437,0.3098221,0.012221015792549235,0.05298056819300084,0.003286199138058116,0.05902066290282952,-0.03677781302525001,0.1073372985857398,0.03716428917052037,0.10186592624429402,-0.002386904796224509,0.032339637674299475,-0.011243289909890774,0.032986421659467954,[112.34714674],16,3.9958320119603137,0.07588856,0.0848425,1.4582577,23.89509375737925,13.451340222792174,558.0371439680933,382.6303056004845,1811.4526931265075,1527.036459465049,0.15446647,132.36235266791869,21.93008880800339,92.4986056779086,175.62564499846297,-0.03589093558729827,-0.5679474348674907,83.12703932055437,0.2832369942196532,4.004172335600907,22050,/Users/will/Projects/SpeechEmotionCS3540/datasets/SURREY/Audio/JK_n04.wav,JK_n04.wav,JK,Neutral,04,SAVEE
-374.34305,112.280304,-521.5135,-154.58543,0.24788877,-1.1412385,126.47295,69.43109,-59.033123,232.39008,-0.50194436,-0.65765357,30.24188,45.90119,-85.73724,126.92064,-0.58813125,0.047662497,47.993664,25.726397,-18.648495,130.78078,0.26411653,0.07600522,1.0271757,29.273314,-81.10249,55.204918,-0.9342713,0.026860714,-10.822676,32.315918,-80.32698,55.54959,-0.06771341,-0.76794815,-3.103788,17.373632,-63.486008,35.13768,-0.53972673,0.6406779,-1.8731261,15.015977,-32.394592,48.431183,-0.012381689,0.10574579,-8.143833,15.821991,-48.762104,22.818726,-0.49037692,-0.5047593,-0.57134485,12.48685,-32.151443,33.511204,-0.17737368,0.3006804,-6.062042,12.885221,-38.995224,22.098354,-0.5159748,-0.61296225,-4.907849,9.9428005,-31.345291,12.733575,-0.5949353,-0.40917397,-1.6413581,7.514969,-21.630371,15.037825,-0.422097,-0.19663954,812.9480525230019,976.6261224165422,2.504190454179473,1494.9649246486686,1869.9935817352352,1053.4169339305945,648.193557626259,0.016038161057692308,0.016574092009811355,0.9102112675476195,0.46079874,0.32256064,0.48596805,0.3796718,0.45934382,0.40437275,0.41978726,0.41047987,0.4619303,0.4177558,0.51596355,0.40324575,0.5143536,0.3776616,0.5203947,0.37883595,0.51267457,0.37726825,0.45681536,0.32022092,0.45947978,0.32625863,0.48385113,0.32968056,0.006010331565146898,0.05183339884073008,0.007904691017336388,0.07690196375580635,-6.413239070958544e-05,0.123585793597516,0.009569747863921053,0.1224047106828203,-0.005745701669609421,0.038674075655936606,-0.004447260208857705,0.03535532095616672,[112.34714674],19,4.853114936403864,0.0892562,0.058295775,0.94523036,24.93660415899365,12.693882209754811,289.18144955568107,198.60784108568313,1538.2972169243787,1434.5237769997598,0.99562275,134.18770841539975,26.349634896279664,101.45478129445331,194.86885420251932,1.116973164698731,0.09724732519743728,93.414072908066,0.514792899408284,3.9150113378684805,22050,/Users/will/Projects/SpeechEmotionCS3540/datasets/SURREY/Audio/JK_n10.wav,JK_n10.wav,JK,Neutral,10,SAVEE
-435.10263,90.62513,-574.8387,-253.95493,0.053149916,-1.2050252,131.49408,61.191704,-53.95556,243.00616,-0.3508963,-0.07074618,38.608704,36.49067,-59.10205,130.3837,-0.19489738,0.08565235,43.84638,31.415981,-3.0944815,130.64975,0.7664042,-0.4234867,6.6069236,22.42069,-71.04256,60.523186,-0.7138064,1.4033871,-0.5913606,24.201689,-66.542015,59.73076,-0.5889533,0.28883576,-17.565258,21.24575,-67.40007,9.445068,-0.48106325,-0.9680948,-8.506616,15.966619,-50.130054,20.284016,-0.5085821,-0.6647048,-1.0913116,10.968578,-36.90138,29.27201,-0.42665735,0.5801463,3.5116153,12.872665,-36.98706,44.206,-0.026263347,0.8868711,1.595005,11.835121,-34.917397,38.839615,0.00995628,0.8294971,-1.369549,12.40076,-43.840233,34.48838,-0.64021844,0.44763327,-2.0721312,12.393739,-42.466675,21.957113,-0.57573736,-0.07925749,609.0957173426829,703.1577513534596,2.51291871153343,1088.5679183467741,1616.0907588357968,987.8752898335468,601.4934452676689,0.010091895881336405,0.010350481450969689,0.527157161429822,0.4958802,0.35800928,0.518662,0.37193537,0.50882596,0.3840115,0.52216554,0.41039476,0.5235208,0.41502473,0.5340296,0.39128742,0.55536133,0.39818066,0.53613746,0.39606634,0.49933988,0.379691,0.47852692,0.3599139,0.46505412,0.33804858,0.4528595,0.3185053,0.015196143651767035,0.054291179637616656,-0.012763788206905765,0.07990662403670368,0.008860781569943195,0.10749835930811326,0.007634227670522668,0.1440664887265462,-0.00024303124102953918,0.04030442890746905,-0.002370930511787631,0.040473190847074236,[198.76802885],22,4.372476204211134,0.063638695,0.026352836,0.98942715,24.62182369212381,13.008091612900131,218.4403681455914,137.12075008897546,1456.3293436834203,1131.6121229991275,2.7608044,184.53751628662954,30.486859864595868,126.35681904967383,249.81097439559304,0.15842221202819726,-0.7206383634846332,123.4541553459192,0.5576036866359447,5.031473922902494,22050,/Users/will/Projects/SpeechEmotionCS3540/datasets/SURREY/Audio/JE_sa04.wav,JE_sa04.wav,JE,Sad,04,SAVEE
-363.17212,94.030785,-523.5862,-206.07187,-0.41454628,-1.18615,129.26569,70.06128,-52.43273,238.92201,-0.33151355,-0.96269774,16.113316,32.057255,-69.63037,85.01546,-0.35915968,-0.696599,25.743282,38.00782,-59.21293,150.91238,0.5091021,0.501349,14.528679,27.457869,-67.125885,74.88132,0.04918728,-0.030370712,2.791824,18.786772,-51.359,61.063904,0.026993612,1.0803485,-19.017109,23.908245,-72.81958,32.083763,-0.38039032,-0.82892394,-0.9780931,14.69776,-50.882874,40.068733,-0.6505416,0.8011906,-1.7672724,12.613758,-42.907944,37.254997,-0.35076556,0.4874804,-16.805227,17.249193,-49.283104,16.167076,0.25073695,-1.0976752,0.03253884,11.717153,-39.770847,33.455276,-0.17666757,0.6842041,0.6445024,10.732763,-29.262981,30.730682,-0.19931144,0.07641244,-0.76729184,11.509543,-32.868446,31.042326,0.000987253,0.022495508,693.1751565252954,628.601486382287,2.4728119195361193,1283.5546875,1410.1199279165066,991.9468398040353,512.1159672903594,0.016733099489795917,0.015220424759553703,0.4062631186521392,0.49804008,0.35297197,0.5013374,0.35460535,0.5203323,0.39075917,0.52608967,0.3898278,0.535871,0.39405316,0.57446074,0.4013471,0.49897137,0.40165827,0.38334563,0.3848389,0.35279784,0.36731133,0.3944476,0.36701363,0.38027662,0.33341828,0.39096922,0.31374714,0.016171577844673896,0.09514744074389005,0.02596533400476416,0.10474928859546744,-0.041258346774064605,0.15565815883994719,0.013413412006077244,0.16309304579873196,-0.012135610526495732,0.04706412564092609,-0.0011976082723739899,0.04860216193539857,[103.359375],28,4.923837626604993,0.093396716,0.05500567,0.800938,25.891132608459458,12.630098229687045,310.55787286652,154.93168028103074,1451.902724774468,1053.9619954396053,1.1471288,159.99866556733247,17.380671649763226,121.34967043801211,193.74649219115264,-0.19871774059455674,-0.7194839549562126,72.39682175314053,0.6653061224489796,5.686621315192744,22050,/Users/will/Projects/SpeechEmotionCS3540/datasets/SURREY/Audio/DC_d14.wav,DC_d14.wav,DC,Disgust,14,SAVEE
-428.60577,96.09903,-540.2698,-205.00926,0.32542896,-1.044755,98.423355,64.475365,-46.118393,243.83884,0.0564964,-0.47681403,32.012707,29.736803,-50.184364,93.545425,-0.9131285,0.044807673,53.823048,41.7108,-24.306536,159.37433,0.8285513,-0.5721195,5.9597645,27.879564,-96.240326,69.1606,-0.8846883,1.9365435,4.248037,20.05381,-53.241783,75.13391,0.11975177,1.365983,-9.271488,20.935081,-63.071934,39.55284,-0.3992989,-0.20872426,-5.811627,13.8000965,-48.695034,23.210495,-0.7454255,0.05732274,-1.0250734,10.992074,-38.68103,26.562557,-1.0685573,1.4274626,0.9559638,11.981721,-36.96806,26.220163,-1.103812,1.4413285,-0.38037455,12.130578,-40.395287,34.929916,-0.56569016,0.8860593,1.8665756,9.091616,-21.856234,25.310053,-0.6579797,-0.020617485,3.5861473,10.33881,-26.516548,27.345228,-0.8584307,0.45723486,730.1073336149302,785.4921365943588,1.7605748649499096,1399.7050144361413,1858.5185834231331,1156.867419118433,640.7242292232017,0.008211616847826087,0.010871600084982752,1.0663404204086553,0.5694315,0.3190201,0.66067857,0.31441203,0.68208766,0.3302667,0.6141489,0.35507834,0.5877228,0.39170352,0.6469433,0.39406085,0.6636055,0.3733964,0.6218393,0.37481335,0.5879339,0.35277998,0.55859673,0.35614353,0.5106892,0.34209183,0.48559445,0.311688,0.004846413073163001,0.052567052587364396,-0.002057364912126837,0.09087339017124836,-0.03506480901623598,0.11599853995602857,0.004831420545182294,0.11333073493618794,-0.0074513079827341075,0.039796660211788126,-0.009303322138831654,0.036334114047606086,[103.359375],20,3.7595907928388748,0.066037185,0.037462015,1.4231652,24.637853457077583,13.614400357800811,278.9816089458447,217.0413006849677,1708.3187298904052,1278.2397022805694,1.4059224,164.55420307457595,27.120758271363393,111.9227661312955,231.73942791006385,0.22170352275900884,-0.9148344687572432,119.81666177876835,0.41304347826086957,5.319727891156463,22050,/Users/will/Projects/SpeechEmotionCS3540/datasets/SURREY/Audio/JE_sa10.wav,JE_sa10.wav,JE,Sad,10,SAVEE
-245.08737,140.59906,-446.82483,-9.278731,-0.20464161,-1.3665085,116.107994,64.992065,-8.167768,210.3026,-0.31449625,-1.4418309,-13.419823,45.123867,-124.43212,65.011566,-0.5493458,-0.47580934,26.556479,27.860405,-30.285273,99.51256,0.6458077,0.26208973,-6.5465364,30.90356,-101.568665,39.43671,-1.034923,0.45915556,-20.927801,26.856842,-75.70407,37.992573,0.06219417,-1.2181116,-6.246913,19.057823,-69.652954,33.037834,-0.62412393,0.3660586,1.2355671,14.063774,-35.526886,34.39573,-0.2488259,0.040709496,-16.717457,16.742706,-52.713917,9.597794,-0.29794517,-1.0649283,-2.9516091,11.842266,-35.921326,21.591017,-0.5352159,-0.3515303,-2.0199172,12.2731285,-34.162506,32.051155,-0.24232283,0.29017043,-7.604146,9.672506,-33.22357,8.755594,-0.36462384,-0.796355,-2.1905575,8.836019,-31.520657,17.681871,-0.33685592,0.30875444,1117.2489649128104,802.2016659453114,2.629933299025384,2170.959212932181,1484.6243010900248,1287.5310888104768,461.80219478469877,0.04084940159574468,0.050293719499503856,3.2632272323217997,0.385708,0.32088673,0.40009102,0.30263594,0.4762802,0.332836,0.44178566,0.3112827,0.45263353,0.3466792,0.5421546,0.36101633,0.53908014,0.36003712,0.47047576,0.32832214,0.43027723,0.30226016,0.43543413,0.33721521,0.4047768,0.3333761,0.37953818,0.3076132,0.027309718406525862,0.06076392866189457,0.006061842520132084,0.05337291741467102,-0.01802881224516908,0.08245027251007625,-0.007797722684893725,0.10420156258126378,-0.011820112719077642,0.029992052021554326,-0.005286137456180012,0.02876678161545669,[123.046875],12,3.690479511283439,0.18158062,0.17364259,0.9753737,24.674554213683635,13.047103340565002,687.78257444913,314.1742376866876,1589.3136986135116,1029.1552820910467,0.45786944,192.57621638275282,47.00968950809421,117.89508087899223,295.3659506116579,0.7095271808893155,-0.2763894550076853,177.47086973266568,0.45390070921985815,3.251609977324263,22050,/Users/will/Projects/SpeechEmotionCS3540/datasets/SURREY/Audio/JK_h02.wav,JK_h02.wav,JK,Happy,02,SAVEE
-342.89462,107.9478,-487.3269,-184.44395,-0.21131514,-1.5849502,108.38987,56.883396,-8.9814205,190.46507,-0.29283625,-1.5126442,13.759717,25.779171,-59.38331,65.455414,-0.4741614,-0.61861134,23.065487,23.527145,-45.998135,75.01285,-0.56505555,0.27508116,7.7429075,24.254461,-62.303314,64.464775,-0.4946526,-0.15289712,5.1081977,14.492625,-29.508621,48.99129,0.42208406,0.94180965,-25.5084,27.20663,-74.61165,13.439419,0.026476419,-1.4803451,-5.4703684,11.814777,-38.062122,16.870062,-0.55403966,-0.63066626,-1.4623475,10.731769,-32.395042,24.11007,-0.67703277,0.080328226,-16.637777,17.27041,-50.434135,9.86542,-0.13779517,-1.3743885,-1.3967327,13.438266,-45.653843,23.456135,-0.93760914,0.6925223,4.0785666,9.368114,-19.350536,28.958618,0.4671642,0.33566856,-5.987157,12.759932,-32.903538,26.305655,-0.28518763,-0.7912476,688.2523268399641,640.9042386268635,2.577633507666676,1100.0244140625,1392.1795623244752,1048.802957439406,471.4385733495602,0.02126514668367347,0.019264711760860975,0.13995685017965778,0.3508961,0.36947173,0.3711113,0.40475073,0.3847312,0.4296375,0.39838114,0.42915574,0.48243985,0.43393576,0.51310194,0.44608158,0.42672163,0.43954852,0.44281214,0.43467715,0.5520951,0.3897527,0.7016632,0.31204215,0.6378197,0.31844988,0.4150169,0.34958258,0.040019193762431356,0.18411944893256793,-0.012894919065376207,0.08810432610522145,-0.10821716155742878,0.20539200876177163,0.06524118197587594,0.18905667328578643,-6.555029957796184e-05,0.07244627026589474,0.014930733578552112,0.07389304850451155,[89.10290948],15,4.416654426001843,0.13987248,0.0985399,0.33502892,27.233031174122743,13.332197659539677,381.5386064268977,224.22925134574018,1598.2926316467556,918.4549302794842,9.372792,220.27153341768388,9.115816443752713,201.74088950502764,246.94165062806206,0.43045343321485235,0.16752915214443131,45.200761123034425,0.6122448979591837,3.396235827664399,22050,/Users/will/Projects/SpeechEmotionCS3540/datasets/SURREY/Audio/DC_f02.wav,DC_f02.wav,DC,Fear,02,SAVEE
-618.13086,110.2075,-747.0773,-411.255,0.37732705,-1.3651458,108.89308,68.67804,20.751347,245.05992,0.43047047,-1.1899322,29.541283,24.481775,-26.873497,86.96496,-0.21888344,0.3457036,32.43525,25.119158,-18.851154,106.25918,1.0862316,1.1421833,12.921487,34.190113,-68.829285,85.34653,-0.35310525,-0.15525913,-2.2539096,27.414627,-90.124054,32.66116,-1.701004,2.6190362,-6.9098935,22.53182,-60.535988,19.37445,-1.0351917,0.005429268,3.0161738,11.660336,-25.615007,21.819786,-1.035458,0.3712237,-1.0124128,11.168509,-25.4841,20.382538,-0.485048,-0.43616486,-6.858461,13.014122,-40.45849,14.393114,-0.51219106,-0.77165127,-5.502954,11.674508,-35.483368,9.540194,-1.0582182,0.08427262,-5.47452,10.95723,-35.836926,15.767714,-1.0047154,0.53508663,-2.4856632,9.234797,-26.565697,21.390549,-0.3505174,0.8728225,846.7143516532543,570.4136801645755,4.200435954795645,1481.5410413240131,1028.5479870715544,1471.6152967394391,612.4000585784564,0.023848684210526317,0.03710058664097242,2.6572866847819046,0.56722397,0.348713,0.53595257,0.31798986,0.50541407,0.31654644,0.46638304,0.34122577,0.51011705,0.36766392,0.612181,0.31558797,0.53790474,0.30886105,0.39559287,0.30038738,0.3611383,0.3082411,0.40683913,0.3566859,0.4557861,0.38738462,0.50690424,0.39327776,-0.028329654857482768,0.04981825875205358,4.954674619418119e-06,0.07316319567314505,-0.0914417901689093,0.1090308564111064,-0.01159175981669493,0.12446936790844335,-0.012841382760174179,0.043878339871828896,0.00666836270829661,0.03740669748693573,[151.99908088],6,3.407071669542376,0.008093712,0.008492213,1.1951077,23.37286785879589,11.525467839615354,480.7734888528132,108.03137401341775,2047.3169717194132,1288.8339047161269,0.9212006,206.63579435343306,65.01480895053484,113.22324603078411,318.3992322368831,0.3840833474433636,-1.3077522225959164,205.175986206099,0.7763157894736842,1.7610430839002267,22050,/Users/will/Projects/SpeechEmotionCS3540/datasets/SURREY/Audio/KL_a03.wav,KL_a03.wav,KL,Anger,03,SAVEE
-577.704,113.217094,-750.9603,-386.52985,-0.16359293,-1.4024807,153.96094,66.15595,44.296104,237.48834,-0.29114664,-1.6151347,12.675909,33.03583,-62.29271,74.81775,-0.4544633,-0.94619894,13.483362,24.62329,-35.221275,94.39032,0.6064045,0.7713454,5.4473963,27.139006,-61.677185,64.83338,-0.25750938,-0.4864645,-4.8229136,21.79889,-74.54527,29.186005,-0.5244836,-0.06640601,-7.0411696,17.248932,-41.45202,27.877354,-0.16067663,-0.9250457,1.2402806,14.747321,-33.294975,29.055597,-0.33610177,-0.52224064,-7.2548504,16.445444,-46.05648,25.152737,-0.35813272,-0.7441683,-13.179026,16.261745,-56.33526,18.956947,-0.4250825,-0.46461105,-2.3603456,11.924585,-24.886114,30.01935,0.33562055,-0.1709714,-0.037402768,14.356831,-32.761795,35.177284,0.1960208,0.1675508,3.5609987,9.779155,-22.190327,36.63764,0.3064962,1.0969992,831.9621461860818,432.27081378344695,4.121441472795756,1441.1146502628505,888.4293021913592,1265.367854477625,562.4286804989079,0.027193158586448597,0.030919288498575375,2.630131485519972,0.48431867,0.31660134,0.426182,0.30977598,0.37641975,0.33429447,0.3952548,0.35428822,0.43105048,0.35705173,0.37510398,0.27315745,0.40639,0.30368507,0.36502144,0.25695753,0.39163008,0.3180234,0.43149439,0.3400961,0.43541747,0.34019005,0.49811885,0.35819736,0.014160335095527355,0.07915386744754165,-0.0004746651134926075,0.09942162999288907,-0.011737144256237352,0.1502829941329783,0.0021020027451979064,0.15172030763340819,0.016237599587946582,0.050990281550169124,-0.004776127212115058,0.041284486632408794,[117.45383523],13,5.255101105468678,0.008434988,0.0072574047,0.72947437,23.954943668334483,11.116078967589834,524.1374591322232,126.58265528447373,1497.3900719638964,948.7093001210382,0.48260906,131.09143738459264,12.142526271431382,109.99999999999999,173.60841241450115,0.3711374927157904,0.9464899422293214,63.60841241450116,0.5327102803738317,2.4737868480725624,22050,/Users/will/Projects/SpeechEmotionCS3540/datasets/SURREY/Audio/KL_a02.wav,KL_a02.wav,KL,Anger,02,SAVEE
-364.35843,111.098335,-486.9061,-173.43993,0.19159481,-1.7199936,85.916245,55.278053,17.723759,191.46819,0.32851598,-1.4353443,14.8569765,23.709574,-32.88202,97.258644,0.059409235,0.3184917,25.071068,24.948338,-19.531967,97.03528,0.48558602,0.2478118,9.540304,24.995928,-61.62848,67.36676,-0.8320912,0.9170301,2.669124,14.436912,-31.355854,23.501095,-1.0126207,-0.33154416,-16.974638,27.74474,-78.05409,12.845539,-0.600482,-0.9739704,2.3959005,8.979642,-19.9753,20.983822,-0.6594517,-0.09274316,3.1658206,11.86693,-34.315697,39.440247,-0.3025361,2.2962446,-10.728473,18.299294,-54.871246,12.095018,-0.4838544,-1.1880821,0.098778196,11.481058,-26.612608,23.289398,-0.29343766,-0.4083464,2.9898198,8.55636,-17.665375,24.169182,-0.11140535,0.55811167,-3.7796838,12.096855,-33.100803,13.628555,-0.75265884,-0.67763805,546.1745225003207,524.9053908221913,2.4004901164551575,943.4370561079545,1196.808168985078,978.0035852682454,427.2277367846302,0.016917219065656564,0.01862972654995618,0.4086039574286755,0.44891506,0.39038584,0.46634328,0.43277144,0.49454814,0.45274323,0.5165606,0.46437573,0.57888573,0.45755053,0.6458119,0.44361937,0.5840391,0.43213227,0.5781467,0.43260545,0.5973671,0.38641086,0.66130257,0.33929062,0.6266363,0.2725696,0.5113247,0.34512267,-0.028575091715445932,0.14028853375762704,0.017244709129237288,0.13329283851585366,0.0072193830203486,0.19762669979190828,-0.06464493711892988,0.20568939971360592,0.0016297518410027907,0.08165425249125594,-0.023243251074378204,0.057985588377089205,[151.99908088],6,2.6256772580229026,0.13017982,0.1077158,0.665719,26.441609849844056,13.168175845187871,309.6207433177239,241.57022695570288,1617.073279921209,581.0047082086281,5.4189343,227.05841707759427,16.971104973866595,177.66631669600923,252.71363809934766,-0.7738817553131347,0.2597235600467447,75.04732140333843,0.5050505050505051,2.285124716553288,22050,/Users/will/Projects/SpeechEmotionCS3540/datasets/SURREY/Audio/DC_f03.wav,DC_f03.wav,DC,Fear,03,SAVEE
-309.71762,142.04759,-473.00104,-27.568483,0.20188561,-1.495218,95.66154,66.04324,11.498386,217.76077,0.25608316,-1.3874714,9.658185,32.500195,-63.287544,93.310265,-0.18926276,-0.2097609,32.06606,30.93241,-29.326096,112.18382,1.0538735,0.53947353,-8.258512,38.821434,-101.47279,50.673096,-1.0151232,-0.22193384,-12.689767,27.948217,-85.62044,22.733387,-0.7076489,-0.65683246,-2.9209328,22.082716,-60.876453,39.675575,-0.60413945,0.10467887,2.3013585,13.955199,-31.904675,37.709854,-0.38709977,0.20816898,-8.378363,16.189394,-47.11566,14.296873,-0.47433338,-0.9983442,-1.2791294,12.220248,-33.73676,16.620382,-0.9499049,0.048398495,-2.8187103,11.337552,-25.765802,14.705488,-0.513703,-1.0057355,-3.830137,11.162808,-33.771164,15.233742,-0.65388125,-0.39784908,0.616186,8.197872,-27.17946,24.6038,-0.44025314,0.9956484,805.3178745189862,642.0008191977217,3.206427294835319,1327.9449462890625,1354.7095046702307,1236.4710500096905,395.44502505370724,0.027230398995535716,0.0343951836163291,2.2458987481124617,0.5766011,0.34309322,0.50491685,0.33570084,0.46527863,0.3765203,0.4880642,0.39642134,0.556237,0.38923743,0.595828,0.38676286,0.5329104,0.38119826,0.49409914,0.36600107,0.54035413,0.35417572,0.6233616,0.3559861,0.5941129,0.31470987,0.5556509,0.33192945,0.00287527603631042,0.05656716402466914,0.009619647726005804,0.05165243297736349,-0.03563363432268923,0.10814673901892541,0.013616104614421446,0.08586716429851152,0.004948423579128081,0.03510801664327815,0.00225285919441381,0.02943490581444093,[143.5546875],9,3.484574458745237,0.14833675,0.15656903,0.7926741,24.31729249917689,12.68933596677329,578.7476025377393,412.37996023098447,1572.6994795310718,937.2953159194379,0.493114,199.87531813205163,57.75142469032325,108.73654223881857,267.74077300753,-0.5133428561152525,-1.3801171239460388,159.0042307687114,0.49107142857142855,2.58281179138322,22050,/Users/will/Projects/SpeechEmotionCS3540/datasets/SURREY/Audio/JK_h03.wav,JK_h03.wav,JK,Happy,03,SAVEE
-355.45428,82.69195,-507.71854,-187.27614,-0.18294775,-0.9243257,121.10583,66.684135,-33.393562,235.93073,-0.30110663,-0.9317405,28.539608,33.011578,-60.46214,96.76117,-0.4884128,0.23907375,36.27845,41.032215,-58.195755,148.61098,0.021848371,-0.23061705,20.551304,28.773546,-53.695145,86.856735,-0.1647871,-0.3952837,0.4043648,26.023016,-60.374123,73.93123,0.08366202,-0.1197114,-23.752848,22.191027,-76.91185,21.476078,0.034940325,-0.9192653,-2.703221,14.530227,-35.63097,31.462486,-0.07442075,-0.55399585,0.027962754,13.318112,-37.944473,37.01238,-0.04375293,0.32485342,-14.340072,17.203304,-56.542854,18.25959,-0.39709595,-0.6979501,-0.6136253,12.3750305,-32.609318,34.211864,-0.16014718,-0.24233627,-1.8536392,10.008119,-27.302769,30.15337,0.4326626,0.68196535,-2.9570374,10.313093,-27.561857,21.236408,-0.31880707,-0.75700736,739.7719063097361,746.8392302746641,2.555982981745226,1364.3883014547414,1644.7881373556133,1009.2746973501751,590.9520146121404,0.020126167385057472,0.015715081473879965,0.5710304991524714,0.43510264,0.3747573,0.43705028,0.35971272,0.44332364,0.365959,0.47728884,0.4065304,0.40013373,0.37700626,0.37084275,0.40450203,0.34226477,0.39836997,0.30080622,0.36561573,0.3082087,0.34949353,0.345193,0.36436298,0.34401014,0.35817242,0.34202626,0.3286642,0.0065092642425575295,0.10683088490254614,0.0357595190240092,0.08861504357708849,-0.0012555226783532102,0.16925560761772226,0.02061437982066688,0.1615438819805441,-0.01753381337639998,0.04908736031452879,0.013376743991241929,0.05684646873324968,[75.99954044],26,4.293417209615817,0.09442244,0.052527837,1.3274915,26.455343793092773,12.1623186215847,303.4328691008296,158.50454067354232,1495.3588422642451,1245.028574634617,1.264349,146.89102538221613,15.791027895132014,115.20235351026894,182.87233715141332,0.26000912361975415,-0.6881260082289931,67.66998364114438,0.7203065134099617,6.05578231292517,22050,/Users/will/Projects/SpeechEmotionCS3540/datasets/SURREY/Audio/DC_d15.wav,DC_d15.wav,DC,Disgust,15,SAVEE
-405.09857,89.73135,-548.6991,-207.95311,0.053728648,-1.1628985,107.38147,62.97071,-41.625187,225.50128,-0.25447673,-0.8225329,37.997402,30.271162,-41.984398,123.27554,-0.13188769,0.2978301,42.50888,28.859375,-12.288542,142.84268,0.7408318,0.00086402893,5.986738,23.628317,-74.54649,62.688522,-0.66221714,0.8463888,9.268119,23.457397,-58.607513,75.73461,0.12324365,0.7875428,-9.815226,19.033504,-64.84991,31.953297,-0.558602,-0.34585452,-9.998395,16.892344,-61.724976,27.952576,-0.6544277,-0.19691205,-7.751602,17.41083,-59.557945,25.527521,-0.82535774,0.23475671,4.9309716,11.3586855,-27.36085,39.58201,-0.074659154,0.556751,4.133272,11.048381,-27.600372,33.196583,-0.10873616,-0.41850448,-1.7601438,11.865208,-32.212673,21.867975,-0.3746334,-0.71133375,1.8938849,11.709534,-31.961214,37.736267,-0.29332867,0.39845705,736.7818361629863,896.0989415914892,2.1696819798900138,1307.4691772460938,1918.4126839854493,1100.0076395667015,689.9305281745005,0.011257171630859375,0.01225284502776671,0.7990620358309176,0.4884704,0.35582975,0.5613985,0.36942998,0.5340301,0.38680613,0.5278883,0.38385612,0.55755985,0.38877007,0.625996,0.37516665,0.6185157,0.38799167,0.5214032,0.39017868,0.47786427,0.39897937,0.41318455,0.37071407,0.3563472,0.3388687,0.36196363,0.30847114,-0.010509877380169267,0.09441221351766436,-0.0065564961018303725,0.11601507862340635,-0.04554541522338749,0.135383745528652,0.008316997045766977,0.17336436500747388,-0.014570938694082798,0.05039170326322337,-0.0033701055331221237,0.05270481884230797,[151.99908088],24,4.044881986058456,0.077786155,0.04087313,1.0988885,25.442319683577352,13.20225080453242,223.32894990929935,134.27918563578692,1665.5616832081655,1361.047267474801,2.36167,172.65575688049918,20.829938061120856,125.62905732418486,227.75828324510303,-0.05618965632901218,-0.4573399106962843,102.12922592091817,0.61328125,5.933424036281179,22050,/Users/will/Projects/SpeechEmotionCS3540/datasets/SURREY/Audio/JE_sa11.wav,JE_sa11.wav,JE,Sad,11,SAVEE
-425.20663,93.68935,-583.0427,-242.02919,-0.19706543,-1.1870869,125.43377,69.99609,-64.06188,244.5187,-0.22946559,-0.72091055,33.6954,31.255608,-66.1375,110.10086,-0.19512828,0.16850042,41.54825,39.086784,-42.093002,151.58315,0.5389252,0.029321909,9.5842,27.195045,-66.138405,75.25906,-0.27325353,0.23252368,6.662452,23.545582,-54.871304,74.50241,0.26737624,0.4625454,-13.055039,21.75409,-65.47972,22.651577,-0.23348801,-1.1463143,-7.255009,17.50651,-61.08899,22.454262,-0.549844,-0.3276162,-0.9612275,14.300423,-38.040924,39.907375,-0.32903475,0.17859936,1.7010152,12.420262,-38.14147,37.196735,-0.5360118,0.3795941,0.46275747,12.397006,-33.523933,30.159641,-0.26106724,-0.49072933,-0.058997177,11.352996,-30.47113,19.025078,-0.45948792,-0.58083105,-0.59005165,11.2146,-29.299831,27.404985,-0.25781098,-0.3972683,631.379288729882,700.5583123038175,2.5319225112130104,1180.8231627541866,1681.7668956140428,1015.6092311115857,643.8158562639791,0.013071452601674641,0.012508426731451146,0.3873847524587675,0.4400591,0.3663826,0.50564253,0.38552985,0.5513165,0.3559641,0.60109395,0.37713388,0.58331513,0.39664727,0.5544451,0.41965026,0.50604534,0.42146707,0.47204027,0.41184783,0.45184654,0.40996444,0.4029185,0.37090164,0.39569208,0.34832934,0.39290038,0.3271868,-0.011075214705157248,0.09781701171895464,-0.004572704867100385,0.08686161754794475,-0.0053351108122924994,0.17245293390284402,0.023331343423592596,0.14375076743185472,0.007824377957199289,0.046957749533402975,-0.002579654737389027,0.05207576076721664,[64.59960938],22,4.552706659659133,0.074892946,0.031745885,0.52015764,26.104622526984112,12.705568858071308,235.54739079302402,160.93156696301872,1650.7624585097171,1253.7406486345149,4.7005043,163.89821203645994,19.07070511146343,130.0593564629863,210.06515286029162,0.4293481152110787,-0.4979230756172748,80.00579639730532,0.6602870813397129,4.832290249433107,22050,/Users/will/Projects/SpeechEmotionCS3540/datasets/SURREY/Audio/JE_sa05.wav,JE_sa05.wav,JE,Sad,05,SAVEE
-378.18832,84.686165,-517.1023,-212.56592,-0.26823157,-1.08753,116.33114,69.85424,-54.481724,218.33586,-0.3295548,-0.9539261,27.158125,34.70836,-85.694664,101.52012,-0.55152035,0.31295967,42.94871,38.73403,-38.259712,158.73335,0.79465383,0.2784934,19.233519,23.869392,-36.201298,73.37303,-0.016727401,-0.59503675,-3.1746762,23.322674,-70.49774,45.742966,-0.22981128,-0.28947973,-19.248192,23.62857,-70.552505,16.779556,-0.20953093,-1.254787,-1.8134685,12.129856,-32.25664,27.559414,-0.2035491,-0.29073834,-1.3855814,13.408296,-29.841825,33.039116,0.020199703,-0.54677033,-14.800052,18.773499,-53.100044,20.519657,-0.015053721,-1.0209751,-0.97179407,13.680278,-32.598618,28.497269,-0.25074035,-0.8104973,-0.2624973,9.928705,-23.928051,30.372337,-0.040896967,0.27148128,-4.3876767,10.785192,-30.962748,27.375397,-0.23486057,-0.5668931,692.0750987258598,800.1218425426557,2.584686668682,1154.374402634641,1531.7846344036461,927.6677234716378,519.0568948899034,0.016632729388297872,0.014627785008850034,0.4710002333378925,0.4620766,0.3559452,0.48794585,0.37475556,0.44899952,0.36471763,0.47791615,0.40411487,0.48043093,0.3916399,0.519768,0.3948473,0.54133487,0.40956792,0.4171792,0.396235,0.3871219,0.39718372,0.41060597,0.38439426,0.40525728,0.3643134,0.41227013,0.35133368,-0.005741637243584126,0.0738947800407243,0.005201041017394232,0.09421959483886726,-0.03113652589146412,0.16313975701360547,0.003481637119275424,0.1250159219847513,-0.017194528822970373,0.04429386399016405,0.003542281977678739,0.04151879924397097,[135.99917763],19,4.357208973385612,0.09197771,0.055681348,1.156634,25.5306189841023,12.397071610488092,266.0303625347376,144.9032864721581,1405.7879643430092,1098.222041742556,0.956931,158.52085165111112,21.234901428874466,111.27813843321147,202.90956258890662,-0.5856988836432604,-0.5958444982472173,91.63142415569516,0.5531914893617021,4.3605895691609975,22050,/Users/will/Projects/SpeechEmotionCS3540/datasets/SURREY/Audio/DC_d01.wav,DC_d01.wav,DC,Disgust,01,SAVEE
-372.65262,106.562355,-541.66223,-48.407455,0.24253343,-0.4748354,118.87903,74.54182,-74.897804,245.54507,-0.41429177,-0.5588622,20.411137,41.426346,-113.772804,111.295654,-0.35823035,-0.40780568,54.04077,34.912178,-36.068382,147.53229,0.29542902,-0.19045973,-3.8406787,32.40301,-82.40399,50.808327,-0.7312624,-0.53613067,-8.491509,32.60057,-92.11011,68.11357,-0.035960164,-0.15363383,0.7918801,20.801933,-52.030106,50.473984,-0.2625966,-0.18399906,-1.2937127,17.28385,-38.08186,43.82013,0.24913117,-0.14833665,-13.639503,14.277555,-59.219284,14.770324,-0.42808476,-0.122995615,2.896973,12.394857,-27.313166,29.995884,-0.16752237,-0.46836615,2.8179612,17.130465,-43.09944,47.88759,-0.40300617,0.3383758,-3.576677,10.778008,-29.298752,28.59543,-0.049626227,-0.3255179,-3.5186026,10.61547,-36.54702,25.043285,-0.31028345,0.36804938,1007.1659434451981,1057.191396324683,2.211196512313028,1908.544921875,1933.8713296186359,1220.1270924474575,632.8944123942518,0.0212093431122449,0.047051982045057394,5.382256820662962,0.45234355,0.3431042,0.48538283,0.34915692,0.4527125,0.3760066,0.4603663,0.3723273,0.49768904,0.37699726,0.5227563,0.3908124,0.49584496,0.36658764,0.4726717,0.35657513,0.5261532,0.3542498,0.52554727,0.32139966,0.42068535,0.3206513,0.37364626,0.30010864,0.020821249940672224,0.0884026156371489,0.011757807043040806,0.061754794040289676,-0.07071895572375933,0.0983908269641759,0.004331937413281971,0.12945510768157664,-0.0071914292625463285,0.045647797054048714,-0.000439629534601528,0.03968061587910343,[143.5546875],25,4.396318656341466,0.07395921,0.043188863,1.8834974,25.814072551172927,13.026731516754385,348.9761460525523,241.20658602511486,1783.2813955277347,1427.4410082560232,0.54886705,122.43862383230915,15.2252213418329,102.04250286354403,149.39896882100535,0.35590852488602676,-1.4549136927140063,47.356465957461324,0.3510204081632653,5.686575963718821,22050,/Users/will/Projects/SpeechEmotionCS3540/datasets/SURREY/Audio/JK_n11.wav,JK_n11.wav,JK,Neutral,11,SAVEE
-373.50662,113.6897,-529.29834,-78.88241,0.31458917,-0.89688444,93.89907,78.55663,-69.15608,252.02591,0.08050646,-0.84703255,25.573858,36.26562,-66.051956,105.807816,-0.111498855,-0.070267916,42.338665,33.28057,-42.82422,147.80296,0.76647645,0.94145846,-7.0061893,32.676437,-95.239075,50.4256,-0.8456419,-0.36686015,-4.4112825,27.809668,-74.587036,50.67289,-0.41689923,-0.4932747,-4.1083713,14.901561,-50.37603,24.09356,-0.8111921,0.034703255,4.25856,14.995976,-38.357025,36.970154,-0.2595421,0.09918356,-6.902097,19.024439,-52.713333,36.22681,-0.37932873,-0.33990932,-0.8371535,14.105667,-38.3111,28.611229,-0.34350926,-0.09245896,0.63094693,11.574961,-39.55012,23.70651,-1.0451921,1.623136,-0.8447669,9.912061,-27.7605,26.288803,-0.18758538,-0.26647043,-0.8733733,9.487201,-25.031101,17.878447,-0.49241197,-0.3130226,1269.5432231507693,1387.0044159857412,1.5577894203748195,2123.9163523706898,2287.097315297678,1302.11244450804,636.8335399450868,0.04860924030172414,0.07370741548411301,2.427938917110882,0.48838058,0.34672138,0.49970025,0.33811077,0.54507947,0.3594528,0.54671675,0.35667065,0.50404865,0.37923223,0.52349186,0.39544296,0.510335,0.38176578,0.48556843,0.35144544,0.5135208,0.3535994,0.47134846,0.34595218,0.45093393,0.35036668,0.45508045,0.3320469,-0.013468967071931588,0.08430686048376983,-0.0064924942344112835,0.05342025829406504,0.020966907577781347,0.12761387622933656,0.03898653844050251,0.14838695249117329,-0.015974479410291374,0.036283600644157796,-0.012792398329374597,0.05022915224854678,[95.703125],12,3.577464407879616,0.06632735,0.07335947,1.7529368,24.456582040566573,13.353943607802492,570.8887546280293,406.33656841580563,1908.4699932825768,1596.6535039159878,0.123355255,130.14215552106555,19.90329192217205,99.71184887709214,177.66631669600923,0.3443992730735537,-0.8898666347604229,77.9544678189171,0.503448275862069,3.354331065759637,22050,/Users/will/Projects/SpeechEmotionCS3540/datasets/SURREY/Audio/JK_n05.wav,JK_n05.wav,JK,Neutral,05,SAVEE
-242.53232,111.73838,-460.71765,-47.818863,-0.61566645,-0.7174475,105.94387,64.40843,-42.20906,212.96054,-0.4126475,-1.0813559,1.0212547,29.232164,-64.944,73.75568,-0.2698569,-0.3244028,41.49006,31.338514,-5.5832973,123.53375,0.9444082,0.025369167,-0.9765474,25.880106,-74.61271,60.49993,-0.5243745,0.030909777,3.0489542,23.033443,-53.900635,54.77942,-0.39328915,-0.44498897,-23.241648,21.379879,-72.89755,15.762457,-0.09921904,-0.75076866,-7.3381767,12.467532,-37.046432,28.527805,0.113234945,-0.45683074,-7.3054304,19.037754,-55.278732,34.582573,-0.10404645,-0.6789546,-5.451979,13.350992,-32.47625,21.303064,-0.087898746,-1.0169913,-5.206849,10.483212,-39.544655,14.6531925,-0.61383027,0.32829022,-6.2053537,11.821499,-37.869984,13.605448,-0.4912923,-0.42019486,0.501624,9.502289,-26.81164,26.301632,-0.10217457,-0.18149304,1096.0626031603422,884.5666286417855,1.7929106933425933,2078.093927556818,1738.997368817541,1356.7196199373939,535.9002600985498,0.027105950689935064,0.021448836911109166,1.3711627789286525,0.43437615,0.37869358,0.39290127,0.37336388,0.39297014,0.3688984,0.38598192,0.36418426,0.40730533,0.3879538,0.4070362,0.3929759,0.36258662,0.37144032,0.37284282,0.36236626,0.45809826,0.37698096,0.4828672,0.3643646,0.42788428,0.33527452,0.43133268,0.3374187,-0.013302075857996035,0.06567187313094013,0.024157030036928238,0.11146543548656615,-0.014476943469316548,0.10067112270063926,0.026493257504294716,0.1777086628390252,-0.004380968809281447,0.04028705609367,0.010450673306605807,0.06234074570929514,[135.99917763],18,5.057146133557586,0.22772048,0.1687185,0.6284089,25.34640679167835,13.995364839576299,640.5550776154585,378.39557615713846,1812.7213216105263,1252.1819067411427,1.115442,199.967500875761,38.97176467114881,121.34967043801211,267.74077300753,0.03992764371620417,-1.1874168036563357,146.39110256951787,0.6298701298701299,3.5593197278911566,22050,/Users/will/Projects/SpeechEmotionCS3540/datasets/SURREY/Audio/JE_a01.wav,JE_a01.wav,JE,Anger,01,SAVEE
-307.62204,108.425285,-466.97833,-90.56306,0.034644004,-1.29919,107.92218,62.504642,-46.42386,211.51526,-0.22461803,-1.2310934,13.135522,37.28833,-60.591522,93.86478,-0.0010678571,-0.6597755,44.441055,30.081873,-39.149914,115.00039,0.58943,-0.3425312,17.282703,25.940351,-56.09954,77.354645,-0.610023,0.32172418,-7.6082025,23.216507,-65.31829,58.221622,-0.12014039,-0.1465466,-19.769161,20.570606,-62.26086,24.928375,-0.19270755,-1.1143649,-8.4447155,14.308507,-44.412476,20.479733,-0.23472194,-0.73141074,-8.344037,14.54114,-49.58702,26.784267,-0.24707514,-0.25903487,-5.967868,12.381292,-40.498142,22.204796,-0.50737256,-0.43873167,-2.1817608,11.733254,-35.893154,29.197273,-0.3016224,0.036910295,-1.7727169,11.22791,-28.047384,29.107971,-0.13962887,-0.54474616,-1.7639679,10.063547,-36.357998,17.33319,-0.7369926,4.6253204e-05,965.1797024196595,800.4206955462485,2.4326928375361896,1933.0943714488637,1671.2244578713046,1237.9497911620397,545.4548571685743,0.026291355942234848,0.02905156295782282,2.9625631590901165,0.5339373,0.3277151,0.5091842,0.3116536,0.43730858,0.3260381,0.3626788,0.33118996,0.34518778,0.36777037,0.36292624,0.39382827,0.31764817,0.32514048,0.33881605,0.3276004,0.37125343,0.33561912,0.40852845,0.33594328,0.42254424,0.35506076,0.43937832,0.3040281,0.02343517640796153,0.10274360731368508,0.03157837051366146,0.0857467264949779,-0.02022458427889079,0.12997805844507435,0.019837764252301382,0.17507454305167575,-0.008315344643317573,0.05221953540980399,0.0017088344858634875,0.04523511458935947,[112.34714674],23,3.7662077262398075,0.1385856,0.12696618,0.79264987,25.892132757787802,12.674005266229523,497.4811005917607,288.0912118420318,1573.1556549902853,1132.3543308770923,1.0681776,135.45915690630684,15.358490729541556,102.04250286354403,176.64303400994282,0.5959119215584581,0.5091303090705201,74.6005311463988,0.6174242424242424,6.106938775510204,22050,/Users/will/Projects/SpeechEmotionCS3540/datasets/SURREY/Audio/JE_a15.wav,JE_a15.wav,JE,Anger,15,SAVEE
-449.69916,88.28277,-577.2358,-283.87744,0.022672908,-1.5250728,145.44629,69.25355,-11.7672,250.68146,-0.08254194,-1.338419,43.794575,31.453646,-53.579308,108.71742,-0.5905805,0.30164957,27.957184,28.312849,-40.249214,129.55154,0.82043254,2.305812,16.248894,25.572159,-40.167175,79.51408,0.26174983,-0.058657408,-3.3188832,28.26637,-76.03116,49.664,-0.7893652,0.05873704,-9.205433,19.031065,-51.425415,23.25452,-0.3453634,-1.0053266,4.6864567,12.570986,-27.924099,36.09378,0.044172477,0.35516167,-1.0924793,11.645841,-31.48717,23.480194,-0.58910483,-0.037995577,-8.851452,17.761116,-44.741776,37.790848,0.17774889,-0.5527384,1.4892483,11.779683,-44.34385,24.106544,-1.1512808,2.7858906,4.704932,10.045501,-15.328253,34.020958,0.5685507,0.59823155,-4.9378014,11.07475,-36.12436,13.759539,-0.62715,-0.2518499,427.03619030347056,533.3309313320033,4.502474740077355,643.7122691761364,1061.984465909103,755.3304590869147,408.9731764877401,0.011888908617424242,0.012663971578548202,0.7858659682541747,0.59118944,0.32211262,0.5431511,0.34178576,0.528924,0.37465504,0.5710438,0.3985252,0.52555674,0.39619827,0.5240476,0.4005965,0.52476037,0.4056907,0.47074002,0.41421604,0.46818304,0.4121174,0.50134736,0.37553033,0.543519,0.32697383,0.5531812,0.28839362,-0.03960844717103578,0.09401563899177996,0.01700946131212539,0.11588428038717605,0.019422346496756605,0.15223016197220973,-0.0145716571115018,0.16055375142233938,-0.01590360144041416,0.05245335199512116,-0.009129919621486645,0.05315692870677625,[103.359375],12,3.9318245984219207,0.06592032,0.032358654,1.112811,24.421504125680443,12.00634416876206,186.3477641842389,143.41899531934453,1137.8610794539595,816.5750136590797,2.5304363,130.73412796863795,19.976994981962836,95.20902171067573,174.61411571650194,0.82242381259112,-0.2153792292091996,79.40509400582621,0.5757575757575758,3.052018140589569,22050,/Users/will/Projects/SpeechEmotionCS3540/datasets/SURREY/Audio/DC_n22.wav,DC_n22.wav,DC,Neutral,22,SAVEE
