actor_id,emotion,word,gender,age,filename,dataset
OAF,Fear,third,female,Old,OAF_third_fear.wav,TESS
OAF,Fear,yes,female,Old,OAF_yes_fear.wav,TESS
OAF,Fear,thin,female,Old,OAF_thin_fear.wav,TESS
OAF,Fear,lose,female,Old,OAF_lose_fear.wav,TESS
OAF,Fear,pole,female,Old,OAF_pole_fear.wav,TESS
OAF,Fear,kick,female,Old,OAF_kick_fear.wav,TESS
OAF,Fear,nag,female,Old,OAF_nag_fear.wav,TESS
OAF,Fear,met,female,Old,OAF_met_fear.wav,TESS
OAF,Fear,dip,female,Old,OAF_dip_fear.wav,TESS
OAF,Fear,hash,female,Old,OAF_hash_fear.wav,TESS
OAF,Fear,mood,female,Old,OAF_mood_fear.wav,TESS
OAF,Fear,bath,female,Old,OAF_bath_fear.wav,TESS
OAF,Fear,far,female,Old,OAF_far_fear.wav,TESS
OAF,Fear,such,female,Old,OAF_such_fear.wav,TESS
OAF,Fear,soup,female,Old,OAF_soup_fear.wav,TESS
OAF,Fear,name,female,Old,OAF_name_fear.wav,TESS
OAF,Fear,lid,female,Old,OAF_lid_fear.wav,TESS
OAF,Fear,ditch,female,Old,OAF_ditch_fear.wav,TESS
OAF,Fear,numb,female,Old,OAF_numb_fear.wav,TESS
OAF,Fear,rat,female,Old,OAF_rat_fear.wav,TESS
OAF,Fear,wash,female,Old,OAF_wash_fear.wav,TESS
OAF,Fear,pain,female,Old,OAF_pain_fear.wav,TESS
OAF,Fear,moon,female,Old,OAF_moon_fear.wav,TESS
OAF,Fear,bought,female,Old,OAF_bought_fear.wav,TESS
OAF,Fear,which,female,Old,OAF_which_fear.wav,TESS
OAF,Fear,goal,female,Old,OAF_goal_fear.wav,TESS
OAF,Fear,match,female,Old,OAF_match_fear.wav,TESS
OAF,Fear,beg,female,Old,OAF_beg_fear.wav,TESS
OAF,Fear,time,female,Old,OAF_time_fear.wav,TESS
OAF,Fear,pass,female,Old,OAF_pass_fear.wav,TESS
OAF,Fear,hire,female,Old,OAF_hire_fear.wav,TESS
OAF,Fear,bone,female,Old,OAF_bone_fear.wav,TESS
OAF,Fear,lean,female,Old,OAF_lean_fear.wav,TESS
OAF,Fear,wire,female,Old,OAF_wire_fear.wav,TESS
OAF,Fear,hate,female,Old,OAF_hate_fear.wav,TESS
OAF,Fear,base,female,Old,OAF_base_fear.wav,TESS
OAF,Fear,gap,female,Old,OAF_gap_fear.wav,TESS
OAF,Fear,take,female,Old,OAF_take_fear.wav,TESS
OAF,Fear,sheep,female,Old,OAF_sheep_fear.wav,TESS
OAF,Fear,vine,female,Old,OAF_vine_fear.wav,TESS
OAF,Fear,ring,female,Old,OAF_ring_fear.wav,TESS
OAF,Fear,burn,female,Old,OAF_burn_fear.wav,TESS
OAF,Fear,goose,female,Old,OAF_goose_fear.wav,TESS
OAF,Fear,when,female,Old,OAF_when_fear.wav,TESS
OAF,Fear,deep,female,Old,OAF_deep_fear.wav,TESS
OAF,Fear,neat,female,Old,OAF_neat_fear.wav,TESS
OAF,Fear,turn,female,Old,OAF_turn_fear.wav,TESS
OAF,Fear,back,female,Old,OAF_back_fear.wav,TESS
OAF,Fear,date,female,Old,OAF_date_fear.wav,TESS
OAF,Fear,live,female,Old,OAF_live_fear.wav,TESS
OAF,Fear,mode,female,Old,OAF_mode_fear.wav,TESS
OAF,Fear,whip,female,Old,OAF_whip_fear.wav,TESS
OAF,Fear,lore,female,Old,OAF_lore_fear.wav,TESS
OAF,Fear,rag,female,Old,OAF_rag_fear.wav,TESS
OAF,Fear,kite,female,Old,OAF_kite_fear.wav,TESS
OAF,Fear,fall,female,Old,OAF_fall_fear.wav,TESS
OAF,Fear,cool,female,Old,OAF_cool_fear.wav,TESS
OAF,Fear,dime,female,Old,OAF_dime_fear.wav,TESS
OAF,Fear,tell,female,Old,OAF_tell_fear.wav,TESS
OAF,Fear,soap,female,Old,OAF_soap_fear.wav,TESS
OAF,Fear,witch,female,Old,OAF_witch_fear.wav,TESS
OAF,Fear,long,female,Old,OAF_long_fear.wav,TESS
OAF,Fear,reach,female,Old,OAF_reach_fear.wav,TESS
OAF,Fear,mess,female,Old,OAF_mess_fear.wav,TESS
OAF,Fear,shout,female,Old,OAF_shout_fear.wav,TESS
OAF,Fear,keen,female,Old,OAF_keen_fear.wav,TESS
OAF,Fear,shack,female,Old,OAF_shack_fear.wav,TESS
OAF,Fear,thumb,female,Old,OAF_thumb_fear.wav,TESS
OAF,Fear,bite,female,Old,OAF_bite_fear.wav,TESS
OAF,Fear,near,female,Old,OAF_near_fear.wav,TESS
OAF,Fear,wife,female,Old,OAF_wife_fear.wav,TESS
OAF,Fear,red,female,Old,OAF_red_fear.wav,TESS
OAF,Fear,five,female,Old,OAF_five_fear.wav,TESS
OAF,Fear,vote,female,Old,OAF_vote_fear.wav,TESS
OAF,Fear,team,female,Old,OAF_team_fear.wav,TESS
OAF,Fear,puff,female,Old,OAF_puff_fear.wav,TESS
OAF,Fear,check,female,Old,OAF_check_fear.wav,TESS
OAF,Fear,germ,female,Old,OAF_germ_fear.wav,TESS
OAF,Fear,juice,female,Old,OAF_juice_fear.wav,TESS
OAF,Fear,make,female,Old,OAF_make_fear.wav,TESS
OAF,Fear,rush,female,Old,OAF_rush_fear.wav,TESS
OAF,Fear,chalk,female,Old,OAF_chalk_fear.wav,TESS
OAF,Fear,hush,female,Old,OAF_hush_fear.wav,TESS
OAF,Fear,tire,female,Old,OAF_tire_fear.wav,TESS
OAF,Fear,king,female,Old,OAF_king_fear.wav,TESS
OAF,Fear,shawl,female,Old,OAF_shawl_fear.wav,TESS
OAF,Fear,said,female,Old,OAF_said_fear.wav,TESS
OAF,Fear,hit,female,Old,OAF_hit_fear.wav,TESS
OAF,Fear,size,female,Old,OAF_size_fear.wav,TESS
OAF,Fear,dodge,female,Old,OAF_dodge_fear.wav,TESS
OAF,Fear,death,female,Old,OAF_death_fear.wav,TESS
OAF,Fear,seize,female,Old,OAF_seize_fear.wav,TESS
OAF,Fear,good,female,Old,OAF_good_fear.wav,TESS
OAF,Fear,gun,female,Old,OAF_gun_fear.wav,TESS
OAF,Fear,fat,female,Old,OAF_fat_fear.wav,TESS
OAF,Fear,chain,female,Old,OAF_chain_fear.wav,TESS
OAF,Fear,get,female,Old,OAF_get_fear.wav,TESS
OAF,Fear,pool,female,Old,OAF_pool_fear.wav,TESS
OAF,Fear,calm,female,Old,OAF_calm_fear.wav,TESS
OAF,Fear,wag,female,Old,OAF_wag_fear.wav,TESS
OAF,Fear,keep,female,Old,OAF_keep_fear.wav,TESS
OAF,Fear,sub,female,Old,OAF_sub_fear.wav,TESS
OAF,Fear,cheek,female,Old,OAF_cheek_fear.wav,TESS
OAF,Fear,raise,female,Old,OAF_raise_fear.wav,TESS
OAF,Fear,boat,female,Old,OAF_boat_fear.wav,TESS
OAF,Fear,doll,female,Old,OAF_doll_fear.wav,TESS
OAF,Fear,pick,female,Old,OAF_pick_fear.wav,TESS
OAF,Fear,jail,female,Old,OAF_jail_fear.wav,TESS
OAF,Fear,door,female,Old,OAF_door_fear.wav,TESS
OAF,Fear,limb,female,Old,OAF_limb_fear.wav,TESS
OAF,Fear,late,female,Old,OAF_late_fear.wav,TESS
OAF,Fear,merge,female,Old,OAF_merge_fear.wav,TESS
OAF,Fear,youth,female,Old,OAF_youth_fear.wav,TESS
OAF,Fear,keg,female,Old,OAF_keg_fear.wav,TESS
OAF,Fear,have,female,Old,OAF_have_fear.wav,TESS
OAF,Fear,came,female,Old,OAF_came_fear.wav,TESS
OAF,Fear,thought,female,Old,OAF_thought_fear.wav,TESS
OAF,Fear,gaze,female,Old,OAF_gaze_fear.wav,TESS
OAF,Fear,bar,female,Old,OAF_bar_fear.wav,TESS
OAF,Fear,cause,female,Old,OAF_cause_fear.wav,TESS
OAF,Fear,book,female,Old,OAF_book_fear.wav,TESS
OAF,Fear,fit,female,Old,OAF_fit_fear.wav,TESS
OAF,Fear,wheat,female,Old,OAF_wheat_fear.wav,TESS
OAF,Fear,hall,female,Old,OAF_hall_fear.wav,TESS
OAF,Fear,ripe,female,Old,OAF_ripe_fear.wav,TESS
OAF,Fear,dead,female,Old,OAF_dead_fear.wav,TESS
OAF,Fear,fail,female,Old,OAF_fail_fear.wav,TESS
OAF,Fear,void,female,Old,OAF_void_fear.wav,TESS
OAF,Fear,room,female,Old,OAF_room_fear.wav,TESS
OAF,Fear,mop,female,Old,OAF_mop_fear.wav,TESS
OAF,Fear,peg,female,Old,OAF_peg_fear.wav,TESS
OAF,Fear,gas,female,Old,OAF_gas_fear.wav,TESS
OAF,Fear,note,female,Old,OAF_note_fear.wav,TESS
OAF,Fear,phone,female,Old,OAF_phone_fear.wav,TESS
OAF,Fear,luck,female,Old,OAF_luck_fear.wav,TESS
OAF,Fear,pike,female,Old,OAF_pike_fear.wav,TESS
OAF,Fear,dog,female,Old,OAF_dog_fear.wav,TESS
OAF,Fear,shall,female,Old,OAF_shall_fear.wav,TESS
OAF,Fear,mill,female,Old,OAF_mill_fear.wav,TESS
OAF,Fear,sell,female,Old,OAF_sell_fear.wav,TESS
OAF,Fear,rose,female,Old,OAF_rose_fear.wav,TESS
OAF,Fear,half,female,Old,OAF_half_fear.wav,TESS
OAF,Fear,talk,female,Old,OAF_talk_fear.wav,TESS
OAF,Fear,perch,female,Old,OAF_perch_fear.wav,TESS
OAF,Fear,sour,female,Old,OAF_sour_fear.wav,TESS
OAF,Fear,pad,female,Old,OAF_pad_fear.wav,TESS
OAF,Fear,chat,female,Old,OAF_chat_fear.wav,TESS
OAF,Fear,home,female,Old,OAF_home_fear.wav,TESS
OAF,Fear,read,female,Old,OAF_read_fear.wav,TESS
OAF,Fear,jar,female,Old,OAF_jar_fear.wav,TESS
OAF,Fear,chief,female,Old,OAF_chief_fear.wav,TESS
OAF,Fear,voice,female,Old,OAF_voice_fear.wav,TESS
OAF,Fear,learn,female,Old,OAF_learn_fear.wav,TESS
OAF,Fear,dab,female,Old,OAF_dab_fear.wav,TESS
OAF,Fear,cab,female,Old,OAF_cab_fear.wav,TESS
OAF,Fear,haze,female,Old,OAF_haze_fear.wav,TESS
OAF,Fear,sail,female,Old,OAF_sail_fear.wav,TESS
OAF,Fear,page,female,Old,OAF_page_fear.wav,TESS
OAF,Fear,young,female,Old,OAF_young_fear.wav,TESS
OAF,Fear,tough,female,Old,OAF_tough_fear.wav,TESS
OAF,Fear,rain,female,Old,OAF_rain_fear.wav,TESS
OAF,Fear,walk,female,Old,OAF_walk_fear.wav,TESS
OAF,Fear,join,female,Old,OAF_join_fear.wav,TESS
OAF,Fear,tape,female,Old,OAF_tape_fear.wav,TESS
OAF,Fear,mouse,female,Old,OAF_mouse_fear.wav,TESS
OAF,Fear,loaf,female,Old,OAF_loaf_fear.wav,TESS
OAF,Fear,yearn,female,Old,OAF_yearn_fear.wav,TESS
OAF,Fear,rot,female,Old,OAF_rot_fear.wav,TESS
OAF,Fear,food,female,Old,OAF_food_fear.wav,TESS
OAF,Fear,road,female,Old,OAF_road_fear.wav,TESS
OAF,Fear,gin,female,Old,OAF_gin_fear.wav,TESS
OAF,Fear,sure,female,Old,OAF_sure_fear.wav,TESS
OAF,Fear,laud,female,Old,OAF_laud_fear.wav,TESS
OAF,Fear,life,female,Old,OAF_life_fear.wav,TESS
OAF,Fear,search,female,Old,OAF_search_fear.wav,TESS
OAF,Fear,pearl,female,Old,OAF_pearl_fear.wav,TESS
OAF,Fear,jug,female,Old,OAF_jug_fear.wav,TESS
OAF,Fear,should,female,Old,OAF_should_fear.wav,TESS
OAF,Fear,lot,female,Old,OAF_lot_fear.wav,TESS
OAF,Fear,raid,female,Old,OAF_raid_fear.wav,TESS
OAF,Fear,rough,female,Old,OAF_rough_fear.wav,TESS
OAF,Fear,tool,female,Old,OAF_tool_fear.wav,TESS
OAF,Fear,ton,female,Old,OAF_ton_fear.wav,TESS
OAF,Fear,chair,female,Old,OAF_chair_fear.wav,TESS
OAF,Fear,love,female,Old,OAF_love_fear.wav,TESS
OAF,Fear,white,female,Old,OAF_white_fear.wav,TESS
OAF,Fear,mob,female,Old,OAF_mob_fear.wav,TESS
OAF,Fear,week,female,Old,OAF_week_fear.wav,TESS
OAF,Fear,south,female,Old,OAF_south_fear.wav,TESS
OAF,Fear,knock,female,Old,OAF_knock_fear.wav,TESS
OAF,Fear,judge,female,Old,OAF_judge_fear.wav,TESS
OAF,Fear,lease,female,Old,OAF_lease_fear.wav,TESS
OAF,Fear,tip,female,Old,OAF_tip_fear.wav,TESS
OAF,Fear,nice,female,Old,OAF_nice_fear.wav,TESS
OAF,Fear,hurl,female,Old,OAF_hurl_fear.wav,TESS
OAF,Fear,shirt,female,Old,OAF_shirt_fear.wav,TESS
OAF,Fear,choice,female,Old,OAF_choice_fear.wav,TESS
OAF,Fear,hole,female,Old,OAF_hole_fear.wav,TESS
OAF,Fear,bean,female,Old,OAF_bean_fear.wav,TESS
OAF,Fear,kill,female,Old,OAF_kill_fear.wav,TESS
OAF,Sad,gaze,female,Old,OAF_gaze_sad.wav,TESS
OAF,Sad,neat,female,Old,OAF_neat_sad.wav,TESS
OAF,Sad,mouse,female,Old,OAF_mouse_sad.wav,TESS
OAF,Sad,page,female,Old,OAF_page_sad.wav,TESS
OAF,Sad,check,female,Old,OAF_check_sad.wav,TESS
OAF,Sad,bite,female,Old,OAF_bite_sad.wav,TESS
OAF,Sad,chat,female,Old,OAF_chat_sad.wav,TESS
OAF,Sad,ton,female,Old,OAF_ton_sad.wav,TESS
OAF,Sad,knock,female,Old,OAF_knock_sad.wav,TESS
OAF,Sad,late,female,Old,OAF_late_sad.wav,TESS
OAF,Sad,search,female,Old,OAF_search_sad.wav,TESS
OAF,Sad,whip,female,Old,OAF_whip_sad.wav,TESS
OAF,Sad,tape,female,Old,OAF_tape_sad.wav,TESS
OAF,Sad,talk,female,Old,OAF_talk_sad.wav,TESS
OAF,Sad,bean,female,Old,OAF_bean_sad.wav,TESS
OAF,Sad,when,female,Old,OAF_when_sad.wav,TESS
OAF,Sad,king,female,Old,OAF_king_sad.wav,TESS
OAF,Sad,south,female,Old,OAF_south_sad.wav,TESS
OAF,Sad,reach,female,Old,OAF_reach_sad.wav,TESS
OAF,Sad,hire,female,Old,OAF_hire_sad.wav,TESS
OAF,Sad,came,female,Old,OAF_came_sad.wav,TESS
OAF,Sad,wag,female,Old,OAF_wag_sad.wav,TESS
OAF,Sad,room,female,Old,OAF_room_sad.wav,TESS
OAF,Sad,fat,female,Old,OAF_fat_sad.wav,TESS
OAF,Sad,mill,female,Old,OAF_mill_sad.wav,TESS
OAF,Sad,said,female,Old,OAF_said_sad.wav,TESS
OAF,Sad,name,female,Old,OAF_name_sad.wav,TESS
OAF,Sad,cause,female,Old,OAF_cause_sad.wav,TESS
OAF,Sad,bar,female,Old,OAF_bar_sad.wav,TESS
OAF,Sad,puff,female,Old,OAF_puff_sad.wav,TESS
OAF,Sad,home,female,Old,OAF_home_sad.wav,TESS
OAF,Sad,hole,female,Old,OAF_hole_sad.wav,TESS
OAF,Sad,tip,female,Old,OAF_tip_sad.wav,TESS
OAF,Sad,sour,female,Old,OAF_sour_sad.wav,TESS
OAF,Sad,germ,female,Old,OAF_germ_sad.wav,TESS
OAF,Sad,goal,female,Old,OAF_goal_sad.wav,TESS
OAF,Sad,mop,female,Old,OAF_mop_sad.wav,TESS
OAF,Sad,ripe,female,Old,OAF_ripe_sad.wav,TESS
OAF,Sad,hash,female,Old,OAF_hash_sad.wav,TESS
OAF,Sad,five,female,Old,OAF_five_sad.wav,TESS
OAF,Sad,juice,female,Old,OAF_juice_sad.wav,TESS
OAF,Sad,calm,female,Old,OAF_calm_sad.wav,TESS
OAF,Sad,date,female,Old,OAF_date_sad.wav,TESS
OAF,Sad,should,female,Old,OAF_should_sad.wav,TESS
OAF,Sad,have,female,Old,OAF_have_sad.wav,TESS
OAF,Sad,merge,female,Old,OAF_merge_sad.wav,TESS
OAF,Sad,nice,female,Old,OAF_nice_sad.wav,TESS
OAF,Sad,keep,female,Old,OAF_keep_sad.wav,TESS
OAF,Sad,pad,female,Old,OAF_pad_sad.wav,TESS
OAF,Sad,wheat,female,Old,OAF_wheat_sad.wav,TESS
OAF,Sad,yes,female,Old,OAF_yes_sad.wav,TESS
OAF,Sad,fall,female,Old,OAF_fall_sad.wav,TESS
OAF,Sad,bath,female,Old,OAF_bath_sad.wav,TESS
OAF,Sad,young,female,Old,OAF_young_sad.wav,TESS
OAF,Sad,lid,female,Old,OAF_lid_sad.wav,TESS
OAF,Sad,tell,female,Old,OAF_tell_sad.wav,TESS
OAF,Sad,laud,female,Old,OAF_laud_sad.wav,TESS
OAF,Sad,limb,female,Old,OAF_limb_sad.wav,TESS
OAF,Sad,mess,female,Old,OAF_mess_sad.wav,TESS
OAF,Sad,sail,female,Old,OAF_sail_sad.wav,TESS
OAF,Sad,shawl,female,Old,OAF_shawl_sad.wav,TESS
OAF,Sad,gin,female,Old,OAF_gin_sad.wav,TESS
OAF,Sad,nag,female,Old,OAF_nag_sad.wav,TESS
OAF,Sad,raise,female,Old,OAF_raise_sad.wav,TESS
OAF,Sad,tire,female,Old,OAF_tire_sad.wav,TESS
OAF,Sad,vote,female,Old,OAF_vote_sad.wav,TESS
OAF,Sad,chain,female,Old,OAF_chain_sad.wav,TESS
OAF,Sad,live,female,Old,OAF_live_sad.wav,TESS
OAF,Sad,book,female,Old,OAF_book_sad.wav,TESS
OAF,Sad,sell,female,Old,OAF_sell_sad.wav,TESS
OAF,Sad,jail,female,Old,OAF_jail_sad.wav,TESS
OAF,Sad,luck,female,Old,OAF_luck_sad.wav,TESS
OAF,Sad,soap,female,Old,OAF_soap_sad.wav,TESS
OAF,Sad,keen,female,Old,OAF_keen_sad.wav,TESS
OAF,Sad,rat,female,Old,OAF_rat_sad.wav,TESS
OAF,Sad,long,female,Old,OAF_long_sad.wav,TESS
OAF,Sad,chair,female,Old,OAF_chair_sad.wav,TESS
OAF,Sad,haze,female,Old,OAF_haze_sad.wav,TESS
OAF,Sad,youth,female,Old,OAF_youth_sad.wav,TESS
OAF,Sad,sub,female,Old,OAF_sub_sad.wav,TESS
OAF,Sad,chalk,female,Old,OAF_chalk_sad.wav,TESS
OAF,Sad,cheek,female,Old,OAF_cheek_sad.wav,TESS
OAF,Sad,food,female,Old,OAF_food_sad.wav,TESS
OAF,Sad,love,female,Old,OAF_love_sad.wav,TESS
OAF,Sad,hush,female,Old,OAF_hush_sad.wav,TESS
OAF,Sad,pool,female,Old,OAF_pool_sad.wav,TESS
OAF,Sad,hit,female,Old,OAF_hit_sad.wav,TESS
OAF,Sad,thought,female,Old,OAF_thought_sad.wav,TESS
OAF,Sad,deep,female,Old,OAF_deep_sad.wav,TESS
OAF,Sad,time,female,Old,OAF_time_sad.wav,TESS
OAF,Sad,team,female,Old,OAF_team_sad.wav,TESS
OAF,Sad,cool,female,Old,OAF_cool_sad.wav,TESS
OAF,Sad,red,female,Old,OAF_red_sad.wav,TESS
OAF,Sad,soup,female,Old,OAF_soup_sad.wav,TESS
OAF,Sad,pass,female,Old,OAF_pass_sad.wav,TESS
OAF,Sad,keg,female,Old,OAF_keg_sad.wav,TESS
OAF,Sad,ring,female,Old,OAF_ring_sad.wav,TESS
OAF,Sad,door,female,Old,OAF_door_sad.wav,TESS
OAF,Sad,witch,female,Old,OAF_witch_sad.wav,TESS
OAF,Sad,get,female,Old,OAF_get_sad.wav,TESS
OAF,Sad,pike,female,Old,OAF_pike_sad.wav,TESS
OAF,Sad,kite,female,Old,OAF_kite_sad.wav,TESS
OAF,Sad,turn,female,Old,OAF_turn_sad.wav,TESS
OAF,Sad,dime,female,Old,OAF_dime_sad.wav,TESS
OAF,Sad,wife,female,Old,OAF_wife_sad.wav,TESS
OAF,Sad,yearn,female,Old,OAF_yearn_sad.wav,TESS
OAF,Sad,death,female,Old,OAF_death_sad.wav,TESS
OAF,Sad,vine,female,Old,OAF_vine_sad.wav,TESS
OAF,Sad,sure,female,Old,OAF_sure_sad.wav,TESS
OAF,Sad,wash,female,Old,OAF_wash_sad.wav,TESS
OAF,Sad,mode,female,Old,OAF_mode_sad.wav,TESS
OAF,Sad,size,female,Old,OAF_size_sad.wav,TESS
OAF,Sad,base,female,Old,OAF_base_sad.wav,TESS
OAF,Sad,thin,female,Old,OAF_thin_sad.wav,TESS
OAF,Sad,dodge,female,Old,OAF_dodge_sad.wav,TESS
OAF,Sad,kick,female,Old,OAF_kick_sad.wav,TESS
OAF,Sad,dead,female,Old,OAF_dead_sad.wav,TESS
OAF,Sad,make,female,Old,OAF_make_sad.wav,TESS
OAF,Sad,half,female,Old,OAF_half_sad.wav,TESS
OAF,Sad,white,female,Old,OAF_white_sad.wav,TESS
OAF,Sad,gap,female,Old,OAF_gap_sad.wav,TESS
OAF,Sad,thumb,female,Old,OAF_thumb_sad.wav,TESS
OAF,Sad,hate,female,Old,OAF_hate_sad.wav,TESS
OAF,Sad,match,female,Old,OAF_match_sad.wav,TESS
OAF,Sad,rot,female,Old,OAF_rot_sad.wav,TESS
OAF,Sad,note,female,Old,OAF_note_sad.wav,TESS
OAF,Sad,lease,female,Old,OAF_lease_sad.wav,TESS
OAF,Sad,cab,female,Old,OAF_cab_sad.wav,TESS
OAF,Sad,hurl,female,Old,OAF_hurl_sad.wav,TESS
OAF,Sad,wire,female,Old,OAF_wire_sad.wav,TESS
OAF,Sad,peg,female,Old,OAF_peg_sad.wav,TESS
OAF,Sad,phone,female,Old,OAF_phone_sad.wav,TESS
OAF,Sad,mood,female,Old,OAF_mood_sad.wav,TESS
OAF,Sad,such,female,Old,OAF_such_sad.wav,TESS
OAF,Sad,lot,female,Old,OAF_lot_sad.wav,TESS
OAF,Sad,bought,female,Old,OAF_bought_sad.wav,TESS
OAF,Sad,shall,female,Old,OAF_shall_sad.wav,TESS
OAF,Sad,burn,female,Old,OAF_burn_sad.wav,TESS
OAF,Sad,ditch,female,Old,OAF_ditch_sad.wav,TESS
OAF,Sad,near,female,Old,OAF_near_sad.wav,TESS
OAF,Sad,loaf,female,Old,OAF_loaf_sad.wav,TESS
OAF,Sad,pick,female,Old,OAF_pick_sad.wav,TESS
OAF,Sad,life,female,Old,OAF_life_sad.wav,TESS
OAF,Sad,fit,female,Old,OAF_fit_sad.wav,TESS
OAF,Sad,tough,female,Old,OAF_tough_sad.wav,TESS
OAF,Sad,lore,female,Old,OAF_lore_sad.wav,TESS
OAF,Sad,lose,female,Old,OAF_lose_sad.wav,TESS
OAF,Sad,third,female,Old,OAF_third_sad.wav,TESS
OAF,Sad,pain,female,Old,OAF_pain_sad.wav,TESS
OAF,Sad,rose,female,Old,OAF_rose_sad.wav,TESS
OAF,Sad,shirt,female,Old,OAF_shirt_sad.wav,TESS
OAF,Sad,read,female,Old,OAF_read_sad.wav,TESS
OAF,Sad,sheep,female,Old,OAF_sheep_sad.wav,TESS
OAF,Sad,far,female,Old,OAF_far_sad.wav,TESS
OAF,Sad,mob,female,Old,OAF_mob_sad.wav,TESS
OAF,Sad,doll,female,Old,OAF_doll_sad.wav,TESS
OAF,Sad,raid,female,Old,OAF_raid_sad.wav,TESS
OAF,Sad,voice,female,Old,OAF_voice_sad.wav,TESS
OAF,Sad,good,female,Old,OAF_good_sad.wav,TESS
OAF,Sad,gun,female,Old,OAF_gun_sad.wav,TESS
OAF,Sad,road,female,Old,OAF_road_sad.wav,TESS
OAF,Sad,bone,female,Old,OAF_bone_sad.wav,TESS
OAF,Sad,seize,female,Old,OAF_seize_sad.wav,TESS
OAF,Sad,jug,female,Old,OAF_jug_sad.wav,TESS
OAF,Sad,pole,female,Old,OAF_pole_sad.wav,TESS
OAF,Sad,numb,female,Old,OAF_numb_sad.wav,TESS
OAF,Sad,beg,female,Old,OAF_beg_sad.wav,TESS
OAF,Sad,dab,female,Old,OAF_dab_sad.wav,TESS
OAF,Sad,boat,female,Old,OAF_boat_sad.wav,TESS
OAF,Sad,kill,female,Old,OAF_kill_sad.wav,TESS
OAF,Sad,gas,female,Old,OAF_gas_sad.wav,TESS
OAF,Sad,hall,female,Old,OAF_hall_sad.wav,TESS
OAF,Sad,which,female,Old,OAF_which_sad.wav,TESS
OAF,Sad,walk,female,Old,OAF_walk_sad.wav,TESS
OAF,Sad,week,female,Old,OAF_week_sad.wav,TESS
OAF,Sad,take,female,Old,OAF_take_sad.wav,TESS
OAF,Sad,back,female,Old,OAF_back_sad.wav,TESS
OAF,Sad,perch,female,Old,OAF_perch_sad.wav,TESS
OAF,Sad,moon,female,Old,OAF_moon_sad.wav,TESS
OAF,Sad,judge,female,Old,OAF_judge_sad.wav,TESS
OAF,Sad,jar,female,Old,OAF_jar_sad.wav,TESS
OAF,Sad,learn,female,Old,OAF_learn_sad.wav,TESS
OAF,Sad,chief,female,Old,OAF_chief_sad.wav,TESS
OAF,Sad,choice,female,Old,OAF_choice_sad.wav,TESS
OAF,Sad,shout,female,Old,OAF_shout_sad.wav,TESS
OAF,Sad,void,female,Old,OAF_void_sad.wav,TESS
OAF,Sad,dog,female,Old,OAF_dog_sad.wav,TESS
OAF,Sad,rag,female,Old,OAF_rag_sad.wav,TESS
OAF,Sad,dip,female,Old,OAF_dip_sad.wav,TESS
OAF,Sad,rush,female,Old,OAF_rush_sad.wav,TESS
OAF,Sad,shack,female,Old,OAF_shack_sad.wav,TESS
OAF,Sad,lean,female,Old,OAF_lean_sad.wav,TESS
OAF,Sad,join,female,Old,OAF_join_sad.wav,TESS
OAF,Sad,rough,female,Old,OAF_rough_sad.wav,TESS
OAF,Sad,fail,female,Old,OAF_fail_sad.wav,TESS
OAF,Sad,tool,female,Old,OAF_tool_sad.wav,TESS
OAF,Sad,goose,female,Old,OAF_goose_sad.wav,TESS
OAF,Sad,met,female,Old,OAF_met_sad.wav,TESS
OAF,Sad,pearl,female,Old,OAF_pearl_sad.wav,TESS
OAF,Sad,rain,female,Old,OAF_rain_sad.wav,TESS
OAF,Anger,king,female,Old,OAF_king_angry.wav,TESS
OAF,Anger,rot,female,Old,OAF_rot_angry.wav,TESS
OAF,Anger,hire,female,Old,OAF_hire_angry.wav,TESS
OAF,Anger,take,female,Old,OAF_take_angry.wav,TESS
OAF,Anger,calm,female,Old,OAF_calm_angry.wav,TESS
OAF,Anger,chalk,female,Old,OAF_chalk_angry.wav,TESS
OAF,Anger,fit,female,Old,OAF_fit_angry.wav,TESS
OAF,Anger,learn,female,Old,OAF_learn_angry.wav,TESS
OAF,Anger,limb,female,Old,OAF_limb_angry.wav,TESS
OAF,Anger,keg,female,Old,OAF_keg_angry.wav,TESS
OAF,Anger,wash,female,Old,OAF_wash_angry.wav,TESS
OAF,Anger,thumb,female,Old,OAF_thumb_angry.wav,TESS
OAF,Anger,mood,female,Old,OAF_mood_angry.wav,TESS
OAF,Anger,void,female,Old,OAF_void_angry.wav,TESS
OAF,Anger,perch,female,Old,OAF_perch_angry.wav,TESS
OAF,Anger,said,female,Old,OAF_said_angry.wav,TESS
OAF,Anger,book,female,Old,OAF_book_angry.wav,TESS
OAF,Anger,get,female,Old,OAF_get_angry.wav,TESS
OAF,Anger,far,female,Old,OAF_far_angry.wav,TESS
OAF,Anger,pool,female,Old,OAF_pool_angry.wav,TESS
OAF,Anger,cheek,female,Old,OAF_cheek_angry.wav,TESS
OAF,Anger,yearn,female,Old,OAF_yearn_angry.wav,TESS
OAF,Anger,team,female,Old,OAF_team_angry.wav,TESS
OAF,Anger,gaze,female,Old,OAF_gaze_angry.wav,TESS
OAF,Anger,kite,female,Old,OAF_kite_angry.wav,TESS
OAF,Anger,love,female,Old,OAF_love_angry.wav,TESS
OAF,Anger,hall,female,Old,OAF_hall_angry.wav,TESS
OAF,Anger,wire,female,Old,OAF_wire_angry.wav,TESS
OAF,Anger,dodge,female,Old,OAF_dodge_angry.wav,TESS
OAF,Anger,beg,female,Old,OAF_beg_angry.wav,TESS
OAF,Anger,bath,female,Old,OAF_bath_angry.wav,TESS
OAF,Anger,cause,female,Old,OAF_cause_angry.wav,TESS
OAF,Anger,rose,female,Old,OAF_rose_angry.wav,TESS
OAF,Anger,wheat,female,Old,OAF_wheat_angry.wav,TESS
OAF,Anger,tough,female,Old,OAF_tough_angry.wav,TESS
OAF,Anger,when,female,Old,OAF_when_angry.wav,TESS
OAF,Anger,hash,female,Old,OAF_hash_angry.wav,TESS
OAF,Anger,shout,female,Old,OAF_shout_angry.wav,TESS
OAF,Anger,lose,female,Old,OAF_lose_angry.wav,TESS
OAF,Anger,date,female,Old,OAF_date_angry.wav,TESS
OAF,Anger,five,female,Old,OAF_five_angry.wav,TESS
OAF,Anger,sheep,female,Old,OAF_sheep_angry.wav,TESS
OAF,Anger,dab,female,Old,OAF_dab_angry.wav,TESS
OAF,Anger,fat,female,Old,OAF_fat_angry.wav,TESS
OAF,Anger,raid,female,Old,OAF_raid_angry.wav,TESS
OAF,Anger,name,female,Old,OAF_name_angry.wav,TESS
OAF,Anger,jar,female,Old,OAF_jar_angry.wav,TESS
OAF,Anger,shirt,female,Old,OAF_shirt_angry.wav,TESS
OAF,Anger,dead,female,Old,OAF_dead_angry.wav,TESS
OAF,Anger,witch,female,Old,OAF_witch_angry.wav,TESS
OAF,Anger,gin,female,Old,OAF_gin_angry.wav,TESS
OAF,Anger,tip,female,Old,OAF_tip_angry.wav,TESS
OAF,Anger,merge,female,Old,OAF_merge_angry.wav,TESS
OAF,Anger,rush,female,Old,OAF_rush_angry.wav,TESS
OAF,Anger,luck,female,Old,OAF_luck_angry.wav,TESS
OAF,Anger,burn,female,Old,OAF_burn_angry.wav,TESS
OAF,Anger,voice,female,Old,OAF_voice_angry.wav,TESS
OAF,Anger,match,female,Old,OAF_match_angry.wav,TESS
OAF,Anger,knock,female,Old,OAF_knock_angry.wav,TESS
OAF,Anger,search,female,Old,OAF_search_angry.wav,TESS
OAF,Anger,have,female,Old,OAF_have_angry.wav,TESS
OAF,Anger,chief,female,Old,OAF_chief_angry.wav,TESS
OAF,Anger,should,female,Old,OAF_should_angry.wav,TESS
OAF,Anger,tape,female,Old,OAF_tape_angry.wav,TESS
OAF,Anger,dog,female,Old,OAF_dog_angry.wav,TESS
OAF,Anger,make,female,Old,OAF_make_angry.wav,TESS
OAF,Anger,south,female,Old,OAF_south_angry.wav,TESS
OAF,Anger,ring,female,Old,OAF_ring_angry.wav,TESS
OAF,Anger,gap,female,Old,OAF_gap_angry.wav,TESS
OAF,Anger,young,female,Old,OAF_young_angry.wav,TESS
OAF,Anger,tell,female,Old,OAF_tell_angry.wav,TESS
OAF,Anger,sell,female,Old,OAF_sell_angry.wav,TESS
OAF,Anger,kick,female,Old,OAF_kick_angry.wav,TESS
OAF,Anger,jug,female,Old,OAF_jug_angry.wav,TESS
OAF,Anger,youth,female,Old,OAF_youth_angry.wav,TESS
OAF,Anger,hole,female,Old,OAF_hole_angry.wav,TESS
OAF,Anger,long,female,Old,OAF_long_angry.wav,TESS
OAF,Anger,cool,female,Old,OAF_cool_angry.wav,TESS
OAF,Anger,germ,female,Old,OAF_germ_angry.wav,TESS
OAF,Anger,came,female,Old,OAF_came_angry.wav,TESS
OAF,Anger,loaf,female,Old,OAF_loaf_angry.wav,TESS
OAF,Anger,white,female,Old,OAF_white_angry.wav,TESS
OAF,Anger,pole,female,Old,OAF_pole_angry.wav,TESS
OAF,Anger,rain,female,Old,OAF_rain_angry.wav,TESS
OAF,Anger,chat,female,Old,OAF_chat_angry.wav,TESS
OAF,Anger,keen,female,Old,OAF_keen_angry.wav,TESS
OAF,Anger,mill,female,Old,OAF_mill_angry.wav,TESS
OAF,Anger,food,female,Old,OAF_food_angry.wav,TESS
OAF,Anger,back,female,Old,OAF_back_angry.wav,TESS
OAF,Anger,death,female,Old,OAF_death_angry.wav,TESS
OAF,Anger,live,female,Old,OAF_live_angry.wav,TESS
OAF,Anger,laud,female,Old,OAF_laud_angry.wav,TESS
OAF,Anger,dip,female,Old,OAF_dip_angry.wav,TESS
OAF,Anger,thin,female,Old,OAF_thin_angry.wav,TESS
OAF,Anger,met,female,Old,OAF_met_angry.wav,TESS
OAF,Anger,pike,female,Old,OAF_pike_angry.wav,TESS
OAF,Anger,week,female,Old,OAF_week_angry.wav,TESS
OAF,Anger,half,female,Old,OAF_half_angry.wav,TESS
OAF,Anger,keep,female,Old,OAF_keep_angry.wav,TESS
OAF,Anger,gun,female,Old,OAF_gun_angry.wav,TESS
OAF,Anger,sour,female,Old,OAF_sour_angry.wav,TESS
OAF,Anger,chair,female,Old,OAF_chair_angry.wav,TESS
OAF,Anger,walk,female,Old,OAF_walk_angry.wav,TESS
OAF,Anger,hate,female,Old,OAF_hate_angry.wav,TESS
OAF,Anger,wife,female,Old,OAF_wife_angry.wav,TESS
OAF,Anger,good,female,Old,OAF_good_angry.wav,TESS
OAF,Anger,kill,female,Old,OAF_kill_angry.wav,TESS
OAF,Anger,time,female,Old,OAF_time_angry.wav,TESS
OAF,Anger,bone,female,Old,OAF_bone_angry.wav,TESS
OAF,Anger,moon,female,Old,OAF_moon_angry.wav,TESS
OAF,Anger,base,female,Old,OAF_base_angry.wav,TESS
OAF,Anger,vine,female,Old,OAF_vine_angry.wav,TESS
OAF,Anger,door,female,Old,OAF_door_angry.wav,TESS
OAF,Anger,nice,female,Old,OAF_nice_angry.wav,TESS
OAF,Anger,goal,female,Old,OAF_goal_angry.wav,TESS
OAF,Anger,raise,female,Old,OAF_raise_angry.wav,TESS
OAF,Anger,page,female,Old,OAF_page_angry.wav,TESS
OAF,Anger,bean,female,Old,OAF_bean_angry.wav,TESS
OAF,Anger,mode,female,Old,OAF_mode_angry.wav,TESS
OAF,Anger,bar,female,Old,OAF_bar_angry.wav,TESS
OAF,Anger,boat,female,Old,OAF_boat_angry.wav,TESS
OAF,Anger,soap,female,Old,OAF_soap_angry.wav,TESS
OAF,Anger,lore,female,Old,OAF_lore_angry.wav,TESS
OAF,Anger,lid,female,Old,OAF_lid_angry.wav,TESS
OAF,Anger,red,female,Old,OAF_red_angry.wav,TESS
OAF,Anger,read,female,Old,OAF_read_angry.wav,TESS
OAF,Anger,haze,female,Old,OAF_haze_angry.wav,TESS
OAF,Anger,peg,female,Old,OAF_peg_angry.wav,TESS
OAF,Anger,bought,female,Old,OAF_bought_angry.wav,TESS
OAF,Anger,turn,female,Old,OAF_turn_angry.wav,TESS
OAF,Anger,near,female,Old,OAF_near_angry.wav,TESS
OAF,Anger,shall,female,Old,OAF_shall_angry.wav,TESS
OAF,Anger,juice,female,Old,OAF_juice_angry.wav,TESS
OAF,Anger,fail,female,Old,OAF_fail_angry.wav,TESS
OAF,Anger,lease,female,Old,OAF_lease_angry.wav,TESS
OAF,Anger,judge,female,Old,OAF_judge_angry.wav,TESS
OAF,Anger,numb,female,Old,OAF_numb_angry.wav,TESS
OAF,Anger,goose,female,Old,OAF_goose_angry.wav,TESS
OAF,Anger,pick,female,Old,OAF_pick_angry.wav,TESS
OAF,Anger,whip,female,Old,OAF_whip_angry.wav,TESS
OAF,Anger,fall,female,Old,OAF_fall_angry.wav,TESS
OAF,Anger,mess,female,Old,OAF_mess_angry.wav,TESS
OAF,Anger,bite,female,Old,OAF_bite_angry.wav,TESS
OAF,Anger,talk,female,Old,OAF_talk_angry.wav,TESS
OAF,Anger,shack,female,Old,OAF_shack_angry.wav,TESS
OAF,Anger,doll,female,Old,OAF_doll_angry.wav,TESS
OAF,Anger,life,female,Old,OAF_life_angry.wav,TESS
OAF,Anger,mop,female,Old,OAF_mop_angry.wav,TESS
OAF,Anger,sure,female,Old,OAF_sure_angry.wav,TESS
OAF,Anger,room,female,Old,OAF_room_angry.wav,TESS
OAF,Anger,join,female,Old,OAF_join_angry.wav,TESS
OAF,Anger,vote,female,Old,OAF_vote_angry.wav,TESS
OAF,Anger,nag,female,Old,OAF_nag_angry.wav,TESS
OAF,Anger,shawl,female,Old,OAF_shawl_angry.wav,TESS
OAF,Anger,lot,female,Old,OAF_lot_angry.wav,TESS
OAF,Anger,ripe,female,Old,OAF_ripe_angry.wav,TESS
OAF,Anger,note,female,Old,OAF_note_angry.wav,TESS
OAF,Anger,thought,female,Old,OAF_thought_angry.wav,TESS
OAF,Anger,phone,female,Old,OAF_phone_angry.wav,TESS
OAF,Anger,late,female,Old,OAF_late_angry.wav,TESS
OAF,Anger,pain,female,Old,OAF_pain_angry.wav,TESS
OAF,Anger,neat,female,Old,OAF_neat_angry.wav,TESS
OAF,Anger,hush,female,Old,OAF_hush_angry.wav,TESS
OAF,Anger,tool,female,Old,OAF_tool_angry.wav,TESS
OAF,Anger,jail,female,Old,OAF_jail_angry.wav,TESS
OAF,Anger,hurl,female,Old,OAF_hurl_angry.wav,TESS
OAF,Anger,which,female,Old,OAF_which_angry.wav,TESS
OAF,Anger,lean,female,Old,OAF_lean_angry.wav,TESS
OAF,Anger,rough,female,Old,OAF_rough_angry.wav,TESS
OAF,Anger,puff,female,Old,OAF_puff_angry.wav,TESS
OAF,Anger,mob,female,Old,OAF_mob_angry.wav,TESS
OAF,Anger,pearl,female,Old,OAF_pearl_angry.wav,TESS
OAF,Anger,pad,female,Old,OAF_pad_angry.wav,TESS
OAF,Anger,yes,female,Old,OAF_yes_angry.wav,TESS
OAF,Anger,check,female,Old,OAF_check_angry.wav,TESS
OAF,Anger,chain,female,Old,OAF_chain_angry.wav,TESS
OAF,Anger,cab,female,Old,OAF_cab_angry.wav,TESS
OAF,Anger,ton,female,Old,OAF_ton_angry.wav,TESS
OAF,Anger,seize,female,Old,OAF_seize_angry.wav,TESS
OAF,Anger,tire,female,Old,OAF_tire_angry.wav,TESS
OAF,Anger,rag,female,Old,OAF_rag_angry.wav,TESS
OAF,Anger,mouse,female,Old,OAF_mouse_angry.wav,TESS
OAF,Anger,pass,female,Old,OAF_pass_angry.wav,TESS
OAF,Anger,sub,female,Old,OAF_sub_angry.wav,TESS
OAF,Anger,ditch,female,Old,OAF_ditch_angry.wav,TESS
OAF,Anger,home,female,Old,OAF_home_angry.wav,TESS
OAF,Anger,soup,female,Old,OAF_soup_angry.wav,TESS
OAF,Anger,hit,female,Old,OAF_hit_angry.wav,TESS
OAF,Anger,road,female,Old,OAF_road_angry.wav,TESS
OAF,Anger,wag,female,Old,OAF_wag_angry.wav,TESS
OAF,Anger,such,female,Old,OAF_such_angry.wav,TESS
OAF,Anger,gas,female,Old,OAF_gas_angry.wav,TESS
OAF,Anger,deep,female,Old,OAF_deep_angry.wav,TESS
OAF,Anger,size,female,Old,OAF_size_angry.wav,TESS
OAF,Anger,sail,female,Old,OAF_sail_angry.wav,TESS
OAF,Anger,choice,female,Old,OAF_choice_angry.wav,TESS
OAF,Anger,rat,female,Old,OAF_rat_angry.wav,TESS
OAF,Anger,dime,female,Old,OAF_dime_angry.wav,TESS
OAF,Anger,reach,female,Old,OAF_reach_angry.wav,TESS
OAF,Anger,third,female,Old,OAF_third_angry.wav,TESS
OAF,Disgust,fat,female,Old,OAF_fat_disgust.wav,TESS
OAF,Disgust,ripe,female,Old,OAF_ripe_disgust.wav,TESS
OAF,Disgust,voice,female,Old,OAF_voice_disgust.wav,TESS
OAF,Disgust,rush,female,Old,OAF_rush_disgust.wav,TESS
OAF,Disgust,sheep,female,Old,OAF_sheep_disgust.wav,TESS
OAF,Disgust,pass,female,Old,OAF_pass_disgust.wav,TESS
OAF,Disgust,haze,female,Old,OAF_haze_disgust.wav,TESS
OAF,Disgust,void,female,Old,OAF_void_disgust.wav,TESS
OAF,Disgust,shawl,female,Old,OAF_shawl_disgust.wav,TESS
OAF,Disgust,gaze,female,Old,OAF_gaze_disgust.wav,TESS
OAF,Disgust,chain,female,Old,OAF_chain_disgust.wav,TESS
OAF,Disgust,judge,female,Old,OAF_judge_disgust.wav,TESS
OAF,Disgust,said,female,Old,OAF_said_disgust.wav,TESS
OAF,Disgust,neat,female,Old,OAF_neat_disgust.wav,TESS
OAF,Disgust,rose,female,Old,OAF_rose_disgust.wav,TESS
OAF,Disgust,gas,female,Old,OAF_gas_disgust.wav,TESS
OAF,Disgust,deep,female,Old,OAF_deep_disgust.wav,TESS
OAF,Disgust,get,female,Old,OAF_get_disgust.wav,TESS
OAF,Disgust,hash,female,Old,OAF_hash_disgust.wav,TESS
OAF,Disgust,raid,female,Old,OAF_raid_disgust.wav,TESS
OAF,Disgust,mode,female,Old,OAF_mode_disgust.wav,TESS
OAF,Disgust,knock,female,Old,OAF_knock_disgust.wav,TESS
OAF,Disgust,soap,female,Old,OAF_soap_disgust.wav,TESS
OAF,Disgust,life,female,Old,OAF_life_disgust.wav,TESS
OAF,Disgust,germ,female,Old,OAF_germ_disgust.wav,TESS
OAF,Disgust,jail,female,Old,OAF_jail_disgust.wav,TESS
OAF,Disgust,thin,female,Old,OAF_thin_disgust.wav,TESS
OAF,Disgust,hire,female,Old,OAF_hire_disgust.wav,TESS
OAF,Disgust,tip,female,Old,OAF_tip_disgust.wav,TESS
OAF,Disgust,boat,female,Old,OAF_boat_disgust.wav,TESS
OAF,Disgust,chat,female,Old,OAF_chat_disgust.wav,TESS
OAF,Disgust,dead,female,Old,OAF_dead_disgust.wav,TESS
OAF,Disgust,when,female,Old,OAF_when_disgust.wav,TESS
OAF,Disgust,pearl,female,Old,OAF_pearl_disgust.wav,TESS
OAF,Disgust,pain,female,Old,OAF_pain_disgust.wav,TESS
OAF,Disgust,mob,female,Old,OAF_mob_disgust.wav,TESS
OAF,Disgust,ditch,female,Old,OAF_ditch_disgust.wav,TESS
OAF,Disgust,keep,female,Old,OAF_keep_disgust.wav,TESS
OAF,Disgust,kick,female,Old,OAF_kick_disgust.wav,TESS
OAF,Disgust,wag,female,Old,OAF_wag_disgust.wav,TESS
OAF,Disgust,raise,female,Old,OAF_raise_disgust.wav,TESS
OAF,Disgust,calm,female,Old,OAF_calm_disgust.wav,TESS
OAF,Disgust,bar,female,Old,OAF_bar_disgust.wav,TESS
OAF,Disgust,lease,female,Old,OAF_lease_disgust.wav,TESS
OAF,Disgust,size,female,Old,OAF_size_disgust.wav,TESS
OAF,Disgust,rot,female,Old,OAF_rot_disgust.wav,TESS
OAF,Disgust,bone,female,Old,OAF_bone_disgust.wav,TESS
OAF,Disgust,dog,female,Old,OAF_dog_disgust.wav,TESS
OAF,Disgust,sub,female,Old,OAF_sub_disgust.wav,TESS
OAF,Disgust,vote,female,Old,OAF_vote_disgust.wav,TESS
OAF,Disgust,cool,female,Old,OAF_cool_disgust.wav,TESS
OAF,Disgust,week,female,Old,OAF_week_disgust.wav,TESS
OAF,Disgust,turn,female,Old,OAF_turn_disgust.wav,TESS
OAF,Disgust,far,female,Old,OAF_far_disgust.wav,TESS
OAF,Disgust,chief,female,Old,OAF_chief_disgust.wav,TESS
OAF,Disgust,gin,female,Old,OAF_gin_disgust.wav,TESS
OAF,Disgust,rain,female,Old,OAF_rain_disgust.wav,TESS
OAF,Disgust,tell,female,Old,OAF_tell_disgust.wav,TESS
OAF,Disgust,check,female,Old,OAF_check_disgust.wav,TESS
OAF,Disgust,near,female,Old,OAF_near_disgust.wav,TESS
OAF,Disgust,kill,female,Old,OAF_kill_disgust.wav,TESS
OAF,Disgust,lean,female,Old,OAF_lean_disgust.wav,TESS
OAF,Disgust,kite,female,Old,OAF_kite_disgust.wav,TESS
OAF,Disgust,take,female,Old,OAF_take_disgust.wav,TESS
OAF,Disgust,have,female,Old,OAF_have_disgust.wav,TESS
OAF,Disgust,bath,female,Old,OAF_bath_disgust.wav,TESS
OAF,Disgust,page,female,Old,OAF_page_disgust.wav,TESS
OAF,Disgust,met,female,Old,OAF_met_disgust.wav,TESS
OAF,Disgust,youth,female,Old,OAF_youth_disgust.wav,TESS
OAF,Disgust,yes,female,Old,OAF_yes_disgust.wav,TESS
OAF,Disgust,sell,female,Old,OAF_sell_disgust.wav,TESS
OAF,Disgust,king,female,Old,OAF_king_disgust.wav,TESS
OAF,Disgust,bite,female,Old,OAF_bite_disgust.wav,TESS
OAF,Disgust,gap,female,Old,OAF_gap_disgust.wav,TESS
OAF,Disgust,vine,female,Old,OAF_vine_disgust.wav,TESS
OAF,Disgust,chair,female,Old,OAF_chair_disgust.wav,TESS
OAF,Disgust,red,female,Old,OAF_red_disgust.wav,TESS
OAF,Disgust,room,female,Old,OAF_room_disgust.wav,TESS
OAF,Disgust,witch,female,Old,OAF_witch_disgust.wav,TESS
OAF,Disgust,soup,female,Old,OAF_soup_disgust.wav,TESS
OAF,Disgust,laud,female,Old,OAF_laud_disgust.wav,TESS
OAF,Disgust,hurl,female,Old,OAF_hurl_disgust.wav,TESS
OAF,Disgust,match,female,Old,OAF_match_disgust.wav,TESS
OAF,Disgust,bean,female,Old,OAF_bean_disgust.wav,TESS
OAF,Disgust,dime,female,Old,OAF_dime_disgust.wav,TESS
OAF,Disgust,love,female,Old,OAF_love_disgust.wav,TESS
OAF,Disgust,cheek,female,Old,OAF_cheek_disgust.wav,TESS
OAF,Disgust,mill,female,Old,OAF_mill_disgust.wav,TESS
OAF,Disgust,pole,female,Old,OAF_pole_disgust.wav,TESS
OAF,Disgust,pad,female,Old,OAF_pad_disgust.wav,TESS
OAF,Disgust,fail,female,Old,OAF_fail_disgust.wav,TESS
OAF,Disgust,shout,female,Old,OAF_shout_disgust.wav,TESS
OAF,Disgust,luck,female,Old,OAF_luck_disgust.wav,TESS
OAF,Disgust,loaf,female,Old,OAF_loaf_disgust.wav,TESS
OAF,Disgust,wire,female,Old,OAF_wire_disgust.wav,TESS
OAF,Disgust,limb,female,Old,OAF_limb_disgust.wav,TESS
OAF,Disgust,nag,female,Old,OAF_nag_disgust.wav,TESS
OAF,Disgust,food,female,Old,OAF_food_disgust.wav,TESS
OAF,Disgust,sure,female,Old,OAF_sure_disgust.wav,TESS
OAF,Disgust,search,female,Old,OAF_search_disgust.wav,TESS
OAF,Disgust,book,female,Old,OAF_book_disgust.wav,TESS
OAF,Disgust,keen,female,Old,OAF_keen_disgust.wav,TESS
OAF,Disgust,tape,female,Old,OAF_tape_disgust.wav,TESS
OAF,Disgust,team,female,Old,OAF_team_disgust.wav,TESS
OAF,Disgust,rough,female,Old,OAF_rough_disgust.wav,TESS
OAF,Disgust,wash,female,Old,OAF_wash_disgust.wav,TESS
OAF,Disgust,lose,female,Old,OAF_lose_disgust.wav,TESS
OAF,Disgust,gun,female,Old,OAF_gun_disgust.wav,TESS
OAF,Disgust,doll,female,Old,OAF_doll_disgust.wav,TESS
OAF,Disgust,juice,female,Old,OAF_juice_disgust.wav,TESS
OAF,Disgust,join,female,Old,OAF_join_disgust.wav,TESS
OAF,Disgust,fit,female,Old,OAF_fit_disgust.wav,TESS
OAF,Disgust,fall,female,Old,OAF_fall_disgust.wav,TESS
OAF,Disgust,keg,female,Old,OAF_keg_disgust.wav,TESS
OAF,Disgust,live,female,Old,OAF_live_disgust.wav,TESS
OAF,Disgust,shack,female,Old,OAF_shack_disgust.wav,TESS
OAF,Disgust,pool,female,Old,OAF_pool_disgust.wav,TESS
OAF,Disgust,long,female,Old,OAF_long_disgust.wav,TESS
OAF,Disgust,moon,female,Old,OAF_moon_disgust.wav,TESS
OAF,Disgust,sour,female,Old,OAF_sour_disgust.wav,TESS
OAF,Disgust,name,female,Old,OAF_name_disgust.wav,TESS
OAF,Disgust,ton,female,Old,OAF_ton_disgust.wav,TESS
OAF,Disgust,mouse,female,Old,OAF_mouse_disgust.wav,TESS
OAF,Disgust,mop,female,Old,OAF_mop_disgust.wav,TESS
OAF,Disgust,merge,female,Old,OAF_merge_disgust.wav,TESS
OAF,Disgust,goal,female,Old,OAF_goal_disgust.wav,TESS
OAF,Disgust,numb,female,Old,OAF_numb_disgust.wav,TESS
OAF,Disgust,pike,female,Old,OAF_pike_disgust.wav,TESS
OAF,Disgust,back,female,Old,OAF_back_disgust.wav,TESS
OAF,Disgust,shirt,female,Old,OAF_shirt_disgust.wav,TESS
OAF,Disgust,choice,female,Old,OAF_choice_disgust.wav,TESS
OAF,Disgust,such,female,Old,OAF_such_disgust.wav,TESS
OAF,Disgust,good,female,Old,OAF_good_disgust.wav,TESS
OAF,Disgust,south,female,Old,OAF_south_disgust.wav,TESS
OAF,Disgust,sail,female,Old,OAF_sail_disgust.wav,TESS
OAF,Disgust,yearn,female,Old,OAF_yearn_disgust.wav,TESS
OAF,Disgust,seize,female,Old,OAF_seize_disgust.wav,TESS
OAF,Disgust,read,female,Old,OAF_read_disgust.wav,TESS
OAF,Disgust,talk,female,Old,OAF_talk_disgust.wav,TESS
OAF,Disgust,lid,female,Old,OAF_lid_disgust.wav,TESS
OAF,Disgust,thought,female,Old,OAF_thought_disgust.wav,TESS
OAF,Disgust,hall,female,Old,OAF_hall_disgust.wav,TESS
OAF,Disgust,lore,female,Old,OAF_lore_disgust.wav,TESS
OAF,Disgust,nice,female,Old,OAF_nice_disgust.wav,TESS
OAF,Disgust,dodge,female,Old,OAF_dodge_disgust.wav,TESS
OAF,Disgust,hate,female,Old,OAF_hate_disgust.wav,TESS
OAF,Disgust,learn,female,Old,OAF_learn_disgust.wav,TESS
OAF,Disgust,third,female,Old,OAF_third_disgust.wav,TESS
OAF,Disgust,goose,female,Old,OAF_goose_disgust.wav,TESS
OAF,Disgust,came,female,Old,OAF_came_disgust.wav,TESS
OAF,Disgust,wife,female,Old,OAF_wife_disgust.wav,TESS
OAF,Disgust,chalk,female,Old,OAF_chalk_disgust.wav,TESS
OAF,Disgust,base,female,Old,OAF_base_disgust.wav,TESS
OAF,Disgust,jug,female,Old,OAF_jug_disgust.wav,TESS
OAF,Disgust,dab,female,Old,OAF_dab_disgust.wav,TESS
OAF,Disgust,mood,female,Old,OAF_mood_disgust.wav,TESS
OAF,Disgust,mess,female,Old,OAF_mess_disgust.wav,TESS
OAF,Disgust,peg,female,Old,OAF_peg_disgust.wav,TESS
OAF,Disgust,tough,female,Old,OAF_tough_disgust.wav,TESS
OAF,Disgust,shall,female,Old,OAF_shall_disgust.wav,TESS
OAF,Disgust,burn,female,Old,OAF_burn_disgust.wav,TESS
OAF,Disgust,thumb,female,Old,OAF_thumb_disgust.wav,TESS
OAF,Disgust,dip,female,Old,OAF_dip_disgust.wav,TESS
OAF,Disgust,make,female,Old,OAF_make_disgust.wav,TESS
OAF,Disgust,lot,female,Old,OAF_lot_disgust.wav,TESS
OAF,Disgust,tire,female,Old,OAF_tire_disgust.wav,TESS
OAF,Disgust,road,female,Old,OAF_road_disgust.wav,TESS
OAF,Disgust,pick,female,Old,OAF_pick_disgust.wav,TESS
OAF,Disgust,reach,female,Old,OAF_reach_disgust.wav,TESS
OAF,Disgust,whip,female,Old,OAF_whip_disgust.wav,TESS
OAF,Disgust,wheat,female,Old,OAF_wheat_disgust.wav,TESS
OAF,Disgust,hush,female,Old,OAF_hush_disgust.wav,TESS
OAF,Disgust,half,female,Old,OAF_half_disgust.wav,TESS
OAF,Disgust,perch,female,Old,OAF_perch_disgust.wav,TESS
OAF,Disgust,time,female,Old,OAF_time_disgust.wav,TESS
OAF,Disgust,five,female,Old,OAF_five_disgust.wav,TESS
OAF,Disgust,rag,female,Old,OAF_rag_disgust.wav,TESS
OAF,Disgust,hole,female,Old,OAF_hole_disgust.wav,TESS
OAF,Disgust,bought,female,Old,OAF_bought_disgust.wav,TESS
OAF,Disgust,late,female,Old,OAF_late_disgust.wav,TESS
OAF,Disgust,phone,female,Old,OAF_phone_disgust.wav,TESS
OAF,Disgust,door,female,Old,OAF_door_disgust.wav,TESS
OAF,Disgust,note,female,Old,OAF_note_disgust.wav,TESS
OAF,Disgust,jar,female,Old,OAF_jar_disgust.wav,TESS
OAF,Disgust,beg,female,Old,OAF_beg_disgust.wav,TESS
OAF,Disgust,which,female,Old,OAF_which_disgust.wav,TESS
OAF,Disgust,hit,female,Old,OAF_hit_disgust.wav,TESS
OAF,Disgust,date,female,Old,OAF_date_disgust.wav,TESS
OAF,Disgust,home,female,Old,OAF_home_disgust.wav,TESS
OAF,Disgust,cause,female,Old,OAF_cause_disgust.wav,TESS
OAF,Disgust,rat,female,Old,OAF_rat_disgust.wav,TESS
OAF,Disgust,young,female,Old,OAF_young_disgust.wav,TESS
OAF,Disgust,death,female,Old,OAF_death_disgust.wav,TESS
OAF,Disgust,ring,female,Old,OAF_ring_disgust.wav,TESS
OAF,Disgust,tool,female,Old,OAF_tool_disgust.wav,TESS
OAF,Disgust,should,female,Old,OAF_should_disgust.wav,TESS
OAF,Disgust,puff,female,Old,OAF_puff_disgust.wav,TESS
OAF,Disgust,walk,female,Old,OAF_walk_disgust.wav,TESS
OAF,Disgust,white,female,Old,OAF_white_disgust.wav,TESS
OAF,Disgust,cab,female,Old,OAF_cab_disgust.wav,TESS
OAF,Happy,bought,female,Old,OAF_bought_happy.wav,TESS
OAF,Happy,peg,female,Old,OAF_peg_happy.wav,TESS
OAF,Happy,haze,female,Old,OAF_haze_happy.wav,TESS
OAF,Happy,read,female,Old,OAF_read_happy.wav,TESS
OAF,Happy,red,female,Old,OAF_red_happy.wav,TESS
OAF,Happy,lid,female,Old,OAF_lid_happy.wav,TESS
OAF,Happy,lore,female,Old,OAF_lore_happy.wav,TESS
OAF,Happy,soap,female,Old,OAF_soap_happy.wav,TESS
OAF,Happy,boat,female,Old,OAF_boat_happy.wav,TESS
OAF,Happy,mode,female,Old,OAF_mode_happy.wav,TESS
OAF,Happy,bar,female,Old,OAF_bar_happy.wav,TESS
OAF,Happy,whip,female,Old,OAF_whip_happy.wav,TESS
OAF,Happy,goose,female,Old,OAF_goose_happy.wav,TESS
OAF,Happy,pick,female,Old,OAF_pick_happy.wav,TESS
OAF,Happy,numb,female,Old,OAF_numb_happy.wav,TESS
OAF,Happy,judge,female,Old,OAF_judge_happy.wav,TESS
OAF,Happy,juice,female,Old,OAF_juice_happy.wav,TESS
OAF,Happy,fail,female,Old,OAF_fail_happy.wav,TESS
OAF,Happy,lease,female,Old,OAF_lease_happy.wav,TESS
OAF,Happy,shall,female,Old,OAF_shall_happy.wav,TESS
OAF,Happy,near,female,Old,OAF_near_happy.wav,TESS
OAF,Happy,turn,female,Old,OAF_turn_happy.wav,TESS
OAF,Happy,shawl,female,Old,OAF_shawl_happy.wav,TESS
OAF,Happy,vote,female,Old,OAF_vote_happy.wav,TESS
OAF,Happy,nag,female,Old,OAF_nag_happy.wav,TESS
OAF,Happy,room,female,Old,OAF_room_happy.wav,TESS
OAF,Happy,join,female,Old,OAF_join_happy.wav,TESS
OAF,Happy,sure,female,Old,OAF_sure_happy.wav,TESS
OAF,Happy,mop,female,Old,OAF_mop_happy.wav,TESS
OAF,Happy,life,female,Old,OAF_life_happy.wav,TESS
OAF,Happy,doll,female,Old,OAF_doll_happy.wav,TESS
OAF,Happy,shack,female,Old,OAF_shack_happy.wav,TESS
OAF,Happy,mess,female,Old,OAF_mess_happy.wav,TESS
OAF,Happy,bite,female,Old,OAF_bite_happy.wav,TESS
OAF,Happy,talk,female,Old,OAF_talk_happy.wav,TESS
OAF,Happy,fall,female,Old,OAF_fall_happy.wav,TESS
OAF,Happy,neat,female,Old,OAF_neat_happy.wav,TESS
OAF,Happy,pain,female,Old,OAF_pain_happy.wav,TESS
OAF,Happy,late,female,Old,OAF_late_happy.wav,TESS
OAF,Happy,phone,female,Old,OAF_phone_happy.wav,TESS
OAF,Happy,thought,female,Old,OAF_thought_happy.wav,TESS
OAF,Happy,note,female,Old,OAF_note_happy.wav,TESS
OAF,Happy,ripe,female,Old,OAF_ripe_happy.wav,TESS
OAF,Happy,lot,female,Old,OAF_lot_happy.wav,TESS
OAF,Happy,mob,female,Old,OAF_mob_happy.wav,TESS
OAF,Happy,puff,female,Old,OAF_puff_happy.wav,TESS
OAF,Happy,lean,female,Old,OAF_lean_happy.wav,TESS
OAF,Happy,rough,female,Old,OAF_rough_happy.wav,TESS
OAF,Happy,which,female,Old,OAF_which_happy.wav,TESS
OAF,Happy,hurl,female,Old,OAF_hurl_happy.wav,TESS
OAF,Happy,jail,female,Old,OAF_jail_happy.wav,TESS
OAF,Happy,tool,female,Old,OAF_tool_happy.wav,TESS
OAF,Happy,hush,female,Old,OAF_hush_happy.wav,TESS
OAF,Happy,mouse,female,Old,OAF_mouse_happy.wav,TESS
OAF,Happy,pass,female,Old,OAF_pass_happy.wav,TESS
OAF,Happy,tire,female,Old,OAF_tire_happy.wav,TESS
OAF,Happy,rag,female,Old,OAF_rag_happy.wav,TESS
OAF,Happy,seize,female,Old,OAF_seize_happy.wav,TESS
OAF,Happy,ton,female,Old,OAF_ton_happy.wav,TESS
OAF,Happy,cab,female,Old,OAF_cab_happy.wav,TESS
OAF,Happy,chain,female,Old,OAF_chain_happy.wav,TESS
OAF,Happy,check,female,Old,OAF_check_happy.wav,TESS
OAF,Happy,yes,female,Old,OAF_yes_happy.wav,TESS
OAF,Happy,pearl,female,Old,OAF_pearl_happy.wav,TESS
OAF,Happy,pad,female,Old,OAF_pad_happy.wav,TESS
OAF,Happy,such,female,Old,OAF_such_happy.wav,TESS
OAF,Happy,wag,female,Old,OAF_wag_happy.wav,TESS
OAF,Happy,road,female,Old,OAF_road_happy.wav,TESS
OAF,Happy,hit,female,Old,OAF_hit_happy.wav,TESS
OAF,Happy,soup,female,Old,OAF_soup_happy.wav,TESS
OAF,Happy,home,female,Old,OAF_home_happy.wav,TESS
OAF,Happy,ditch,female,Old,OAF_ditch_happy.wav,TESS
OAF,Happy,sub,female,Old,OAF_sub_happy.wav,TESS
OAF,Happy,third,female,Old,OAF_third_happy.wav,TESS
OAF,Happy,reach,female,Old,OAF_reach_happy.wav,TESS
OAF,Happy,rat,female,Old,OAF_rat_happy.wav,TESS
OAF,Happy,dime,female,Old,OAF_dime_happy.wav,TESS
OAF,Happy,choice,female,Old,OAF_choice_happy.wav,TESS
OAF,Happy,size,female,Old,OAF_size_happy.wav,TESS
OAF,Happy,sail,female,Old,OAF_sail_happy.wav,TESS
OAF,Happy,deep,female,Old,OAF_deep_happy.wav,TESS
OAF,Happy,gas,female,Old,OAF_gas_happy.wav,TESS
OAF,Happy,cheek,female,Old,OAF_cheek_happy.wav,TESS
OAF,Happy,far,female,Old,OAF_far_happy.wav,TESS
OAF,Happy,pool,female,Old,OAF_pool_happy.wav,TESS
OAF,Happy,get,female,Old,OAF_get_happy.wav,TESS
OAF,Happy,perch,female,Old,OAF_perch_happy.wav,TESS
OAF,Happy,said,female,Old,OAF_said_happy.wav,TESS
OAF,Happy,book,female,Old,OAF_book_happy.wav,TESS
OAF,Happy,void,female,Old,OAF_void_happy.wav,TESS
OAF,Happy,thumb,female,Old,OAF_thumb_happy.wav,TESS
OAF,Happy,mood,female,Old,OAF_mood_happy.wav,TESS
OAF,Happy,wash,female,Old,OAF_wash_happy.wav,TESS
OAF,Happy,keg,female,Old,OAF_keg_happy.wav,TESS
OAF,Happy,limb,female,Old,OAF_limb_happy.wav,TESS
OAF,Happy,learn,female,Old,OAF_learn_happy.wav,TESS
OAF,Happy,fit,female,Old,OAF_fit_happy.wav,TESS
OAF,Happy,chalk,female,Old,OAF_chalk_happy.wav,TESS
OAF,Happy,calm,female,Old,OAF_calm_happy.wav,TESS
OAF,Happy,take,female,Old,OAF_take_happy.wav,TESS
OAF,Happy,rot,female,Old,OAF_rot_happy.wav,TESS
OAF,Happy,hire,female,Old,OAF_hire_happy.wav,TESS
OAF,Happy,king,female,Old,OAF_king_happy.wav,TESS
OAF,Happy,shout,female,Old,OAF_shout_happy.wav,TESS
OAF,Happy,when,female,Old,OAF_when_happy.wav,TESS
OAF,Happy,hash,female,Old,OAF_hash_happy.wav,TESS
OAF,Happy,rose,female,Old,OAF_rose_happy.wav,TESS
OAF,Happy,wheat,female,Old,OAF_wheat_happy.wav,TESS
OAF,Happy,tough,female,Old,OAF_tough_happy.wav,TESS
OAF,Happy,cause,female,Old,OAF_cause_happy.wav,TESS
OAF,Happy,dodge,female,Old,OAF_dodge_happy.wav,TESS
OAF,Happy,beg,female,Old,OAF_beg_happy.wav,TESS
OAF,Happy,bath,female,Old,OAF_bath_happy.wav,TESS
OAF,Happy,wire,female,Old,OAF_wire_happy.wav,TESS
OAF,Happy,hall,female,Old,OAF_hall_happy.wav,TESS
OAF,Happy,gaze,female,Old,OAF_gaze_happy.wav,TESS
OAF,Happy,kite,female,Old,OAF_kite_happy.wav,TESS
OAF,Happy,love,female,Old,OAF_love_happy.wav,TESS
OAF,Happy,team,female,Old,OAF_team_happy.wav,TESS
OAF,Happy,yearn,female,Old,OAF_yearn_happy.wav,TESS
OAF,Happy,gin,female,Old,OAF_gin_happy.wav,TESS
OAF,Happy,witch,female,Old,OAF_witch_happy.wav,TESS
OAF,Happy,dead,female,Old,OAF_dead_happy.wav,TESS
OAF,Happy,jar,female,Old,OAF_jar_happy.wav,TESS
OAF,Happy,shirt,female,Old,OAF_shirt_happy.wav,TESS
OAF,Happy,name,female,Old,OAF_name_happy.wav,TESS
OAF,Happy,raid,female,Old,OAF_raid_happy.wav,TESS
OAF,Happy,fat,female,Old,OAF_fat_happy.wav,TESS
OAF,Happy,dab,female,Old,OAF_dab_happy.wav,TESS
OAF,Happy,sheep,female,Old,OAF_sheep_happy.wav,TESS
OAF,Happy,five,female,Old,OAF_five_happy.wav,TESS
OAF,Happy,date,female,Old,OAF_date_happy.wav,TESS
OAF,Happy,lose,female,Old,OAF_lose_happy.wav,TESS
OAF,Happy,ring,female,Old,OAF_ring_happy.wav,TESS
OAF,Happy,gap,female,Old,OAF_gap_happy.wav,TESS
OAF,Happy,south,female,Old,OAF_south_happy.wav,TESS
OAF,Happy,make,female,Old,OAF_make_happy.wav,TESS
OAF,Happy,dog,female,Old,OAF_dog_happy.wav,TESS
OAF,Happy,should,female,Old,OAF_should_happy.wav,TESS
OAF,Happy,tape,female,Old,OAF_tape_happy.wav,TESS
OAF,Happy,chief,female,Old,OAF_chief_happy.wav,TESS
OAF,Happy,have,female,Old,OAF_have_happy.wav,TESS
OAF,Happy,match,female,Old,OAF_match_happy.wav,TESS
OAF,Happy,knock,female,Old,OAF_knock_happy.wav,TESS
OAF,Happy,search,female,Old,OAF_search_happy.wav,TESS
OAF,Happy,voice,female,Old,OAF_voice_happy.wav,TESS
OAF,Happy,luck,female,Old,OAF_luck_happy.wav,TESS
OAF,Happy,burn,female,Old,OAF_burn_happy.wav,TESS
OAF,Happy,rush,female,Old,OAF_rush_happy.wav,TESS
OAF,Happy,merge,female,Old,OAF_merge_happy.wav,TESS
OAF,Happy,tip,female,Old,OAF_tip_happy.wav,TESS
OAF,Happy,germ,female,Old,OAF_germ_happy.wav,TESS
OAF,Happy,cool,female,Old,OAF_cool_happy.wav,TESS
OAF,Happy,long,female,Old,OAF_long_happy.wav,TESS
OAF,Happy,hole,female,Old,OAF_hole_happy.wav,TESS
OAF,Happy,youth,female,Old,OAF_youth_happy.wav,TESS
OAF,Happy,jug,female,Old,OAF_jug_happy.wav,TESS
OAF,Happy,kick,female,Old,OAF_kick_happy.wav,TESS
OAF,Happy,sell,female,Old,OAF_sell_happy.wav,TESS
OAF,Happy,tell,female,Old,OAF_tell_happy.wav,TESS
OAF,Happy,young,female,Old,OAF_young_happy.wav,TESS
OAF,Happy,live,female,Old,OAF_live_happy.wav,TESS
OAF,Happy,laud,female,Old,OAF_laud_happy.wav,TESS
OAF,Happy,death,female,Old,OAF_death_happy.wav,TESS
OAF,Happy,back,female,Old,OAF_back_happy.wav,TESS
OAF,Happy,mill,female,Old,OAF_mill_happy.wav,TESS
OAF,Happy,food,female,Old,OAF_food_happy.wav,TESS
OAF,Happy,chat,female,Old,OAF_chat_happy.wav,TESS
OAF,Happy,keen,female,Old,OAF_keen_happy.wav,TESS
OAF,Happy,rain,female,Old,OAF_rain_happy.wav,TESS
OAF,Happy,pole,female,Old,OAF_pole_happy.wav,TESS
OAF,Happy,white,female,Old,OAF_white_happy.wav,TESS
OAF,Happy,loaf,female,Old,OAF_loaf_happy.wav,TESS
OAF,Happy,came,female,Old,OAF_came_happy.wav,TESS
OAF,Happy,walk,female,Old,OAF_walk_happy.wav,TESS
OAF,Happy,chair,female,Old,OAF_chair_happy.wav,TESS
OAF,Happy,sour,female,Old,OAF_sour_happy.wav,TESS
OAF,Happy,gun,female,Old,OAF_gun_happy.wav,TESS
OAF,Happy,half,female,Old,OAF_half_happy.wav,TESS
OAF,Happy,keep,female,Old,OAF_keep_happy.wav,TESS
OAF,Happy,pike,female,Old,OAF_pike_happy.wav,TESS
OAF,Happy,week,female,Old,OAF_week_happy.wav,TESS
OAF,Happy,met,female,Old,OAF_met_happy.wav,TESS
OAF,Happy,thin,female,Old,OAF_thin_happy.wav,TESS
OAF,Happy,dip,female,Old,OAF_dip_happy.wav,TESS
OAF,Happy,bean,female,Old,OAF_bean_happy.wav,TESS
OAF,Happy,page,female,Old,OAF_page_happy.wav,TESS
OAF,Happy,goal,female,Old,OAF_goal_happy.wav,TESS
OAF,Happy,raise,female,Old,OAF_raise_happy.wav,TESS
OAF,Happy,nice,female,Old,OAF_nice_happy.wav,TESS
OAF,Happy,door,female,Old,OAF_door_happy.wav,TESS
OAF,Happy,vine,female,Old,OAF_vine_happy.wav,TESS
OAF,Happy,base,female,Old,OAF_base_happy.wav,TESS
OAF,Happy,moon,female,Old,OAF_moon_happy.wav,TESS
OAF,Happy,bone,female,Old,OAF_bone_happy.wav,TESS
OAF,Happy,time,female,Old,OAF_time_happy.wav,TESS
OAF,Happy,kill,female,Old,OAF_kill_happy.wav,TESS
OAF,Happy,good,female,Old,OAF_good_happy.wav,TESS
OAF,Happy,wife,female,Old,OAF_wife_happy.wav,TESS
OAF,Happy,hate,female,Old,OAF_hate_happy.wav,TESS
OAF,Neutral,fit,female,Old,OAF_fit_neutral.wav,TESS
OAF,Neutral,join,female,Old,OAF_join_neutral.wav,TESS
OAF,Neutral,fall,female,Old,OAF_fall_neutral.wav,TESS
OAF,Neutral,doll,female,Old,OAF_doll_neutral.wav,TESS
OAF,Neutral,juice,female,Old,OAF_juice_neutral.wav,TESS
OAF,Neutral,gun,female,Old,OAF_gun_neutral.wav,TESS
OAF,Neutral,wash,female,Old,OAF_wash_neutral.wav,TESS
OAF,Neutral,rough,female,Old,OAF_rough_neutral.wav,TESS
OAF,Neutral,lose,female,Old,OAF_lose_neutral.wav,TESS
OAF,Neutral,sure,female,Old,OAF_sure_neutral.wav,TESS
OAF,Neutral,book,female,Old,OAF_book_neutral.wav,TESS
OAF,Neutral,search,female,Old,OAF_search_neutral.wav,TESS
OAF,Neutral,keen,female,Old,OAF_keen_neutral.wav,TESS
OAF,Neutral,team,female,Old,OAF_team_neutral.wav,TESS
OAF,Neutral,tape,female,Old,OAF_tape_neutral.wav,TESS
OAF,Neutral,limb,female,Old,OAF_limb_neutral.wav,TESS
OAF,Neutral,food,female,Old,OAF_food_neutral.wav,TESS
OAF,Neutral,nag,female,Old,OAF_nag_neutral.wav,TESS
OAF,Neutral,loaf,female,Old,OAF_loaf_neutral.wav,TESS
OAF,Neutral,wire,female,Old,OAF_wire_neutral.wav,TESS
OAF,Neutral,dodge,female,Old,OAF_dodge_neutral.wav,TESS
OAF,Neutral,learn,female,Old,OAF_learn_neutral.wav,TESS
OAF,Neutral,hate,female,Old,OAF_hate_neutral.wav,TESS
OAF,Neutral,hall,female,Old,OAF_hall_neutral.wav,TESS
OAF,Neutral,lore,female,Old,OAF_lore_neutral.wav,TESS
OAF,Neutral,nice,female,Old,OAF_nice_neutral.wav,TESS
OAF,Neutral,read,female,Old,OAF_read_neutral.wav,TESS
OAF,Neutral,thought,female,Old,OAF_thought_neutral.wav,TESS
OAF,Neutral,talk,female,Old,OAF_talk_neutral.wav,TESS
OAF,Neutral,lid,female,Old,OAF_lid_neutral.wav,TESS
OAF,Neutral,sail,female,Old,OAF_sail_neutral.wav,TESS
OAF,Neutral,south,female,Old,OAF_south_neutral.wav,TESS
OAF,Neutral,such,female,Old,OAF_such_neutral.wav,TESS
OAF,Neutral,choice,female,Old,OAF_choice_neutral.wav,TESS
OAF,Neutral,good,female,Old,OAF_good_neutral.wav,TESS
OAF,Neutral,yearn,female,Old,OAF_yearn_neutral.wav,TESS
OAF,Neutral,seize,female,Old,OAF_seize_neutral.wav,TESS
OAF,Neutral,mop,female,Old,OAF_mop_neutral.wav,TESS
OAF,Neutral,merge,female,Old,OAF_merge_neutral.wav,TESS
OAF,Neutral,goal,female,Old,OAF_goal_neutral.wav,TESS
OAF,Neutral,numb,female,Old,OAF_numb_neutral.wav,TESS
OAF,Neutral,pike,female,Old,OAF_pike_neutral.wav,TESS
OAF,Neutral,shirt,female,Old,OAF_shirt_neutral.wav,TESS
OAF,Neutral,back,female,Old,OAF_back_neutral.wav,TESS
OAF,Neutral,name,female,Old,OAF_name_neutral.wav,TESS
OAF,Neutral,sour,female,Old,OAF_sour_neutral.wav,TESS
OAF,Neutral,mouse,female,Old,OAF_mouse_neutral.wav,TESS
OAF,Neutral,ton,female,Old,OAF_ton_neutral.wav,TESS
OAF,Neutral,long,female,Old,OAF_long_neutral.wav,TESS
OAF,Neutral,pool,female,Old,OAF_pool_neutral.wav,TESS
OAF,Neutral,moon,female,Old,OAF_moon_neutral.wav,TESS
OAF,Neutral,keg,female,Old,OAF_keg_neutral.wav,TESS
OAF,Neutral,live,female,Old,OAF_live_neutral.wav,TESS
OAF,Neutral,shack,female,Old,OAF_shack_neutral.wav,TESS
OAF,Neutral,bought,female,Old,OAF_bought_neutral.wav,TESS
OAF,Neutral,time,female,Old,OAF_time_neutral.wav,TESS
OAF,Neutral,five,female,Old,OAF_five_neutral.wav,TESS
OAF,Neutral,rag,female,Old,OAF_rag_neutral.wav,TESS
OAF,Neutral,hole,female,Old,OAF_hole_neutral.wav,TESS
OAF,Neutral,wheat,female,Old,OAF_wheat_neutral.wav,TESS
OAF,Neutral,hush,female,Old,OAF_hush_neutral.wav,TESS
OAF,Neutral,half,female,Old,OAF_half_neutral.wav,TESS
OAF,Neutral,perch,female,Old,OAF_perch_neutral.wav,TESS
OAF,Neutral,pick,female,Old,OAF_pick_neutral.wav,TESS
OAF,Neutral,reach,female,Old,OAF_reach_neutral.wav,TESS
OAF,Neutral,whip,female,Old,OAF_whip_neutral.wav,TESS
OAF,Neutral,shall,female,Old,OAF_shall_neutral.wav,TESS
OAF,Neutral,burn,female,Old,OAF_burn_neutral.wav,TESS
OAF,Neutral,dip,female,Old,OAF_dip_neutral.wav,TESS
OAF,Neutral,thumb,female,Old,OAF_thumb_neutral.wav,TESS
OAF,Neutral,make,female,Old,OAF_make_neutral.wav,TESS
OAF,Neutral,tire,female,Old,OAF_tire_neutral.wav,TESS
OAF,Neutral,lot,female,Old,OAF_lot_neutral.wav,TESS
OAF,Neutral,road,female,Old,OAF_road_neutral.wav,TESS
OAF,Neutral,mood,female,Old,OAF_mood_neutral.wav,TESS
OAF,Neutral,mess,female,Old,OAF_mess_neutral.wav,TESS
OAF,Neutral,peg,female,Old,OAF_peg_neutral.wav,TESS
OAF,Neutral,tough,female,Old,OAF_tough_neutral.wav,TESS
OAF,Neutral,wife,female,Old,OAF_wife_neutral.wav,TESS
OAF,Neutral,base,female,Old,OAF_base_neutral.wav,TESS
OAF,Neutral,chalk,female,Old,OAF_chalk_neutral.wav,TESS
OAF,Neutral,jug,female,Old,OAF_jug_neutral.wav,TESS
OAF,Neutral,dab,female,Old,OAF_dab_neutral.wav,TESS
OAF,Neutral,goose,female,Old,OAF_goose_neutral.wav,TESS
OAF,Neutral,third,female,Old,OAF_third_neutral.wav,TESS
OAF,Neutral,came,female,Old,OAF_came_neutral.wav,TESS
OAF,Neutral,cab,female,Old,OAF_cab_neutral.wav,TESS
OAF,Neutral,white,female,Old,OAF_white_neutral.wav,TESS
OAF,Neutral,death,female,Old,OAF_death_neutral.wav,TESS
OAF,Neutral,should,female,Old,OAF_should_neutral.wav,TESS
OAF,Neutral,ring,female,Old,OAF_ring_neutral.wav,TESS
OAF,Neutral,tool,female,Old,OAF_tool_neutral.wav,TESS
OAF,Neutral,walk,female,Old,OAF_walk_neutral.wav,TESS
OAF,Neutral,puff,female,Old,OAF_puff_neutral.wav,TESS
OAF,Neutral,rat,female,Old,OAF_rat_neutral.wav,TESS
OAF,Neutral,young,female,Old,OAF_young_neutral.wav,TESS
OAF,Neutral,home,female,Old,OAF_home_neutral.wav,TESS
OAF,Neutral,cause,female,Old,OAF_cause_neutral.wav,TESS
OAF,Neutral,hit,female,Old,OAF_hit_neutral.wav,TESS
OAF,Neutral,date,female,Old,OAF_date_neutral.wav,TESS
OAF,Neutral,beg,female,Old,OAF_beg_neutral.wav,TESS
OAF,Neutral,which,female,Old,OAF_which_neutral.wav,TESS
OAF,Neutral,phone,female,Old,OAF_phone_neutral.wav,TESS
OAF,Neutral,door,female,Old,OAF_door_neutral.wav,TESS
OAF,Neutral,jar,female,Old,OAF_jar_neutral.wav,TESS
OAF,Neutral,note,female,Old,OAF_note_neutral.wav,TESS
OAF,Neutral,late,female,Old,OAF_late_neutral.wav,TESS
OAF,Neutral,gas,female,Old,OAF_gas_neutral.wav,TESS
OAF,Neutral,said,female,Old,OAF_said_neutral.wav,TESS
OAF,Neutral,neat,female,Old,OAF_neat_neutral.wav,TESS
OAF,Neutral,rose,female,Old,OAF_rose_neutral.wav,TESS
OAF,Neutral,shawl,female,Old,OAF_shawl_neutral.wav,TESS
OAF,Neutral,gaze,female,Old,OAF_gaze_neutral.wav,TESS
OAF,Neutral,judge,female,Old,OAF_judge_neutral.wav,TESS
OAF,Neutral,chain,female,Old,OAF_chain_neutral.wav,TESS
OAF,Neutral,void,female,Old,OAF_void_neutral.wav,TESS
OAF,Neutral,haze,female,Old,OAF_haze_neutral.wav,TESS
OAF,Neutral,sheep,female,Old,OAF_sheep_neutral.wav,TESS
OAF,Neutral,pass,female,Old,OAF_pass_neutral.wav,TESS
OAF,Neutral,fat,female,Old,OAF_fat_neutral.wav,TESS
OAF,Neutral,ripe,female,Old,OAF_ripe_neutral.wav,TESS
OAF,Neutral,voice,female,Old,OAF_voice_neutral.wav,TESS
OAF,Neutral,rush,female,Old,OAF_rush_neutral.wav,TESS
OAF,Neutral,keep,female,Old,OAF_keep_neutral.wav,TESS
OAF,Neutral,kick,female,Old,OAF_kick_neutral.wav,TESS
OAF,Neutral,raise,female,Old,OAF_raise_neutral.wav,TESS
OAF,Neutral,wag,female,Old,OAF_wag_neutral.wav,TESS
OAF,Neutral,mob,female,Old,OAF_mob_neutral.wav,TESS
OAF,Neutral,pain,female,Old,OAF_pain_neutral.wav,TESS
OAF,Neutral,ditch,female,Old,OAF_ditch_neutral.wav,TESS
OAF,Neutral,pearl,female,Old,OAF_pearl_neutral.wav,TESS
OAF,Neutral,hire,female,Old,OAF_hire_neutral.wav,TESS
OAF,Neutral,boat,female,Old,OAF_boat_neutral.wav,TESS
OAF,Neutral,tip,female,Old,OAF_tip_neutral.wav,TESS
OAF,Neutral,chat,female,Old,OAF_chat_neutral.wav,TESS
OAF,Neutral,dead,female,Old,OAF_dead_neutral.wav,TESS
OAF,Neutral,when,female,Old,OAF_when_neutral.wav,TESS
OAF,Neutral,thin,female,Old,OAF_thin_neutral.wav,TESS
OAF,Neutral,soap,female,Old,OAF_soap_neutral.wav,TESS
OAF,Neutral,germ,female,Old,OAF_germ_neutral.wav,TESS
OAF,Neutral,life,female,Old,OAF_life_neutral.wav,TESS
OAF,Neutral,jail,female,Old,OAF_jail_neutral.wav,TESS
OAF,Neutral,knock,female,Old,OAF_knock_neutral.wav,TESS
OAF,Neutral,get,female,Old,OAF_get_neutral.wav,TESS
OAF,Neutral,deep,female,Old,OAF_deep_neutral.wav,TESS
OAF,Neutral,hash,female,Old,OAF_hash_neutral.wav,TESS
OAF,Neutral,mode,female,Old,OAF_mode_neutral.wav,TESS
OAF,Neutral,raid,female,Old,OAF_raid_neutral.wav,TESS
OAF,Neutral,yes,female,Old,OAF_yes_neutral.wav,TESS
OAF,Neutral,youth,female,Old,OAF_youth_neutral.wav,TESS
OAF,Neutral,sell,female,Old,OAF_sell_neutral.wav,TESS
OAF,Neutral,bath,female,Old,OAF_bath_neutral.wav,TESS
OAF,Neutral,have,female,Old,OAF_have_neutral.wav,TESS
OAF,Neutral,page,female,Old,OAF_page_neutral.wav,TESS
OAF,Neutral,met,female,Old,OAF_met_neutral.wav,TESS
OAF,Neutral,kite,female,Old,OAF_kite_neutral.wav,TESS
OAF,Neutral,take,female,Old,OAF_take_neutral.wav,TESS
OAF,Neutral,near,female,Old,OAF_near_neutral.wav,TESS
OAF,Neutral,check,female,Old,OAF_check_neutral.wav,TESS
OAF,Neutral,kill,female,Old,OAF_kill_neutral.wav,TESS
OAF,Neutral,lean,female,Old,OAF_lean_neutral.wav,TESS
OAF,Neutral,gin,female,Old,OAF_gin_neutral.wav,TESS
OAF,Neutral,tell,female,Old,OAF_tell_neutral.wav,TESS
OAF,Neutral,rain,female,Old,OAF_rain_neutral.wav,TESS
OAF,Neutral,far,female,Old,OAF_far_neutral.wav,TESS
OAF,Neutral,turn,female,Old,OAF_turn_neutral.wav,TESS
OAF,Neutral,chief,female,Old,OAF_chief_neutral.wav,TESS
OAF,Neutral,bone,female,Old,OAF_bone_neutral.wav,TESS
OAF,Neutral,sub,female,Old,OAF_sub_neutral.wav,TESS
OAF,Neutral,dog,female,Old,OAF_dog_neutral.wav,TESS
OAF,Neutral,vote,female,Old,OAF_vote_neutral.wav,TESS
OAF,Neutral,week,female,Old,OAF_week_neutral.wav,TESS
OAF,Neutral,cool,female,Old,OAF_cool_neutral.wav,TESS
OAF,Neutral,calm,female,Old,OAF_calm_neutral.wav,TESS
OAF,Neutral,size,female,Old,OAF_size_neutral.wav,TESS
OAF,Neutral,bar,female,Old,OAF_bar_neutral.wav,TESS
OAF,Neutral,lease,female,Old,OAF_lease_neutral.wav,TESS
OAF,Neutral,rot,female,Old,OAF_rot_neutral.wav,TESS
OAF,Neutral,luck,female,Old,OAF_luck_neutral.wav,TESS
OA,Neutral,bite,female,Young,OA_bite_neutral.wav,TESS
OAF,Neutral,cheek,female,Old,OAF_cheek_neutral.wav,TESS
OAF,Neutral,fail,female,Old,OAF_fail_neutral.wav,TESS
OAF,Neutral,pole,female,Old,OAF_pole_neutral.wav,TESS
OAF,Neutral,pad,female,Old,OAF_pad_neutral.wav,TESS
OAF,Neutral,mill,female,Old,OAF_mill_neutral.wav,TESS
OAF,Neutral,shout,female,Old,OAF_shout_neutral.wav,TESS
OAF,Neutral,match,female,Old,OAF_match_neutral.wav,TESS
OAF,Neutral,bean,female,Old,OAF_bean_neutral.wav,TESS
OAF,Neutral,dime,female,Old,OAF_dime_neutral.wav,TESS
OAF,Neutral,love,female,Old,OAF_love_neutral.wav,TESS
OAF,Neutral,laud,female,Old,OAF_laud_neutral.wav,TESS
OAF,Neutral,hurl,female,Old,OAF_hurl_neutral.wav,TESS
OAF,Neutral,soup,female,Old,OAF_soup_neutral.wav,TESS
OAF,Neutral,witch,female,Old,OAF_witch_neutral.wav,TESS
OAF,Neutral,red,female,Old,OAF_red_neutral.wav,TESS
OAF,Neutral,room,female,Old,OAF_room_neutral.wav,TESS
OAF,Neutral,king,female,Old,OAF_king_neutral.wav,TESS
OAF,Neutral,gap,female,Old,OAF_gap_neutral.wav,TESS
OAF,Neutral,chair,female,Old,OAF_chair_neutral.wav,TESS
OAF,Neutral,vine,female,Old,OAF_vine_neutral.wav,TESS
YAF,Anger,numb,female,Young,YAF_numb_angry.wav,TESS
YAF,Anger,seize,female,Young,YAF_seize_angry.wav,TESS
YAF,Anger,pick,female,Young,YAF_pick_angry.wav,TESS
YAF,Anger,mouse,female,Young,YAF_mouse_angry.wav,TESS
YAF,Anger,whip,female,Young,YAF_whip_angry.wav,TESS
YAF,Anger,mop,female,Young,YAF_mop_angry.wav,TESS
YAF,Anger,pearl,female,Young,YAF_pearl_angry.wav,TESS
YAF,Anger,turn,female,Young,YAF_turn_angry.wav,TESS
YAF,Anger,nag,female,Young,YAF_nag_angry.wav,TESS
YAF,Anger,near,female,Young,YAF_near_angry.wav,TESS
YAF,Anger,chain,female,Young,YAF_chain_angry.wav,TESS
YAF,Anger,check,female,Young,YAF_check_angry.wav,TESS
YAF,Anger,fail,female,Young,YAF_fail_angry.wav,TESS
YAF,Anger,which,female,Young,YAF_which_angry.wav,TESS
YAF,Anger,lot,female,Young,YAF_lot_angry.wav,TESS
YAF,Anger,read,female,Young,YAF_read_angry.wav,TESS
YAF,Anger,rough,female,Young,YAF_rough_angry.wav,TESS
YAF,Anger,haze,female,Young,YAF_haze_angry.wav,TESS
YAF,Anger,choice,female,Young,YAF_choice_angry.wav,TESS
YAF,Anger,mode,female,Young,YAF_mode_angry.wav,TESS
YAF,Anger,boat,female,Young,YAF_boat_angry.wav,TESS
YAF,Anger,soap,female,Young,YAF_soap_angry.wav,TESS
YAF,Anger,lore,female,Young,YAF_lore_angry.wav,TESS
YAF,Anger,ripe,female,Young,YAF_ripe_angry.wav,TESS
YAF,Anger,bar,female,Young,YAF_bar_angry.wav,TESS
YAF,Anger,note,female,Young,YAF_note_angry.wav,TESS
YAF,Anger,third,female,Young,YAF_third_angry.wav,TESS
YAF,Anger,red,female,Young,YAF_red_angry.wav,TESS
YAF,Anger,lid,female,Young,YAF_lid_angry.wav,TESS
YAF,Anger,reach,female,Young,YAF_reach_angry.wav,TESS
YAF,Anger,late,female,Young,YAF_late_angry.wav,TESS
YAF,Anger,pain,female,Young,YAF_pain_angry.wav,TESS
YAF,Anger,neat,female,Young,YAF_neat_angry.wav,TESS
YAF,Anger,peg,female,Young,YAF_peg_angry.wav,TESS
YAF,Anger,life,female,Young,YAF_life_angry.wav,TESS
YAF,Anger,sure,female,Young,YAF_sure_angry.wav,TESS
YAF,Anger,join,female,Young,YAF_join_angry.wav,TESS
YAF,Anger,room,female,Young,YAF_room_angry.wav,TESS
YAF,Anger,vote,female,Young,YAF_vote_angry.wav,TESS
YAF,Anger,fall,female,Young,YAF_fall_angry.wav,TESS
YAF,Anger,ditch,female,Young,YAF_ditch_angry.wav,TESS
YAF,Anger,talk,female,Young,YAF_talk_angry.wav,TESS
YAF,Anger,bite,female,Young,YAF_bite_angry.wav,TESS
YAF,Anger,mess,female,Young,YAF_mess_angry.wav,TESS
YAF,Anger,doll,female,Young,YAF_doll_angry.wav,TESS
YAF,Anger,judge,female,Young,YAF_judge_angry.wav,TESS
YAF,Anger,sub,female,Young,YAF_sub_angry.wav,TESS
YAF,Anger,tire,female,Young,YAF_tire_angry.wav,TESS
YAF,Anger,goose,female,Young,YAF_goose_angry.wav,TESS
YAF,Anger,hit,female,Young,YAF_hit_angry.wav,TESS
YAF,Anger,pass,female,Young,YAF_pass_angry.wav,TESS
YAF,Anger,shall,female,Young,YAF_shall_angry.wav,TESS
YAF,Anger,wag,female,Young,YAF_wag_angry.wav,TESS
YAF,Anger,juice,female,Young,YAF_juice_angry.wav,TESS
YAF,Anger,lease,female,Young,YAF_lease_angry.wav,TESS
YAF,Anger,gas,female,Young,YAF_gas_angry.wav,TESS
YAF,Anger,lean,female,Young,YAF_lean_angry.wav,TESS
YAF,Anger,puff,female,Young,YAF_puff_angry.wav,TESS
YAF,Anger,hush,female,Young,YAF_hush_angry.wav,TESS
YAF,Anger,rat,female,Young,YAF_rat_angry.wav,TESS
YAF,Anger,tool,female,Young,YAF_tool_angry.wav,TESS
YAF,Anger,jail,female,Young,YAF_jail_angry.wav,TESS
YAF,Anger,hurl,female,Young,YAF_hurl_angry.wav,TESS
YAF,Anger,bought,female,Young,YAF_bought_angry.wav,TESS
YAF,Anger,sail,female,Young,YAF_sail_angry.wav,TESS
YAF,Anger,size,female,Young,YAF_size_angry.wav,TESS
YAF,Anger,dime,female,Young,YAF_dime_angry.wav,TESS
YAF,Anger,phone,female,Young,YAF_phone_angry.wav,TESS
YAF,Anger,mob,female,Young,YAF_mob_angry.wav,TESS
YAF,Anger,deep,female,Young,YAF_deep_angry.wav,TESS
YAF,Anger,yes,female,Young,YAF_yes_angry.wav,TESS
YAF,Anger,pad,female,Young,YAF_pad_angry.wav,TESS
YAF,Anger,cab,female,Young,YAF_cab_angry.wav,TESS
YAF,Anger,such,female,Young,YAF_such_angry.wav,TESS
YAF,Anger,shawl,female,Young,YAF_shawl_angry.wav,TESS
YAF,Anger,rag,female,Young,YAF_rag_angry.wav,TESS
YAF,Anger,ton,female,Young,YAF_ton_angry.wav,TESS
YAF,Anger,home,female,Young,YAF_home_angry.wav,TESS
YAF,Anger,soup,female,Young,YAF_soup_angry.wav,TESS
YAF,Anger,shack,female,Young,YAF_shack_angry.wav,TESS
YAF,Anger,road,female,Young,YAF_road_angry.wav,TESS
YAF,Anger,thought,female,Young,YAF_thought_angry.wav,TESS
YAF,Anger,bath,female,Young,YAF_bath_angry.wav,TESS
YAF,Anger,rose,female,Young,YAF_rose_angry.wav,TESS
YAF,Anger,fat,female,Young,YAF_fat_angry.wav,TESS
YAF,Anger,hash,female,Young,YAF_hash_angry.wav,TESS
YAF,Anger,when,female,Young,YAF_when_angry.wav,TESS
YAF,Anger,dab,female,Young,YAF_dab_angry.wav,TESS
YAF,Anger,death,female,Young,YAF_death_angry.wav,TESS
YAF,Anger,white,female,Young,YAF_white_angry.wav,TESS
YAF,Anger,jar,female,Young,YAF_jar_angry.wav,TESS
YAF,Anger,team,female,Young,YAF_team_angry.wav,TESS
YAF,Anger,love,female,Young,YAF_love_angry.wav,TESS
YAF,Anger,gaze,female,Young,YAF_gaze_angry.wav,TESS
YAF,Anger,kite,female,Young,YAF_kite_angry.wav,TESS
YAF,Anger,gin,female,Young,YAF_gin_angry.wav,TESS
YAF,Anger,hall,female,Young,YAF_hall_angry.wav,TESS
YAF,Anger,wire,female,Young,YAF_wire_angry.wav,TESS
YAF,Anger,limb,female,Young,YAF_limb_angry.wav,TESS
YAF,Anger,wash,female,Young,YAF_wash_angry.wav,TESS
YAF,Anger,mood,female,Young,YAF_mood_angry.wav,TESS
YAF,Anger,tip,female,Young,YAF_tip_angry.wav,TESS
YAF,Anger,void,female,Young,YAF_void_angry.wav,TESS
YAF,Anger,book,female,Young,YAF_book_angry.wav,TESS
YAF,Anger,said,female,Young,YAF_said_angry.wav,TESS
YAF,Anger,pool,female,Young,YAF_pool_angry.wav,TESS
YAF,Anger,young,female,Young,YAF_young_angry.wav,TESS
YAF,Anger,dog,female,Young,YAF_dog_angry.wav,TESS
YAF,Anger,king,female,Young,YAF_king_angry.wav,TESS
YAF,Anger,hire,female,Young,YAF_hire_angry.wav,TESS
YAF,Anger,take,female,Young,YAF_take_angry.wav,TESS
YAF,Anger,calm,female,Young,YAF_calm_angry.wav,TESS
YAF,Anger,gap,female,Young,YAF_gap_angry.wav,TESS
YAF,Anger,youth,female,Young,YAF_youth_angry.wav,TESS
YAF,Anger,have,female,Young,YAF_have_angry.wav,TESS
YAF,Anger,rot,female,Young,YAF_rot_angry.wav,TESS
YAF,Anger,tape,female,Young,YAF_tape_angry.wav,TESS
YAF,Anger,make,female,Young,YAF_make_angry.wav,TESS
YAF,Anger,raise,female,Young,YAF_raise_angry.wav,TESS
YAF,Anger,fit,female,Young,YAF_fit_angry.wav,TESS
YAF,Anger,ring,female,Young,YAF_ring_angry.wav,TESS
YAF,Anger,keg,female,Young,YAF_keg_angry.wav,TESS
YAF,Anger,rush,female,Young,YAF_rush_angry.wav,TESS
YAF,Anger,burn,female,Young,YAF_burn_angry.wav,TESS
YAF,Anger,luck,female,Young,YAF_luck_angry.wav,TESS
YAF,Anger,far,female,Young,YAF_far_angry.wav,TESS
YAF,Anger,get,female,Young,YAF_get_angry.wav,TESS
YAF,Anger,name,female,Young,YAF_name_angry.wav,TESS
YAF,Anger,dead,female,Young,YAF_dead_angry.wav,TESS
YAF,Anger,chair,female,Young,YAF_chair_angry.wav,TESS
YAF,Anger,lose,female,Young,YAF_lose_angry.wav,TESS
YAF,Anger,beg,female,Young,YAF_beg_angry.wav,TESS
YAF,Anger,date,female,Young,YAF_date_angry.wav,TESS
YAF,Anger,five,female,Young,YAF_five_angry.wav,TESS
YAF,Anger,raid,female,Young,YAF_raid_angry.wav,TESS
YAF,Anger,rain,female,Young,YAF_rain_angry.wav,TESS
YAF,Anger,met,female,Young,YAF_met_angry.wav,TESS
YAF,Anger,keen,female,Young,YAF_keen_angry.wav,TESS
YAF,Anger,chat,female,Young,YAF_chat_angry.wav,TESS
YAF,Anger,food,female,Young,YAF_food_angry.wav,TESS
YAF,Anger,mill,female,Young,YAF_mill_angry.wav,TESS
YAF,Anger,dodge,female,Young,YAF_dodge_angry.wav,TESS
YAF,Anger,dip,female,Young,YAF_dip_angry.wav,TESS
YAF,Anger,cause,female,Young,YAF_cause_angry.wav,TESS
YAF,Anger,back,female,Young,YAF_back_angry.wav,TESS
YAF,Anger,wheat,female,Young,YAF_wheat_angry.wav,TESS
YAF,Anger,tough,female,Young,YAF_tough_angry.wav,TESS
YAF,Anger,shout,female,Young,YAF_shout_angry.wav,TESS
YAF,Anger,laud,female,Young,YAF_laud_angry.wav,TESS
YAF,Anger,live,female,Young,YAF_live_angry.wav,TESS
YAF,Anger,came,female,Young,YAF_came_angry.wav,TESS
YAF,Anger,yearn,female,Young,YAF_yearn_angry.wav,TESS
YAF,Anger,gun,female,Young,YAF_gun_angry.wav,TESS
YAF,Anger,loaf,female,Young,YAF_loaf_angry.wav,TESS
YAF,Anger,pole,female,Young,YAF_pole_angry.wav,TESS
YAF,Anger,long,female,Young,YAF_long_angry.wav,TESS
YAF,Anger,learn,female,Young,YAF_learn_angry.wav,TESS
YAF,Anger,cool,female,Young,YAF_cool_angry.wav,TESS
YAF,Anger,thumb,female,Young,YAF_thumb_angry.wav,TESS
YAF,Anger,perch,female,Young,YAF_perch_angry.wav,TESS
YAF,Anger,should,female,Young,YAF_should_angry.wav,TESS
YAF,Anger,germ,female,Young,YAF_germ_angry.wav,TESS
YAF,Anger,cheek,female,Young,YAF_cheek_angry.wav,TESS
YAF,Anger,tell,female,Young,YAF_tell_angry.wav,TESS
YAF,Anger,search,female,Young,YAF_search_angry.wav,TESS
YAF,Anger,sell,female,Young,YAF_sell_angry.wav,TESS
YAF,Anger,kick,female,Young,YAF_kick_angry.wav,TESS
YAF,Anger,chalk,female,Young,YAF_chalk_angry.wav,TESS
YAF,Anger,hole,female,Young,YAF_hole_angry.wav,TESS
YAF,Anger,vine,female,Young,YAF_vine_angry.wav,TESS
YAF,Anger,door,female,Young,YAF_door_angry.wav,TESS
YAF,Anger,nice,female,Young,YAF_nice_angry.wav,TESS
YAF,Anger,chief,female,Young,YAF_chief_angry.wav,TESS
YAF,Anger,goal,female,Young,YAF_goal_angry.wav,TESS
YAF,Anger,page,female,Young,YAF_page_angry.wav,TESS
YAF,Anger,south,female,Young,YAF_south_angry.wav,TESS
YAF,Anger,jug,female,Young,YAF_jug_angry.wav,TESS
YAF,Anger,bean,female,Young,YAF_bean_angry.wav,TESS
YAF,Anger,hate,female,Young,YAF_hate_angry.wav,TESS
YAF,Anger,wife,female,Young,YAF_wife_angry.wav,TESS
YAF,Anger,good,female,Young,YAF_good_angry.wav,TESS
YAF,Anger,kill,female,Young,YAF_kill_angry.wav,TESS
YAF,Anger,time,female,Young,YAF_time_angry.wav,TESS
YAF,Anger,merge,female,Young,YAF_merge_angry.wav,TESS
YAF,Anger,bone,female,Young,YAF_bone_angry.wav,TESS
YAF,Anger,moon,female,Young,YAF_moon_angry.wav,TESS
YAF,Anger,voice,female,Young,YAF_voice_angry.wav,TESS
YAF,Anger,base,female,Young,YAF_base_angry.wav,TESS
YAF,Anger,match,female,Young,YAF_match_angry.wav,TESS
YAF,Anger,knock,female,Young,YAF_knock_angry.wav,TESS
YAF,Anger,keep,female,Young,YAF_keep_angry.wav,TESS
YAF,Anger,half,female,Young,YAF_half_angry.wav,TESS
YAF,Anger,shirt,female,Young,YAF_shirt_angry.wav,TESS
YAF,Anger,witch,female,Young,YAF_witch_angry.wav,TESS
YAF,Anger,sour,female,Young,YAF_sour_angry.wav,TESS
YAF,Anger,walk,female,Young,YAF_walk_angry.wav,TESS
YAF,Anger,thin,female,Young,YAF_thin_angry.wav,TESS
YAF,Anger,week,female,Young,YAF_week_angry.wav,TESS
YAF,Anger,pike,female,Young,YAF_pike_angry.wav,TESS
YAF,Anger,sheep,female,Young,YAF_sheep_angry.wav,TESS
YAF,Disgust,date,female,Young,YAF_date_disgust.wav,TESS
YAF,Disgust,rag,female,Young,YAF_rag_disgust.wav,TESS
YAF,Disgust,raise,female,Young,YAF_raise_disgust.wav,TESS
YAF,Disgust,ditch,female,Young,YAF_ditch_disgust.wav,TESS
YAF,Disgust,door,female,Young,YAF_door_disgust.wav,TESS
YAF,Disgust,note,female,Young,YAF_note_disgust.wav,TESS
YAF,Disgust,pearl,female,Young,YAF_pearl_disgust.wav,TESS
YAF,Disgust,search,female,Young,YAF_search_disgust.wav,TESS
YAF,Disgust,late,female,Young,YAF_late_disgust.wav,TESS
YAF,Disgust,peg,female,Young,YAF_peg_disgust.wav,TESS
YAF,Disgust,ring,female,Young,YAF_ring_disgust.wav,TESS
YAF,Disgust,tool,female,Young,YAF_tool_disgust.wav,TESS
YAF,Disgust,puff,female,Young,YAF_puff_disgust.wav,TESS
YAF,Disgust,dip,female,Young,YAF_dip_disgust.wav,TESS
YAF,Disgust,walk,female,Young,YAF_walk_disgust.wav,TESS
YAF,Disgust,lot,female,Young,YAF_lot_disgust.wav,TESS
YAF,Disgust,knock,female,Young,YAF_knock_disgust.wav,TESS
YAF,Disgust,jug,female,Young,YAF_jug_disgust.wav,TESS
YAF,Disgust,home,female,Young,YAF_home_disgust.wav,TESS
YAF,Disgust,dab,female,Young,YAF_dab_disgust.wav,TESS
YAF,Disgust,tire,female,Young,YAF_tire_disgust.wav,TESS
YAF,Disgust,road,female,Young,YAF_road_disgust.wav,TESS
YAF,Disgust,burn,female,Young,YAF_burn_disgust.wav,TESS
YAF,Disgust,make,female,Young,YAF_make_disgust.wav,TESS
YAF,Disgust,mood,female,Young,YAF_mood_disgust.wav,TESS
YAF,Disgust,mess,female,Young,YAF_mess_disgust.wav,TESS
YAF,Disgust,cab,female,Young,YAF_cab_disgust.wav,TESS
YAF,Disgust,shawl,female,Young,YAF_shawl_disgust.wav,TESS
YAF,Disgust,wife,female,Young,YAF_wife_disgust.wav,TESS
YAF,Disgust,chain,female,Young,YAF_chain_disgust.wav,TESS
YAF,Disgust,base,female,Young,YAF_base_disgust.wav,TESS
YAF,Disgust,judge,female,Young,YAF_judge_disgust.wav,TESS
YAF,Disgust,came,female,Young,YAF_came_disgust.wav,TESS
YAF,Disgust,rat,female,Young,YAF_rat_disgust.wav,TESS
YAF,Disgust,beg,female,Young,YAF_beg_disgust.wav,TESS
YAF,Disgust,choice,female,Young,YAF_choice_disgust.wav,TESS
YAF,Disgust,hit,female,Young,YAF_hit_disgust.wav,TESS
YAF,Disgust,hole,female,Young,YAF_hole_disgust.wav,TESS
YAF,Disgust,time,female,Young,YAF_time_disgust.wav,TESS
YAF,Disgust,five,female,Young,YAF_five_disgust.wav,TESS
YAF,Disgust,sheep,female,Young,YAF_sheep_disgust.wav,TESS
YAF,Disgust,half,female,Young,YAF_half_disgust.wav,TESS
YAF,Disgust,hush,female,Young,YAF_hush_disgust.wav,TESS
YAF,Disgust,whip,female,Young,YAF_whip_disgust.wav,TESS
YAF,Disgust,pick,female,Young,YAF_pick_disgust.wav,TESS
YAF,Disgust,voice,female,Young,YAF_voice_disgust.wav,TESS
YAF,Disgust,jar,female,Young,YAF_jar_disgust.wav,TESS
YAF,Disgust,numb,female,Young,YAF_numb_disgust.wav,TESS
YAF,Disgust,pike,female,Young,YAF_pike_disgust.wav,TESS
YAF,Disgust,back,female,Young,YAF_back_disgust.wav,TESS
YAF,Disgust,goal,female,Young,YAF_goal_disgust.wav,TESS
YAF,Disgust,fit,female,Young,YAF_fit_disgust.wav,TESS
YAF,Disgust,cheek,female,Young,YAF_cheek_disgust.wav,TESS
YAF,Disgust,name,female,Young,YAF_name_disgust.wav,TESS
YAF,Disgust,sour,female,Young,YAF_sour_disgust.wav,TESS
YAF,Disgust,shout,female,Young,YAF_shout_disgust.wav,TESS
YAF,Disgust,match,female,Young,YAF_match_disgust.wav,TESS
YAF,Disgust,moon,female,Young,YAF_moon_disgust.wav,TESS
YAF,Disgust,pool,female,Young,YAF_pool_disgust.wav,TESS
YAF,Disgust,long,female,Young,YAF_long_disgust.wav,TESS
YAF,Disgust,gun,female,Young,YAF_gun_disgust.wav,TESS
YAF,Disgust,live,female,Young,YAF_live_disgust.wav,TESS
YAF,Disgust,hate,female,Young,YAF_hate_disgust.wav,TESS
YAF,Disgust,thought,female,Young,YAF_thought_disgust.wav,TESS
YAF,Disgust,witch,female,Young,YAF_witch_disgust.wav,TESS
YAF,Disgust,nag,female,Young,YAF_nag_disgust.wav,TESS
YAF,Disgust,nice,female,Young,YAF_nice_disgust.wav,TESS
YAF,Disgust,hall,female,Young,YAF_hall_disgust.wav,TESS
YAF,Disgust,lore,female,Young,YAF_lore_disgust.wav,TESS
YAF,Disgust,talk,female,Young,YAF_talk_disgust.wav,TESS
YAF,Disgust,read,female,Young,YAF_read_disgust.wav,TESS
YAF,Disgust,bought,female,Young,YAF_bought_disgust.wav,TESS
YAF,Disgust,such,female,Young,YAF_such_disgust.wav,TESS
YAF,Disgust,good,female,Young,YAF_good_disgust.wav,TESS
YAF,Disgust,sail,female,Young,YAF_sail_disgust.wav,TESS
YAF,Disgust,chair,female,Young,YAF_chair_disgust.wav,TESS
YAF,Disgust,keen,female,Young,YAF_keen_disgust.wav,TESS
YAF,Disgust,youth,female,Young,YAF_youth_disgust.wav,TESS
YAF,Disgust,tape,female,Young,YAF_tape_disgust.wav,TESS
YAF,Disgust,team,female,Young,YAF_team_disgust.wav,TESS
YAF,Disgust,sure,female,Young,YAF_sure_disgust.wav,TESS
YAF,Disgust,book,female,Young,YAF_book_disgust.wav,TESS
YAF,Disgust,food,female,Young,YAF_food_disgust.wav,TESS
YAF,Disgust,limb,female,Young,YAF_limb_disgust.wav,TESS
YAF,Disgust,wire,female,Young,YAF_wire_disgust.wav,TESS
YAF,Disgust,check,female,Young,YAF_check_disgust.wav,TESS
YAF,Disgust,loaf,female,Young,YAF_loaf_disgust.wav,TESS
YAF,Disgust,lid,female,Young,YAF_lid_disgust.wav,TESS
YAF,Disgust,fall,female,Young,YAF_fall_disgust.wav,TESS
YAF,Disgust,ton,female,Young,YAF_ton_disgust.wav,TESS
YAF,Disgust,join,female,Young,YAF_join_disgust.wav,TESS
YAF,Disgust,mop,female,Young,YAF_mop_disgust.wav,TESS
YAF,Disgust,doll,female,Young,YAF_doll_disgust.wav,TESS
YAF,Disgust,chief,female,Young,YAF_chief_disgust.wav,TESS
YAF,Disgust,keg,female,Young,YAF_keg_disgust.wav,TESS
YAF,Disgust,should,female,Young,YAF_should_disgust.wav,TESS
YAF,Disgust,lose,female,Young,YAF_lose_disgust.wav,TESS
YAF,Disgust,lease,female,Young,YAF_lease_disgust.wav,TESS
YAF,Disgust,wash,female,Young,YAF_wash_disgust.wav,TESS
YAF,Disgust,soup,female,Young,YAF_soup_disgust.wav,TESS
YAF,Disgust,dodge,female,Young,YAF_dodge_disgust.wav,TESS
YAF,Disgust,met,female,Young,YAF_met_disgust.wav,TESS
YAF,Disgust,learn,female,Young,YAF_learn_disgust.wav,TESS
YAF,Disgust,yes,female,Young,YAF_yes_disgust.wav,TESS
YAF,Disgust,room,female,Young,YAF_room_disgust.wav,TESS
YAF,Disgust,south,female,Young,YAF_south_disgust.wav,TESS
YAF,Disgust,vine,female,Young,YAF_vine_disgust.wav,TESS
YAF,Disgust,yearn,female,Young,YAF_yearn_disgust.wav,TESS
YAF,Disgust,king,female,Young,YAF_king_disgust.wav,TESS
YAF,Disgust,bite,female,Young,YAF_bite_disgust.wav,TESS
YAF,Disgust,seize,female,Young,YAF_seize_disgust.wav,TESS
YAF,Disgust,merge,female,Young,YAF_merge_disgust.wav,TESS
YAF,Disgust,luck,female,Young,YAF_luck_disgust.wav,TESS
YAF,Disgust,far,female,Young,YAF_far_disgust.wav,TESS
YAF,Disgust,shirt,female,Young,YAF_shirt_disgust.wav,TESS
YAF,Disgust,mill,female,Young,YAF_mill_disgust.wav,TESS
YAF,Disgust,fail,female,Young,YAF_fail_disgust.wav,TESS
YAF,Disgust,pole,female,Young,YAF_pole_disgust.wav,TESS
YAF,Disgust,gin,female,Young,YAF_gin_disgust.wav,TESS
YAF,Disgust,mouse,female,Young,YAF_mouse_disgust.wav,TESS
YAF,Disgust,dime,female,Young,YAF_dime_disgust.wav,TESS
YAF,Disgust,love,female,Young,YAF_love_disgust.wav,TESS
YAF,Disgust,bar,female,Young,YAF_bar_disgust.wav,TESS
YAF,Disgust,rot,female,Young,YAF_rot_disgust.wav,TESS
YAF,Disgust,bean,female,Young,YAF_bean_disgust.wav,TESS
YAF,Disgust,hurl,female,Young,YAF_hurl_disgust.wav,TESS
YAF,Disgust,sub,female,Young,YAF_sub_disgust.wav,TESS
YAF,Disgust,dog,female,Young,YAF_dog_disgust.wav,TESS
YAF,Disgust,laud,female,Young,YAF_laud_disgust.wav,TESS
YAF,Disgust,shack,female,Young,YAF_shack_disgust.wav,TESS
YAF,Disgust,pad,female,Young,YAF_pad_disgust.wav,TESS
YAF,Disgust,rain,female,Young,YAF_rain_disgust.wav,TESS
YAF,Disgust,tell,female,Young,YAF_tell_disgust.wav,TESS
YAF,Disgust,turn,female,Young,YAF_turn_disgust.wav,TESS
YAF,Disgust,juice,female,Young,YAF_juice_disgust.wav,TESS
YAF,Disgust,vote,female,Young,YAF_vote_disgust.wav,TESS
YAF,Disgust,cool,female,Young,YAF_cool_disgust.wav,TESS
YAF,Disgust,week,female,Young,YAF_week_disgust.wav,TESS
YAF,Disgust,bone,female,Young,YAF_bone_disgust.wav,TESS
YAF,Disgust,rough,female,Young,YAF_rough_disgust.wav,TESS
YAF,Disgust,calm,female,Young,YAF_calm_disgust.wav,TESS
YAF,Disgust,size,female,Young,YAF_size_disgust.wav,TESS
YAF,Disgust,sell,female,Young,YAF_sell_disgust.wav,TESS
YAF,Disgust,red,female,Young,YAF_red_disgust.wav,TESS
YAF,Disgust,page,female,Young,YAF_page_disgust.wav,TESS
YAF,Disgust,have,female,Young,YAF_have_disgust.wav,TESS
YAF,Disgust,bath,female,Young,YAF_bath_disgust.wav,TESS
YAF,Disgust,take,female,Young,YAF_take_disgust.wav,TESS
YAF,Disgust,gap,female,Young,YAF_gap_disgust.wav,TESS
YAF,Disgust,kite,female,Young,YAF_kite_disgust.wav,TESS
YAF,Disgust,kill,female,Young,YAF_kill_disgust.wav,TESS
YAF,Disgust,lean,female,Young,YAF_lean_disgust.wav,TESS
YAF,Disgust,near,female,Young,YAF_near_disgust.wav,TESS
YAF,Disgust,white,female,Young,YAF_white_disgust.wav,TESS
YAF,Disgust,thin,female,Young,YAF_thin_disgust.wav,TESS
YAF,Disgust,jail,female,Young,YAF_jail_disgust.wav,TESS
YAF,Disgust,death,female,Young,YAF_death_disgust.wav,TESS
YAF,Disgust,soap,female,Young,YAF_soap_disgust.wav,TESS
YAF,Disgust,gas,female,Young,YAF_gas_disgust.wav,TESS
YAF,Disgust,germ,female,Young,YAF_germ_disgust.wav,TESS
YAF,Disgust,life,female,Young,YAF_life_disgust.wav,TESS
YAF,Disgust,young,female,Young,YAF_young_disgust.wav,TESS
YAF,Disgust,hash,female,Young,YAF_hash_disgust.wav,TESS
YAF,Disgust,raid,female,Young,YAF_raid_disgust.wav,TESS
YAF,Disgust,mode,female,Young,YAF_mode_disgust.wav,TESS
YAF,Disgust,deep,female,Young,YAF_deep_disgust.wav,TESS
YAF,Disgust,cause,female,Young,YAF_cause_disgust.wav,TESS
YAF,Disgust,keep,female,Young,YAF_keep_disgust.wav,TESS
YAF,Disgust,kick,female,Young,YAF_kick_disgust.wav,TESS
YAF,Disgust,pain,female,Young,YAF_pain_disgust.wav,TESS
YAF,Disgust,which,female,Young,YAF_which_disgust.wav,TESS
YAF,Disgust,fat,female,Young,YAF_fat_disgust.wav,TESS
YAF,Disgust,phone,female,Young,YAF_phone_disgust.wav,TESS
YAF,Disgust,chat,female,Young,YAF_chat_disgust.wav,TESS
YAF,Disgust,dead,female,Young,YAF_dead_disgust.wav,TESS
YAF,Disgust,when,female,Young,YAF_when_disgust.wav,TESS
YAF,Disgust,hire,female,Young,YAF_hire_disgust.wav,TESS
YAF,Disgust,boat,female,Young,YAF_boat_disgust.wav,TESS
YAF,Disgust,void,female,Young,YAF_void_disgust.wav,TESS
YAF,Disgust,mob,female,Young,YAF_mob_disgust.wav,TESS
YAF,Disgust,haze,female,Young,YAF_haze_disgust.wav,TESS
YAF,Disgust,wag,female,Young,YAF_wag_disgust.wav,TESS
YAF,Disgust,pass,female,Young,YAF_pass_disgust.wav,TESS
YAF,Disgust,wheat,female,Young,YAF_wheat_disgust.wav,TESS
YAF,Disgust,tip,female,Young,YAF_tip_disgust.wav,TESS
YAF,Disgust,perch,female,Young,YAF_perch_disgust.wav,TESS
YAF,Disgust,reach,female,Young,YAF_reach_disgust.wav,TESS
YAF,Disgust,rush,female,Young,YAF_rush_disgust.wav,TESS
YAF,Disgust,ripe,female,Young,YAF_ripe_disgust.wav,TESS
YAF,Disgust,shall,female,Young,YAF_shall_disgust.wav,TESS
YAF,Disgust,thumb,female,Young,YAF_thumb_disgust.wav,TESS
YAF,Disgust,neat,female,Young,YAF_neat_disgust.wav,TESS
YAF,Disgust,rose,female,Young,YAF_rose_disgust.wav,TESS
YAF,Disgust,said,female,Young,YAF_said_disgust.wav,TESS
YAF,Disgust,tough,female,Young,YAF_tough_disgust.wav,TESS
YAF,Disgust,get,female,Young,YAF_get_disgust.wav,TESS
YAF,Disgust,gaze,female,Young,YAF_gaze_disgust.wav,TESS
YAF,Disgust,chalk,female,Young,YAF_chalk_disgust.wav,TESS
YAF,Disgust,third,female,Young,YAF_third_disgust.wav,TESS
YAF,Disgust,goose,female,Young,YAF_goose_disgust.wav,TESS
YAF,Fear,dead,female,Young,YAF_dead_fear.wav,TESS
YAF,Fear,ripe,female,Young,YAF_ripe_fear.wav,TESS
YAF,Fear,hall,female,Young,YAF_hall_fear.wav,TESS
YAF,Fear,cause,female,Young,YAF_cause_fear.wav,TESS
YAF,Fear,should,female,Young,YAF_should_fear.wav,TESS
YAF,Fear,fail,female,Young,YAF_fail_fear.wav,TESS
YAF,Fear,youth,female,Young,YAF_youth_fear.wav,TESS
YAF,Fear,merge,female,Young,YAF_merge_fear.wav,TESS
YAF,Fear,void,female,Young,YAF_void_fear.wav,TESS
YAF,Fear,room,female,Young,YAF_room_fear.wav,TESS
YAF,Fear,note,female,Young,YAF_note_fear.wav,TESS
YAF,Fear,search,female,Young,YAF_search_fear.wav,TESS
YAF,Fear,pike,female,Young,YAF_pike_fear.wav,TESS
YAF,Fear,luck,female,Young,YAF_luck_fear.wav,TESS
YAF,Fear,talk,female,Young,YAF_talk_fear.wav,TESS
YAF,Fear,half,female,Young,YAF_half_fear.wav,TESS
YAF,Fear,keg,female,Young,YAF_keg_fear.wav,TESS
YAF,Fear,rose,female,Young,YAF_rose_fear.wav,TESS
YAF,Fear,sell,female,Young,YAF_sell_fear.wav,TESS
YAF,Fear,mill,female,Young,YAF_mill_fear.wav,TESS
YAF,Fear,home,female,Young,YAF_home_fear.wav,TESS
YAF,Fear,fit,female,Young,YAF_fit_fear.wav,TESS
YAF,Fear,read,female,Young,YAF_read_fear.wav,TESS
YAF,Fear,chat,female,Young,YAF_chat_fear.wav,TESS
YAF,Fear,sour,female,Young,YAF_sour_fear.wav,TESS
YAF,Fear,bar,female,Young,YAF_bar_fear.wav,TESS
YAF,Fear,pick,female,Young,YAF_pick_fear.wav,TESS
YAF,Fear,jail,female,Young,YAF_jail_fear.wav,TESS
YAF,Fear,chief,female,Young,YAF_chief_fear.wav,TESS
YAF,Fear,choice,female,Young,YAF_choice_fear.wav,TESS
YAF,Fear,learn,female,Young,YAF_learn_fear.wav,TESS
YAF,Fear,voice,female,Young,YAF_voice_fear.wav,TESS
YAF,Fear,door,female,Young,YAF_door_fear.wav,TESS
YAF,Fear,gas,female,Young,YAF_gas_fear.wav,TESS
YAF,Fear,mop,female,Young,YAF_mop_fear.wav,TESS
YAF,Fear,peg,female,Young,YAF_peg_fear.wav,TESS
YAF,Fear,shall,female,Young,YAF_shall_fear.wav,TESS
YAF,Fear,limb,female,Young,YAF_limb_fear.wav,TESS
YAF,Fear,perch,female,Young,YAF_perch_fear.wav,TESS
YAF,Fear,late,female,Young,YAF_late_fear.wav,TESS
YAF,Fear,dog,female,Young,YAF_dog_fear.wav,TESS
YAF,Fear,phone,female,Young,YAF_phone_fear.wav,TESS
YAF,Fear,came,female,Young,YAF_came_fear.wav,TESS
YAF,Fear,have,female,Young,YAF_have_fear.wav,TESS
YAF,Fear,wheat,female,Young,YAF_wheat_fear.wav,TESS
YAF,Fear,book,female,Young,YAF_book_fear.wav,TESS
YAF,Fear,gaze,female,Young,YAF_gaze_fear.wav,TESS
YAF,Fear,dab,female,Young,YAF_dab_fear.wav,TESS
YAF,Fear,jar,female,Young,YAF_jar_fear.wav,TESS
YAF,Fear,pad,female,Young,YAF_pad_fear.wav,TESS
YAF,Fear,love,female,Young,YAF_love_fear.wav,TESS
YAF,Fear,tool,female,Young,YAF_tool_fear.wav,TESS
YAF,Fear,cab,female,Young,YAF_cab_fear.wav,TESS
YAF,Fear,yearn,female,Young,YAF_yearn_fear.wav,TESS
YAF,Fear,week,female,Young,YAF_week_fear.wav,TESS
YAF,Fear,pearl,female,Young,YAF_pearl_fear.wav,TESS
YAF,Fear,tough,female,Young,YAF_tough_fear.wav,TESS
YAF,Fear,gin,female,Young,YAF_gin_fear.wav,TESS
YAF,Fear,hurl,female,Young,YAF_hurl_fear.wav,TESS
YAF,Fear,mouse,female,Young,YAF_mouse_fear.wav,TESS
YAF,Fear,nice,female,Young,YAF_nice_fear.wav,TESS
YAF,Fear,rot,female,Young,YAF_rot_fear.wav,TESS
YAF,Fear,lot,female,Young,YAF_lot_fear.wav,TESS
YAF,Fear,kill,female,Young,YAF_kill_fear.wav,TESS
YAF,Fear,jug,female,Young,YAF_jug_fear.wav,TESS
YAF,Fear,bean,female,Young,YAF_bean_fear.wav,TESS
YAF,Fear,hole,female,Young,YAF_hole_fear.wav,TESS
YAF,Fear,young,female,Young,YAF_young_fear.wav,TESS
YAF,Fear,mob,female,Young,YAF_mob_fear.wav,TESS
YAF,Fear,sail,female,Young,YAF_sail_fear.wav,TESS
YAF,Fear,haze,female,Young,YAF_haze_fear.wav,TESS
YAF,Fear,shirt,female,Young,YAF_shirt_fear.wav,TESS
YAF,Fear,ton,female,Young,YAF_ton_fear.wav,TESS
YAF,Fear,page,female,Young,YAF_page_fear.wav,TESS
YAF,Fear,tape,female,Young,YAF_tape_fear.wav,TESS
YAF,Fear,join,female,Young,YAF_join_fear.wav,TESS
YAF,Fear,walk,female,Young,YAF_walk_fear.wav,TESS
YAF,Fear,rain,female,Young,YAF_rain_fear.wav,TESS
YAF,Fear,road,female,Young,YAF_road_fear.wav,TESS
YAF,Fear,food,female,Young,YAF_food_fear.wav,TESS
YAF,Fear,loaf,female,Young,YAF_loaf_fear.wav,TESS
YAF,Fear,knock,female,Young,YAF_knock_fear.wav,TESS
YAF,Fear,south,female,Young,YAF_south_fear.wav,TESS
YAF,Fear,life,female,Young,YAF_life_fear.wav,TESS
YAF,Fear,judge,female,Young,YAF_judge_fear.wav,TESS
YAF,Fear,laud,female,Young,YAF_laud_fear.wav,TESS
YAF,Fear,sure,female,Young,YAF_sure_fear.wav,TESS
YAF,Fear,tip,female,Young,YAF_tip_fear.wav,TESS
YAF,Fear,lease,female,Young,YAF_lease_fear.wav,TESS
YAF,Fear,rough,female,Young,YAF_rough_fear.wav,TESS
YAF,Fear,thought,female,Young,YAF_thought_fear.wav,TESS
YAF,Fear,chair,female,Young,YAF_chair_fear.wav,TESS
YAF,Fear,raid,female,Young,YAF_raid_fear.wav,TESS
YAF,Fear,white,female,Young,YAF_white_fear.wav,TESS
YAF,Fear,met,female,Young,YAF_met_fear.wav,TESS
YAF,Fear,ring,female,Young,YAF_ring_fear.wav,TESS
YAF,Fear,dip,female,Young,YAF_dip_fear.wav,TESS
YAF,Fear,nag,female,Young,YAF_nag_fear.wav,TESS
YAF,Fear,yes,female,Young,YAF_yes_fear.wav,TESS
YAF,Fear,sheep,female,Young,YAF_sheep_fear.wav,TESS
YAF,Fear,which,female,Young,YAF_which_fear.wav,TESS
YAF,Fear,rat,female,Young,YAF_rat_fear.wav,TESS
YAF,Fear,match,female,Young,YAF_match_fear.wav,TESS
YAF,Fear,burn,female,Young,YAF_burn_fear.wav,TESS
YAF,Fear,lid,female,Young,YAF_lid_fear.wav,TESS
YAF,Fear,deep,female,Young,YAF_deep_fear.wav,TESS
YAF,Fear,far,female,Young,YAF_far_fear.wav,TESS
YAF,Fear,when,female,Young,YAF_when_fear.wav,TESS
YAF,Fear,turn,female,Young,YAF_turn_fear.wav,TESS
YAF,Fear,beg,female,Young,YAF_beg_fear.wav,TESS
YAF,Fear,neat,female,Young,YAF_neat_fear.wav,TESS
YAF,Fear,ditch,female,Young,YAF_ditch_fear.wav,TESS
YAF,Fear,back,female,Young,YAF_back_fear.wav,TESS
YAF,Fear,live,female,Young,YAF_live_fear.wav,TESS
YAF,Fear,third,female,Young,YAF_third_fear.wav,TESS
YAF,Fear,gap,female,Young,YAF_gap_fear.wav,TESS
YAF,Fear,date,female,Young,YAF_date_fear.wav,TESS
YAF,Fear,mode,female,Young,YAF_mode_fear.wav,TESS
YAF,Fear,hash,female,Young,YAF_hash_fear.wav,TESS
YAF,Fear,bath,female,Young,YAF_bath_fear.wav,TESS
YAF,Fear,mood,female,Young,YAF_mood_fear.wav,TESS
YAF,Fear,kick,female,Young,YAF_kick_fear.wav,TESS
YAF,Fear,pole,female,Young,YAF_pole_fear.wav,TESS
YAF,Fear,thin,female,Young,YAF_thin_fear.wav,TESS
YAF,Fear,lose,female,Young,YAF_lose_fear.wav,TESS
YAF,Fear,name,female,Young,YAF_name_fear.wav,TESS
YAF,Fear,soup,female,Young,YAF_soup_fear.wav,TESS
YAF,Fear,such,female,Young,YAF_such_fear.wav,TESS
YAF,Fear,pain,female,Young,YAF_pain_fear.wav,TESS
YAF,Fear,wash,female,Young,YAF_wash_fear.wav,TESS
YAF,Fear,numb,female,Young,YAF_numb_fear.wav,TESS
YAF,Fear,goal,female,Young,YAF_goal_fear.wav,TESS
YAF,Fear,moon,female,Young,YAF_moon_fear.wav,TESS
YAF,Fear,goose,female,Young,YAF_goose_fear.wav,TESS
YAF,Fear,hire,female,Young,YAF_hire_fear.wav,TESS
YAF,Fear,pass,female,Young,YAF_pass_fear.wav,TESS
YAF,Fear,time,female,Young,YAF_time_fear.wav,TESS
YAF,Fear,bone,female,Young,YAF_bone_fear.wav,TESS
YAF,Fear,vine,female,Young,YAF_vine_fear.wav,TESS
YAF,Fear,take,female,Young,YAF_take_fear.wav,TESS
YAF,Fear,hate,female,Young,YAF_hate_fear.wav,TESS
YAF,Fear,wire,female,Young,YAF_wire_fear.wav,TESS
YAF,Fear,base,female,Young,YAF_base_fear.wav,TESS
YAF,Fear,lean,female,Young,YAF_lean_fear.wav,TESS
YAF,Fear,juice,female,Young,YAF_juice_fear.wav,TESS
YAF,Fear,king,female,Young,YAF_king_fear.wav,TESS
YAF,Fear,tire,female,Young,YAF_tire_fear.wav,TESS
YAF,Fear,hush,female,Young,YAF_hush_fear.wav,TESS
YAF,Fear,size,female,Young,YAF_size_fear.wav,TESS
YAF,Fear,said,female,Young,YAF_said_fear.wav,TESS
YAF,Fear,chalk,female,Young,YAF_chalk_fear.wav,TESS
YAF,Fear,rag,female,Young,YAF_rag_fear.wav,TESS
YAF,Fear,thumb,female,Young,YAF_thumb_fear.wav,TESS
YAF,Fear,bought,female,Young,YAF_bought_fear.wav,TESS
YAF,Fear,good,female,Young,YAF_good_fear.wav,TESS
YAF,Fear,pool,female,Young,YAF_pool_fear.wav,TESS
YAF,Fear,check,female,Young,YAF_check_fear.wav,TESS
YAF,Fear,witch,female,Young,YAF_witch_fear.wav,TESS
YAF,Fear,reach,female,Young,YAF_reach_fear.wav,TESS
YAF,Fear,shout,female,Young,YAF_shout_fear.wav,TESS
YAF,Fear,keep,female,Young,YAF_keep_fear.wav,TESS
YAF,Fear,red,female,Young,YAF_red_fear.wav,TESS
YAF,Fear,shack,female,Young,YAF_shack_fear.wav,TESS
YAF,Fear,calm,female,Young,YAF_calm_fear.wav,TESS
YAF,Fear,doll,female,Young,YAF_doll_fear.wav,TESS
YAF,Fear,boat,female,Young,YAF_boat_fear.wav,TESS
YAF,Fear,cool,female,Young,YAF_cool_fear.wav,TESS
YAF,Fear,fall,female,Young,YAF_fall_fear.wav,TESS
YAF,Fear,hit,female,Young,YAF_hit_fear.wav,TESS
YAF,Fear,kite,female,Young,YAF_kite_fear.wav,TESS
YAF,Fear,whip,female,Young,YAF_whip_fear.wav,TESS
YAF,Fear,lore,female,Young,YAF_lore_fear.wav,TESS
YAF,Fear,cheek,female,Young,YAF_cheek_fear.wav,TESS
YAF,Fear,soap,female,Young,YAF_soap_fear.wav,TESS
YAF,Fear,raise,female,Young,YAF_raise_fear.wav,TESS
YAF,Fear,tell,female,Young,YAF_tell_fear.wav,TESS
YAF,Fear,dime,female,Young,YAF_dime_fear.wav,TESS
YAF,Fear,mess,female,Young,YAF_mess_fear.wav,TESS
YAF,Fear,long,female,Young,YAF_long_fear.wav,TESS
YAF,Fear,get,female,Young,YAF_get_fear.wav,TESS
YAF,Fear,fat,female,Young,YAF_fat_fear.wav,TESS
YAF,Fear,gun,female,Young,YAF_gun_fear.wav,TESS
YAF,Fear,keen,female,Young,YAF_keen_fear.wav,TESS
YAF,Fear,death,female,Young,YAF_death_fear.wav,TESS
YAF,Fear,seize,female,Young,YAF_seize_fear.wav,TESS
YAF,Fear,wife,female,Young,YAF_wife_fear.wav,TESS
YAF,Fear,near,female,Young,YAF_near_fear.wav,TESS
YAF,Fear,wag,female,Young,YAF_wag_fear.wav,TESS
YAF,Fear,bite,female,Young,YAF_bite_fear.wav,TESS
YAF,Fear,chain,female,Young,YAF_chain_fear.wav,TESS
YAF,Fear,puff,female,Young,YAF_puff_fear.wav,TESS
YAF,Fear,team,female,Young,YAF_team_fear.wav,TESS
YAF,Fear,five,female,Young,YAF_five_fear.wav,TESS
YAF,Fear,vote,female,Young,YAF_vote_fear.wav,TESS
YAF,Fear,germ,female,Young,YAF_germ_fear.wav,TESS
YAF,Fear,shawl,female,Young,YAF_shawl_fear.wav,TESS
YAF,Fear,make,female,Young,YAF_make_fear.wav,TESS
YAF,Fear,rush,female,Young,YAF_rush_fear.wav,TESS
YAF,Fear,dodge,female,Young,YAF_dodge_fear.wav,TESS
YAF,Fear,sub,female,Young,YAF_sub_fear.wav,TESS
YAF,Happy,wire,female,Young,YAF_wire_happy.wav,TESS
YAF,Happy,hall,female,Young,YAF_hall_happy.wav,TESS
YAF,Happy,gin,female,Young,YAF_gin_happy.wav,TESS
YAF,Happy,love,female,Young,YAF_love_happy.wav,TESS
YAF,Happy,gaze,female,Young,YAF_gaze_happy.wav,TESS
YAF,Happy,kite,female,Young,YAF_kite_happy.wav,TESS
YAF,Happy,team,female,Young,YAF_team_happy.wav,TESS
YAF,Happy,jar,female,Young,YAF_jar_happy.wav,TESS
YAF,Happy,white,female,Young,YAF_white_happy.wav,TESS
YAF,Happy,dab,female,Young,YAF_dab_happy.wav,TESS
YAF,Happy,death,female,Young,YAF_death_happy.wav,TESS
YAF,Happy,fat,female,Young,YAF_fat_happy.wav,TESS
YAF,Happy,hash,female,Young,YAF_hash_happy.wav,TESS
YAF,Happy,when,female,Young,YAF_when_happy.wav,TESS
YAF,Happy,rose,female,Young,YAF_rose_happy.wav,TESS
YAF,Happy,bath,female,Young,YAF_bath_happy.wav,TESS
YAF,Happy,thought,female,Young,YAF_thought_happy.wav,TESS
YAF,Happy,youth,female,Young,YAF_youth_happy.wav,TESS
YAF,Happy,gap,female,Young,YAF_gap_happy.wav,TESS
YAF,Happy,calm,female,Young,YAF_calm_happy.wav,TESS
YAF,Happy,take,female,Young,YAF_take_happy.wav,TESS
YAF,Happy,hire,female,Young,YAF_hire_happy.wav,TESS
YAF,Happy,king,female,Young,YAF_king_happy.wav,TESS
YAF,Happy,dog,female,Young,YAF_dog_happy.wav,TESS
YAF,Happy,young,female,Young,YAF_young_happy.wav,TESS
YAF,Happy,pool,female,Young,YAF_pool_happy.wav,TESS
YAF,Happy,book,female,Young,YAF_book_happy.wav,TESS
YAF,Happy,said,female,Young,YAF_said_happy.wav,TESS
YAF,Happy,void,female,Young,YAF_void_happy.wav,TESS
YAF,Happy,mood,female,Young,YAF_mood_happy.wav,TESS
YAF,Happy,tip,female,Young,YAF_tip_happy.wav,TESS
YAF,Happy,wash,female,Young,YAF_wash_happy.wav,TESS
YAF,Happy,limb,female,Young,YAF_limb_happy.wav,TESS
YAF,Happy,get,female,Young,YAF_get_happy.wav,TESS
YAF,Happy,far,female,Young,YAF_far_happy.wav,TESS
YAF,Happy,burn,female,Young,YAF_burn_happy.wav,TESS
YAF,Happy,luck,female,Young,YAF_luck_happy.wav,TESS
YAF,Happy,rush,female,Young,YAF_rush_happy.wav,TESS
YAF,Happy,keg,female,Young,YAF_keg_happy.wav,TESS
YAF,Happy,fit,female,Young,YAF_fit_happy.wav,TESS
YAF,Happy,ring,female,Young,YAF_ring_happy.wav,TESS
YAF,Happy,raise,female,Young,YAF_raise_happy.wav,TESS
YAF,Happy,make,female,Young,YAF_make_happy.wav,TESS
YAF,Happy,tape,female,Young,YAF_tape_happy.wav,TESS
YAF,Happy,rot,female,Young,YAF_rot_happy.wav,TESS
YAF,Happy,have,female,Young,YAF_have_happy.wav,TESS
YAF,Happy,raid,female,Young,YAF_raid_happy.wav,TESS
YAF,Happy,five,female,Young,YAF_five_happy.wav,TESS
YAF,Happy,date,female,Young,YAF_date_happy.wav,TESS
YAF,Happy,lose,female,Young,YAF_lose_happy.wav,TESS
YAF,Happy,beg,female,Young,YAF_beg_happy.wav,TESS
YAF,Happy,chair,female,Young,YAF_chair_happy.wav,TESS
YAF,Happy,dead,female,Young,YAF_dead_happy.wav,TESS
YAF,Happy,name,female,Young,YAF_name_happy.wav,TESS
YAF,Happy,pole,female,Young,YAF_pole_happy.wav,TESS
YAF,Happy,gun,female,Young,YAF_gun_happy.wav,TESS
YAF,Happy,loaf,female,Young,YAF_loaf_happy.wav,TESS
YAF,Happy,yearn,female,Young,YAF_yearn_happy.wav,TESS
YAF,Happy,came,female,Young,YAF_came_happy.wav,TESS
YAF,Happy,laud,female,Young,YAF_laud_happy.wav,TESS
YAF,Happy,live,female,Young,YAF_live_happy.wav,TESS
YAF,Happy,shout,female,Young,YAF_shout_happy.wav,TESS
YAF,Happy,wheat,female,Young,YAF_wheat_happy.wav,TESS
YAF,Happy,tough,female,Young,YAF_tough_happy.wav,TESS
YAF,Happy,back,female,Young,YAF_back_happy.wav,TESS
YAF,Happy,cause,female,Young,YAF_cause_happy.wav,TESS
YAF,Happy,dodge,female,Young,YAF_dodge_happy.wav,TESS
YAF,Happy,dip,female,Young,YAF_dip_happy.wav,TESS
YAF,Happy,food,female,Young,YAF_food_happy.wav,TESS
YAF,Happy,mill,female,Young,YAF_mill_happy.wav,TESS
YAF,Happy,keen,female,Young,YAF_keen_happy.wav,TESS
YAF,Happy,chat,female,Young,YAF_chat_happy.wav,TESS
YAF,Happy,met,female,Young,YAF_met_happy.wav,TESS
YAF,Happy,rain,female,Young,YAF_rain_happy.wav,TESS
YAF,Happy,hole,female,Young,YAF_hole_happy.wav,TESS
YAF,Happy,chalk,female,Young,YAF_chalk_happy.wav,TESS
YAF,Happy,kick,female,Young,YAF_kick_happy.wav,TESS
YAF,Happy,sell,female,Young,YAF_sell_happy.wav,TESS
YAF,Happy,search,female,Young,YAF_search_happy.wav,TESS
YAF,Happy,tell,female,Young,YAF_tell_happy.wav,TESS
YAF,Happy,cheek,female,Young,YAF_cheek_happy.wav,TESS
YAF,Happy,germ,female,Young,YAF_germ_happy.wav,TESS
YAF,Happy,should,female,Young,YAF_should_happy.wav,TESS
YAF,Happy,perch,female,Young,YAF_perch_happy.wav,TESS
YAF,Happy,thumb,female,Young,YAF_thumb_happy.wav,TESS
YAF,Happy,cool,female,Young,YAF_cool_happy.wav,TESS
YAF,Happy,learn,female,Young,YAF_learn_happy.wav,TESS
YAF,Happy,long,female,Young,YAF_long_happy.wav,TESS
YAF,Happy,match,female,Young,YAF_match_happy.wav,TESS
YAF,Happy,knock,female,Young,YAF_knock_happy.wav,TESS
YAF,Happy,base,female,Young,YAF_base_happy.wav,TESS
YAF,Happy,moon,female,Young,YAF_moon_happy.wav,TESS
YAF,Happy,voice,female,Young,YAF_voice_happy.wav,TESS
YAF,Happy,bone,female,Young,YAF_bone_happy.wav,TESS
YAF,Happy,time,female,Young,YAF_time_happy.wav,TESS
YAF,Happy,merge,female,Young,YAF_merge_happy.wav,TESS
YAF,Happy,kill,female,Young,YAF_kill_happy.wav,TESS
YAF,Happy,good,female,Young,YAF_good_happy.wav,TESS
YAF,Happy,wife,female,Young,YAF_wife_happy.wav,TESS
YAF,Happy,hate,female,Young,YAF_hate_happy.wav,TESS
YAF,Happy,jug,female,Young,YAF_jug_happy.wav,TESS
YAF,Happy,bean,female,Young,YAF_bean_happy.wav,TESS
YAF,Happy,page,female,Young,YAF_page_happy.wav,TESS
YAF,Happy,south,female,Young,YAF_south_happy.wav,TESS
YAF,Happy,goal,female,Young,YAF_goal_happy.wav,TESS
YAF,Happy,nice,female,Young,YAF_nice_happy.wav,TESS
YAF,Happy,chief,female,Young,YAF_chief_happy.wav,TESS
YAF,Happy,door,female,Young,YAF_door_happy.wav,TESS
YAF,Happy,vine,female,Young,YAF_vine_happy.wav,TESS
YAF,Happy,sheep,female,Young,YAF_sheep_happy.wav,TESS
YAF,Happy,week,female,Young,YAF_week_happy.wav,TESS
YAF,Happy,pike,female,Young,YAF_pike_happy.wav,TESS
YAF,Happy,thin,female,Young,YAF_thin_happy.wav,TESS
YAF,Happy,walk,female,Young,YAF_walk_happy.wav,TESS
YAF,Happy,sour,female,Young,YAF_sour_happy.wav,TESS
YAF,Happy,witch,female,Young,YAF_witch_happy.wav,TESS
YAF,Happy,shirt,female,Young,YAF_shirt_happy.wav,TESS
YAF,Happy,keep,female,Young,YAF_keep_happy.wav,TESS
YAF,Happy,half,female,Young,YAF_half_happy.wav,TESS
YAF,Happy,fail,female,Young,YAF_fail_happy.wav,TESS
YAF,Happy,check,female,Young,YAF_check_happy.wav,TESS
YAF,Happy,chain,female,Young,YAF_chain_happy.wav,TESS
YAF,Happy,near,female,Young,YAF_near_happy.wav,TESS
YAF,Happy,nag,female,Young,YAF_nag_happy.wav,TESS
YAF,Happy,turn,female,Young,YAF_turn_happy.wav,TESS
YAF,Happy,pearl,female,Young,YAF_pearl_happy.wav,TESS
YAF,Happy,mop,female,Young,YAF_mop_happy.wav,TESS
YAF,Happy,whip,female,Young,YAF_whip_happy.wav,TESS
YAF,Happy,mouse,female,Young,YAF_mouse_happy.wav,TESS
YAF,Happy,pick,female,Young,YAF_pick_happy.wav,TESS
YAF,Happy,numb,female,Young,YAF_numb_happy.wav,TESS
YAF,Happy,seize,female,Young,YAF_seize_happy.wav,TESS
YAF,Happy,lore,female,Young,YAF_lore_happy.wav,TESS
YAF,Happy,soap,female,Young,YAF_soap_happy.wav,TESS
YAF,Happy,boat,female,Young,YAF_boat_happy.wav,TESS
YAF,Happy,mode,female,Young,YAF_mode_happy.wav,TESS
YAF,Happy,choice,female,Young,YAF_choice_happy.wav,TESS
YAF,Happy,haze,female,Young,YAF_haze_happy.wav,TESS
YAF,Happy,rough,female,Young,YAF_rough_happy.wav,TESS
YAF,Happy,read,female,Young,YAF_read_happy.wav,TESS
YAF,Happy,which,female,Young,YAF_which_happy.wav,TESS
YAF,Happy,lot,female,Young,YAF_lot_happy.wav,TESS
YAF,Happy,peg,female,Young,YAF_peg_happy.wav,TESS
YAF,Happy,neat,female,Young,YAF_neat_happy.wav,TESS
YAF,Happy,pain,female,Young,YAF_pain_happy.wav,TESS
YAF,Happy,late,female,Young,YAF_late_happy.wav,TESS
YAF,Happy,lid,female,Young,YAF_lid_happy.wav,TESS
YAF,Happy,reach,female,Young,YAF_reach_happy.wav,TESS
YAF,Happy,third,female,Young,YAF_third_happy.wav,TESS
YAF,Happy,red,female,Young,YAF_red_happy.wav,TESS
YAF,Happy,note,female,Young,YAF_note_happy.wav,TESS
YAF,Happy,bar,female,Young,YAF_bar_happy.wav,TESS
YAF,Happy,ripe,female,Young,YAF_ripe_happy.wav,TESS
YAF,Happy,doll,female,Young,YAF_doll_happy.wav,TESS
YAF,Happy,ditch,female,Young,YAF_ditch_happy.wav,TESS
YAF,Happy,talk,female,Young,YAF_talk_happy.wav,TESS
YAF,Happy,bite,female,Young,YAF_bite_happy.wav,TESS
YAF,Happy,mess,female,Young,YAF_mess_happy.wav,TESS
YAF,Happy,fall,female,Young,YAF_fall_happy.wav,TESS
YAF,Happy,vote,female,Young,YAF_vote_happy.wav,TESS
YAF,Happy,join,female,Young,YAF_join_happy.wav,TESS
YAF,Happy,room,female,Young,YAF_room_happy.wav,TESS
YAF,Happy,sure,female,Young,YAF_sure_happy.wav,TESS
YAF,Happy,life,female,Young,YAF_life_happy.wav,TESS
YAF,Happy,juice,female,Young,YAF_juice_happy.wav,TESS
YAF,Happy,lease,female,Young,YAF_lease_happy.wav,TESS
YAF,Happy,wag,female,Young,YAF_wag_happy.wav,TESS
YAF,Happy,shall,female,Young,YAF_shall_happy.wav,TESS
YAF,Happy,pass,female,Young,YAF_pass_happy.wav,TESS
YAF,Happy,hit,female,Young,YAF_hit_happy.wav,TESS
YAF,Happy,sub,female,Young,YAF_sub_happy.wav,TESS
YAF,Happy,tire,female,Young,YAF_tire_happy.wav,TESS
YAF,Happy,goose,female,Young,YAF_goose_happy.wav,TESS
YAF,Happy,judge,female,Young,YAF_judge_happy.wav,TESS
YAF,Happy,hurl,female,Young,YAF_hurl_happy.wav,TESS
YAF,Happy,jail,female,Young,YAF_jail_happy.wav,TESS
YAF,Happy,tool,female,Young,YAF_tool_happy.wav,TESS
YAF,Happy,hush,female,Young,YAF_hush_happy.wav,TESS
YAF,Happy,rat,female,Young,YAF_rat_happy.wav,TESS
YAF,Happy,puff,female,Young,YAF_puff_happy.wav,TESS
YAF,Happy,lean,female,Young,YAF_lean_happy.wav,TESS
YAF,Happy,gas,female,Young,YAF_gas_happy.wav,TESS
YAF,Happy,deep,female,Young,YAF_deep_happy.wav,TESS
YAF,Happy,mob,female,Young,YAF_mob_happy.wav,TESS
YAF,Happy,phone,female,Young,YAF_phone_happy.wav,TESS
YAF,Happy,dime,female,Young,YAF_dime_happy.wav,TESS
YAF,Happy,sail,female,Young,YAF_sail_happy.wav,TESS
YAF,Happy,size,female,Young,YAF_size_happy.wav,TESS
YAF,Happy,bought,female,Young,YAF_bought_happy.wav,TESS
YAF,Happy,road,female,Young,YAF_road_happy.wav,TESS
YAF,Happy,shack,female,Young,YAF_shack_happy.wav,TESS
YAF,Happy,soup,female,Young,YAF_soup_happy.wav,TESS
YAF,Happy,home,female,Young,YAF_home_happy.wav,TESS
YAF,Happy,ton,female,Young,YAF_ton_happy.wav,TESS
YAF,Happy,rag,female,Young,YAF_rag_happy.wav,TESS
YAF,Happy,shawl,female,Young,YAF_shawl_happy.wav,TESS
YAF,Happy,such,female,Young,YAF_such_happy.wav,TESS
YAF,Happy,cab,female,Young,YAF_cab_happy.wav,TESS
YAF,Happy,pad,female,Young,YAF_pad_happy.wav,TESS
YAF,Happy,yes,female,Young,YAF_yes_happy.wav,TESS
YAF,Neutral,hurl,female,Young,YAF_hurl_neutral.wav,TESS
YAF,Neutral,dog,female,Young,YAF_dog_neutral.wav,TESS
YAF,Neutral,sub,female,Young,YAF_sub_neutral.wav,TESS
YAF,Neutral,laud,female,Young,YAF_laud_neutral.wav,TESS
YAF,Neutral,shack,female,Young,YAF_shack_neutral.wav,TESS
YAF,Neutral,dime,female,Young,YAF_dime_neutral.wav,TESS
YAF,Neutral,bar,female,Young,YAF_bar_neutral.wav,TESS
YAF,Neutral,love,female,Young,YAF_love_neutral.wav,TESS
YAF,Neutral,rot,female,Young,YAF_rot_neutral.wav,TESS
YAF,Neutral,bean,female,Young,YAF_bean_neutral.wav,TESS
YAF,Neutral,pole,female,Young,YAF_pole_neutral.wav,TESS
YAF,Neutral,gin,female,Young,YAF_gin_neutral.wav,TESS
YAF,Neutral,fail,female,Young,YAF_fail_neutral.wav,TESS
YAF,Neutral,mill,female,Young,YAF_mill_neutral.wav,TESS
YAF,Neutral,mouse,female,Young,YAF_mouse_neutral.wav,TESS
YAF,Neutral,merge,female,Young,YAF_merge_neutral.wav,TESS
YAF,Neutral,luck,female,Young,YAF_luck_neutral.wav,TESS
YAF,Neutral,far,female,Young,YAF_far_neutral.wav,TESS
YAF,Neutral,shirt,female,Young,YAF_shirt_neutral.wav,TESS
YAF,Neutral,south,female,Young,YAF_south_neutral.wav,TESS
YAF,Neutral,yearn,female,Young,YAF_yearn_neutral.wav,TESS
YAF,Neutral,vine,female,Young,YAF_vine_neutral.wav,TESS
YAF,Neutral,king,female,Young,YAF_king_neutral.wav,TESS
YAF,Neutral,seize,female,Young,YAF_seize_neutral.wav,TESS
YAF,Neutral,bite,female,Young,YAF_bite_neutral.wav,TESS
YAF,Neutral,yes,female,Young,YAF_yes_neutral.wav,TESS
YAF,Neutral,room,female,Young,YAF_room_neutral.wav,TESS
YAF,Neutral,soup,female,Young,YAF_soup_neutral.wav,TESS
YAF,Neutral,dodge,female,Young,YAF_dodge_neutral.wav,TESS
YAF,Neutral,learn,female,Young,YAF_learn_neutral.wav,TESS
YAF,Neutral,met,female,Young,YAF_met_neutral.wav,TESS
YAF,Neutral,kill,female,Young,YAF_kill_neutral.wav,TESS
YAF,Neutral,lean,female,Young,YAF_lean_neutral.wav,TESS
YAF,Neutral,near,female,Young,YAF_near_neutral.wav,TESS
YAF,Neutral,take,female,Young,YAF_take_neutral.wav,TESS
YAF,Neutral,gap,female,Young,YAF_gap_neutral.wav,TESS
YAF,Neutral,kite,female,Young,YAF_kite_neutral.wav,TESS
YAF,Neutral,page,female,Young,YAF_page_neutral.wav,TESS
YAF,Neutral,bath,female,Young,YAF_bath_neutral.wav,TESS
YAF,Neutral,have,female,Young,YAF_have_neutral.wav,TESS
YAF,Neutral,sell,female,Young,YAF_sell_neutral.wav,TESS
YAF,Neutral,red,female,Young,YAF_red_neutral.wav,TESS
YAF,Neutral,rough,female,Young,YAF_rough_neutral.wav,TESS
YAF,Neutral,calm,female,Young,YAF_calm_neutral.wav,TESS
YAF,Neutral,size,female,Young,YAF_size_neutral.wav,TESS
YAF,Neutral,vote,female,Young,YAF_vote_neutral.wav,TESS
YAF,Neutral,week,female,Young,YAF_week_neutral.wav,TESS
YAF,Neutral,cool,female,Young,YAF_cool_neutral.wav,TESS
YAF,Neutral,bone,female,Young,YAF_bone_neutral.wav,TESS
YAF,Neutral,turn,female,Young,YAF_turn_neutral.wav,TESS
YAF,Neutral,juice,female,Young,YAF_juice_neutral.wav,TESS
YAF,Neutral,pad,female,Young,YAF_pad_neutral.wav,TESS
YAF,Neutral,tell,female,Young,YAF_tell_neutral.wav,TESS
YAF,Neutral,rain,female,Young,YAF_rain_neutral.wav,TESS
YAF,Neutral,chat,female,Young,YAF_chat_neutral.wav,TESS
YAF,Neutral,dead,female,Young,YAF_dead_neutral.wav,TESS
YAF,Neutral,when,female,Young,YAF_when_neutral.wav,TESS
YAF,Neutral,hire,female,Young,YAF_hire_neutral.wav,TESS
YAF,Neutral,boat,female,Young,YAF_boat_neutral.wav,TESS
YAF,Neutral,fat,female,Young,YAF_fat_neutral.wav,TESS
YAF,Neutral,phone,female,Young,YAF_phone_neutral.wav,TESS
YAF,Neutral,pain,female,Young,YAF_pain_neutral.wav,TESS
YAF,Neutral,which,female,Young,YAF_which_neutral.wav,TESS
YAF,Neutral,keep,female,Young,YAF_keep_neutral.wav,TESS
YAF,Neutral,kick,female,Young,YAF_kick_neutral.wav,TESS
YAF,Neutral,hash,female,Young,YAF_hash_neutral.wav,TESS
YAF,Neutral,mode,female,Young,YAF_mode_neutral.wav,TESS
YAF,Neutral,raid,female,Young,YAF_raid_neutral.wav,TESS
YAF,Neutral,cause,female,Young,YAF_cause_neutral.wav,TESS
YAF,Neutral,deep,female,Young,YAF_deep_neutral.wav,TESS
YAF,Neutral,young,female,Young,YAF_young_neutral.wav,TESS
YAF,Neutral,death,female,Young,YAF_death_neutral.wav,TESS
YAF,Neutral,jail,female,Young,YAF_jail_neutral.wav,TESS
YAF,Neutral,soap,female,Young,YAF_soap_neutral.wav,TESS
YAF,Neutral,life,female,Young,YAF_life_neutral.wav,TESS
YAF,Neutral,germ,female,Young,YAF_germ_neutral.wav,TESS
YAF,Neutral,gas,female,Young,YAF_gas_neutral.wav,TESS
YAF,Neutral,thin,female,Young,YAF_thin_neutral.wav,TESS
YAF,Neutral,white,female,Young,YAF_white_neutral.wav,TESS
YAF,Neutral,goose,female,Young,YAF_goose_neutral.wav,TESS
YAF,Neutral,third,female,Young,YAF_third_neutral.wav,TESS
YAF,Neutral,gaze,female,Young,YAF_gaze_neutral.wav,TESS
YAF,Neutral,get,female,Young,YAF_get_neutral.wav,TESS
YAF,Neutral,chalk,female,Young,YAF_chalk_neutral.wav,TESS
YAF,Neutral,neat,female,Young,YAF_neat_neutral.wav,TESS
YAF,Neutral,rose,female,Young,YAF_rose_neutral.wav,TESS
YAF,Neutral,said,female,Young,YAF_said_neutral.wav,TESS
YAF,Neutral,tough,female,Young,YAF_tough_neutral.wav,TESS
YAF,Neutral,shall,female,Young,YAF_shall_neutral.wav,TESS
YAF,Neutral,thumb,female,Young,YAF_thumb_neutral.wav,TESS
YAF,Neutral,rush,female,Young,YAF_rush_neutral.wav,TESS
YAF,Neutral,reach,female,Young,YAF_reach_neutral.wav,TESS
YAF,Neutral,ripe,female,Young,YAF_ripe_neutral.wav,TESS
YAF,Neutral,wheat,female,Young,YAF_wheat_neutral.wav,TESS
YAF,Neutral,pass,female,Young,YAF_pass_neutral.wav,TESS
YAF,Neutral,tip,female,Young,YAF_tip_neutral.wav,TESS
YAF,Neutral,perch,female,Young,YAF_perch_neutral.wav,TESS
YAF,Neutral,haze,female,Young,YAF_haze_neutral.wav,TESS
YAF,Neutral,wag,female,Young,YAF_wag_neutral.wav,TESS
YAF,Neutral,mob,female,Young,YAF_mob_neutral.wav,TESS
YAF,Neutral,void,female,Young,YAF_void_neutral.wav,TESS
YAF,Neutral,home,female,Young,YAF_home_neutral.wav,TESS
YAF,Neutral,jug,female,Young,YAF_jug_neutral.wav,TESS
YAF,Neutral,dab,female,Young,YAF_dab_neutral.wav,TESS
YAF,Neutral,knock,female,Young,YAF_knock_neutral.wav,TESS
YAF,Neutral,ring,female,Young,YAF_ring_neutral.wav,TESS
YAF,Neutral,tool,female,Young,YAF_tool_neutral.wav,TESS
YAF,Neutral,dip,female,Young,YAF_dip_neutral.wav,TESS
YAF,Neutral,walk,female,Young,YAF_walk_neutral.wav,TESS
YAF,Neutral,puff,female,Young,YAF_puff_neutral.wav,TESS
YAF,Neutral,lot,female,Young,YAF_lot_neutral.wav,TESS
YAF,Neutral,peg,female,Young,YAF_peg_neutral.wav,TESS
YAF,Neutral,search,female,Young,YAF_search_neutral.wav,TESS
YAF,Neutral,late,female,Young,YAF_late_neutral.wav,TESS
YAF,Neutral,door,female,Young,YAF_door_neutral.wav,TESS
YAF,Neutral,note,female,Young,YAF_note_neutral.wav,TESS
YAF,Neutral,pearl,female,Young,YAF_pearl_neutral.wav,TESS
YAF,Neutral,ditch,female,Young,YAF_ditch_neutral.wav,TESS
YAF,Neutral,date,female,Young,YAF_date_neutral.wav,TESS
YAF,Neutral,rag,female,Young,YAF_rag_neutral.wav,TESS
YAF,Neutral,raise,female,Young,YAF_raise_neutral.wav,TESS
YAF,Neutral,whip,female,Young,YAF_whip_neutral.wav,TESS
YAF,Neutral,pick,female,Young,YAF_pick_neutral.wav,TESS
YAF,Neutral,voice,female,Young,YAF_voice_neutral.wav,TESS
YAF,Neutral,jar,female,Young,YAF_jar_neutral.wav,TESS
YAF,Neutral,sheep,female,Young,YAF_sheep_neutral.wav,TESS
YAF,Neutral,half,female,Young,YAF_half_neutral.wav,TESS
YAF,Neutral,hush,female,Young,YAF_hush_neutral.wav,TESS
YAF,Neutral,hit,female,Young,YAF_hit_neutral.wav,TESS
YAF,Neutral,hole,female,Young,YAF_hole_neutral.wav,TESS
YAF,Neutral,time,female,Young,YAF_time_neutral.wav,TESS
YAF,Neutral,five,female,Young,YAF_five_neutral.wav,TESS
YAF,Neutral,beg,female,Young,YAF_beg_neutral.wav,TESS
YAF,Neutral,choice,female,Young,YAF_choice_neutral.wav,TESS
YAF,Neutral,came,female,Young,YAF_came_neutral.wav,TESS
YAF,Neutral,rat,female,Young,YAF_rat_neutral.wav,TESS
YAF,Neutral,shawl,female,Young,YAF_shawl_neutral.wav,TESS
YAF,Neutral,wife,female,Young,YAF_wife_neutral.wav,TESS
YAF,Neutral,base,female,Young,YAF_base_neutral.wav,TESS
YAF,Neutral,judge,female,Young,YAF_judge_neutral.wav,TESS
YAF,Neutral,chain,female,Young,YAF_chain_neutral.wav,TESS
YAF,Neutral,mood,female,Young,YAF_mood_neutral.wav,TESS
YAF,Neutral,mess,female,Young,YAF_mess_neutral.wav,TESS
YAF,Neutral,cab,female,Young,YAF_cab_neutral.wav,TESS
YAF,Neutral,tire,female,Young,YAF_tire_neutral.wav,TESS
YAF,Neutral,road,female,Young,YAF_road_neutral.wav,TESS
YAF,Neutral,burn,female,Young,YAF_burn_neutral.wav,TESS
YAF,Neutral,make,female,Young,YAF_make_neutral.wav,TESS
YAF,Neutral,bought,female,Young,YAF_bought_neutral.wav,TESS
YAF,Neutral,sail,female,Young,YAF_sail_neutral.wav,TESS
YAF,Neutral,such,female,Young,YAF_such_neutral.wav,TESS
YAF,Neutral,good,female,Young,YAF_good_neutral.wav,TESS
YAF,Neutral,chair,female,Young,YAF_chair_neutral.wav,TESS
YAF,Neutral,talk,female,Young,YAF_talk_neutral.wav,TESS
YAF,Neutral,read,female,Young,YAF_read_neutral.wav,TESS
YAF,Neutral,nice,female,Young,YAF_nice_neutral.wav,TESS
YAF,Neutral,hall,female,Young,YAF_hall_neutral.wav,TESS
YAF,Neutral,lore,female,Young,YAF_lore_neutral.wav,TESS
YAF,Neutral,hate,female,Young,YAF_hate_neutral.wav,TESS
YAF,Neutral,witch,female,Young,YAF_witch_neutral.wav,TESS
YAF,Neutral,thought,female,Young,YAF_thought_neutral.wav,TESS
YAF,Neutral,nag,female,Young,YAF_nag_neutral.wav,TESS
YAF,Neutral,gun,female,Young,YAF_gun_neutral.wav,TESS
YAF,Neutral,live,female,Young,YAF_live_neutral.wav,TESS
YAF,Neutral,match,female,Young,YAF_match_neutral.wav,TESS
YAF,Neutral,moon,female,Young,YAF_moon_neutral.wav,TESS
YAF,Neutral,long,female,Young,YAF_long_neutral.wav,TESS
YAF,Neutral,pool,female,Young,YAF_pool_neutral.wav,TESS
YAF,Neutral,fit,female,Young,YAF_fit_neutral.wav,TESS
YAF,Neutral,cheek,female,Young,YAF_cheek_neutral.wav,TESS
YAF,Neutral,sour,female,Young,YAF_sour_neutral.wav,TESS
YAF,Neutral,name,female,Young,YAF_name_neutral.wav,TESS
YAF,Neutral,shout,female,Young,YAF_shout_neutral.wav,TESS
YAF,Neutral,numb,female,Young,YAF_numb_neutral.wav,TESS
YAF,Neutral,pike,female,Young,YAF_pike_neutral.wav,TESS
YAF,Neutral,back,female,Young,YAF_back_neutral.wav,TESS
YAF,Neutral,goal,female,Young,YAF_goal_neutral.wav,TESS
YAF,Neutral,lose,female,Young,YAF_lose_neutral.wav,TESS
YAF,Neutral,lease,female,Young,YAF_lease_neutral.wav,TESS
YAF,Neutral,wash,female,Young,YAF_wash_neutral.wav,TESS
YAF,Neutral,keg,female,Young,YAF_keg_neutral.wav,TESS
YAF,Neutral,should,female,Young,YAF_should_neutral.wav,TESS
YAF,Neutral,mop,female,Young,YAF_mop_neutral.wav,TESS
YAF,Neutral,doll,female,Young,YAF_doll_neutral.wav,TESS
YAF,Neutral,chief,female,Young,YAF_chief_neutral.wav,TESS
YAF,Neutral,fall,female,Young,YAF_fall_neutral.wav,TESS
YAF,Neutral,ton,female,Young,YAF_ton_neutral.wav,TESS
YAF,Neutral,join,female,Young,YAF_join_neutral.wav,TESS
YAF,Neutral,check,female,Young,YAF_check_neutral.wav,TESS
YAF,Neutral,wire,female,Young,YAF_wire_neutral.wav,TESS
YAF,Neutral,loaf,female,Young,YAF_loaf_neutral.wav,TESS
YAF,Neutral,lid,female,Young,YAF_lid_neutral.wav,TESS
YAF,Neutral,food,female,Young,YAF_food_neutral.wav,TESS
YAF,Neutral,limb,female,Young,YAF_limb_neutral.wav,TESS
YAF,Neutral,keen,female,Young,YAF_keen_neutral.wav,TESS
YAF,Neutral,team,female,Young,YAF_team_neutral.wav,TESS
YAF,Neutral,youth,female,Young,YAF_youth_neutral.wav,TESS
YAF,Neutral,tape,female,Young,YAF_tape_neutral.wav,TESS
YAF,Neutral,sure,female,Young,YAF_sure_neutral.wav,TESS
YAF,Neutral,book,female,Young,YAF_book_neutral.wav,TESS
YAF,Sad,dime,female,Young,YAF_dime_sad.wav,TESS
YAF,Sad,turn,female,Young,YAF_turn_sad.wav,TESS
YAF,Sad,pad,female,Young,YAF_pad_sad.wav,TESS
YAF,Sad,kite,female,Young,YAF_kite_sad.wav,TESS
YAF,Sad,yes,female,Young,YAF_yes_sad.wav,TESS
YAF,Sad,pike,female,Young,YAF_pike_sad.wav,TESS
YAF,Sad,sure,female,Young,YAF_sure_sad.wav,TESS
YAF,Sad,wash,female,Young,YAF_wash_sad.wav,TESS
YAF,Sad,mop,female,Young,YAF_mop_sad.wav,TESS
YAF,Sad,mode,female,Young,YAF_mode_sad.wav,TESS
YAF,Sad,phone,female,Young,YAF_phone_sad.wav,TESS
YAF,Sad,vine,female,Young,YAF_vine_sad.wav,TESS
YAF,Sad,shall,female,Young,YAF_shall_sad.wav,TESS
YAF,Sad,ditch,female,Young,YAF_ditch_sad.wav,TESS
YAF,Sad,wife,female,Young,YAF_wife_sad.wav,TESS
YAF,Sad,tough,female,Young,YAF_tough_sad.wav,TESS
YAF,Sad,dead,female,Young,YAF_dead_sad.wav,TESS
YAF,Sad,kick,female,Young,YAF_kick_sad.wav,TESS
YAF,Sad,half,female,Young,YAF_half_sad.wav,TESS
YAF,Sad,make,female,Young,YAF_make_sad.wav,TESS
YAF,Sad,thin,female,Young,YAF_thin_sad.wav,TESS
YAF,Sad,base,female,Young,YAF_base_sad.wav,TESS
YAF,Sad,size,female,Young,YAF_size_sad.wav,TESS
YAF,Sad,third,female,Young,YAF_third_sad.wav,TESS
YAF,Sad,note,female,Young,YAF_note_sad.wav,TESS
YAF,Sad,lid,female,Young,YAF_lid_sad.wav,TESS
YAF,Sad,sheep,female,Young,YAF_sheep_sad.wav,TESS
YAF,Sad,shirt,female,Young,YAF_shirt_sad.wav,TESS
YAF,Sad,hate,female,Young,YAF_hate_sad.wav,TESS
YAF,Sad,wire,female,Young,YAF_wire_sad.wav,TESS
YAF,Sad,ton,female,Young,YAF_ton_sad.wav,TESS
YAF,Sad,witch,female,Young,YAF_witch_sad.wav,TESS
YAF,Sad,hurl,female,Young,YAF_hurl_sad.wav,TESS
YAF,Sad,pick,female,Young,YAF_pick_sad.wav,TESS
YAF,Sad,death,female,Young,YAF_death_sad.wav,TESS
YAF,Sad,loaf,female,Young,YAF_loaf_sad.wav,TESS
YAF,Sad,near,female,Young,YAF_near_sad.wav,TESS
YAF,Sad,yearn,female,Young,YAF_yearn_sad.wav,TESS
YAF,Sad,such,female,Young,YAF_such_sad.wav,TESS
YAF,Sad,burn,female,Young,YAF_burn_sad.wav,TESS
YAF,Sad,mood,female,Young,YAF_mood_sad.wav,TESS
YAF,Sad,bar,female,Young,YAF_bar_sad.wav,TESS
YAF,Sad,pain,female,Young,YAF_pain_sad.wav,TESS
YAF,Sad,lore,female,Young,YAF_lore_sad.wav,TESS
YAF,Sad,lose,female,Young,YAF_lose_sad.wav,TESS
YAF,Sad,tip,female,Young,YAF_tip_sad.wav,TESS
YAF,Sad,bought,female,Young,YAF_bought_sad.wav,TESS
YAF,Sad,life,female,Young,YAF_life_sad.wav,TESS
YAF,Sad,dodge,female,Young,YAF_dodge_sad.wav,TESS
YAF,Sad,thumb,female,Young,YAF_thumb_sad.wav,TESS
YAF,Sad,raid,female,Young,YAF_raid_sad.wav,TESS
YAF,Sad,white,female,Young,YAF_white_sad.wav,TESS
YAF,Sad,doll,female,Young,YAF_doll_sad.wav,TESS
YAF,Sad,lease,female,Young,YAF_lease_sad.wav,TESS
YAF,Sad,fat,female,Young,YAF_fat_sad.wav,TESS
YAF,Sad,match,female,Young,YAF_match_sad.wav,TESS
YAF,Sad,rose,female,Young,YAF_rose_sad.wav,TESS
YAF,Sad,wag,female,Young,YAF_wag_sad.wav,TESS
YAF,Sad,read,female,Young,YAF_read_sad.wav,TESS
YAF,Sad,bone,female,Young,YAF_bone_sad.wav,TESS
YAF,Sad,road,female,Young,YAF_road_sad.wav,TESS
YAF,Sad,good,female,Young,YAF_good_sad.wav,TESS
YAF,Sad,hit,female,Young,YAF_hit_sad.wav,TESS
YAF,Sad,kill,female,Young,YAF_kill_sad.wav,TESS
YAF,Sad,judge,female,Young,YAF_judge_sad.wav,TESS
YAF,Sad,boat,female,Young,YAF_boat_sad.wav,TESS
YAF,Sad,perch,female,Young,YAF_perch_sad.wav,TESS
YAF,Sad,sub,female,Young,YAF_sub_sad.wav,TESS
YAF,Sad,learn,female,Young,YAF_learn_sad.wav,TESS
YAF,Sad,chief,female,Young,YAF_chief_sad.wav,TESS
YAF,Sad,numb,female,Young,YAF_numb_sad.wav,TESS
YAF,Sad,pole,female,Young,YAF_pole_sad.wav,TESS
YAF,Sad,hall,female,Young,YAF_hall_sad.wav,TESS
YAF,Sad,shout,female,Young,YAF_shout_sad.wav,TESS
YAF,Sad,keg,female,Young,YAF_keg_sad.wav,TESS
YAF,Sad,shack,female,Young,YAF_shack_sad.wav,TESS
YAF,Sad,rough,female,Young,YAF_rough_sad.wav,TESS
YAF,Sad,pearl,female,Young,YAF_pearl_sad.wav,TESS
YAF,Sad,red,female,Young,YAF_red_sad.wav,TESS
YAF,Sad,goose,female,Young,YAF_goose_sad.wav,TESS
YAF,Sad,gin,female,Young,YAF_gin_sad.wav,TESS
YAF,Sad,take,female,Young,YAF_take_sad.wav,TESS
YAF,Sad,nag,female,Young,YAF_nag_sad.wav,TESS
YAF,Sad,back,female,Young,YAF_back_sad.wav,TESS
YAF,Sad,voice,female,Young,YAF_voice_sad.wav,TESS
YAF,Sad,week,female,Young,YAF_week_sad.wav,TESS
YAF,Sad,seize,female,Young,YAF_seize_sad.wav,TESS
YAF,Sad,walk,female,Young,YAF_walk_sad.wav,TESS
YAF,Sad,moon,female,Young,YAF_moon_sad.wav,TESS
YAF,Sad,join,female,Young,YAF_join_sad.wav,TESS
YAF,Sad,lean,female,Young,YAF_lean_sad.wav,TESS
YAF,Sad,rush,female,Young,YAF_rush_sad.wav,TESS
YAF,Sad,rat,female,Young,YAF_rat_sad.wav,TESS
YAF,Sad,choice,female,Young,YAF_choice_sad.wav,TESS
YAF,Sad,void,female,Young,YAF_void_sad.wav,TESS
YAF,Sad,rain,female,Young,YAF_rain_sad.wav,TESS
YAF,Sad,which,female,Young,YAF_which_sad.wav,TESS
YAF,Sad,fail,female,Young,YAF_fail_sad.wav,TESS
YAF,Sad,tool,female,Young,YAF_tool_sad.wav,TESS
YAF,Sad,chat,female,Young,YAF_chat_sad.wav,TESS
YAF,Sad,bite,female,Young,YAF_bite_sad.wav,TESS
YAF,Sad,peg,female,Young,YAF_peg_sad.wav,TESS
YAF,Sad,page,female,Young,YAF_page_sad.wav,TESS
YAF,Sad,lot,female,Young,YAF_lot_sad.wav,TESS
YAF,Sad,gaze,female,Young,YAF_gaze_sad.wav,TESS
YAF,Sad,neat,female,Young,YAF_neat_sad.wav,TESS
YAF,Sad,cab,female,Young,YAF_cab_sad.wav,TESS
YAF,Sad,king,female,Young,YAF_king_sad.wav,TESS
YAF,Sad,merge,female,Young,YAF_merge_sad.wav,TESS
YAF,Sad,came,female,Young,YAF_came_sad.wav,TESS
YAF,Sad,hire,female,Young,YAF_hire_sad.wav,TESS
YAF,Sad,talk,female,Young,YAF_talk_sad.wav,TESS
YAF,Sad,bean,female,Young,YAF_bean_sad.wav,TESS
YAF,Sad,whip,female,Young,YAF_whip_sad.wav,TESS
YAF,Sad,tape,female,Young,YAF_tape_sad.wav,TESS
YAF,Sad,juice,female,Young,YAF_juice_sad.wav,TESS
YAF,Sad,when,female,Young,YAF_when_sad.wav,TESS
YAF,Sad,late,female,Young,YAF_late_sad.wav,TESS
YAF,Sad,wheat,female,Young,YAF_wheat_sad.wav,TESS
YAF,Sad,room,female,Young,YAF_room_sad.wav,TESS
YAF,Sad,mob,female,Young,YAF_mob_sad.wav,TESS
YAF,Sad,mill,female,Young,YAF_mill_sad.wav,TESS
YAF,Sad,young,female,Young,YAF_young_sad.wav,TESS
YAF,Sad,search,female,Young,YAF_search_sad.wav,TESS
YAF,Sad,far,female,Young,YAF_far_sad.wav,TESS
YAF,Sad,sour,female,Young,YAF_sour_sad.wav,TESS
YAF,Sad,home,female,Young,YAF_home_sad.wav,TESS
YAF,Sad,hole,female,Young,YAF_hole_sad.wav,TESS
YAF,Sad,fit,female,Young,YAF_fit_sad.wav,TESS
YAF,Sad,puff,female,Young,YAF_puff_sad.wav,TESS
YAF,Sad,said,female,Young,YAF_said_sad.wav,TESS
YAF,Sad,name,female,Young,YAF_name_sad.wav,TESS
YAF,Sad,five,female,Young,YAF_five_sad.wav,TESS
YAF,Sad,hash,female,Young,YAF_hash_sad.wav,TESS
YAF,Sad,mouse,female,Young,YAF_mouse_sad.wav,TESS
YAF,Sad,germ,female,Young,YAF_germ_sad.wav,TESS
YAF,Sad,ripe,female,Young,YAF_ripe_sad.wav,TESS
YAF,Sad,check,female,Young,YAF_check_sad.wav,TESS
YAF,Sad,goal,female,Young,YAF_goal_sad.wav,TESS
YAF,Sad,fall,female,Young,YAF_fall_sad.wav,TESS
YAF,Sad,bath,female,Young,YAF_bath_sad.wav,TESS
YAF,Sad,get,female,Young,YAF_get_sad.wav,TESS
YAF,Sad,keep,female,Young,YAF_keep_sad.wav,TESS
YAF,Sad,knock,female,Young,YAF_knock_sad.wav,TESS
YAF,Sad,have,female,Young,YAF_have_sad.wav,TESS
YAF,Sad,reach,female,Young,YAF_reach_sad.wav,TESS
YAF,Sad,south,female,Young,YAF_south_sad.wav,TESS
YAF,Sad,nice,female,Young,YAF_nice_sad.wav,TESS
YAF,Sad,date,female,Young,YAF_date_sad.wav,TESS
YAF,Sad,calm,female,Young,YAF_calm_sad.wav,TESS
YAF,Sad,should,female,Young,YAF_should_sad.wav,TESS
YAF,Sad,gap,female,Young,YAF_gap_sad.wav,TESS
YAF,Sad,tell,female,Young,YAF_tell_sad.wav,TESS
YAF,Sad,thought,female,Young,YAF_thought_sad.wav,TESS
YAF,Sad,rot,female,Young,YAF_rot_sad.wav,TESS
YAF,Sad,sail,female,Young,YAF_sail_sad.wav,TESS
YAF,Sad,cause,female,Young,YAF_cause_sad.wav,TESS
YAF,Sad,mess,female,Young,YAF_mess_sad.wav,TESS
YAF,Sad,limb,female,Young,YAF_limb_sad.wav,TESS
YAF,Sad,laud,female,Young,YAF_laud_sad.wav,TESS
YAF,Sad,chalk,female,Young,YAF_chalk_sad.wav,TESS
YAF,Sad,youth,female,Young,YAF_youth_sad.wav,TESS
YAF,Sad,jar,female,Young,YAF_jar_sad.wav,TESS
YAF,Sad,cheek,female,Young,YAF_cheek_sad.wav,TESS
YAF,Sad,sell,female,Young,YAF_sell_sad.wav,TESS
YAF,Sad,book,female,Young,YAF_book_sad.wav,TESS
YAF,Sad,jail,female,Young,YAF_jail_sad.wav,TESS
YAF,Sad,live,female,Young,YAF_live_sad.wav,TESS
YAF,Sad,vote,female,Young,YAF_vote_sad.wav,TESS
YAF,Sad,tire,female,Young,YAF_tire_sad.wav,TESS
YAF,Sad,soap,female,Young,YAF_soap_sad.wav,TESS
YAF,Sad,luck,female,Young,YAF_luck_sad.wav,TESS
YAF,Sad,met,female,Young,YAF_met_sad.wav,TESS
YAF,Sad,rag,female,Young,YAF_rag_sad.wav,TESS
YAF,Sad,haze,female,Young,YAF_haze_sad.wav,TESS
YAF,Sad,dip,female,Young,YAF_dip_sad.wav,TESS
YAF,Sad,dog,female,Young,YAF_dog_sad.wav,TESS
YAF,Sad,keen,female,Young,YAF_keen_sad.wav,TESS
YAF,Sad,long,female,Young,YAF_long_sad.wav,TESS
YAF,Sad,love,female,Young,YAF_love_sad.wav,TESS
YAF,Sad,food,female,Young,YAF_food_sad.wav,TESS
YAF,Sad,shawl,female,Young,YAF_shawl_sad.wav,TESS
YAF,Sad,gas,female,Young,YAF_gas_sad.wav,TESS
YAF,Sad,dab,female,Young,YAF_dab_sad.wav,TESS
YAF,Sad,beg,female,Young,YAF_beg_sad.wav,TESS
YAF,Sad,chain,female,Young,YAF_chain_sad.wav,TESS
YAF,Sad,gun,female,Young,YAF_gun_sad.wav,TESS
YAF,Sad,raise,female,Young,YAF_raise_sad.wav,TESS
YAF,Sad,pool,female,Young,YAF_pool_sad.wav,TESS
YAF,Sad,jug,female,Young,YAF_jug_sad.wav,TESS
YAF,Sad,hush,female,Young,YAF_hush_sad.wav,TESS
YAF,Sad,cool,female,Young,YAF_cool_sad.wav,TESS
YAF,Sad,team,female,Young,YAF_team_sad.wav,TESS
YAF,Sad,deep,female,Young,YAF_deep_sad.wav,TESS
YAF,Sad,time,female,Young,YAF_time_sad.wav,TESS
YAF,Sad,pass,female,Young,YAF_pass_sad.wav,TESS
YAF,Sad,door,female,Young,YAF_door_sad.wav,TESS
YAF,Sad,ring,female,Young,YAF_ring_sad.wav,TESS
YAF,Sad,chair,female,Young,YAF_chair_sad.wav,TESS
YAF,Sad,soup,female,Young,YAF_soup_sad.wav,TESS
